LastSale,MarketCap,logMarketCap,Revenue_M,netIncome_M,profitMargin,lastFiscalYearGrowth,employees,revenuePerEmployee,marketCapToRevenue,CEOAge,PresidentAge,companyAgeAtIPO,yearDifference,YearFounded,MarketMonthTrend,Market3MonthTrend,Market6MonthTrend,MarketYearTrend,Year,Month,Day,dayOfWeek,Sector,Industry,CEOGender,PresidentGender,USACompany,CEOInChargeDuringIPO,presidentInChargeDuringIPO,FiscalMonth,employeesGrouped,FoundingDateGrouped,ipoDay0Return,firstWeekReturn,firstMonthReturn,ipoDay0Volatility,avgFirstWeekVolume,closeDay0,openDay0,highDay0,lowDay0,volumeDay0,closeDay1,closeDay2,closeDay3,closeDay4,volumeDay1,volumeDay2,volumeDay3,volumeDay4,Profitable
,,,,,,,,,,,,,,,-0.763107284,0.908224542,1.386435916,1.594625482,2014,7,17,3,Finance,Business Services,,,,,,,,Unknown,0.001,0.002,0.001,0.004,489007.2,10.01,10.0,10.04,10.0,1230910,10.0,10.0,10.01,10.03,708485,33691,210350,261600,1
0.1813,2.094411848E7,16.8574,,-6.21,,,15.0,,,67,67,6,6,2009,-1.667532285,-0.127093136,0.441875487,1.023572601,2015,3,13,4,Health Care,Major Pharmaceuticals,male,male,No,No,No,Sep,0 - 100,2001 - 2010,0.033,0.0486,0.6525,0.033,1020.0,4.4154,4.2742,4.4154,4.2742,2600,4.3917,4.3917,4.3917,4.63,1500,0,0,1000,1
0.273,1.682056685E7,16.6381,2.69,-26.66,-9.9108,,37.0,72702.7,6.25,,,8,8,1996,1.351519601,1.422841774,1.981015448,2.647648657,2004,12,30,3,Health Care,Medical/Dental Instruments,male,male,Yes,No,No,Dec,0 - 100,1951 - 2000,0.0,-0.0545,0.0727,0.0,382.2,39.2753,39.2753,39.2753,39.2753,28,39.2753,33.991,33.991,37.133,0,1869,0,14,1
0.3649,2.017538011E7,16.82,505404.0,-24.91,0.0,0.33,17.0,2.972964705882E10,0.0,54,,5,5,1999,-1.110910682,-1.225772278,-1.590126061,0.162497305,2004,7,27,1,Health Care,Biotechnology: Biological Products (No Diagnostic Substances),male,male,Yes,No,,Dec,0 - 100,1951 - 2000,0.0,0.0,0.0133,0.0,33.2,22.5,22.5,23.4,23.4,166,22.5,22.5,22.5,22.5,0,0,0,0,1
0.4003,6908079.177,15.7482,407518.0,-13.22,0.0,,17.0,2.397164705882E10,0.0,,54,17,17,1998,2.06119335,1.743941873,1.66897006,1.883841692,2015,2,13,4,Health Care,Major Pharmaceuticals,male,male,Yes,,No,Dec,0 - 100,1951 - 2000,0.0,-0.0833,0.0,0.0833,22484.0,6.0,6.0,6.5,6.0,102385,6.0,5.65,5.65,5.5,0,7255,1410,1370,0
0.5721,2.890623754E7,17.1796,,,,,,,,,,,,,0.0,0.0,0.0,0.0,1996,6,18,1,Health Care,Major Pharmaceuticals,,,,,,,,Unknown,0.0,0.0,-0.0191,0.0,0.0,5.2E8,5.2E8,5.2E8,5.2E8,0,5.2E8,5.2E8,5.2E8,5.2E8,0,0,0,0,1
0.64,1.814806464E7,16.7141,,-16.24,,,20.0,,,42,42,0,0,2009,0.79446691,1.435424426,1.622037032,1.915426762,2009,10,21,2,Health Care,Major Pharmaceuticals,male,male,Yes,No,No,Dec,0 - 100,2001 - 2010,0.3214,0.2432,-0.6541,0.3214,917.2,138.75,105.0,138.75,105.0,1433,161.25,180.0,150.0,172.5,1362,1510,211,70,0
0.724,1.690042322E7,16.6428,,-6.69,,,72.0,,,50,,7,7,1997,-0.059173833,-0.551597821,0.680545593,1.195251033,2004,3,29,0,Consumer Non-Durables,Farming/Seeds/Milling,unknown,unknown,No,No,,Sep,0 - 100,1951 - 2000,0.0,0.0084,0.0105,0.0,6400.0,4.75,4.75,4.75,4.75,500,4.79,4.79,4.79,4.79,31500,0,0,0,1
0.77,8100473.92,15.9074,228287.0,-5.03,0.0,,28.0,8.15310714286E9,0.0,,,3,3,2007,1.213817637,-0.658688468,-0.430610639,0.429774399,2010,6,21,0,Health Care,Major Pharmaceuticals,,,Yes,,,Sep,0 - 100,2001 - 2010,0.0,0.0364,0.0364,0.0,400.0,2.007,2.007,2.007,2.007,1000,2.007,2.007,2.007,2.08,0,0,0,1000,1
0.9055,1.06885881E7,16.1847,654836.0,-7.75,0.0,0.43,17.0,3.851976470588E10,0.0,75,75,8,8,2002,1.897360062,1.748101044,2.306386609,1.676722006,2010,4,9,4,Health Care,Industrial Specialties,male,male,Yes,No,No,Dec,0 - 100,2001 - 2010,0.0,3.3333,1.0,0.2,18.2,281.25,281.25,393.75,337.5,28,337.5,375.0,1031.25,1218.75,22,11,5,25,0
1.03,4.240960934E7,17.5629,22.38,-1.68,-0.0751,0.09,120.0,186500.0,1.89,53,52,12,12,1990,-0.374846168,0.03648867,-0.549793708,-1.236036049,2002,11,12,1,Technology,Semiconductors,male,male,No,No,No,Dec,101 - 500,1951 - 2000,0.0968,-0.1529,-0.4235,0.0839,4160.0,8.5,7.75,8.75,8.1,4200,7.55,7.5,7.7,7.2,13300,2000,1200,100,0
1.03,1.141610522E8,18.5531,4.23,-38.45,-9.0898,1.85,113.0,37433.63,26.99,57,57,0,0,2012,1.31908501,1.602319348,1.96490772,1.246482079,2012,2,14,1,Health Care,Biotechnology: Biological Products (No Diagnostic Substances),male,male,Yes,No,No,Mar,101 - 500,2011 - present,0.1,-0.0606,0.3515,0.0,8909.0,1.65,1.5,1.65,1.65,14245,1.65,1.45,1.55,1.55,19900,9100,1300,0,1
1.06,2.32444803E7,16.9616,,-8.08,,,4.0,,,65,65,4,4,2009,0.533464011,1.270687547,1.767783041,2.052704502,2013,2,22,4,Health Care,Major Pharmaceuticals,unknown,unknown,No,No,No,Jun,0 - 100,2001 - 2010,0.1333,0.2941,-0.1765,0.1333,9452.6,6.8,6.0,6.8,6.0,10006,6.84,6.96,13.6,8.8,1800,32550,1912,995,0
1.07,3.547924832E7,17.3845,145.5,-8.43,-0.0579,0.48,215.0,676744.19,0.24,46,46,,-7,2008,-1.423222668,-1.871826285,-2.015592481,-2.47837261,2001,1,2,1,Energy,Integrated oil Companies,male,male,Yes,No,No,Dec,101 - 500,2001 - 2010,0.0,0.0,0.0,0.0,0.0,9.0,9.0,9.0,9.0,0,9.0,9.0,9.0,9.0,0,0,0,0,0
1.1,6.60432718E7,18.0058,3.12,-10.5,-3.3654,0.18,39.0,80000.0,21.17,53,53,7,7,1993,-1.257510356,-1.536841515,-0.713326069,0.13505596,2000,9,29,4,Health Care,Biotechnology: In Vitro & In Vivo Diagnostic Substances,female,female,Yes,No,No,Dec,0 - 100,1951 - 2000,0.28,-0.0078,-0.0703,0.2026,135726.0,320.0,250.0,371.25,320.6,514650,356.88,318.75,325.0,317.5,81110,26390,30000,26480,0
1.14,1.41765099E7,16.4671,11.45,3.62,0.3162,0.57,24.0,477083.33,1.24,52,,7,7,2001,-0.731971308,0.773194857,0.058441569,-0.724144416,2008,5,21,2,Transportation,Oil Refining/Marketing,unknown,unknown,Yes,Yes,,Jun,0 - 100,2001 - 2010,0.3814,0.201,-0.133,0.1383,868104.8,13.98,10.12,16.4,15.0,7500,21.45,18.26,18.26,16.79,19100,3246346,0,1067578,0
1.19,2.725411185E7,17.1207,1.25,-10.26,-8.208,,9.0,138888.89,21.8,54,67,13,13,1998,-0.46286048,-1.337819792,-0.770780354,0.652474531,2011,6,22,2,Health Care,Major Pharmaceuticals,male,unknown,Yes,sameYear,sameYear,Mar,0 - 100,1951 - 2000,0.0612,0.0,0.0,0.0612,94.2,52.0,49.0,52.0,49.0,125,49.6,49.6,51.2,52.0,173,25,123,25,1
1.22,6909981.18,15.7485,1.52,-11.84,-7.7895,3.45,19.0,80000.0,4.55,54,64,5,5,2008,1.039196167,1.613120558,1.7388922,1.924562221,2013,7,24,2,Health Care,Major Pharmaceuticals,male,female,Yes,Yes,No,Dec,0 - 100,2001 - 2010,0.061,-0.0219,0.0522,0.0211,27235.0,94.4523,89.024,100.5715,98.6962,112073,91.6888,91.5901,90.4057,92.3797,17749,3888,513,1952,0
1.2362,1861108.99,14.4367,1.68,-9.15,-5.4464,,27.0,62222.22,1.11,54,54,16,16,1999,0.173426929,-0.064559349,0.23961738,0.835616727,2015,8,5,2,Health Care,Medical/Dental Instruments,male,male,No,No,No,Dec,0 - 100,1951 - 2000,0.0,0.0177,-0.1593,0.0,24.2,45.2,45.2,45.2,45.2,21,46.0,46.0,46.0,46.0,100,0,0,0,0
1.25,6.3171155E7,17.9614,1400.0,-20.9,-0.0149,0.01,24800.0,56451.61,0.05,46,46,1,1,2000,-0.635429986,0.814263446,-0.07245948,-0.73653461,2001,12,17,0,Health Care,Hospital/Nursing Management,male,male,Yes,No,No,Dec,>10000,1951 - 2000,0.0,-0.1467,-0.02,0.0,4640.0,7.5,7.5,8.25,8.25,1700,6.15,6.15,6.12,6.4,17300,0,200,4000,0
1.2699,5.947885871E7,17.9011,257000.0,-25.06,-1.0E-4,,19.0,1.352631578947E10,0.0,57,57,15,15,1999,0.832628784,0.96787617,1.431897439,1.491085024,2014,5,2,4,Health Care,Major Pharmaceuticals,male,male,Yes,No,No,Dec,0 - 100,1951 - 2000,0.0429,-0.0456,-0.0667,0.0104,201555.8,9.0,8.63,9.84,9.75,847504,8.81,8.4,8.67,8.59,58523,12567,17250,71935,1
1.29,7891430.52,15.8813,,-24.8,,,24.0,,,48,,11,11,2003,-2.089845135,-0.576616153,0.427353022,1.016380571,2014,8,6,2,Health Care,Major Pharmaceuticals,male,male,No,,,Dec,0 - 100,2001 - 2010,0.0,0.1317,-0.0167,0.0247,45290.4,60.0,60.0,62.48,61.0,174646,60.1,60.8,65.55,67.9,27613,5935,12344,5914,0
1.3,3.40903121E7,17.3445,58.38,-21.47,-0.3678,4.63,587.0,99454.86,0.58,49,49,1,1,2001,-1.4493832,-1.426316075,-1.541969022,-2.194920479,2002,9,25,2,Miscellaneous,Industrial Machinery/Components,unknown,unknown,No,No,No,Dec,501 - 1000,2001 - 2010,0.0,0.0,1.4286,0.1905,96.0,1.05,1.05,1.25,1.05,480,1.05,1.05,1.05,1.05,0,0,0,0,1
1.31,5.90155E7,17.8933,57.46,6.33,0.1102,0.49,142.0,404647.89,1.03,50,50,11,11,1995,1.225201792,1.540200042,1.322553739,1.716583787,2006,4,18,1,Finance,Real Estate,unknown,unknown,No,No,No,Sep,101 - 500,1951 - 2000,0.0,1.84,1.8,0.0,5479.8,0.5,0.5,0.5,0.5,16299,0.5,0.5,0.5,1.42,0,0,0,11100,1
1.3234,2.210172358E7,16.9112,392073.0,-7.28,0.0,,7.0,5.601042857143E10,0.0,55,67,0,0,1998,1.612872064,2.109216542,1.034936576,1.288651075,1998,11,6,4,Capital Goods,Biotechnology: Laboratory Analytical Instruments,male,male,Yes,No,No,Mar,0 - 100,1951 - 2000,0.0,0.0,0.0,0.0,2.4,400.0,400.0,400.0,400.0,8,400.0,400.0,400.0,400.0,0,2,0,2,0
1.36,6.715411536E7,18.0225,225.44,-91.36,-0.4053,0.08,200.0,1127200.0,0.3,52,52,1,1,2009,1.386860509,-0.002323686,-0.345374733,0.150754602,2010,7,23,4,Energy,Oil & Gas Production,male,male,No,No,No,Dec,101 - 500,2001 - 2010,0.0148,0.0209,-0.077,0.0057,1808.4,17.69,17.4325,17.6985,17.6,2166,18.2,18.2,18.155,18.06,1860,1696,200,3120,1
1.37,1.816547664E7,16.715,518506.0,-8.4,0.0,,,,0.0,,50,15,15,1987,-1.015037967,-1.629988683,-1.618405423,-2.206888556,2002,10,10,3,Health Care,Biotechnology: Biological Products (No Diagnostic Substances),male,male,No,No,No,Jun,,1951 - 2000,0.0,0.0,0.0,0.0,136.0,29.75,29.75,29.75,29.75,680,29.75,29.75,29.75,29.75,0,0,0,0,0
1.37,2.955867201E7,17.2019,27.03,-453477.0,-16776.8036,,76.0,355657.89,1.09,54,54,2,2,1995,-0.236973776,-0.367543819,0.30183224,1.030347865,1997,11,14,4,Consumer Durables,Consumer Specialties,female,female,Yes,No,No,Dec,0 - 100,1951 - 2000,0.0172,0.0085,-0.0678,0.0518,407005.2,11.238,11.048,11.81,11.238,1334549,11.143,11.238,11.191,11.334,135187,241499,204354,119437,0
1.41,2.72523954E7,17.1207,,,,,,,,57,,2,2,2010,1.772494273,1.821863968,2.131169696,1.279133508,2012,2,9,3,Miscellaneous,Multi-Sector Companies,unknown,,,No,,,,2001 - 2010,0.0,0.0,0.1386,0.0,3.8,26.26,26.26,26.26,26.26,19,26.26,26.26,26.26,26.26,0,0,0,0,0
1.41,3.555269598E7,17.3865,81.5,-5.64,-0.0692,,893.0,91265.4,0.44,54,,3,3,2006,1.156849641,0.467057454,-0.258946561,-1.026456657,2009,4,6,0,Consumer Durables,Specialty Chemicals,unknown,unknown,No,sameYear,,Mar,501 - 1000,2001 - 2010,0.0,0.0,0.0,0.0,50.0,0.3,0.3,0.3,0.3,250,0.3,0.3,0.3,0.3,0,0,0,0,1
1.45,1.499617695E7,16.5233,1.84,-10.8,-5.8696,0.33,14.0,131428.57,8.15,70,27,4,4,2005,0.754113156,1.220537785,1.228086963,1.560699174,2009,12,16,2,Consumer Non-Durables,Apparel,female,male,Yes,No,No,Jan,0 - 100,2001 - 2010,0.1,0.0,0.0,0.1,100.0,2.2,2.0,2.2,2.0,500,2.2,2.2,2.2,2.2,0,0,0,0,1
1.47,6286960.68,15.654,11.23,-9.33,-0.8308,,33.0,340303.03,0.56,53,53,18,18,1996,0.739169921,0.781057347,1.134118102,1.536063041,2014,2,13,3,Health Care,Medical/Dental Instruments,unknown,unknown,Yes,No,No,Dec,0 - 100,1951 - 2000,0.017,0.256,0.3729,0.0642,2780.6,970.2,954.0,1170.0,1108.8,10898,1022.4,1022.4,1042.2,1218.6,891,0,772,1342,0
1.48,9.911965816E7,18.4118,105.95,-125.21,-1.1818,0.95,164.0,646036.59,0.94,64,58,,-15,2015,-2.5206119,-3.070789036,-2.57263677,-1.225299533,2000,10,11,2,Health Care,Major Pharmaceuticals,male,male,No,No,No,Dec,101 - 500,2011 - present,0.0295,-0.0164,0.2213,0.0529,1595420.0,15.25,14.813,15.813,15.03,6714400,15.0,15.0,15.063,15.0,891400,172400,93800,105100,0
1.5,2.23437975E7,16.9221,27.46,-9.45,-0.3441,0.03,148.0,185540.54,0.81,56,56,4,4,1996,0.764271233,-0.47370578,0.28829906,0.753384923,2000,3,10,4,Technology,Computer Software: Prepackaged Software,male,male,Yes,No,No,Mar,101 - 500,1951 - 2000,0.5028,-0.2777,-0.4866,0.6432,98707.0,2824.38,1879.38,3088.76,1880.0,382205,2557.5,2607.5,2380.0,2040.0,39905,20605,26195,24625,0
1.51,7.931375415E7,18.1889,226.91,-6.1,-0.0269,,589.0,385246.18,0.35,49,49,1,1,1998,1.601164752,2.352507596,2.312974309,2.03984391,1999,11,18,3,Public Utilities,Telecommunications Equipment,male,male,Yes,No,No,Dec,501 - 1000,1951 - 2000,0.0273,0.0177,-0.0619,0.0909,3234719.8,14.125,13.75,16.0,14.75,10634500,14.063,14.375,14.813,14.375,2522800,906100,1601800,508399,0
1.51,9.18733377E7,18.3359,78.12,-53.58,-0.6859,,350.0,223200.0,1.18,51,51,11,11,2004,-1.193694432,-1.319514391,-0.152431385,0.6370873,2015,7,1,2,Health Care,Industrial Specialties,male,male,Yes,No,No,Dec,101 - 500,2001 - 2010,0.0882,0.1574,0.1616,0.1311,2257462.2,19.25,17.69,20.42,18.1,5811895,23.5,23.5,24.06,22.28,3299113,0,1405399,770904,0
1.5501,1.859724259E7,16.7385,,-7.47,,,12.0,,,57,57,10,10,1996,0.075817965,0.850043632,1.06706802,1.565840159,2006,3,28,1,Health Care,Major Pharmaceuticals,male,male,Yes,sameYear,sameYear,Dec,0 - 100,1951 - 2000,0.0,-0.0125,-0.125,0.0,199.4,672.0,672.0,714.0,714.0,19,657.72,657.72,670.4208,663.6,88,0,147,743,0
1.7,3.61497163E7,17.4032,,-20.98,,,14.0,,,57,57,0,0,2013,-1.681744013,-0.53049158,0.311343661,1.044223357,2013,8,28,2,Health Care,Major Pharmaceuticals,male,male,Yes,No,No,Dec,0 - 100,2011 - present,1.0,0.0,0.0,0.0,60.0,20.0,10.0,20.0,20.0,300,20.0,20.0,20.0,20.0,0,0,0,0,0
1.73,7.051508199E7,18.0713,18.19,858605.0,47202.0341,0.78,96.0,189479.17,3.88,43,41,13,13,1993,1.806718168,1.806541689,1.546652774,1.587615876,2006,9,18,0,Technology,Computer Software: Prepackaged Software,unknown,unknown,No,No,No,Dec,0 - 100,1951 - 2000,0.0,0.0,-0.8,0.0,190.0,6.0,6.0,6.0,6.0,250,6.0,8.0,8.0,6.0,0,600,0,100,1
1.81,2.659857807E7,17.0964,26.65,5.93,0.2225,,87.0,306321.84,1.0,38,,4,4,2012,0.954029179,1.703332408,2.241215649,1.755078737,2016,12,27,1,Capital Goods,Metal Fabrications,unknown,,No,,,Dec,0 - 100,2011 - present,0.0086,-0.1538,-0.2859,0.0034,11675.4,5.85,5.8001,7.02,7.0,12457,5.68,5.4,4.95,4.95,17818,17610,10492,0,0
1.82,8.95197758E7,18.31,62.47,2.63,0.0421,,597.0,104639.87,1.43,52,52,3,3,1996,0.839300863,1.363729297,1.643025755,1.82248763,1999,5,11,1,Consumer Services,Newspapers/Magazines,male,male,Yes,No,No,Dec,501 - 1000,1951 - 2000,0.0169,-0.3114,-0.4688,0.1737,4112199.8,60.0,59.0,71.25,61.0,13560600,53.75,51.125,46.0625,41.313,3072200,1375300,1013099,1539800,0
1.83,9.599115123E7,18.3798,,-42.02,,,57.0,,,48,48,12,12,2003,1.39955559,1.177511352,1.251935111,1.334267195,2015,7,16,3,Health Care,Major Pharmaceuticals,male,male,No,Yes,Yes,Dec,0 - 100,2001 - 2010,0.0807,-0.0256,-0.1899,0.1779,1946915.4,30.8,28.5,33.75,28.68,7681005,30.0,30.05,29.8,30.01,1077760,371884,315389,288539,0
1.91,1.242408396E7,16.3351,,-7.54,,,13.0,,,,,5,5,1997,-1.353795569,-0.941301259,-1.414486306,-2.10182529,2002,9,5,3,Health Care,Major Pharmaceuticals,male,male,No,No,No,Jun,0 - 100,1951 - 2000,0.0273,-0.0044,-0.0708,0.1135,953.0,67.8,66.0,73.494,66.0,2716,69.0,68.7,68.7,67.5,16,950,950,133,0
1.94,1.026244286E7,16.144,3.21,-15.42,-4.8037,,43.0,74651.16,3.2,60,65,14,14,2001,-0.776032461,0.094899947,0.721216317,1.190266797,2015,5,5,1,Health Care,Medical Specialities,male,male,Yes,sameYear,sameYear,Dec,0 - 100,2001 - 2010,0.0613,-0.1443,-0.0928,0.035,7344.2,121.25,114.25,135.75,131.75,27807,116.25,116.25,110.0,103.75,5428,781,1325,1380,0
2.0,6684786.0,15.7153,,-16.02,,,12.0,,,71,,2,2,2012,-3.612448606,-0.179197965,0.661777887,1.159053656,2014,7,31,3,Health Care,Major Pharmaceuticals,male,,No,Yes,,Dec,0 - 100,2011 - present,0.0169,-0.1119,0.1655,0.0121,85827.0,42.0,41.3,55.0,54.5,320699,34.5,36.2,36.5,37.3,71824,17814,13318,5480,0
2.04,1.778378364E7,16.6938,,,,,,,,51,,2,2,2011,0.659219721,1.024126809,1.293847885,1.379080136,2013,10,11,4,Health Care,Major Pharmaceuticals,male,,,No,,,,2011 - present,0.0,0.0,0.0,0.0,9.0,6.6,6.6,6.6,6.6,45,6.6,6.6,6.6,6.6,0,0,0,0,1
2.08,3.40349464E7,17.3429,54.51,-23.44,-0.43,,2000.0,27255.0,0.62,51,51,30,30,1987,-2.047967277,0.154102919,0.92067713,1.249851407,2017,8,11,4,Consumer Services,Other Consumer Services,female,female,Yes,Yes,Yes,Dec,1001 - 5000,1951 - 2000,0.1659,-0.132,-0.1866,0.0721,864755.4,4.85,4.16,5.85,5.55,3619826,4.35,4.52,4.41,4.21,160810,292741,155329,95071,0
2.11,5.295525025E7,17.785,275.01,9.58,0.0348,0.2,2318.0,118641.07,0.19,,,4,4,1995,-1.293477881,-1.960062597,-2.076123407,-0.201610843,1999,10,19,1,Technology,"Computer Software: Programming, Data Processing",male,,No,No,,Mar,1001 - 5000,1951 - 2000,0.1833,0.1268,0.6691,0.3855,2642020.0,35.5,30.0,47.064,35.5,6362600,49.94,45.0,40.125,40.0,3850900,1528300,950000,518300,1
2.15,3.051874819E8,19.5364,154.68,-75.51,-0.4882,,,,1.97,69,69,2,2,1995,0.835516761,1.102165753,1.098844288,1.55788407,1997,9,30,1,Consumer Services,Marine Transportation,unknown,unknown,No,Yes,Yes,Dec,,1951 - 2000,0.0417,-0.02,-0.0433,0.0,13538.6,18.585,17.8416,18.585,18.585,22699,18.4611,18.585,18.3372,18.2133,33595,5044,5347,1008,0
2.1501,1.232778541E7,16.3274,23.84,-20.59,-0.8637,0.25,3.0,7946666.67,0.52,50,50,1,1,2013,-1.039260281,0.456307134,0.942331554,1.384432474,2014,3,27,3,Finance,Property-Casualty Insurers,male,male,No,Yes,Yes,Dec,0 - 100,2011 - present,0.1667,-0.0292,-0.0719,0.1909,70223.4,7.7,6.6,8.02,6.76,224062,7.65,7.5,7.5,7.475,68849,26101,16400,15705,0
2.18,9725734.28,16.0903,36.0,-5.04,-0.14,,188.0,191489.36,0.27,68,44,7,7,1991,1.848868186,1.471639751,1.915881155,2.257962815,1998,4,22,2,Technology,Radio And Television Broadcasting And Communications Equipment,male,male,Yes,No,No,Sep,101 - 500,1951 - 2000,0.25,-0.2267,-0.28,0.1167,25004.0,46.875,37.5,51.25,46.875,54840,40.63,39.07,36.25,36.25,30000,9300,26500,4380,0
2.21,1.498507583E8,18.8252,320.97,-9.58,-0.0298,0.1,619.0,518529.89,0.47,38,,6,6,2007,-1.388227633,0.693586986,1.216487218,1.718021145,2013,6,6,3,Consumer Services,Catalog/Specialty Distribution,unknown,unknown,No,Yes,No,Dec,501 - 1000,2001 - 2010,0.0469,0.2076,0.1671,0.138,2640385.8,11.61,11.09,12.69,11.16,8845755,12.53,14.59,14.3,14.02,1323580,1294826,943577,794191,0
2.25,3.4669737E7,17.3614,76.04,-3.11,-0.0409,0.35,250.0,304160.0,0.46,65,,1,1,2010,-2.352475859,-3.732391468,-4.886873864,-1.573256595,2011,8,10,2,Finance,Business Services,female,female,Yes,No,,Dec,101 - 500,2001 - 2010,0.0,0.0,0.0174,0.0,69840.0,5.75,5.75,5.75,5.75,349100,5.75,5.75,5.75,5.75,0,100,0,0,1
2.25,6.726897675E7,18.0242,13.86,-10.14,-0.7316,,37.0,374594.59,4.85,60,50,14,14,2000,-3.002387143,-1.2257156,0.146437725,0.887084774,2014,10,1,2,Health Care,Major Pharmaceuticals,male,male,No,Yes,sameYear,Dec,0 - 100,1951 - 2000,0.0,0.1214,0.1624,0.0205,269273.0,5.85,5.85,6.13,6.01,1242273,5.85,6.1,6.05,6.56,24035,21489,18642,39926,1
2.3099,1.156153689E7,16.2632,19.57,-27.86,-1.4236,0.07,60.0,326166.67,0.59,59,59,1,1,1997,1.116115513,1.301451527,1.395077728,1.67055949,1998,12,18,4,Health Care,Medical/Dental Instruments,male,male,Yes,No,No,Dec,0 - 100,1951 - 2000,0.0,0.9149,1.6596,0.0,58.4,20.5625,20.5625,20.5625,20.5625,18,20.5625,20.5625,20.5625,39.375,0,0,0,274,1
2.3462,6.884289018E7,18.0473,,,,,,,,,,18,18,1979,1.373241549,1.622890859,1.963039633,2.2164871,1997,8,1,4,Health Care,Biotechnology: Electromedical & Electrotherapeutic Apparatus,male,,,No,,,,1951 - 2000,0.0303,0.0,-0.1765,0.0909,435680.0,8.5,8.25,9.25,8.5,1801600,8.125,8.125,8.5,8.5,140700,80200,38500,117400,0
2.35,5610996.3,15.5402,45.05,-9.77,-0.2169,,322.0,139906.83,0.12,54,,,-1,2002,-0.049360948,-0.859479049,-0.488812356,-1.070767402,2001,7,13,4,Basic Industries,Engineering & Construction,unknown,,No,No,,Jun,101 - 500,2001 - 2010,,0.0,0.0,,0.0,22.2,,,22.08,,22.2,22.2,22.2,22.2,,,,,0
2.42,1.756674854E7,16.6815,60.8,9.73,0.16,,118.0,515254.24,0.29,43,39,3,3,2002,0.51096029,-0.612410372,-0.792604859,0.546793179,2005,5,6,4,,,unknown,unknown,No,Yes,No,Dec,101 - 500,2001 - 2010,0.0386,0.0294,0.1619,0.0088,129170.2,76.6,73.75,82.0,81.35,468939,78.7,78.25,79.6,78.85,87124,15081,12607,62100,1
2.44,9.2970588E7,18.3478,927.45,-34.61,-0.0373,,4914.0,188736.26,0.1,44,41,2,2,2006,-0.489223495,-1.469624934,-1.934383931,-2.15547467,2008,1,29,1,Technology,Semiconductors,unknown,unknown,No,Yes,No,Dec,1001 - 5000,2001 - 2010,0.0342,0.0508,-0.1363,8.0E-4,375860.6,64.95,62.8,68.65,68.6,1313230,65.2,62.55,64.5,68.25,97018,45721,116659,306675,0
2.47,4.238977197E7,17.5624,14000.0,-17.0,-0.0012,,24.0,5.8333333333E8,0.0,50,50,1,1,2014,-0.567290209,-0.804704239,0.347458527,0.941553421,2015,1,29,3,Health Care,Medical/Dental Instruments,male,male,No,sameYear,sameYear,Dec,0 - 100,2011 - present,0.0382,-0.2221,-0.1411,0.0089,603448.4,8.0275,7.732,9.1799,9.111,1347751,6.4319,6.6879,6.4614,6.2447,1517822,85169,40437,26063,0
2.5,5574022.5,15.5336,,,,,,,,71,,1,1,1996,-1.315697452,0.659311528,0.856147234,0.856147234,1997,3,14,4,Consumer Durables,Diversified Electronic Products,unknown,,,Yes,,,,1951 - 2000,0.1154,-0.0343,0.0343,0.0383,77575.0,12.1715,10.912,12.5895,12.1715,300200,12.5895,12.4905,12.5895,11.7535,11793,45863,22038,7981,1
2.59,6.300256178E9,22.5639,149280.0,9630.0,0.0645,0.01,,,0.04,,,20,20,1980,-1.851092838,-0.752172941,-0.151134421,0.569216565,2000,9,19,1,Technology,Semiconductors,,male,No,,No,Dec,,1951 - 2000,0.0822,-0.009,-0.2947,0.0528,5582777.2,11.61,10.7282,11.663,11.0962,12985328,12.3355,12.3355,11.663,11.5054,5131952,4295640,2992031,2508935,0
2.63,7.491791174E7,18.1319,83.28,-12.59,-0.1512,,333.0,250090.09,0.9,65,65,12,12,1989,1.233503581,0.616264212,-0.215987347,-0.955474866,2001,5,4,4,Consumer Non-Durables,Electronic Components,male,male,Yes,No,No,Dec,101 - 500,1951 - 2000,0.0714,0.0667,3.2667,0.0,253.8,11.25,10.5,11.25,11.25,466,9.0,12.0,13.5,12.0,33,693,64,13,1
2.67,5.000619504E7,17.7277,60.12,-1.53,-0.0254,,1776.0,33851.35,0.83,49,49,3,3,1997,0.49712668,1.040341342,0.966582276,1.285185291,2000,7,19,2,Technology,EDP Services,male,male,Yes,No,No,Dec,1001 - 5000,1951 - 2000,0.2794,0.0728,-0.2184,0.5368,924206.4,97.875,76.5,117.564,76.5,3790433,106.875,98.625,99.0,105.0,465200,168833,96266,100300,0
2.72,3.00620792E7,17.2188,11.6,1.09,0.094,0.29,,,2.59,,,2,2,1998,-2.415232032,-2.902699316,-0.530402009,-0.069030239,2000,2,18,4,Technology,"Computer Software: Programming, Data Processing",male,,No,No,,Dec,,1951 - 2000,0.3968,-0.3153,-0.267,0.0077,534164.0,85.16,60.97,85.63,85.16,1595260,85.16,69.86,64.72,58.305,0,570960,231040,273560,0
2.86,2.253141548E8,19.233,43.22,6.38,0.1476,0.91,111.0,389369.37,5.21,,,9,9,1998,-1.029943972,-2.093468171,-0.550385881,0.363436553,2007,8,13,0,Health Care,Major Pharmaceuticals,male,male,No,No,No,Mar,101 - 500,1951 - 2000,0.0093,-0.2419,0.0253,0.163,3380.0,4.34,4.3,5.25,4.549,1700,4.05,3.6,2.95,3.29,3700,200,7100,4200,0
2.9,3.1231637E7,17.2569,7.82,-1.83,-0.234,0.38,3.0,2606666.67,3.99,50,,16,16,1995,0.537773579,0.978097442,0.196069489,-0.37715321,2011,12,2,4,Consumer Services,Real Estate Investment Trusts,male,,Yes,No,,Dec,0 - 100,1951 - 2000,0.0,0.0,0.0,0.0,10.0,3.0,3.0,3.0,3.0,25,3.0,3.0,3.0,3.0,0,0,0,25,0
2.92,2.769790102E9,21.742,2340.0,-252.33,-0.1078,,,,1.18,57,,,-3,2003,0.957913569,1.285730832,1.786561301,2.182194868,2000,1,3,0,Basic Industries,Precious Metals,male,male,No,No,No,Dec,,2001 - 2010,0.0,0.0393,0.0364,0.0,209.8,6.97,6.97,6.97,6.97,0,6.97,6.965,7.662,7.244,0,35,430,584,0
2.93,3.388881071E7,17.3386,120.63,4.39,0.0364,0.29,548.0,220127.74,0.28,31,31,7,7,1998,-0.102584199,0.665862633,1.278617422,1.838510892,2005,1,18,1,Capital Goods,Industrial Machinery/Components,unknown,unknown,Yes,No,No,Sep,501 - 1000,1951 - 2000,0.0,0.0,-0.091,0.0,12.4,5.2807,5.2807,5.2807,5.2807,62,5.2807,5.2807,5.2807,5.2807,0,0,0,0,0
2.93,1.963310931E8,19.0953,92205.0,-13.69,-1.0E-4,3.29,101.0,9.1292079208E8,0.0,31,56,4,4,2010,-2.58056629,-0.673693396,0.045500757,0.911201158,2014,4,11,4,Technology,"Computer Software: Programming, Data Processing",unknown,unknown,No,No,No,Sep,101 - 500,2001 - 2010,0.0937,0.1571,0.3857,0.1094,2250.0,7.0,6.4,7.1,6.4,4500,7.6,8.0,8.2,8.1,1000,3500,1750,500,1
2.95,1.470233331E8,18.8061,30.8,-16.33,-0.5302,,,,4.77,68,52,8,8,1991,1.072370031,1.810963443,1.890276151,1.601540459,1999,7,13,1,Technology,Computer Software: Prepackaged Software,male,male,No,No,No,Dec,,1951 - 2000,0.28,-0.0573,-0.4948,0.1,779326.2,72.0,56.25,77.625,72.0,2647733,66.0,66.75,62.625,67.875,537633,260666,202166,248433,1
2.96,3.157497712E7,17.2679,,-10.38,,,7.0,,,69,69,4,4,2010,-2.452645015,-1.194497793,0.138536036,0.881839488,2014,10,2,3,Health Care,Major Pharmaceuticals,male,male,Yes,No,No,Sep,0 - 100,2001 - 2010,0.0,0.0,0.0,0.0,13.2,15.0,15.0,15.0,15.0,66,15.0,15.0,15.0,15.0,0,0,0,0,1
2.96,2.239793846E8,19.2271,887.71,-6.64,-0.0075,0.11,1300.0,682853.85,0.25,53,53,1,1,2008,0.613208584,1.143126661,1.329039326,1.671567455,2009,11,20,4,Energy,Coal Mining,male,male,Yes,No,No,Dec,1001 - 5000,2001 - 2010,0.06,-0.0303,-0.0195,0.215,5419551.6,14.84,14.0,17.51,14.5,19669753,14.5,14.6,14.39,14.39,3062933,2625038,1740034,0,1
2.98,2586940.98,14.766,306000.0,-51.34,-2.0E-4,,14.0,2.185714285714E10,0.0,56,,40,40,1977,0.759590114,1.533516416,1.565732773,1.69922681,2017,6,15,3,Technology,Computer Software: Prepackaged Software,male,,No,Yes,,Dec,0 - 100,1951 - 2000,0.0582,-0.0779,-0.2431,0.0242,30789.4,11.365,10.74,11.5,11.24,38906,11.0,10.53,10.5,10.48,60462,37845,7567,9167,0
3.03,8.399107884E7,18.2462,50.48,22.81,0.4519,1.75,10.0,5048000.0,1.66,38,38,1,1,2006,-0.99624766,-1.768469389,-0.332556421,0.701635949,2007,3,16,4,Miscellaneous,Multi-Sector Companies,male,male,Yes,No,No,Dec,0 - 100,2001 - 2010,0.05,-0.019,-0.2,0.035,0.0,8.584723603E7,8.175927241E7,8.584723603E7,8.29856615E7,0,8.216806878E7,8.537507624E7,8.537507624E7,8.421205059E7,0,0,0,0,0
3.07,1.08996884E8,18.5068,80.27,13.5,0.1682,,286.0,280664.34,1.36,61,46,3,3,1993,0.0,0.0,0.0,0.0,1996,11,5,1,Technology,Radio And Television Broadcasting And Communications Equipment,male,male,Yes,No,No,Jan,101 - 500,1951 - 2000,0.0714,-0.06,0.3734,0.0,965790.0,12.5,11.667,12.5,12.5,3083250,13.333,12.833,12.25,11.75,573150,352200,615000,205350,1
3.11,8.098048762E7,18.2097,2.14,-37.13,-17.3505,,59.0,36271.19,37.84,57,36,10,10,2006,-0.031878028,0.303117393,0.999289792,1.253485115,2016,9,21,2,Health Care,Major Pharmaceuticals,unknown,male,Yes,No,No,Dec,0 - 100,2001 - 2010,0.3145,0.216,0.1392,0.2992,920697.0,18.1,13.77,18.52,14.4,1876728,21.2,20.14,21.5,22.01,856574,560101,676469,633613,0
3.2,1.411101152E8,18.7651,385.09,7.81,0.0203,0.62,504.0,764067.46,0.37,60,,,-1,2014,1.201697625,1.254736308,1.663271639,1.771320899,2013,12,19,3,Transportation,Marine Transportation,male,,Yes,No,,Dec,501 - 1000,2011 - present,0.0,0.0,0.0,0.0,5500.0,9.62,9.62,9.62,9.62,27500,9.62,9.62,9.62,9.62,0,0,0,0,1
3.24,1.672811579E8,18.9352,9.67,-114.75,-11.8666,0.88,78.0,123974.36,17.3,56,56,7,7,2006,1.168504926,1.541473905,1.953551564,2.267739493,2013,3,20,2,Health Care,Major Pharmaceuticals,male,male,Yes,Yes,Yes,Dec,0 - 100,2001 - 2010,0.0574,0.0,0.25,0.0453,405746.0,7.0,6.62,7.5,7.2,1724110,7.05,7.0,7.07,7.0,163617,34352,88601,18050,1
3.25,1.720712825E7,16.6608,67.05,-8.33,-0.1242,0.41,154.0,435389.61,0.26,50,50,1,1,2006,-0.246489954,-1.106867129,-0.993340421,-0.420950104,2007,12,18,1,Technology,Diversified Commercial Services,male,male,Yes,No,No,Dec,101 - 500,2001 - 2010,0.0455,0.0,0.0,0.0455,200.0,11.5,11.0,11.5,11.0,1000,11.5,11.5,11.5,11.5,0,0,0,0,0
3.28,1.254916914E8,18.6478,38.15,-39.06,-1.0239,0.52,56.0,681250.0,3.29,65,65,9,9,2004,1.619855169,1.88216455,1.928415697,2.044120219,2013,7,18,3,Health Care,Major Pharmaceuticals,male,male,Yes,No,No,Dec,0 - 100,2001 - 2010,0.085,-0.1365,-0.305,0.1158,2147408.0,27.18,25.05,31.0,28.1,4779859,26.7,26.99,26.74,23.47,5314003,133165,132137,377876,0
3.3,4.199140836E8,19.8556,264.32,37.83,0.1431,0.03,,,1.59,37,,0,0,2007,0.740926045,-0.178924298,0.484834538,1.121937133,2007,3,30,4,Transportation,Marine Transportation,male,,No,No,,Dec,,2001 - 2010,0.049,-0.0213,-0.0172,0.038,2025337.8,26.75,25.5,26.97,26.0,8263293,26.54,26.401,26.2,26.18,804178,430772,401827,226619,1
3.32,6.1752E7,17.9386,26.41,-9.7,-0.3673,0.07,,,2.34,50,,,,,2.145538238,2.402069474,2.240885219,1.712923923,2013,10,18,4,Capital Goods,Industrial Machinery/Components,male,,No,sameYear,,Dec,,Unknown,0.4922,0.1719,1.0483,0.4694,5081124.4,28.8,19.3,29.06,20.0,12319309,35.43,33.19,29.53,33.75,6090807,2175197,2475618,2344691,1
3.42,1.073188408E8,18.4913,27.81,7.77,0.2794,23.12,38.0,731842.11,3.86,,46,4,4,2011,-1.283534659,0.315831285,-0.399133665,-0.674015482,2015,11,13,4,Health Care,Major Pharmaceuticals,male,female,Yes,No,Yes,Dec,0 - 100,2011 - present,0.0667,0.0825,-0.2175,0.0133,113696.0,4.0,3.75,5.0,4.95,343900,4.5,4.25,4.5,4.33,159780,25000,35665,4135,0
3.45,1.08454959E7,16.1993,400277.0,-7.1,0.0,,9.0,4.447522222222E10,0.0,58,,0,0,2008,0.8756909,0.503740621,-0.680003631,-1.301135886,2008,4,10,3,Consumer Services,Transportation Services,male,male,Yes,No,,Feb,0 - 100,2001 - 2010,0.0364,0.0,0.0,0.0364,0.0,35625.0,34375.0,35625.0,34375.0,0,35625.0,35625.0,35625.0,35625.0,0,0,0,0,1
3.45,9.02834709E7,18.3185,263.74,24.64,0.0934,,1590.0,165874.21,0.34,75,43,13,13,1986,2.317866401,2.169171376,1.992231124,1.620145902,1999,7,1,3,Consumer Services,Broadcasting,male,male,Yes,No,No,Dec,1001 - 5000,1951 - 2000,0.02,0.0172,0.098,0.14,1942880.0,25.5,25.0,29.0,25.5,7751500,26.375,26.375,26.625,25.938,931800,0,545700,485400,0
3.45,4.666964178E8,19.9612,131.43,-55.57,-0.4228,0.29,527.0,249392.79,3.55,48,48,6,6,2008,-0.57581035,0.436186514,0.959042523,1.403848547,2014,3,14,4,Technology,EDP Services,male,male,Yes,No,No,Dec,501 - 1000,2001 - 2010,0.0728,-0.1962,-0.5709,0.1199,3174325.8,39.8,37.1,41.95,37.5,11539025,37.25,33.65,31.5,31.99,1130736,848865,1281444,1071559,0
3.5,4.40033825E7,17.5998,,-11.1,,,13.0,,,45,45,2,2,2014,-1.189928178,-1.905054708,0.265639604,0.832652356,2016,10,11,1,Health Care,Major Pharmaceuticals,male,male,Yes,sameYear,sameYear,Dec,0 - 100,2011 - present,0.0226,0.006,-0.002,0.1088,97102.2,4.98,4.87,5.59,5.06,115825,5.48,5.15,5.26,5.01,124170,45920,78329,121267,0
3.5,1.39943097E8,18.7567,6050.0,8.78,0.0015,0.1,23877.0,253381.92,0.02,53,65,1,1,2006,-0.315102102,0.683538166,1.085394661,1.685744318,2007,1,29,0,Consumer Durables,Automotive Aftermarket,male,male,Yes,No,No,Dec,>10000,2001 - 2010,1.259,-0.1649,0.0911,1.2756,482720.0,35.24,15.6,35.5,15.6,111500,34.51,29.91,29.3,29.43,117700,660000,919400,605000,1
3.53,2.079545825E9,21.4554,45910.0,-4440.0,-0.0967,0.47,66472.0,690666.75,0.05,57,56,11,11,2002,1.39339492,1.64469804,2.242000141,2.339783229,2013,2,11,0,Basic Industries,Precious Metals,male,unknown,No,sameYear,No,Dec,>10000,2001 - 2010,0.028,0.168,-0.0576,0.0148,50758.4,5.8918,5.7315,5.9201,5.8352,95604,6.2594,6.382,7.0419,6.8816,17928,78180,43173,18907,0
3.59,2.813184563E8,19.455,390.43,55.98,0.1434,,1123.0,347666.96,0.72,58,58,67,67,1948,0.984453967,1.314955933,0.837096696,0.751594752,2015,12,1,1,Transportation,Marine Transportation,male,male,Yes,No,No,Dec,1001 - 5000,1901 - 1950,0.0,0.0313,0.0106,0.0031,2740.0,6.1655,6.1655,6.2811,6.2619,7266,6.3678,6.1655,6.1655,6.3582,986,103,0,5345,0
3.7,9.41591466E7,18.3605,4.93,-17.41,-3.5314,,16.0,308125.0,19.1,37,43,5,5,1994,-1.040682007,-1.04518135,0.275662005,0.978868031,1999,6,11,4,Technology,Computer Software: Prepackaged Software,male,male,Yes,No,No,Jun,0 - 100,1951 - 2000,0.1978,-0.0405,0.8317,0.041,142913.8,648.9853,541.8191,671.2085,648.9853,509803,568.1169,535.7695,596.4204,622.6875,109004,51259,29263,15240,1
3.73,5.647116306E7,17.8492,60.22,-8.14,-0.1352,0.07,223.0,270044.84,0.94,54,50,7,7,1990,2.209097304,2.748395455,1.594269577,1.961223467,1997,10,7,1,Technology,Computer peripheral equipment,male,male,Yes,No,No,Dec,101 - 500,1951 - 2000,0.0268,0.4281,0.268,0.1208,140974.0,191.25,186.25,213.75,191.25,288630,253.75,315.0,297.5,273.125,172900,155410,49160,38770,1
3.73,5.496868624E8,20.1249,4.48,-77.99,-17.4085,,103.0,43495.15,122.7,55,55,4,4,1996,-0.989316825,-1.336397941,-1.998688929,-1.94475525,2000,11,29,2,Health Care,Major Pharmaceuticals,male,male,Yes,No,No,Dec,101 - 500,1951 - 2000,0.0133,0.0837,0.2687,0.1116,70275.6,63.8396,63.0,70.8679,63.8396,221244,63.5606,66.3683,67.4932,69.1851,37781,44104,26491,21758,0
3.76,5.352258405E8,20.0982,,,,,,,,52,,,-5,2010,-1.943250105,-2.961213628,-1.035231733,-0.518426582,2005,10,13,3,Transportation,Marine Transportation,male,,,No,,,,2001 - 2010,0.0169,0.0075,-0.0041,0.0118,114419.6,144.6,142.2,145.68,144.0,465891,142.44,147.0,146.16,145.68,30700,35266,28441,11800,1
3.8,5.62247696E7,17.8449,415.58,12.46,0.03,0.06,8500.0,48891.76,0.14,52,52,2,2,1994,0.0,0.0,0.0,0.0,1996,11,13,2,Consumer Non-Durables,Apparel,unknown,unknown,No,No,No,Dec,5001 - 10000,1951 - 2000,0.1,-0.0455,0.0682,0.075,6347.6,216.8929,197.1726,231.6778,216.8929,15810,207.0328,207.0328,211.9575,207.0328,7744,2061,1795,4328,1
3.81,7728783.12,15.8605,37.07,-3.62,-0.0977,,354.0,104717.51,0.21,65,55,27,27,1970,2.13313079,2.49390639,2.49390639,2.49390639,1997,1,22,2,Technology,Electrical Products,male,male,No,No,No,Dec,101 - 500,1951 - 2000,0.1429,-0.0833,-0.1667,0.0,13100.0,30.0,26.25,30.0,30.0,15820,28.125,27.5,28.75,27.5,18980,6100,5440,19160,0
3.85,2.002673019E8,19.1152,43.8,-19.7,-0.4498,,136.0,322058.82,4.57,48,47,8,8,2005,-0.48987853,0.118705813,0.87188395,1.435644929,2013,6,27,3,Technology,Advertising,male,male,Yes,No,No,Dec,101 - 500,2001 - 2010,0.0143,-0.1176,0.0153,0.0107,2071118.0,8.5,8.38,11.09,11.0,7833067,9.0,8.6,7.95,7.5,1614028,223431,347658,337406,0
3.95,7.1245703974E10,24.9894,40640.0,3140.0,0.0773,,81667.0,497630.62,1.75,,,15,15,1985,-2.055618373,-0.440485464,-0.183579218,0.471903229,2000,4,17,0,Finance,Commercial Banks,male,male,No,,,Dec,>10000,1951 - 2000,0.0,0.003,0.003,0.0,1147.8,40.0,40.0,40.0,40.0,102,40.0,40.122,40.122,40.122,0,5637,0,0,1
3.98,2.174111775E8,19.1973,152.9,-22.93,-0.15,,490.0,312040.82,1.42,53,53,8,8,2006,-0.36868234,0.720666007,1.090052369,1.465469275,2014,3,28,4,Technology,EDP Services,male,male,Yes,Yes,Yes,Dec,101 - 500,2001 - 2010,0.1351,0.097,0.001,0.1884,1968511.0,10.0,8.81,10.61,8.95,7596484,10.55,11.54,11.3,10.97,832269,564085,635752,213965,0
3.98,5.19440749E8,20.0683,157.61,-22.91,-0.1454,,454.0,347158.59,3.3,58,58,1,1,2007,0.984195324,1.180929271,-0.365511952,-1.021987634,2008,4,22,1,Basic Industries,Mining & Quarrying of Nonmetallic Minerals (No Fuels),male,male,Yes,No,No,Dec,101 - 500,2001 - 2010,0.1341,-0.0421,-0.0302,0.1114,1.45895994E7,50.4,44.44,51.2,46.25,42699930,49.09,48.59,51.94,48.28,15519174,6261059,4752480,3715354,0
4.01,7.16461487E7,18.0872,18.73,-2.51,-0.134,0.03,98.0,191122.45,3.83,61,61,0,0,2016,-0.436835782,-0.365779228,0.673582598,1.065648815,2016,9,29,3,Health Care,Medical Specialities,unknown,unknown,Yes,,,Dec,0 - 100,2011 - present,0.0177,0.0425,-0.0207,0.1874,647949.6,9.18,9.02,10.9,9.21,2412251,9.22,10.39,9.95,9.57,409990,211294,133476,72737,1
4.05,1.238389803E8,18.6345,1.24,-90.13,-72.6855,0.81,53.0,23396.23,99.87,57,57,6,6,2008,-0.375542052,0.095271718,0.900773885,1.256455099,2014,8,13,2,Health Care,Major Pharmaceuticals,male,male,Yes,,,Dec,0 - 100,2001 - 2010,0.0619,-0.0764,0.137,0.0223,1442437.0,17.15,16.15,18.49,18.13,6209247,16.72,16.2,16.01,15.84,467735,172579,161824,200800,1
4.0916,7.051645353E8,20.3739,,-12.25,,,20.0,,,45,45,2,2,2009,-1.314425613,0.440983195,1.075541956,1.551701956,2011,3,11,4,Finance,Real Estate,unknown,unknown,Yes,No,No,Dec,0 - 100,2001 - 2010,0.0,0.0,0.0,0.0,200.0,5.28,5.28,5.28,5.28,500,5.28,5.28,5.28,5.28,500,0,0,0,0
4.14,2.110074082E8,19.1674,,-67.8,,,69.0,,,52,52,2,2,2010,1.150560525,1.594718743,1.820201961,0.747535794,2012,1,27,4,Health Care,Major Pharmaceuticals,male,male,Yes,No,No,Dec,0 - 100,2001 - 2010,0.0316,-0.0081,-0.0207,0.0437,204495.0,11.09,10.75,11.47,11.0,747711,11.4,10.96,11.0,11.0,89205,110813,12087,62659,0
4.18,1.879214304E7,16.7489,34.85,-486469.0,-13958.9383,0.02,158.0,220569.62,0.54,55,55,2,2,2002,1.313420004,1.186266946,1.560506844,1.671517547,2004,3,5,4,Miscellaneous,Business Services,male,male,Yes,No,No,Dec,101 - 500,2001 - 2010,0.0,1.35,-0.2,0.0,1.0,10866.0,10866.0,10866.0,10866.0,0,38031.0,35314.5,32598.0,25535.1,1,2,1,1,0
4.24,5.712568536E7,17.8608,,-29.11,,,51.0,,,68,68,3,3,2012,-0.373177107,-0.448386974,0.515719137,1.055378094,2015,1,27,1,Health Care,Major Pharmaceuticals,male,male,Yes,No,No,Dec,0 - 100,2011 - present,0.0018,0.0073,0.0145,0.0218,21337.4,220.2,219.8,248.0,243.2,78256,221.0,224.0,221.8,221.8,7763,12311,6598,1759,0
4.31,2.363434876E8,19.2808,21.2,-16.53,-0.7797,,74.0,286486.49,11.15,48,58,9,9,1999,-1.77367249,-2.008406637,-1.266942718,-1.560978304,2008,6,24,1,Consumer Durables,Specialty Chemicals,male,male,Yes,No,No,Dec,0 - 100,1951 - 2000,0.0714,0.0,0.2,0.0714,23.4,11.25,10.5,11.25,10.5,80,11.7,12.0,12.0,11.25,28,3,0,6,0
4.35,5.623915335E7,17.8451,,,,,,,,59,,3,3,2013,-0.826139682,-1.858209081,-1.598847418,-2.308176181,2016,1,22,4,Technology,EDP Services,male,,,sameYear,,,,2011 - present,0.0,0.0,0.0,0.0,1000.0,0.245,0.245,0.25,0.25,5000,0.245,0.245,0.245,0.245,0,0,0,0,0
4.35,2.233399316E8,19.2242,187.58,-66.88,-0.3565,10.38,68.0,2758529.41,1.19,61,61,5,5,2006,-1.382408153,0.40513762,-0.395371076,-0.821910048,2011,11,17,3,Health Care,Major Pharmaceuticals,female,female,Yes,No,No,Dec,0 - 100,2001 - 2010,0.375,-0.0909,-0.4091,0.375,940.0,11.0,8.0,11.0,8.0,1950,10.0,10.0,10.0,10.0,250,0,500,2000,0
4.47,1.056850548E8,18.476,111.63,-19.32,-0.1731,,264.0,422840.91,0.95,57,57,13,13,2001,0.876066611,1.73675178,1.931618784,1.700185268,2014,6,13,4,Consumer Services,RETAIL: Building Materials,male,male,Yes,Yes,Yes,Dec,101 - 500,2001 - 2010,0.0209,-0.0205,0.0093,0.0114,803629.4,10.75,10.53,11.12,11.0,3337279,10.63,10.25,10.26,10.53,289413,296697,11515,83243,0
4.48,6.645919616E8,20.3147,3760.0,446.41,0.1187,,2146.0,1752096.92,0.18,,,12,12,1997,0.795708324,1.259140481,1.715660062,1.7685558,2009,9,29,1,Public Utilities,Oil/Gas Transmission,male,male,No,No,No,Mar,1001 - 5000,1951 - 2000,0.0,0.0,-0.0209,0.0,20.0,12.5818,12.5818,12.5818,12.5818,100,12.5818,12.5818,12.5818,12.5818,0,0,0,0,1
4.565,7.109874288E7,18.0796,,,,,,,,56,,,,,-0.752816486,0.010697907,0.797937217,1.440812337,2018,2,14,2,Health Care,Medical/Dental Instruments,male,male,,,,,,Unknown,0.0186,-0.0616,0.105,0.0651,202762.4,4.38,4.3,5.28,5.0,651271,4.3,4.0,4.0,4.11,122466,164648,0,75427,0
4.59,2.544058449E7,17.0519,,,,,,,,52,43,2,2,1997,0.215421466,-0.661729584,-0.95896451,0.197577356,1999,10,27,2,Public Utilities,Telecommunications Equipment,male,unknown,,No,No,,,1951 - 2000,0.0261,0.0969,0.2834,0.1304,1.096122E7,14.75,14.375,16.875,15.0,37121600,15.875,15.75,15.75,16.18,9259400,3320900,1659200,3445000,0
4.6,1.854272512E8,19.0382,181.94,19.1,0.105,0.03,370.0,491729.73,1.02,55,47,0,0,2007,1.305920684,1.749562368,1.597196514,1.708153105,2007,7,18,2,Energy,Natural Gas Distribution,male,male,Yes,No,No,Dec,101 - 500,2001 - 2010,0.0288,0.027,0.0198,0.04,2792934.8,29.32,28.5,30.89,29.75,11866026,30.34,30.3,29.85,30.1104,1137912,268534,360560,331642,0
4.65,4.778843595E7,17.6823,,-12.26,,,2.0,,,,,2,2,2015,-1.331304206,0.766614402,1.143167444,1.473625633,2017,6,27,1,Health Care,Major Pharmaceuticals,,,Yes,,,Dec,0 - 100,2011 - present,0.0898,-0.0303,-0.1503,0.1295,159432.8,8.25,7.57,8.58,7.6,580236,7.92,7.88,7.95,8.0,135472,43978,20839,16639,0
4.65,5.298861465E7,17.7856,65.37,-4.98,-0.0762,0.01,1461.0,44743.33,0.81,61,44,1,1,1997,0.675353449,-0.754556061,-1.212602339,0.04018271,1998,9,24,3,Technology,Computer Software: Prepackaged Software,unknown,male,Yes,No,No,Jun,1001 - 5000,1951 - 2000,1.15,0.0233,-0.157,0.0,513.2,268.75,125.0,268.75,268.75,1790,298.45,237.5,237.5,275.0,150,40,0,586,1
4.671,6.796305E7,18.0345,,,,,,,,41,,,,,-0.578166405,-0.329542996,0.612161012,1.262001918,2018,3,20,1,Finance,Finance: Consumer Services,unknown,,,,,,,Unknown,0.0043,-0.026,0.0662,0.0761,86417.4,4.62,4.6,5.6,5.25,304254,4.7423,4.6,4.6551,4.5,23211,54077,8420,42125,0
4.68,2.627971515E9,21.6895,2840.0,16.01,0.0056,,6672.0,425659.47,0.93,,,3,3,2008,0.876047276,1.597029198,0.060511431,-0.204812217,2011,11,4,4,Technology,Advertising,,male,Yes,,No,Dec,5001 - 10000,2001 - 2010,0.0081,-0.0651,-0.2742,0.1212,1.40967822E7,26.11,25.9,31.14,28.0,49813026,25.97,24.9,24.02,24.41,9516020,4266790,4544066,2344009,0
4.76,6123754.28,15.6277,4.77,-589000.0,-123480.0839,,16.0,298125.0,1.28,59,59,,-1,2004,0.837683777,1.554558061,1.103229411,0.182685782,2003,5,8,3,Finance,Major Banks,male,male,Yes,No,No,Dec,0 - 100,2001 - 2010,0.0,0.3425,0.1925,0.0,47.8,263.2648,263.2648,263.2648,263.2648,3,296.1729,296.1729,327.4356,353.433,6,30,42,158,1
4.76,1.676247614E8,18.9372,471.68,15.56,0.033,,6447.0,73162.71,0.36,49,49,12,12,1999,1.166513264,0.900206568,1.197612871,1.145667615,2011,7,22,4,Consumer Services,Clothing/Shoe/Accessory Stores,male,male,Yes,No,No,Jan,5001 - 10000,1951 - 2000,0.2311,-0.0669,-0.277,0.2605,2472870.4,27.65,22.46,28.85,23.0,9242880,28.31,27.87,26.46,25.8,1545474,507112,412299,656587,1
4.8,6.676381872E8,20.3193,487.1,76.44,0.1569,0.22,298.0,1634563.76,1.37,63,63,22,22,1983,-1.034652293,-0.627521988,0.612728896,1.062059841,2005,1,28,4,Energy,Oil & Gas Production,female,female,Yes,No,No,Dec,101 - 500,1951 - 2000,0.0,-0.0135,0.0811,0.0162,2560560.0,18.5,18.5,19.8,19.5,9813000,18.2,18.21,18.21,18.25,1776800,644500,265300,303200,1
4.85,6.32197694E7,17.9621,,,,,,,,61,41,,,,-1.165474369,-1.372206792,-0.285811744,0.677649308,2018,3,29,3,Health Care,Major Pharmaceuticals,unknown,male,,sameYear,sameYear,,,Unknown,0.0444,-0.183,,0.1822,51551.8,4.7,4.5,5.5,4.68,147597,4.7,4.5,4.1,3.8401,0,29995,42792,37375,0
4.9,2.14388671E8,19.1833,698.15,55.37,0.0793,,3801.0,183675.35,0.31,63,,6,6,2011,0.466948805,1.511127051,1.709313549,2.144404107,2017,3,9,3,Consumer Non-Durables,Apparel,female,,Yes,sameYear,,Jan,1001 - 5000,2011 - present,0.0327,-0.0087,0.1225,0.018,2517238.0,12.65,12.25,12.97,12.75,9893657,12.95,13.1,12.9,12.54,1334465,567803,442199,348066,0
4.9,4.444341209E8,19.9123,42.22,-88.21,-2.0893,0.19,278.0,151870.5,10.53,48,48,15,15,1983,0.910721562,1.489197656,1.413248062,1.653833185,1998,12,8,1,Health Care,Medical/Dental Instruments,unknown,unknown,Yes,No,No,Dec,101 - 500,1951 - 2000,0.0174,0.0,-0.0678,0.0171,1206.0,59.008,58.0,60.0,59.008,1931,58.0,59.008,59.008,59.008,587,1400,937,1175,0
4.91,1.09594637E8,18.5123,486496.0,-9.11,0.0,,63.0,7.72215873016E9,0.0,46,,1,1,2014,0.616583267,1.150270449,1.302732447,1.513904081,2015,5,28,3,Public Utilities,Telecommunications Equipment,male,,Yes,sameYear,,Jun,0 - 100,2011 - present,0.0,0.0,0.7,0.0,20.0,2.5,2.5,2.5,2.5,100,2.5,2.5,2.5,2.5,0,0,0,0,1
4.97,1.039838807E7,16.1572,,,,,,,,43,,10,10,1994,0.773615821,0.692667064,0.355028739,1.01913008,2004,6,17,3,Consumer Non-Durables,Electronic Components,male,,,No,,,,1951 - 2000,0.0263,-0.0342,-0.2479,0.114,8811.2,73.125,71.25,81.25,73.125,32664,72.25,71.25,71.25,70.625,3096,3360,3968,968,0
5.07,2.297584271E8,19.2525,22.76,-43.76,-1.9227,1.14,295.0,77152.54,10.09,38,38,7,7,2006,1.898196959,2.085225785,1.969283649,1.620020605,2013,10,17,3,Health Care,Biotechnology: Biological Products (No Diagnostic Substances),male,male,Yes,Yes,Yes,Dec,101 - 500,2001 - 2010,0.2214,-0.007,-0.0058,0.2729,44139.6,8.55,7.0,8.91,7.0,145708,8.53,8.4,8.45,8.49,28445,24475,5135,16935,1
5.08,1.751714759E8,18.9813,5.34,-59.43,-11.1292,,50.0,106800.0,32.8,44,44,10,10,2006,-2.052416169,-1.9372235,-2.204568566,-2.922775039,2016,2,11,3,Health Care,Major Pharmaceuticals,female,female,Yes,Yes,Yes,Dec,0 - 100,2001 - 2010,0.26,-0.134,0.4367,0.0,530758.8,6.64,5.27,8.0,8.0,2110558,6.18,6.18,5.75,5.75,191556,0,273877,77803,1
5.1,1.379434587E8,18.7424,2.5,-14.53,-5.812,0.6,76.0,32894.74,55.18,,,14,14,2000,1.001225048,1.298116713,1.439835639,1.68019674,2014,3,20,3,Consumer Durables,Specialty Chemicals,male,female,No,Yes,Yes,Dec,0 - 100,1951 - 2000,0.0794,-0.0996,-0.2565,0.1,1579668.6,17.27,16.0,17.6,16.0,5402504,18.16,17.14,17.3,15.55,1061768,575872,332473,525726,0
5.13,1.308247691E9,20.992,1470.0,-518.4,-0.3527,0.06,1938.0,758513.93,0.89,54,54,11,11,2000,-1.796000804,-2.190915256,-1.398294858,0.456935572,2011,6,15,2,Consumer Services,Broadcasting,male,male,Yes,No,No,Dec,1001 - 5000,1951 - 2000,0.004,-0.225,0.0293,0.3458,1.3732003E7,17.42,17.35,26.0,20.0,42152450,13.26,13.4,14.61,13.5,15300418,4813879,3073706,3319562,0
5.15,3.821961363E8,19.7614,4570.0,-138.91,-0.0304,0.05,11864.0,385198.92,0.08,61,61,2,2,2012,0.003491422,0.932609751,1.238402705,1.52262566,2014,9,24,2,Consumer Services,Food Chains,male,male,Yes,Yes,Yes,Dec,>10000,2011 - present,0.0033,0.2015,0.1074,0.0267,3257936.0,12.01,11.97,13.42,13.1,12221961,12.5,13.7,14.59,14.43,1282117,1413685,736910,635007,1
5.3,5.639072906E8,20.1504,,,,,,,,41,41,,,,-0.780861504,-0.113382019,0.49201298,1.028974357,2015,6,16,1,Public Utilities,Oil & Gas Production,male,male,,No,No,,,Unknown,0.0153,0.0,-0.006,1.0E-4,800.0,9.97,9.82,10.1,10.099,4000,9.97,9.97,9.97,9.97,0,0,0,0,1
5.35,6.933453785E8,20.357,51.33,-60.59,-1.1804,0.31,215.0,238744.19,13.51,50,50,6,6,1991,1.477913156,2.041943824,2.041943824,2.041943824,1997,1,31,4,Health Care,Medical/Dental Instruments,male,male,Yes,No,No,Dec,101 - 500,1951 - 2000,0.0104,-0.0103,-0.1856,0.0208,392320.0,12.125,12.0,12.375,12.125,1241000,12.25,12.0,12.0,12.0,179700,113200,236100,191600,1
5.45,1.170593238E8,18.5782,122.54,-49.11,-0.4008,,760.0,161236.84,0.96,47,45,,-2,2016,-1.415000148,0.651402566,1.11516473,1.487820513,2014,12,11,3,Technology,Computer Software: Prepackaged Software,male,male,Yes,No,No,Sep,501 - 1000,2011 - present,0.0544,0.0063,0.0053,0.0556,5827.4,9.49,9.0,9.5,9.0,27050,9.49,9.52,9.55,9.55,800,1137,150,0,1
5.53,1.196910341E9,20.903,16.78,-76.93,-4.5846,,173.0,96994.22,71.33,46,54,,-5,2008,1.387622827,1.663996587,1.860309145,1.577246667,2003,12,11,3,Health Care,Major Pharmaceuticals,male,male,Yes,No,No,Dec,101 - 500,2001 - 2010,0.0,0.0,-0.12,0.0,3.0,41.6667,41.6667,41.6667,41.6667,15,41.6667,41.6667,41.6667,41.6667,0,0,0,0,0
5.6,2.920513736E8,19.4924,344.6,10.82,0.0314,0.06,1634.0,210893.51,0.85,65,39,,-2,2012,1.298937328,1.823427949,1.82406945,2.155739868,2010,12,20,0,Consumer Services,Home Furnishings,male,unknown,Yes,No,No,Dec,1001 - 5000,2011 - present,0.0,0.0,0.0073,0.0,5000.0,9.55,9.55,9.55,9.55,5000,9.55,9.55,9.55,9.55,20000,0,0,0,1
5.65,4.344513769E8,19.8896,436.3,-53.9,-0.1235,0.39,331.0,1318126.89,1.0,54,37,2,2,2005,1.960348115,1.601606928,1.438393732,2.107160029,2007,1,12,4,Energy,Oil & Gas Production,male,male,Yes,No,No,Dec,101 - 500,2001 - 2010,0.0741,0.0335,0.1946,0.1058,816625.6,20.3,18.9,21.0,19.0,3253325,20.3,20.85,21.0,20.98,0,448221,179197,202385,1
5.75,2.97668438E8,19.5115,57.3,-25.92,-0.4524,0.08,300.0,191000.0,5.19,52,52,3,3,1995,0.639846804,0.896480077,1.077052328,1.133069532,1998,1,27,1,Health Care,Biotechnology: Electromedical & Electrotherapeutic Apparatus,male,male,Yes,No,No,Dec,101 - 500,1951 - 2000,0.0,-0.122,-0.6037,0.2439,142980.0,5.125,5.125,6.375,5.125,243200,5.125,5.125,5.0,4.5,105800,139200,85100,141600,0
5.93,4.448494402E8,19.9132,,,,,,,,57,57,,,,-0.276308523,0.660256648,1.190354226,1.646311251,2003,7,29,1,,,male,male,,No,No,,,Unknown,0.0,0.0,7.0E-4,7.0E-4,193239.8,15.0,15.0,15.01,15.0,503399,15.0,15.0,15.01,15.0,0,86000,127500,249300,0
5.96,6.682143758E8,20.3201,,,,,,,,59,,1,1,2003,1.292055625,1.06206792,0.757866141,1.128757784,2004,6,24,3,Consumer Services,Real Estate Investment Trusts,male,,,No,,,,2001 - 2010,0.0288,-0.0089,0.0056,0.0276,124460.0,89.4,86.9,89.9,87.5,448440,89.8,89.9,88.1,88.6,80710,66420,11190,15540,1
6.0,1.91611578E8,19.071,270.02,-39.19,-0.1451,,794.0,340075.57,0.71,49,50,7,7,1999,1.173022533,1.426309536,1.372239951,1.820335107,2006,2,23,3,Miscellaneous,Business Services,male,male,Yes,Yes,No,Sep,501 - 1000,1951 - 2000,0.229,-0.0439,0.0822,0.26,1218899.4,12.29,10.0,12.7,10.1,4363438,12.25,11.85,11.8,11.75,982161,271043,341422,136433,1
6.05,1.651722782E8,18.9225,5.54,-19.63,-3.5433,1.6,61.0,90819.67,29.81,54,54,13,13,1997,-0.085011395,-0.882480563,-1.10934307,-0.261462988,2010,7,8,3,Technology,Radio And Television Broadcasting And Communications Equipment,male,male,Yes,Yes,Yes,Dec,0 - 100,1951 - 2000,0.0,0.0,0.0,0.0,289.6,8.25,8.25,8.25,8.25,1448,8.25,8.25,8.25,8.25,0,0,0,0,0
6.17,2.394719774E8,19.2939,101.94,-60.54,-0.5939,,505.0,201861.39,2.35,45,45,12,12,1999,1.688370531,1.661233372,1.711725638,2.250930366,2011,2,10,3,Capital Goods,Biotechnology: Laboratory Analytical Instruments,male,male,Yes,No,No,Dec,501 - 1000,1951 - 2000,0.0416,0.0178,0.0235,0.0728,640953.8,14.02,13.46,14.48,13.5,2676115,14.05,14.4,14.22,14.27,160778,142401,93124,132351,1
6.24,4.9320336E8,20.0164,12.27,-36.24,-2.9535,,37.0,331621.62,40.2,49,44,2,2,1995,1.055653905,0.743494712,1.136342019,1.54986297,1997,9,9,1,Health Care,Major Pharmaceuticals,male,male,Yes,No,No,Dec,0 - 100,1951 - 2000,0.05,0.0714,0.0952,,173480.0,5.25,5.0,5.75,,280900,5.5,5.5,5.75,5.625,288900,104400,108100,85100,0
6.25,6.25E7,17.9507,2.17,-613000.0,-282488.4793,,5030.0,431.41,28.8,52,62,0,0,2017,1.049917944,1.813002501,2.181658169,1.785305752,2017,10,23,0,Consumer Services,Restaurants,male,male,Yes,sameYear,sameYear,Dec,5001 - 10000,2011 - present,0.0,0.0309,-0.1926,0.1051,452904.6,11.32,11.32,13.9899,12.8,1541380,11.0,11.1,11.5,11.67,450069,112972,108108,51994,0
6.35,2.408783283E8,19.2998,646.78,6.56,0.0101,0.07,1011.0,639742.83,0.37,60,48,0,0,2007,-1.27044519,0.362849902,1.033707443,1.339858012,2007,6,22,4,Finance,Property-Casualty Insurers,male,male,Yes,No,No,Dec,1001 - 5000,2001 - 2010,0.0385,0.0185,0.0807,0.0562,3312540.0,9.0,8.6667,9.22,8.7333,13489500,9.0533,9.1667,9.1733,9.1667,1713450,612450,377700,369600,0
6.4,1.33744064E8,18.7114,12.36,13.36,1.0809,,,,10.82,,65,3,3,2008,1.598584875,1.66554752,1.721298639,2.210508747,2011,1,27,3,,,male,male,Yes,,No,Dec,,2001 - 2010,0.0035,0.034,0.044,5.0E-4,190557.6,20.01,19.94,20.01,20.0,661334,21.0,20.3,20.5,20.69,102025,76975,54761,57693,0
6.41,3.948877551E8,19.7941,502.01,-114.34,-0.2278,,2267.0,221442.43,0.79,,,12,12,1999,1.42721591,1.338406838,1.313537942,1.574107455,2011,4,21,3,Technology,"Computer Software: Programming, Data Processing",unknown,unknown,No,No,No,Dec,1001 - 5000,1951 - 2000,0.0251,-0.1356,-0.2835,0.1129,4858765.2,18.8,18.34,22.33,20.26,18180211,18.8,17.75,17.56,16.25,0,2323404,1812538,1977673,0
6.42,4586287.5,15.3386,173112.0,-219142.0,-1.2659,,49.0,3.53289795918E9,0.0,47,,9,9,2001,-1.597846023,-0.610790025,0.046735507,0.809688255,2010,5,14,4,Technology,EDP Services,unknown,,No,Yes,,Sep,0 - 100,2001 - 2010,0.0368,-0.2513,-0.3274,0.0395,28604.0,39.4,38.0,41.5,40.0,105153,35.3,33.0,31.8,29.5,9099,5442,10177,13149,0
6.5,1.6575E8,18.926,,,,,,,,,,,,,0.656446548,0.274622432,0.998482733,1.532012037,2018,3,16,4,Finance,Finance: Consumer Services,,,,,,,,Unknown,0.0762,0.06,0.1593,0.0933,120496.4,5.65,5.25,6.0,5.51,232369,5.93,5.16,5.65,5.989,112095,86614,87319,84085,0
6.5,5.916825785E8,20.1985,151.86,9.06,0.0597,17.63,162.0,937407.41,3.9,63,63,1,1,2006,0.129301464,0.910663392,1.175824874,1.780767286,2007,1,25,3,Health Care,Biotechnology: Commercial Physical & Biological Resarch,male,male,Yes,No,No,Dec,101 - 500,2001 - 2010,0.0,0.0,-0.5,0.0,1.0,50.0,50.0,250.0,250.0,5,50.0,50.0,50.0,50.0,0,0,0,0,0
6.5,6.382060458E9,22.5768,2490470.0,349380.0,0.1403,0.18,,,0.0,,,1,1,2015,1.325027755,1.409238377,1.051088989,0.769162442,2016,4,21,3,Public Utilities,Electric Utilities: Central,female,,No,sameYear,,Dec,,2011 - present,0.0917,-0.0321,-0.1679,0.025,30198.2,6.55,6.0,6.61,6.46,58800,6.7,6.48,6.34,6.34,35763,35396,21032,0,0
6.52,2.886951158E8,19.4809,292.89,-53.33,-0.1821,,1783.0,164268.09,0.99,60,60,15,15,1996,1.730336425,1.615015095,1.669103475,2.173533722,2011,2,2,2,Technology,Semiconductors,male,male,Yes,sameYear,sameYear,Dec,1001 - 5000,1951 - 2000,0.0023,0.2649,0.3509,0.034,1795100.8,13.25,13.22,14.45,14.0,6116913,14.0,17.31,17.2,16.76,539680,1387655,478828,452428,0
6.59,2.037395637E8,19.1324,1180.0,-14.22,-0.0121,0.42,1609.0,733374.77,0.17,,,,,,1.357081042,2.051780262,2.225802858,1.77474325,2016,12,16,4,Technology,EDP Services,male,female,No,,,Dec,1001 - 5000,Unknown,0.0676,-0.0118,-0.0068,0.1108,5566002.0,11.85,11.1,12.43,11.2,19266400,12.15,11.81,11.8,11.71,5238059,1260244,1048854,1016453,1
6.62,1.028853112E9,20.7517,224.41,181.26,0.8077,,16.0,1.4025625E7,4.58,56,56,3,3,2006,1.256537429,1.500980873,1.548372749,-0.216323783,2009,6,12,4,Consumer Services,Real Estate Investment Trusts,male,male,Yes,No,No,Dec,0 - 100,2001 - 2010,9.0E-4,0.026,0.0303,0.0407,1074613.4,11.55,11.54,12.1,11.63,3606450,11.61,11.71,11.75,11.85,858427,418180,158660,331350,1
6.64,1.23497692E9,20.9343,751.94,197.06,0.2621,,845.0,889869.82,1.64,52,51,,-1,2015,0.98926151,1.379956356,1.497220023,1.483451848,2014,5,14,2,Consumer Services,Real Estate Investment Trusts,male,male,Yes,No,No,Dec,501 - 1000,2011 - present,0.0287,0.0244,-0.0409,0.0,277442.4,20.06,19.5,21.0,21.0,301531,20.87,19.98,20.34,20.55,331843,203274,209345,341219,0
6.71,1.026374886E8,18.4467,,,,,,,,,,53,53,1954,-0.99624766,-1.768469389,-0.332556421,0.701635949,2007,3,16,4,Basic Industries,Homebuilding,male,,,No,,,,1951 - 2000,0.0109,0.0895,0.0934,0.0076,298143.4,169.549,167.7288,171.2344,169.9535,728308,168.4703,182.6949,187.2117,184.7174,237647,285351,166935,72476,1
6.8,2.680037284E8,19.4065,98.67,10.15,0.1029,0.21,694.0,142175.79,2.72,70,64,12,12,1986,0.343291471,0.770564713,1.239266989,1.789407577,1998,5,21,3,Technology,Semiconductors,male,male,Yes,No,No,Dec,501 - 1000,1951 - 2000,0.0179,0.0177,-0.0471,0.0838,744820.0,10.625,10.438,11.5,10.625,3224000,10.875,10.875,10.938,10.813,234400,0,180200,85500,1
6.8234,3.442248362E7,17.3542,2.61,-5.28,-2.023,0.24,25.0,104400.0,13.19,67,,2,2,2008,1.266920124,1.70575714,0.661146189,0.899353837,2010,9,28,1,Consumer Non-Durables,Beverages (Production/Distribution),male,female,Yes,No,No,Dec,0 - 100,2001 - 2010,0.4995,-0.2666,-0.2666,0.4995,5522.6,0.2933,0.1956,0.2933,0.1956,20454,0.2151,0.2151,0.2151,0.2151,7159,0,0,0,1
6.89,1.898807039E8,19.0619,,-52.03,,,35.0,,,,57,9,9,2005,1.463620217,2.115568506,2.306516039,1.887946679,2014,6,19,3,Health Care,Major Pharmaceuticals,male,male,Yes,No,No,Dec,0 - 100,2001 - 2010,0.027,0.0,-0.0896,0.0525,967326.6,19.75,19.23,21.01,20.0,3289493,19.8,19.95,19.83,19.75,763976,367658,263547,151959,1
6.9,2.673704667E8,19.4041,,-31.52,,,12.0,,,54,53,7,7,2007,1.85198689,1.867987003,2.17050176,1.941321142,2014,7,1,1,Health Care,Major Pharmaceuticals,male,male,Yes,No,No,Dec,0 - 100,2001 - 2010,0.0083,-0.0248,0.1884,0.0633,736431.0,6.05,6.0,6.38,6.0,2886766,6.0,6.13,6.13,5.9,348972,121184,0,325233,0
6.95,3.594465496E8,19.7001,510.37,-83.03,-0.1627,0.11,1031.0,495024.25,0.7,60,60,11,11,1999,1.2363611,1.638971679,2.027839837,1.500696988,2010,3,24,2,Consumer Services,Telecommunications Equipment,male,male,Yes,Yes,Yes,Dec,1001 - 5000,1951 - 2000,0.0047,-0.0934,-0.0384,0.0665,1642485.2,15.1,15.03,18.0,17.0,5533491,14.25,13.62,13.25,13.69,1214399,685398,507120,272018,0
6.96,1.025513057E8,18.4459,,-22.6,,,,,,52,52,12,12,2005,-1.400325462,0.711180629,1.113627352,1.463135484,2017,6,29,3,Health Care,Major Pharmaceuticals,male,male,Yes,,,Dec,,2001 - 2010,0.0415,0.1398,0.2139,0.0241,572830.8,10.8,10.37,14.0,13.75,2168766,11.15,12.6,12.6,12.31,243555,251309,0,200524,0
6.98,2.016680935E8,19.1221,156.74,4.03,0.0257,0.08,698.0,224555.87,1.29,61,61,7,7,1992,-1.405100347,-0.328104354,0.571130269,1.143517125,1999,5,28,4,Public Utilities,Telecommunications Equipment,male,male,No,No,No,Dec,501 - 1000,1951 - 2000,0.1471,-0.0073,0.5165,0.0925,2136560.0,8.5312,7.4375,9.2188,8.5312,7882400,8.5312,8.0,7.7812,8.4688,0,1467600,588400,744400,1
7.01,2.824051895E8,19.4589,2360.0,102.71,0.0435,,14056.0,167899.83,0.12,61,35,2,2,2005,1.709439438,2.048495391,1.525110893,2.024078191,2007,2,7,2,Technology,Semiconductors,unknown,unknown,No,No,No,Dec,>10000,2001 - 2010,0.0788,-0.0169,0.0225,0.0267,1693497.8,29.6667,27.5,32.5,31.7668,6408360,29.3,28.4167,27.1667,29.1667,760855,554422,320374,423478,1
7.05,8.785394865E7,18.2912,106.52,1.59,0.0149,,442.0,240995.48,0.82,48,36,4,4,1998,0.210877519,-0.45216608,-1.144393776,-1.788003853,2002,8,28,2,Technology,EDP Services,male,male,Yes,No,No,Dec,101 - 500,1951 - 2000,0.0,0.0769,0.0,0.0,120.0,6.5,6.5,6.5,6.5,500,6.5,7.0,7.0,7.0,0,100,0,0,0
7.05,9.26891982E7,18.3448,,-45.09,,,59.0,,,,,5,5,2004,-1.516508115,-0.516947664,0.49447336,-0.443627991,2009,7,9,3,Health Care,Major Pharmaceuticals,male,male,No,No,No,Dec,0 - 100,2001 - 2010,0.031,0.0,0.0777,0.031,6.6,42.87,41.58,42.87,41.58,33,42.87,42.87,42.87,42.87,0,0,0,0,1
7.085,5.083060558E8,20.0466,34.04,-72.18,-2.1204,0.53,139.0,244892.09,14.93,51,,2,2,2013,0.118148661,0.163390027,0.418697003,0.896953696,2015,8,10,0,Health Care,Biotechnology: Electromedical & Electrotherapeutic Apparatus,male,,Yes,Yes,,Dec,101 - 500,2011 - present,0.0,0.25,0.36,0.0,1280.0,5.0,5.0,5.0,5.0,5000,5.0,5.0,5.0,6.25,0,0,0,1400,0
7.11,7.299561132E7,18.1059,8.58,-21.5,-2.5058,0.87,88.0,97500.0,8.51,,,1,1,2017,-2.001212681,-1.89019561,-0.571890457,0.484452097,2018,3,27,1,Technology,Computer Software: Prepackaged Software,,,Yes,,,Dec,0 - 100,2011 - present,0.0248,0.121,,0.0992,102984.2,6.2,6.05,7.0,6.4,155958,5.73,6.1,6.1,6.95,141298,92238,0,125427,0
7.12,1.007153406E8,18.4278,11.02,-2.52,-0.2287,0.34,40.0,275500.0,9.14,53,53,2,2,1998,0.957913569,1.285730832,1.786561301,2.182194868,2000,1,3,0,Health Care,Biotechnology: Electromedical & Electrotherapeutic Apparatus,male,male,Yes,No,No,Dec,0 - 100,1951 - 2000,0.1613,0.1667,1.1667,0.0,3689.4,2.52,2.17,2.52,2.52,9378,2.38,2.8,2.66,2.94,671,1735,1171,5492,1
7.13,2.729179533E9,21.7273,,,,,,,,64,,,,,1.558212555,1.26918853,1.304889019,1.761879825,2017,5,1,0,Finance,Business Services,male,,,,,,,Unknown,0.0,0.0061,0.0081,0.0,294257.8,9.82,9.82,9.82,9.82,10300,9.82,9.81,9.85,9.88,0,1352665,73513,34811,1
7.1301,3.837183101E7,17.4628,73.2,163000.0,2226.776,,121.0,604958.68,0.52,48,,29,29,1967,0.0,0.0,0.0,0.0,1996,7,30,1,Consumer Services,Professional Services,male,male,Yes,No,,Dec,101 - 500,1951 - 2000,0.0238,-0.0116,-0.122,,5714.0,215.0,210.0,215.0,,370,210.0,206.26,210.0,212.5,970,14410,310,12510,1
7.19,9.503391128E7,18.3697,44.95,5.87,0.1306,0.22,,,2.11,54,,2,2,2015,1.149119044,1.444353835,1.513164767,1.414357999,2017,9,1,4,Capital Goods,Metal Fabrications,unknown,,No,Yes,,Sep,,2011 - present,0.1267,0.0485,0.0272,0.104,159620.0,8.45,7.5,8.68,7.9,300344,8.45,9.485,10.27,8.86,0,149436,171520,176800,0
7.19,3.373150105E8,19.6365,1870.0,5.36,0.0029,0.04,20050.0,93266.83,0.18,62,,,,,0.359433476,-0.030562929,0.431824634,0.926507301,2015,7,23,3,Consumer Services,Other Specialty Stores,male,,Yes,Yes,,Apr,>10000,Unknown,0.0536,-0.0773,-0.141,0.1414,161925.8,14.75,14.0,15.98,14.0,555174,14.41,14.16,13.57,13.61,22072,75029,141888,15466,0
7.2,5.537207304E8,20.1322,3760.0,-29.2,-0.0078,0.06,,,0.15,49,55,1,1,2005,0.060053884,0.752980868,1.28962744,1.764879261,2006,1,26,3,Energy,Integrated oil Companies,male,male,Yes,No,No,Dec,,2001 - 2010,0.0023,0.0989,0.1232,0.0221,968599.8,21.75,21.7,22.5,22.02,3689286,22.38,23.0,23.7,23.9,427262,318306,264402,143743,1
7.24,7.835607867E8,20.4794,687.87,28.08,0.0408,,2190.0,314095.89,1.14,54,,5,5,2001,0.102494743,0.855981485,1.056063919,1.560448492,2006,3,31,4,Technology,Semiconductors,male,,No,Yes,,Dec,1001 - 5000,2001 - 2010,0.0294,0.0571,0.0171,0.0259,7257027.4,8.75,8.5,9.34,9.12,24694390,9.05,9.15,9.01,9.25,6571430,1529162,1186042,2304113,0
7.25,8.87952885E7,18.3018,38.35,2.82,0.0735,,141.0,271985.82,2.32,,59,9,9,1990,0.928609677,1.611546561,1.699909373,1.948100724,1999,4,28,2,Finance,Major Banks,,male,Yes,,No,Dec,101 - 500,1951 - 2000,0.0,0.0,0.0,0.0,1597.2,3.5124,3.5124,3.5124,3.5124,7986,3.5124,3.5124,3.5124,3.5124,0,0,0,0,0
7.26,5.275259966E8,20.0837,11.7,-51.01,-4.3598,,64.0,182812.5,45.09,62,49,11,11,1986,0.594941498,0.305378433,0.715575038,1.221529892,1997,11,19,2,Health Care,Major Pharmaceuticals,male,male,Yes,No,No,Dec,0 - 100,1951 - 2000,0.0079,0.0542,0.3876,0.0234,249840.0,8.063,8.0,8.25,8.063,637000,8.063,8.0,8.5,8.5,238400,51600,311700,10500,1
7.36,8.581060358E8,20.5702,,,,,,,,58,58,,,,1.087775238,1.271730065,1.742494803,1.732142643,2004,2,18,2,,,unknown,unknown,,,,,,Unknown,,0.0,0.016,,0.0,15.0,,,,0,15.0,15.0,15.0,15.0,0,0,0,0,0
7.4,3.04355488E8,19.5337,456.49,-37.48,-0.0821,,9600.0,47551.04,0.67,39,60,18,18,1995,-0.721094137,-0.090126382,0.752061056,1.3503444,2013,6,28,4,Consumer Services,Restaurants,male,male,Yes,No,No,Dec,5001 - 10000,1951 - 2000,0.1484,0.2245,0.1701,0.2406,2893967.2,36.75,32.0,39.7,32.0,7727610,38.47,47.2,45.0,45.0,1068914,2945328,2727984,0,1
7.48,7.558132864E8,20.4433,3870.0,112.0,0.0289,,3358.0,1152471.71,0.2,47,47,13,13,1994,1.688219863,1.997963916,1.502458282,2.014612278,2007,2,6,1,Public Utilities,Telecommunications Equipment,male,male,No,No,No,Dec,1001 - 5000,1951 - 2000,0.0748,-0.0481,-0.0814,0.0193,3980000.0,19.54,18.18,20.65,20.3,15779900,19.25,18.64,18.4,18.6,1488200,1376100,843700,412100,1
7.55,1.633115963E8,18.9112,30.47,-38000.0,-1247.1283,2.71,,,5.36,57,57,5,5,2011,-0.488758696,-0.169079527,0.726164613,0.60923411,2016,6,29,2,Consumer Services,Real Estate Investment Trusts,male,male,Yes,No,No,Dec,,2011 - present,0.001,0.015,0.0659,0.005,420107.0,10.01,10.0,10.05,10.0,1549886,10.11,10.15,10.15,10.16,245133,196946,0,108570,0
7.63,1.3336835549E10,23.3138,,,,,,,,,,,,,-1.105206879,-1.517630873,-0.709473755,0.113182781,2000,10,2,0,Technology,Semiconductors,,,,,,,,Unknown,0.0,0.0513,0.0513,0.0,9474.8,1.9064,1.9064,2.0042,2.0042,3180,2.024,1.8668,1.8871,2.0042,20669,4448,4448,14629,0
7.75,2.057689713E8,19.1423,,-28.02,,,50.0,,,55,,0,0,2014,1.189227641,1.686549464,2.016128132,1.833732186,2014,6,27,4,,,male,,Yes,sameYear,,Dec,0 - 100,2011 - present,4.0E-4,0.0434,0.016,4.0E-4,884.0,10.811,10.8065,10.811,10.8065,3620,10.811,10.811,10.811,11.28,0,0,0,800,1
7.75,2.10468207E8,19.1648,13.11,2.16,0.1648,0.34,80.0,163875.0,16.05,,,0,0,1996,0.0,0.0,0.0,0.0,1996,11,12,1,Finance,Investment Bankers/Brokers/Service,male,,Yes,No,,Dec,0 - 100,1951 - 2000,0.3333,0.0,-0.104,0.0,1760.0,3.0,2.25,3.0,3.0,7200,2.25,2.25,3.0,3.0,1200,0,400,0,1
7.7511,6588435.0,15.7008,,,,,,,,,,,,,0.83200779,1.411224213,1.565759837,1.990804228,2013,4,16,1,Finance,Investment Bankers/Brokers/Service,,,,,,,,Unknown,,0.0106,0.0111,,4662.6,19.78,,,,0,19.78,19.84,19.7899,19.99,13300,6500,2513,1000,0
7.87,2.571411533E8,19.3651,,,,,,,,42,44,,,,1.422661414,1.575098044,2.136355075,1.725716641,2010,4,22,3,,,male,unknown,,No,,,,Unknown,0.0434,-0.0055,-0.0588,0.0106,648876.4,12.75,12.22,12.88,12.75,2420027,12.7,12.7,12.68,12.68,235758,134363,137372,316862,1
7.8974,9.2241632E7,18.3399,26.67,3.27,0.1226,0.29,,,3.46,51,,3,3,2015,-0.301085269,0.381155216,1.068094654,1.66216864,2018,2,16,4,Consumer Non-Durables,Packaged Foods,unknown,unknown,No,Yes,,Sep,,2011 - present,0.461,0.0032,0.0599,0.5319,69741.0,6.18,4.23,6.65,4.4,105193,6.18,6.051,5.98,6.2,0,103909,68128,71475,0
7.96,4.386505419E8,19.8992,167.45,-1.44,-0.0086,,586.0,285750.85,2.62,67,67,1,1,2013,0.543696736,0.812147001,1.217626987,1.387906529,2014,5,8,3,Transportation,Marine Transportation,male,male,Yes,Yes,Yes,Mar,501 - 1000,2011 - present,0.0379,0.0225,0.1041,0.0167,865048.8,18.64,17.96,19.3,19.0,3735483,19.0,19.1,19.06,19.06,293699,149062,99729,47271,0
8.0,5.91272448E8,20.1978,,,,,,,,43,,15,15,1999,-2.452645015,-1.194497793,0.138536036,0.881839488,2014,10,2,3,Public Utilities,Telecommunications Equipment,male,male,,sameYear,,,,1951 - 2000,0.0165,-0.1319,-0.1319,0.0196,2012550.6,12.96,12.75,14.0,13.75,6995071,12.75,12.72,12.0,11.25,869248,880950,700367,617117,0
8.0099,,,,,,,,,,,,,,,1.564386266,0.999918622,0.396179477,-0.166355899,2016,3,11,4,Energy,Oil & Gas Production,,,,,,,,Unknown,0.0,-0.001,0.0094,0.007,211531.6,10.0,10.0,10.07,10.0,864446,10.0,9.98,9.99,9.99,119359,31483,40022,2348,1
8.01,3.595172547E9,22.0029,662.46,11.1,0.0168,,87.0,7614482.76,5.43,56,56,9,9,2003,1.437410879,1.842195898,2.077598536,1.752898129,2012,9,20,3,Consumer Services,Building operators,male,male,Yes,No,No,Dec,0 - 100,2001 - 2010,0.0163,0.0327,0.0933,0.0332,8582266.6,7.8748,7.7488,8.1321,7.8748,31593666,7.9903,8.0586,8.0061,8.1321,4295885,3185697,2410937,1425148,1
8.09,3.629562725E8,19.7098,309.51,-9.54,-0.0308,,708.0,437161.02,1.17,54,54,11,11,1999,1.23598478,1.605806791,1.738662825,2.012417874,2010,12,15,2,Finance,Investment Bankers/Brokers/Service,male,male,Yes,Yes,Yes,Dec,501 - 1000,1951 - 2000,0.0714,-0.0395,0.0814,0.0242,1153720.8,8.85,8.26,9.25,9.05,4303495,8.65,8.45,8.5,8.5,547719,472943,171891,272556,0
8.12,9.338E7,18.3522,9.12,8.28,0.9079,0.66,,,10.24,,,1,1,2006,1.374334043,1.404943829,1.360543855,1.97938456,2007,1,19,4,Energy,Oil & Gas Production,,,Yes,,,Dec,,2001 - 2010,0.1185,0.0675,0.0797,0.0475,505440.0,22.37,20.0,22.45,21.5,1402200,23.1,24.2,23.3,23.88,318400,382200,228100,196300,1
8.16,3.942392779E8,19.7925,516.08,1.04,0.002,0.21,588.0,877687.07,0.76,49,40,0,0,2017,1.538914832,1.614143189,2.092941894,1.837563065,2017,11,2,3,Consumer Non-Durables,Recreational Products/Toys,male,male,Yes,sameYear,sameYear,Dec,501 - 1000,2011 - present,0.0195,0.1457,0.256,0.0865,3177775.2,7.07,6.935,8.6,8.0,9761011,7.0,7.75,8.2,8.1,2067270,1465735,2023896,570964,0
8.3,1.381843843E8,18.7441,35.94,-21.1,-0.5871,0.33,118.0,304576.27,3.84,51,51,8,8,2008,-0.063932685,-0.750514987,0.647988253,1.045989207,2016,10,7,4,Technology,Semiconductors,male,male,Yes,No,No,Dec,101 - 500,2001 - 2010,0.0025,-0.1546,-0.1434,0.1113,517618.0,8.02,8.0,9.99,9.1,1793675,8.0,7.5,7.5,6.78,267622,282406,98964,145423,1
8.34,6.594877518E7,18.0044,,-12.62,,,5.0,,,52,73,0,0,2013,0.355810657,0.693012035,1.124760296,1.353120394,2013,10,2,2,Health Care,Major Pharmaceuticals,male,male,Yes,No,No,Dec,0 - 100,2011 - present,0.0833,0.1538,-0.2308,0.1111,28.0,62.4,57.6,64.0,57.6,109,62.4,72.0,72.0,72.0,0,31,0,0,0
8.35,2.421245826E8,19.305,25.02,-66.25,-2.6479,1.73,138.0,181304.35,9.68,58,58,6,6,2009,0.359433476,-0.030562929,0.431824634,0.926507301,2015,7,23,3,Health Care,Major Pharmaceuticals,unknown,unknown,Yes,Yes,Yes,Dec,101 - 500,2001 - 2010,0.1427,0.0297,0.1929,0.1029,810272.4,19.54,17.1,19.98,18.22,3201487,20.51,19.95,19.34,20.12,217369,134373,334189,163944,0
8.41,1.00550531E9,20.7288,,,,,,,,58,71,2,2,2011,-1.603667356,0.281350534,1.012516451,1.513804325,2013,4,18,3,Consumer Services,Telecommunications Equipment,male,male,,No,No,,,2011 - present,0.1391,0.0577,0.2187,0.1775,2526040.4,19.25,16.9,20.0,17.0,8931209,20.25,20.06,20.6,20.36,1971079,495086,711292,521536,1
8.48,4.703057438E8,19.9689,1600.0,-29.8,-0.0186,,2936.0,544959.13,0.29,42,55,0,0,2004,1.158901616,0.996371428,0.731871144,1.106092146,2004,6,30,2,Miscellaneous,Business Services,unknown,male,Yes,No,No,Dec,1001 - 5000,2001 - 2010,0.0341,0.0782,0.0456,0.0176,80639.8,164.8,159.36,164.8,162.0,168975,169.84,176.08,176.08,177.68,86500,100112,0,47612,0
8.5,1.13413664E8,18.5466,,-74.84,,,72.0,,,54,54,19,19,1993,0.8082479,1.396587316,1.634122489,1.709779686,2012,3,29,3,Health Care,Major Pharmaceuticals,male,male,Yes,No,No,Dec,0 - 100,1951 - 2000,0.0307,-0.005,0.2682,0.0427,175805.0,60.4,58.6,65.0,62.5,377437,61.9,60.0,60.8,60.1,439693,28483,28485,4927,1
8.58,2.406373827E8,19.2988,,-33.78,,,7.0,,,44,44,2,2,2016,1.855945229,2.428793157,2.632459623,2.971076489,2018,1,26,4,Health Care,Major Pharmaceuticals,unknown,unknown,Yes,,,Dec,0 - 100,2011 - present,0.0413,-0.0077,0.2352,0.116,616434.2,16.88,16.21,20.5,18.62,2376961,16.23,15.74,16.22,16.75,289433,152538,180525,82714,0
8.58,3.050845169E8,19.5361,,,,,,,,,,,,,0.988487104,0.641070234,1.026846541,1.415203338,2000,6,21,2,Technology,Semiconductors,,,,,,,,Unknown,0.0,-1.0E-4,-1.0E-4,0.0,4410.0,5.7487,5.7487,5.7487,5.7487,11027,5.7484,5.7484,5.7484,5.7484,11023,0,0,0,0
8.6,2.346436384E8,19.2736,58.22,-6.02,-0.1034,,479.0,121544.89,4.03,50,50,2,2,1997,-2.555982316,-2.009894166,-1.801570896,0.214423472,1999,9,23,3,Technology,Computer Software: Prepackaged Software,male,male,Yes,No,No,Jun,101 - 500,1951 - 2000,0.0455,-0.2065,-0.1576,0.0,184679.4,230.0,220.0,380.0,380.0,875420,217.5,220.0,205.0,182.5,23560,10002,9833,4582,1
8.71,2.7994464499E10,24.0553,,,,,,,,,,6,6,1994,1.315864859,1.890285738,1.930937634,2.591108432,2000,3,28,1,Finance,Commercial Banks,female,,,No,,,,1951 - 2000,0.14,0.0088,0.0702,0.04,8963680.0,2.5909,2.2727,2.6364,2.5455,23025200,2.7273,2.6364,2.6591,2.6136,9124500,3688300,3083300,5897100,0
8.81,2.962885285E8,19.5068,438.03,-21.16,-0.0483,1.08,1324.0,330838.37,0.68,49,49,1,1,2017,-2.02218505,-0.881500777,0.131919133,0.876658746,2018,2,9,4,Energy,Oilfield Services/Equipment,unknown,unknown,Yes,,,Dec,1001 - 5000,2011 - present,0.0539,0.0444,0.0789,0.0515,523888.8,9.0,8.54,9.44,9.0,1929506,9.14,9.0,9.26,9.4,201086,117904,145032,225916,0
8.95,2.602176969E8,19.377,48.32,-55.47,-1.148,0.19,179.0,269944.13,5.39,49,49,16,16,1998,-0.763107284,0.908224542,1.386435916,1.594625482,2014,7,17,3,Health Care,Medical Specialities,male,male,Yes,Yes,Yes,Dec,101 - 500,1951 - 2000,0.0056,0.105,0.1105,0.0544,381824.2,9.05,9.0,9.99,9.5,1595625,10.0,10.0,10.0,10.0,240663,26458,27802,18573,0
8.95,8.192403801E8,20.5239,6030.0,-289.38,-0.048,,85300.0,70691.68,0.14,45,45,,,,1.494230593,0.493575459,-0.256859902,-0.979773622,2001,5,1,1,Health Care,Hospital/Nursing Management,male,male,Yes,No,No,Dec,>10000,Unknown,0.0,0.129,0.2581,0.0,10635.8,11.9496,11.9496,11.9496,11.9496,518,11.9496,13.4915,13.4915,13.4915,51884,259,518,0,1
8.97,3.011397995E8,19.5231,185000.0,-91.78,-5.0E-4,,137.0,1.3503649635E9,0.0,48,48,10,10,2004,0.4281755,1.072841398,1.624769544,1.793186072,2014,12,18,3,Health Care,Major Pharmaceuticals,male,male,Yes,No,No,Dec,101 - 500,2001 - 2010,0.0162,-0.1918,0.1252,0.1017,2654134.4,23.88,23.5,27.38,24.99,9516832,19.77,20.11,19.12,19.3,2225050,649311,740955,138524,0
8.99,6.73469356E9,22.6305,4320.0,342.63,0.0793,0.46,18000.0,240000.0,1.56,56,54,3,3,2015,1.71816325,2.262285496,2.438095042,2.716994928,2018,1,19,4,Consumer Services,Diversified Commercial Services,male,male,Yes,,Yes,Dec,>10000,2011 - present,0.0325,-0.0395,-0.0654,0.0267,2.44819686E7,12.39,12.0,12.97,12.65,68187376,11.45,11.91,11.91,11.9,26132855,8272057,10369003,9448552,0
9.01,9.694159844E8,20.6922,,,,,,,,,,,,,-0.132794435,0.792128111,1.129971319,1.733731209,2007,1,26,4,,,,,,,,,,Unknown,0.025,0.0195,0.0141,0.029,470870.0,41.0,40.0,41.2,40.04,771100,41.22,41.36,41.48,41.8,506950,434200,288500,353600,1
9.05,7.285892007E8,20.4066,258.61,-846000.0,-3271.3352,0.06,1000.0,258610.0,2.82,61,54,1,1,1998,1.319687666,1.548779134,1.152295429,1.254133316,1999,11,10,2,Health Care,Precision Instruments,male,male,Yes,No,No,Dec,501 - 1000,1951 - 2000,1.2381,1.2199,4.539,0.0,618.4,14.1,6.3,14.1,14.1,1228,7.8,10.0,10.0,31.3,1000,160,0,704,1
9.1,2.368282917E8,19.2828,331.7,-2.81,-0.0085,0.17,5358.0,61907.43,0.71,62,62,0,0,2014,1.132369453,1.513365369,2.116940797,2.003375662,2014,11,20,3,Consumer Services,Restaurants,male,male,Yes,No,No,Dec,5001 - 10000,2011 - present,0.318,-0.2279,-0.1252,0.3067,4104264.4,39.54,30.0,39.7,30.5,11103026,36.59,34.49,29.95,30.53,4100641,1191321,2321265,1805069,1
9.19,9.789556519E7,18.3994,,,,,,,,,,,,,-0.2390775,-0.088908015,-0.777912937,-0.509465317,2010,9,1,2,,,,,,,,,,Unknown,0.047,-0.0023,-0.009,0.0,105325.4,8.5704,8.1853,8.6667,8.6667,152757,8.5704,8.4837,8.4837,8.5511,168230,187234,0,18406,0
9.2,2.880292024E8,19.4786,154.31,-12.57,-0.0815,,612.0,252140.52,1.87,52,52,0,0,2015,1.311634052,1.42231382,0.681510874,0.739815084,2015,11,5,3,Technology,EDP Services,unknown,unknown,No,No,No,Dec,501 - 1000,2011 - present,0.0,-0.001,-0.005,0.0,4500.0,9.92,9.92,9.92,9.92,18700,9.91,9.91,9.91,9.91,3800,0,0,0,1
9.23,6.365869159E8,20.2716,70000.0,-55.06,-8.0E-4,,44.0,1.59090909091E9,0.01,50,50,16,16,1995,1.889263062,1.67205,1.698544791,2.212904273,2011,2,4,4,Health Care,Major Pharmaceuticals,male,male,Yes,No,No,Dec,0 - 100,1951 - 2000,0.2569,-0.0789,-0.0569,0.3154,448563.8,7.73,6.15,8.34,6.4,1386408,7.49,7.37,7.23,7.12,269251,347473,91708,147979,1
9.25,2.607489993E8,19.3791,,,,,,,,,,1,1,2012,-1.70951898,0.637871919,1.221742511,1.488839923,2013,12,12,3,Health Care,Major Pharmaceuticals,female,,,,,,,2011 - present,0.3657,-0.0017,-0.0678,0.4537,310384.2,11.95,8.75,12.72,8.75,1132825,12.2,12.0,12.1194,11.93,217396,98487,59001,44212,1
9.26,1.448777467E8,18.7914,,-4.54,,,4.0,,,57,57,1,1,2017,0.828476686,0.211286672,0.963473979,1.527727908,2018,3,8,3,Health Care,Major Pharmaceuticals,unknown,unknown,Yes,Yes,Yes,Dec,0 - 100,2011 - present,0.0337,-0.0508,0.0027,0.0862,524878.8,11.03,10.67,11.94,11.02,1910550,11.0,10.43,10.31,10.47,275778,259535,133705,44826,0
9.27,7.738587657E7,18.1643,,,,,,,,,,,,,1.146209121,1.711219125,1.707321515,1.493409049,2017,9,27,2,,,,,,,,,,Unknown,0.009,0.1397,0.0753,0.02,115064.4,10.09,10.0,10.2,10.0,174755,10.15,10.12,10.15,11.5,254110,21189,29685,95583,0
9.27,2.358331476E8,19.2786,114.91,-43.56,-0.3791,0.33,467.0,246059.96,2.05,40,40,10,10,2003,-0.972951859,-0.134815168,0.726449545,1.335609987,2013,6,26,2,Health Care,Biotechnology: Biological Products (No Diagnostic Substances),unknown,unknown,Yes,Yes,Yes,Dec,101 - 500,2001 - 2010,0.0,0.0509,0.1799,0.0,738324.4,8.06,8.06,9.9,9.9,3061871,8.02,8.0,8.1,8.47,391640,61027,43988,133096,1
9.39,2.048246334E8,19.1377,,,,,,,,69,,,,,0.761732428,0.926397583,1.286165325,1.443671542,2013,9,26,3,,,male,,,sameYear,,,,Unknown,0.0,0.0,0.0,0.0015,270756.0,20.0,20.0,20.03,20.0,1003115,20.0,20.0,20.0,20.0,143145,158845,48675,0,0
9.3986,1.973706E8,19.1006,,,,,,,,,,,,,1.293160569,1.83091003,1.854597114,1.708864215,2017,7,27,3,,,,,,,,,,Unknown,0.001,0.006,0.001,0.003,253842.6,10.01,10.0,10.03,10.0,1006324,10.03,10.02,10.07,10.07,57383,56090,56557,92859,0
9.44,1.795980579E8,19.0062,326.83,-3.96,-0.0121,,2550.0,128168.63,0.55,52,52,5,5,1994,0.610852756,1.403717393,1.559724947,1.683824029,1999,12,2,3,Miscellaneous,Business Services,male,male,Yes,No,No,Dec,1001 - 5000,1951 - 2000,0.2607,-0.0977,-0.1161,0.3286,662127.0,207.3875,164.5,218.55,164.5,1758914,198.8711,185.65,173.3125,187.1188,743085,246531,219914,342191,0
9.48,3.396488996E8,19.6434,,,,,,,,,,,,,1.222813415,1.912469649,2.232857875,1.789401456,2016,12,21,2,,,,,,,,,,Unknown,0.0,0.001,0.0182,0.0,324830.8,10.0,10.0,10.0,10.0,0,10.0,10.03,10.03,10.01,1377742,131853,0,114559,0
9.49,2.196182253E8,19.2074,,,,,,,,53,53,,,,0.668397047,0.926708222,0.017254824,-0.466176767,2003,4,16,2,,,male,male,,,,,,Unknown,0.0745,0.0133,-0.0933,0.1318,25880.0,3.75,3.49,3.95,3.49,49500,3.98,3.98,3.8,3.8,32400,0,18500,29000,1
9.51,2.18520761E8,19.2024,4.58,-29.08,-6.3493,5.8,32.0,143125.0,47.71,50,,7,7,2011,1.482449311,2.152485382,2.409181214,2.766447737,2018,1,25,3,Health Care,Major Pharmaceuticals,male,unknown,Yes,,,Dec,0 - 100,2011 - present,0.4005,0.2818,0.2539,0.5171,1450322.8,28.71,20.5,31.1,20.5,5253445,28.51,33.39,34.77,36.8,977330,503526,239168,278145,0
9.55,6.685E7,18.018,436.3,-53.9,-0.1235,0.39,331.0,1318126.89,0.15,54,37,9,9,2005,0.710775275,1.602791492,1.817218609,1.647278105,2014,6,12,3,Energy,Oil & Gas Production,male,male,Yes,No,No,Dec,101 - 500,2001 - 2010,0.009,0.002,0.0113,0.0,594929.2,24.75,24.53,24.8,24.8,770310,24.75,24.745,24.76,24.8,640846,575931,594363,393196,0
9.58,1.897679591E8,19.0613,,,,,,,,,57,,,,0.174302949,0.941780299,1.497450638,1.590015575,2007,6,21,3,,,,female,,,sameYear,,,Unknown,0.0,0.0303,0.2461,,2120.0,8.25,8.25,8.4,,0,8.25,8.6,8.7,8.5,0,2300,4900,3400,0
9.59,2.877E8,19.4774,,119000.0,,,,,,73,62,1,1,2016,2.254610455,2.006738556,2.304235911,2.195813282,2017,12,1,4,Finance,Business Services,male,male,Yes,,,Dec,,2011 - present,0.0,0.0,-0.0021,0.0,578.0,9.65,9.65,9.6501,9.6501,2890,9.65,9.65,9.65,9.65,0,0,0,0,0
9.63,2.782344957E8,19.444,,,,,,,,,48,,,,1.79574932,0.999703939,-0.224792325,-0.785012029,2001,11,15,3,,,male,male,,,,,,Unknown,,0.0,0.0013,,0.0,15.0,,,,0,15.0,15.09,15.05,15.0,0,0,0,0,0
9.63,1.15874251E9,20.8706,1060.0,-48.3,-0.0456,0.07,3820.0,277486.91,1.09,53,53,38,38,1972,1.422661414,1.575098044,2.136355075,1.725716641,2010,4,22,3,Technology,Radio And Television Broadcasting And Communications Equipment,male,male,No,No,No,Dec,1001 - 5000,1951 - 2000,0.0199,-0.0325,-0.0728,0.0,1733444.4,12.3,12.06,13.08,13.08,5993574,12.07,12.1,11.8,11.9,902999,627909,668786,473954,0
9.65,2.4125E8,19.3013,,-31193.0,,,,,,,,1,1,2017,0.824398291,0.917899042,1.430408464,1.920450106,2018,2,26,0,Finance,Business Services,,,Yes,,,Dec,,2011 - present,0.0,0.0,-0.0052,0.0,2000.0,9.65,9.65,9.65,9.65,10000,9.65,9.65,9.65,9.65,0,0,0,0,0
9.65,2.895E8,19.4837,,,,,,,,,48,,,,1.84450157,2.430912699,2.582037953,2.856688438,2018,1,22,0,Finance,Business Services,,female,,,Yes,,,Unknown,0.0,0.0,0.001,0.0,45000.0,9.6,9.6,9.6,9.6,200000,9.6,9.6,9.6,9.6,0,0,0,25000,0
9.68,1.72304E8,18.9648,,,,,,,,,,,,,-1.77367249,-2.008406637,-1.266942718,-1.560978304,2008,6,24,1,,,,,,,,,,Unknown,,-0.0478,-0.0677,,7301.0,52.77,,,,0,52.77,51.06,50.157,50.25,2035,9720,7685,17065,0
9.68,1.772465209E9,21.2956,1110.0,435.15,0.392,0.98,331.0,3353474.32,1.6,60,60,4,4,1997,-1.423222668,-1.871826285,-2.015592481,-2.47837261,2001,1,2,1,Energy,Oil & Gas Production,male,male,Yes,No,No,Dec,101 - 500,1951 - 2000,0.0,0.129,0.1452,0.0,111.6,2.9643,2.9643,2.9643,2.9643,1,3.3468,3.3468,3.3946,3.3468,35,0,261,261,1
9.7,5.270617026E8,20.0828,1140.0,18.98,0.0166,0.04,2000.0,570000.0,0.46,,,5,5,2001,1.893563827,2.120994965,0.673761588,1.047573965,2006,8,16,2,Miscellaneous,Business Services,male,male,Yes,No,No,Dec,1001 - 5000,2001 - 2010,0.0398,-0.0144,0.1455,0.0687,1330261.4,10.45,10.05,10.94,10.25,4966943,10.48,10.25,10.25,10.3,627765,757136,113593,185870,1
9.72,9.938213028E7,18.4145,,-216687.0,,,,,,45,,0,0,2017,1.720468752,2.103873001,2.257270061,2.257272276,2017,12,11,0,Finance,Business Services,male,,Yes,sameYear,,Dec,,2011 - present,0.0,-0.0051,-0.0059,0.0,908.0,9.75,9.75,9.75,9.75,120,9.75,9.7,9.7,9.7,0,4420,0,0,0
9.74,3.7803375E8,19.7505,,-59192.0,,,1.0,,,,,1,1,2016,0.593510149,1.383744786,1.698148945,1.583718822,2017,8,8,1,Finance,Business Services,,,Yes,,,Mar,0 - 100,2011 - present,0.0021,-0.0021,-0.0021,0.0,982087.2,9.69,9.67,9.7,9.7,3269055,9.69,9.68,9.7,9.67,201467,288111,332325,819478,1
9.74,6.657386124E9,22.619,,,,,,,,69,,29,29,1973,-1.533553,-2.025029978,-2.626686812,-1.434936438,2002,5,10,4,Public Utilities,Water Supply,unknown,,,No,,,,1951 - 2000,0.0132,0.0347,-0.0948,0.022,3776520.0,1.9167,1.8917,1.9417,1.9,7117200,1.8667,1.8617,1.8833,1.9833,3460800,4551000,1882200,1871400,0
9.75,1.464351233E8,18.8021,357.87,7.82,0.0219,,4200.0,85207.14,0.41,53,53,7,7,1997,0.825670609,1.105389062,0.907189362,0.592924136,2004,10,28,3,Consumer Services,Recreational Products/Toys,female,female,Yes,No,No,Dec,1001 - 5000,1951 - 2000,0.0162,-0.0319,0.2056,0.0061,1628740.0,25.05,24.65,27.15,27.0,5899900,24.41,23.55,23.75,24.25,830900,619500,608600,184800,1
9.75,3.9609375E8,19.7972,,757557.0,,,4.0,,,,,1,1,2016,1.575114488,1.66737714,1.433871591,1.807886357,2017,5,5,4,Finance,Business Services,,,Yes,,,Dec,0 - 100,2011 - present,0.0,0.0,0.0145,0.0,50000.0,9.65,9.65,9.65,9.65,250000,9.65,9.65,9.65,9.65,0,0,0,0,1
9.77,1.558698082E8,18.8645,,,,,,,,56,,0,0,2017,1.516558435,1.160790809,1.263619462,1.739724481,2017,4,28,4,Finance,Business Services,male,,,sameYear,,,,2011 - present,0.0,0.0,-0.0102,0.0,30765.6,9.85,9.85,9.85,9.85,153828,9.85,9.85,9.85,9.85,0,0,0,0,0
9.77,2.571766088E8,19.3653,,,,,,,,53,49,1,1,2016,1.965424942,1.711514346,2.196192377,1.946919117,2017,11,6,0,Finance,Business Services,unknown,male,,No,sameYear,,,2011 - present,0.0,-0.0031,0.0021,0.0,225700.0,9.63,9.63,9.68,9.68,32582,9.63,9.65,9.61,9.6,0,7000,340618,748300,0
9.8,2.65228474E8,19.3961,,,,,,,,,,,,,-0.695639784,0.655776453,0.729419249,0.446629571,2016,5,11,2,,,,,,,,,,Unknown,0.002,0.006,0.018,0.014,302407.0,10.02,10.0,10.14,10.0,920866,10.03,10.02,10.03,10.08,207086,251145,87389,45549,1
9.8,3.7888613E8,19.7527,401.7,8.62,0.0215,0.06,5637.0,71261.31,0.94,48,48,39,39,1975,0.538121584,1.169474022,1.54940634,1.710590792,2014,7,25,4,Consumer Services,Restaurants,male,male,Yes,No,No,Dec,5001 - 10000,1951 - 2000,0.3003,0.6126,0.2742,0.2922,1.93096662E7,24.03,18.48,24.4,19.0,23673589,34.48,29.9,34.563,38.75,26901000,12108385,15520065,18345292,1
9.81,4.247445696E9,22.1696,,,,,,,,57,,21,21,1988,0.999143752,1.337313182,1.567675931,1.02141292,2009,9,8,1,Public Utilities,Electric Utilities: Central,male,,,No,,,,1951 - 2000,0.0,-0.0435,-0.0186,0.0,24994.0,3.22,3.22,3.3078,3.3078,5600,3.1,3.1352,3.07,3.08,10700,39820,47650,21200,1
9.85,6.830026445E7,18.0394,,,,,,,,56,,,,,-1.961515004,-0.626388776,0.523485425,1.070587582,2017,8,21,0,Finance,Business Services,male,,,sameYear,,,,Unknown,0.0,0.0014,0.0062,0.0,25160.4,9.7,9.7,9.81,9.81,58682,9.7,9.7,9.7,9.7131,27295,0,10025,29800,1
9.91,1.2176391541E10,23.2228,17040.0,2270.0,0.1332,0.41,2882.0,5912560.72,0.71,52,52,0,0,2009,1.537091356,1.883418775,1.675929721,1.913311496,2009,11,17,1,Energy,Oil & Gas Production,male,male,No,No,No,Dec,1001 - 5000,2001 - 2010,0.0,0.0176,0.0176,0.0,1060.0,25.0,25.0,25.0,25.0,100,25.0,25.2,25.44,25.44,0,100,5100,0,1
9.94,2.133219523E8,19.1783,,,,,,,,,,,,,1.584081312,1.326766645,1.171101011,0.9382693,2016,5,31,1,,,,,,,,,,Unknown,0.003,0.004,0.008,0.004,38167.4,10.06,10.03,10.07,10.03,43499,10.08,10.08,10.09,10.0999,32824,37596,28414,48504,1
10.0,1.0307247E8,18.4509,,-7.92,,,12.0,,,52,,,,,1.548396828,2.054359659,1.850581693,1.556583088,2017,9,20,2,Health Care,Biotechnology: Biological Products (No Diagnostic Substances),unknown,,Yes,Yes,,Dec,0 - 100,Unknown,0.037,-0.0742,0.0517,0.0789,158240.8,10.64,10.26,11.3099,10.5,456508,10.25,10.06,9.75,9.85,70780,168804,76539,18573,0
10.0,2.88028893E9,21.7812,3780.0,-296.2,-0.0784,0.05,7850.0,481528.66,0.76,61,55,0,0,2013,2.127421616,2.498152784,2.438672718,1.777195857,2013,10,22,1,Basic Industries,Major Chemicals,male,male,Yes,No,No,Dec,5001 - 10000,2011 - present,0.0,-0.0208,0.0,0.0,162835.8,12.0,12.0,12.0,12.0,300000,12.0,12.0,11.75,11.75,0,0,514179,0,1
10.09,8.198125E8,20.5246,,1.53,,,3.0,,,70,70,0,0,2017,-1.400325462,0.711180629,1.113627352,1.463135484,2017,6,29,3,Finance,Business Services,male,male,Yes,,,Dec,0 - 100,2011 - present,0.0,0.006,-0.01,0.0,869.6,10.0,10.0,10.0,10.0,1078,10.06,10.06,10.06,10.06,3270,0,0,0,0
10.1,,,,,,,,,,65,43,,,,-0.355806925,-1.401238893,-2.131533116,-1.500164194,2015,9,11,4,Finance,Business Services,male,female,,No,No,,,Unknown,0.005,0.0199,0.001,0.008,937255.6,10.05,10.0,10.09,10.01,3800857,10.1,10.11,10.1,10.25,731600,66104,27804,59913,1
10.18,6.956603884E8,20.3604,63.2,-193.56,-3.0627,,988.0,63967.61,11.01,43,33,5,5,2006,0.747733937,1.292123261,1.333461955,1.550787448,2011,5,4,2,Technology,EDP Services,male,unknown,No,,,Dec,501 - 1000,2001 - 2010,6.0E-4,-0.181,-0.3115,0.25,6055587.8,90.05,90.0,120.0,97.5,18158694,84.35,84.0,80.15,73.75,5722464,1537189,1742718,3116874,0
10.2,,,,,,,,,,53,49,1,1,2016,0.706917059,1.511035441,1.961308678,1.708454036,2017,10,26,3,Finance,Business Services,unknown,male,,No,sameYear,,,2011 - present,0.001,0.0,-0.001,0.001,496242.4,10.01,10.0,10.03,10.02,2123968,10.0,10.005,10.01,10.01,157831,85720,60903,52790,0
10.23,1.591054816E8,18.8851,41.36,3.17,0.0766,,165.0,250666.67,3.85,51,51,,-3,2007,1.644190739,1.733375256,1.074028245,0.865761251,2004,10,5,1,Finance,Savings Institutions,male,male,Yes,No,No,Dec,101 - 500,2001 - 2010,0.0334,0.0621,0.1021,0.0554,114125.2,59.949,58.0102,61.2245,58.0102,426013,62.7551,62.2449,63.6735,63.6735,84184,9436,43995,6998,1
10.24,2.452450908E9,21.6204,4190.0,260.71,0.0622,0.08,29300.0,143003.41,0.59,54,54,12,12,1986,0.728990643,1.205641444,1.611999693,2.071594612,1998,5,1,4,Technology,Semiconductors,male,male,Yes,No,No,Dec,>10000,1951 - 2000,0.133,-0.0751,-0.2207,0.0213,6919400.0,13.313,11.75,13.563,13.313,23597300,13.75,13.25,12.625,12.313,3529400,3056300,3109900,1304100,0
10.26,2.71572846E9,21.7223,4250.0,172.59,0.0406,0.19,,,0.64,48,56,0,0,2007,-1.594603679,-2.798657111,-1.41971995,-0.25705631,2007,8,16,3,Consumer Non-Durables,Specialty Foods,male,male,No,No,,Dec,,2001 - 2010,0.05,0.0571,0.0581,0.081,4633000.0,10.5,10.0,11.31,10.5,13897100,11.0,11.3,11.05,11.1,2989000,3014600,1864200,1400100,1
10.28,1.18494989E9,20.893,598.12,-8.52,-0.0142,0.13,1628.0,367395.58,1.98,52,52,3,3,1996,2.281066462,2.530939275,1.766549064,2.232384754,1999,4,9,4,Technology,Computer Communications Equipment,male,male,Yes,No,No,Jun,1001 - 5000,1951 - 2000,0.1359,-0.1513,-0.2799,0.2,6042759.8,27.688,24.375,32.563,27.688,20491600,27.125,27.688,25.5,23.5,3618000,2062199,1378800,2663200,1
10.29,1.621154E8,18.9038,634.12,5.3,0.0084,,7500.0,84549.33,0.26,58,58,36,36,1966,-1.833608322,-2.239459074,-2.756628024,-3.003881066,2002,7,11,3,Consumer Services,Other Specialty Stores,male,male,Yes,No,No,Jan,5001 - 10000,1951 - 2000,0.0279,-0.0101,-0.2929,0.0069,1068339.8,14.85,14.447,15.1,15.0,4192199,14.87,14.601,14.8,14.7,365400,152100,425200,206800,1
10.31,5.337177597E8,20.0954,2.28,-60.05,-26.3377,6.72,44.0,51818.18,234.09,46,46,7,7,2007,-1.444639866,-0.430971927,0.685971397,1.237677865,2014,1,30,3,Health Care,Major Pharmaceuticals,male,male,Yes,Yes,Yes,Dec,0 - 100,2001 - 2010,0.5857,-0.2707,-0.1024,0.5515,1078582.4,46.0,29.01,46.0,30.0,3966358,41.12,32.66,30.36,33.55,667241,244554,248816,265943,0
10.33,,,,-4.44,,,,,,,,1,1,2015,-1.189928178,-1.905054708,0.265639604,0.832652356,2016,10,11,1,Health Care,Biotechnology: Commercial Physical & Biological Resarch,,,Yes,,,Dec,,2011 - present,0.0041,0.0142,0.0193,0.0153,1681050.6,9.86,9.82,9.97,9.82,7740076,10.0,10.0,10.03,10.0,495717,154859,6886,7715,1
10.34,4.146127927E8,19.8429,23.12,-46.22,-1.9991,,,,17.93,,48,1,1,2010,-0.501232097,0.807571973,1.252613656,1.771957502,2011,2,24,3,,,female,male,Yes,,,Nov,,2001 - 2010,5.0E-4,-5.0E-4,-5.0E-4,5.0E-4,275943.4,20.01,20.0,20.01,20.0,1011157,20.0,20.01,20.0,20.0,86742,85681,135037,61100,0
10.37,6.604331115E8,20.3084,108.08,-12.51,-0.1157,1.56,58.0,1863448.28,6.11,66,56,27,27,1969,0.0,0.0,0.0,0.0,1996,3,18,0,Energy,Oil & Gas Production,male,male,Yes,No,No,Dec,0 - 100,1951 - 2000,0.0,0.0333,0.0333,0.0,134.0,0.3,0.3,0.3,0.3,0,0.3,0.8,0.8,0.31,0,500,0,170,1
10.45,,,,-1.19,,,3.0,,,41,,0,0,2015,0.718848291,0.362999091,0.645580386,1.002877225,2015,7,30,3,Finance,Finance: Consumer Services,male,,Yes,sameYear,,Dec,0 - 100,2011 - present,0.001,0.016,0.021,0.002,243714.2,9.99,9.98,10.02,10.0,1059950,10.0,10.01,10.0,10.1499,89380,28700,12836,27705,1
10.45,5.287585155E8,20.086,454.37,14.97,0.0329,0.2,260.0,1747576.92,1.16,65,39,1,1,2006,0.446464495,1.080187899,1.678121987,1.659054921,2007,6,14,3,Capital Goods,Homebuilding,male,male,Yes,No,No,Dec,101 - 500,2001 - 2010,0.0458,-0.0295,0.0076,0.0995,69637.6,144.9483,138.6042,158.6019,144.8104,301715,143.5692,143.2933,143.4313,140.673,14029,6783,5729,19932,0
10.51,1.159740622E9,20.8715,521.49,20.22,0.0388,,,,2.22,57,,2,2,2013,0.571232548,1.155837094,0.427597262,0.396351677,2015,11,10,1,Consumer Services,Hotels/Resorts,male,male,No,No,,Dec,,2011 - present,0.0611,-0.0576,-0.0576,0.0622,440796.4,10.24,9.65,10.25,9.65,2202440,9.65,9.65,9.65,9.65,1542,0,0,0,1
10.52,3.357259488E8,19.6318,345000.0,-58.98,-2.0E-4,,34.0,1.014705882353E10,0.0,50,50,5,5,2011,1.715529039,1.54829682,1.275992591,1.053012425,2016,6,2,3,Health Care,Major Pharmaceuticals,male,male,Yes,Yes,Yes,Dec,0 - 100,2011 - present,0.0154,-0.0345,-0.0331,0.063,599810.6,7.25,7.14,8.45,8.0,1979489,7.06,7.0,6.92,7.0,569909,245512,56785,147358,1
10.56,3.747744E8,19.7418,,,,,,,,36,,0,0,2013,1.422759803,1.803782796,2.246129661,1.81013482,2013,11,13,2,Consumer Services,Marine Transportation,male,,,sameYear,,,,2011 - present,0.0746,0.0028,0.0672,0.0657,1745583.0,18.0,16.75,18.1,17.0,7048025,18.01,18.02,18.05,18.05,847513,365945,195603,270829,1
10.58,4232010.58,15.2582,,,,,,,,,,,,,1.286422866,1.223637878,1.246327917,1.411505954,2015,6,22,0,,,,,,,,,,Unknown,0.0,0.0368,-0.1666,0.0,14682.0,20.95,20.95,20.95,20.95,0,20.95,20.95,21.1254,21.72,0,11982,22130,39298,1
10.59,1.962327E8,19.0948,,-60.0,,,,,,42,,2,2,2015,0.77372942,1.484986786,1.565456275,1.699749255,2017,6,20,1,Finance,Business Services,male,male,Yes,,,Mar,,2011 - present,0.001,0.004,0.014,0.003,376117.0,10.01,10.0,10.03,10.0,1545734,10.015,10.02,10.01,10.05,89564,53527,84150,107610,1
10.6,,,,-185347.0,,,,,,47,59,2,2,2015,0.653061642,1.02951516,1.694219939,1.563273017,2017,1,20,4,Finance,Business Services,male,male,Yes,Yes,Yes,Dec,,2011 - present,0.0,0.0029,0.003,0.008,191839.4,10.05,10.05,10.18,10.1,931121,10.11,10.09,10.0601,10.0792,15581,1094,5646,5755,1
10.6,5.957951328E8,20.2054,217.03,17.34,0.0799,0.19,538.0,403401.49,2.75,52,64,5,5,1999,0.204809333,1.259323952,1.723047835,1.692857863,2004,2,3,1,Finance,Major Banks,male,male,Yes,No,No,Dec,501 - 1000,1951 - 2000,0.0667,-0.0094,-0.0206,0.0713,1393357.0,16.0,15.0,16.22,15.15,5433995,15.8,15.75,15.72,15.85,620613,460468,175917,275792,1
10.65,3.578234925E7,17.393,11.94,1.24,0.1039,0.11,72.0,165833.33,3.0,65,65,123,123,1882,1.881980012,1.044033889,1.074261194,1.476388738,2005,11,10,3,Finance,Savings Institutions,male,male,Yes,,,Jun,0 - 100,<= 1900,0.002,-0.05,-0.06,0.0251,20040.0,10.0,9.98,10.25,10.0,91200,10.0,10.0,10.0,9.5,4200,2800,0,2000,0
10.7,2.796807944E8,19.4492,111.34,21.61,0.1941,0.0,73.0,1525205.48,2.51,54,41,0,0,2014,-2.233471945,-1.772239117,-0.30729462,0.634554609,2014,10,9,3,Transportation,Railroads,male,male,Yes,sameYear,No,Dec,0 - 100,2011 - present,0.0159,0.0156,0.0375,0.0343,1392964.2,16.0,15.75,16.34,15.8,5280399,16.7,16.58,16.2,16.25,350221,525282,678446,130473,0
10.72,,,,-340303.0,,,,,,43,46,,,,0.77372942,1.484986786,1.565456275,1.699749255,2017,6,20,1,Finance,Business Services,male,unknown,No,sameYear,Yes,Dec,,Unknown,0.001,0.003,0.0179,0.002,276460.6,10.07,10.06,10.12,10.1,868454,10.08,10.08,10.06,10.1,197352,139740,130546,46211,1
10.72,3.736196683E8,19.7387,292.06,27.35,0.0936,0.23,,,1.28,43,,11,11,2003,1.651967714,1.533047677,1.620090862,1.742344464,2014,4,3,3,Consumer Services,Other Consumer Services,unknown,unknown,No,Yes,Yes,Dec,,2001 - 2010,0.0011,-0.0684,-0.0254,0.1039,3670210.0,9.06,9.05,10.8,9.86,12003950,9.04,8.06,8.5,8.44,1844014,2562586,959492,981008,1
10.73,7.290616745E8,20.4073,410.54,25.83,0.0629,0.38,267.0,1537603.0,1.78,45,48,5,5,2013,-2.871355545,-1.324670239,-0.193859272,0.595753276,2018,2,8,3,Finance,Investment Managers,male,female,Yes,Yes,Yes,Dec,101 - 500,2011 - present,0.0,0.1034,0.1207,0.0198,1199678.4,11.6,11.6,12.48,12.25,3771761,12.39,12.4,12.79,12.8,1351453,307722,309697,257759,0
10.76,2.571534552E8,19.3652,,,,,,,,52,,,,,1.399698383,1.931757003,1.742859541,1.875232271,2003,10,16,3,,,female,,,No,,,,Unknown,0.0,0.0,0.0033,0.0,53220.0,15.0,15.0,15.03,15.03,81900,15.01,15.01,15.01,15.0,91900,48100,24100,20100,0
10.76,2.657498774E8,19.3981,2.11,-60.8,-28.8152,0.73,45.0,46888.89,125.95,57,46,11,11,2005,1.844094971,0.448474032,0.04601437,-0.557089994,2016,3,3,3,Health Care,Major Pharmaceuticals,unknown,male,Yes,Yes,Yes,Dec,0 - 100,2001 - 2010,0.0221,0.2348,0.1091,0.0579,598572.0,12.01,11.75,12.79,12.11,1916453,11.85,11.0,13.55,14.83,430154,114887,174572,356794,1
10.83,6.163946484E8,20.2394,,,,,,,,,48,,,,-0.874823578,-1.232892548,0.405136775,1.036555148,2004,3,25,3,,,male,male,,,,,,Unknown,,-0.0551,-0.0438,,122080.0,15.98,,,,0,15.04,15.04,15.1,15.1,319800,97100,102500,91000,0
10.88,3.538853062E8,19.6845,,,,,,,,75,,,,,-0.164076973,1.015323839,0.676696174,1.015091282,2005,6,23,3,,,male,male,,sameYear,,,,Unknown,0.0266,-0.002,0.0705,0.0048,698600.0,15.04,14.65,15.08,15.01,2461500,15.09,15.09,15.0,15.01,530800,116000,329900,54800,1
10.9218,2.18436E7,16.8994,436.3,-53.9,-0.1235,0.39,331.0,1318126.89,0.05,54,37,9,9,2005,-1.601733217,-0.230032445,0.378622443,1.061894483,2014,4,14,0,Energy,Oil & Gas Production,male,male,Yes,No,No,Dec,101 - 500,2001 - 2010,0.0028,0.006,0.0181,0.0052,74266.4,24.85,24.78,24.98,24.85,142395,24.9,25.0,25.0,25.0,150445,77292,1200,0,0
10.95,4.43918705E8,19.9112,124.46,-13.44,-0.108,,282.0,441347.52,3.57,59,59,0,0,2013,-0.429216149,1.047634297,1.439508166,1.869565108,2013,4,5,4,Consumer Services,Television Services,male,male,Yes,sameYear,sameYear,Dec,101 - 500,2011 - present,0.0029,0.002,0.3666,0.0,85319.4,10.23,10.2,10.25,10.25,127800,10.2,10.2,10.25,10.25,270235,2792,770,25000,1
10.98,1.115043255E9,20.8322,115.14,42.23,0.3668,0.18,2259.0,50969.46,9.68,,,1,1,2017,-2.001212681,-1.89019561,-0.571890457,0.484452097,2018,3,27,1,Consumer Services,Hotels/Resorts,,,No,,,Dec,1001 - 5000,2011 - present,0.0172,-0.0069,,0.0235,1121225.6,13.0,12.78,14.7,14.4,4113830,13.03,12.75,12.75,12.91,694176,695335,0,102787,0
11.02,1.665836691E9,21.2336,740.74,-194.51,-0.2626,,2145.0,345333.33,2.25,55,56,,,,-2.012925998,0.438651297,1.020188641,1.317946413,2007,6,7,3,Public Utilities,Telecommunications Equipment,male,male,Yes,No,No,Dec,1001 - 5000,Unknown,0.2316,0.2149,0.1368,0.3275,3995692.0,19.705,16.0,21.24,16.0,11699016,25.16,24.96,24.06,23.94,4193263,1881930,1109339,1094912,1
11.07,2.707691004E8,19.4168,317.64,-20.58,-0.0648,0.14,2100.0,151257.14,0.85,46,,0,0,2014,-2.452645015,-1.194497793,0.138536036,0.881839488,2014,10,2,3,Health Care,Medical Specialities,male,male,Yes,Yes,No,Dec,1001 - 5000,2011 - present,0.0511,0.0341,0.1459,0.0057,671303.2,18.5,17.6,20.1,20.0,2799073,18.65,19.24,19.24,19.13,155562,188229,176606,37046,1
11.09,,,3640.0,14.4,0.004,0.07,2640.0,1378787.88,,46,46,0,0,2014,2.152358836,2.812451222,2.514491068,1.921707231,2014,6,6,4,Consumer Durables,Specialty Chemicals,male,male,Yes,No,No,Sep,1001 - 5000,2011 - present,0.0089,0.0039,0.0122,0.0169,804890.6,10.15,10.06,10.25,10.08,3327087,10.18,10.18,10.19,10.19,315240,115023,225178,41925,1
11.15,1.832052375E8,19.0261,247.11,1.07,0.0043,0.64,629.0,392861.69,0.74,60,60,4,4,1999,0.387734162,1.142762921,1.459715986,1.540215179,2003,11,14,4,Public Utilities,Telecommunications Equipment,male,male,Yes,No,No,Dec,501 - 1000,1951 - 2000,0.0105,-0.2009,-0.3393,0.0195,29948.6,168.0,166.25,172.5,169.25,6076,165.0,144.5,134.75,134.25,21802,36435,66271,19159,0
11.185,2.243212261E8,19.2286,125.48,-85.94,-0.6849,1.0,,,1.79,30,30,4,4,2012,0.55730331,1.069023199,1.097818633,0.919646241,2016,6,10,4,Consumer Services,Other Consumer Services,male,unknown,No,,,Dec,,2011 - present,0.0074,0.0537,0.0358,0.0711,421684.0,18.98,18.84,20.84,19.5,1573940,21.26,21.75,21.55,20.0,185071,175607,79208,94594,0
11.2,1.146819184E9,20.8603,561.0,-45.16,-0.0805,0.02,9100.0,61648.35,2.04,59,59,24,24,1976,-0.420932708,0.197108089,0.391078882,0.839031036,2000,8,10,3,Consumer Services,Hotels/Resorts,unknown,unknown,No,No,No,Dec,5001 - 10000,1951 - 2000,0.0395,0.1772,0.1488,0.0526,1483520.0,19.75,19.0,20.25,19.25,5556200,19.375,19.688,21.0,23.25,890100,323300,380700,267300,1
11.27,7.891628389E8,20.4865,,,,,,,,,77,,,,-1.140045892,-1.814869784,-2.339502593,-2.285414324,2002,6,28,4,,,male,male,,,sameYear,,,Unknown,,0.0,-0.002,,0.0,15.03,,,,0,15.03,15.03,15.03,15.03,0,0,0,0,0
11.3,8.5182225E7,18.2603,13.65,1.37,0.1004,0.1,83.0,164457.83,6.24,58,,0,0,2017,1.516558435,1.160790809,1.263619462,1.739724481,2017,4,28,4,Finance,Savings Institutions,male,,Yes,,,Sep,0 - 100,2011 - present,0.1536,0.0083,-0.0181,0.1406,372557.6,13.29,11.52,13.36,11.74,1599816,13.47,13.57,13.47,13.4,136668,53051,31405,41848,1
11.4,1.36081458E8,18.7288,221.98,-38.81,-0.1748,0.25,264.0,840833.33,0.61,46,46,3,3,2010,1.448197582,1.642942577,2.246519571,2.35770307,2013,2,12,1,Finance,Property-Casualty Insurers,male,male,Yes,Yes,Yes,Dec,101 - 500,2001 - 2010,0.0171,-0.0168,0.0151,0.0222,48523.0,5.95,5.85,5.98,5.85,171083,5.85,5.9,5.85,5.85,16157,7326,48049,0,1
11.53,5.80760335E7,17.8773,22.86,8.55,0.374,0.92,295.0,77491.53,2.54,,,1,1,2016,1.985828122,1.713652098,2.190134705,1.90549595,2017,11,3,4,Finance,Finance: Consumer Services,,,No,,,Mar,101 - 500,2011 - present,0.0454,-0.1272,-0.0806,0.1569,264184.6,12.66,12.11,17.0,15.1,476808,10.98,11.08,10.95,11.05,246997,170934,216311,209873,0
11.53,1.550827661E8,18.8595,162.47,-1.89,-0.0116,0.29,,,0.95,,,24,24,1990,1.218119892,1.772708681,2.083615689,1.840388135,2014,6,25,2,Technology,Computer Software: Prepackaged Software,male,,No,,,Dec,,1951 - 2000,0.0443,0.1732,0.0294,0.0,2134651.0,11.55,11.06,12.0,12.0,6074896,11.9,11.92,11.5,13.55,637410,640255,563201,2757493,0
11.55,6.697026105E7,18.0198,,,,,,,,,56,,,,-0.874823578,-1.232892548,0.405136775,1.036555148,2004,3,25,3,,,female,female,,,No,,,Unknown,0.0,-0.0027,0.0082,0.0027,5820.0,18.4,18.4,18.45,18.4,21500,18.4,18.4,18.4,18.35,3700,500,2400,1000,0
11.59,1.265180649E9,20.9585,,,,,,,,53,53,,,,0.388093196,-0.893208131,-0.019155818,-0.783458612,2002,2,26,1,,,male,male,,,,,,Unknown,7.0E-4,-7.0E-4,-7.0E-4,0.0033,204900.0,15.01,15.0,15.05,15.0,642100,15.01,15.01,15.01,15.0,0,123800,71700,186900,0
11.6,6.441452392E8,20.2834,298.6,5.31,0.0178,0.02,60.0,4976666.67,2.16,74,74,12,12,1997,-1.889287179,-2.762755376,-1.7349987,-1.94891681,2009,3,5,3,Transportation,Marine Transportation,male,male,No,Yes,Yes,Dec,0 - 100,1951 - 2000,0.0,0.0,0.6667,0.0,151081.2,4.0,4.0,4.0833,4.0833,743028,4.0,4.0,4.0,4.0,0,0,12378,0,1
11.64,3.429390419E8,19.6531,35.01,-45.29,-1.2936,,81.0,432222.22,9.8,53,46,6,6,1993,1.564272647,2.053301544,1.746950035,1.599453514,1999,11,12,4,Technology,Computer peripheral equipment,male,female,Yes,No,No,Dec,0 - 100,1951 - 2000,2.3864,0.5034,1.3624,0.7491,2366580.0,18.625,5.5,20.0,15.88,7529000,18.875,23.5,25.625,28.0,1788700,1329300,654700,531200,1
11.66,2.971291099E8,19.5097,,,,,,,,,47,,,,0.841053505,0.700710976,1.018440324,1.554004701,2003,8,26,1,,,,male,,,No,,,Unknown,,0.0,5.0E-4,,0.0,20.0,,,,0,20.0,20.0,20.0,20.0,0,0,0,0,0
11.67,3.768843305E8,19.7474,101.87,-1.34,-0.0132,,417.0,244292.57,3.7,53,53,10,10,1991,-0.099918346,-1.037857948,-0.517105047,-1.083216032,2001,7,27,4,Technology,EDP Services,male,male,Yes,Yes,Yes,Dec,101 - 500,1951 - 2000,0.1306,0.0462,-0.0726,0.1373,1694640.0,15.15,13.4,15.24,13.4,6402300,14.891,15.83,16.65,15.85,1006300,468500,263500,332600,1
11.67,1.260715211E9,20.9549,2650.0,-52.0,-0.0196,0.26,4600.0,576086.96,0.48,48,48,1,1,2013,-0.752008569,0.449187087,0.986432067,1.265260101,2014,5,20,1,Energy,Metal Fabrications,male,male,Yes,sameYear,sameYear,Dec,1001 - 5000,2011 - present,0.0857,0.0526,0.1072,0.0786,2660132.4,30.4,28.0,30.4,28.2,6889735,33.15,31.25,32.0,32.0,2821045,1801189,1788693,0,0
11.7,1.719335592E8,18.9626,233.26,7.77,0.0333,0.06,3600.0,64794.44,0.74,,69,1,1,2014,-1.011870414,-1.414925953,-2.168060605,-1.90589586,2015,9,25,4,Consumer Services,Restaurants,,male,Yes,,sameYear,Dec,1001 - 5000,2011 - present,0.0,-0.0957,-0.144,0.0,305778.8,11.6,11.6,12.0,12.0,893,10.75,9.73,9.97,10.49,6689,782356,402349,336607,0
11.7093,8196510.0,15.9192,,,,,,,,,,,,,-3.002387143,-1.2257156,0.146437725,0.887084774,2014,10,1,2,,,,,,,,,,Unknown,0.0,-0.002,0.0204,0.0,11789.0,9.82,9.82,9.93,9.93,9925,9.836,9.9399,9.9,9.8,6445,10001,6963,25611,1
11.75,3.476315873E8,19.6667,8.36,-25.56,-3.0574,0.32,53.0,157735.85,41.58,,,4,4,2014,-1.165474369,-1.372206792,-0.285811744,0.677649308,2018,3,29,3,Health Care,Major Pharmaceuticals,male,male,Yes,,,Dec,0 - 100,2011 - present,0.01,-0.0324,,0.0227,352889.4,11.11,11.0,12.0,11.75,1377238,11.11,10.75,10.75,10.75,0,191325,65060,130824,0
11.83,4.856757287E8,20.0011,,-11.16,,,9.0,,,65,65,6,6,2000,0.988894245,1.332735785,1.637502085,2.410242389,2006,12,7,3,Health Care,Major Pharmaceuticals,male,male,Yes,No,No,Dec,0 - 100,1951 - 2000,0.0,0.2557,0.1927,0.0183,88745.8,10.95,10.95,11.2,11.0,172686,12.1,12.0,12.15,13.75,149325,18010,18470,85238,0
11.84,2960000.0,14.9007,,,,,,,,,,,,,-0.414189495,0.415479612,0.867832964,1.27632594,2015,5,26,1,,,,,,,,,,Unknown,0.0,7.0E-4,-0.0202,0.0,9169.4,15.38,15.38,15.38,15.38,10771,15.38,15.38,15.39,15.39,0,10771,13769,10536,0
11.849,7.961990055E7,18.1928,,,,,,,,,53,,,,-1.951382281,-0.159379462,0.510088107,1.17864933,1998,7,31,4,,,,male,,,No,,,Unknown,0.0,-0.1364,-0.4481,0.0,22520.0,9.625,9.625,9.75,9.75,2600,9.1875,8.75,8.5,8.3125,35300,19200,48200,7300,0
11.88,1.213615418E8,18.6143,,,,,,,,,,,,,1.583061731,0.35714459,-0.467607844,-0.582473114,2011,10,14,4,Finance,Investment Bankers/Brokers/Service,,,,,,,,Unknown,,-0.108,0.1837,,710.0,50.1,,,,0,50.1,48.62,46.6,44.69,500,400,600,2050,0
11.8816,6.892139513E7,18.0485,,,,,,,,62,62,1,1,2008,1.870344339,1.708344714,1.997354728,1.586250979,2009,9,17,3,Finance,Major Banks,female,female,,Yes,Yes,,,2001 - 2010,0.0,0.0,-0.0476,0.0,60.0,7.35,7.35,7.35,7.35,300,7.35,7.35,7.35,7.35,0,0,0,0,0
12.01,1.748496147E8,18.9794,,,,,,,,62,53,,,,1.937545016,1.497132502,0.896137066,1.19800463,2012,7,27,4,,,male,male,,sameYear,sameYear,,,Unknown,0.0048,0.0012,0.025,0.0028,188555.2,25.02,24.9,25.02,24.95,688366,25.05,25.12,25.7,25.05,124898,34365,51559,43588,0
12.05,3.06810593E8,19.5417,51.76,-10.41,-0.2011,3.7,147.0,352108.84,5.93,,,14,14,2003,1.516558435,1.160790809,1.263619462,1.739724481,2017,4,28,4,Health Care,Major Pharmaceuticals,,,No,,,Dec,101 - 500,2001 - 2010,0.0,0.0085,-0.0315,0.0577,238707.8,13.0,13.0,14.25,13.5,953887,13.07,13.1,13.28,13.11,97009,68578,40809,33256,0
12.09,6140486.82,15.6304,,,,,,,,,,,,,-0.842700748,0.677449204,1.268996044,1.282221727,2010,11,29,0,Finance,Investment Bankers/Brokers/Service,,,,,,,,Unknown,,-0.1332,-0.2401,,249.2,5273.0,,,,0,5273.0,5273.0,5273.0,4570.5,1146,0,0,100,0
12.13,1.25107983E8,18.6447,,,,,,,,,64,,,,0.710775275,1.602791492,1.817218609,1.647278105,2014,6,12,3,,,,male,,,Yes,,,Unknown,0.0,0.0,-0.1067,0.0,100.0,11.9,11.9,12.03,12.03,500,11.9,11.9,11.9,11.9,0,0,0,0,0
12.15,3.442568E8,19.6569,,,,,,,,,51,,,,-1.951382281,-0.159379462,0.510088107,1.17864933,1998,7,31,4,,,male,male,,,No,,,Unknown,0.0125,0.0,-0.2099,0.025,12500.0,5.0625,5.0,5.125,5.0,15100,5.0,4.9375,4.9375,5.0625,16900,17900,5700,6900,1
12.2,3.063076936E8,19.5401,428.11,-6.96,-0.0163,0.05,7300.0,58645.21,0.72,,,36,36,1977,0.047169825,0.528701786,1.029867004,1.300359093,2013,10,4,4,Consumer Services,Restaurants,male,male,Yes,No,No,Dec,5001 - 10000,1951 - 2000,0.0942,-0.0471,-0.1375,0.1821,4708397.4,30.77,28.12,33.78,28.66,16996007,32.4,30.22,30.66,29.32,3183188,1911843,601074,849875,0
12.2,3.443336906E8,19.6571,519.5,15.1,0.0291,0.29,543.0,956721.92,0.66,42,41,3,3,2004,-0.427209886,0.06542949,0.898925723,1.309438786,2007,7,25,2,Consumer Services,Other Specialty Stores,male,male,Yes,No,No,Dec,501 - 1000,2001 - 2010,0.6667,0.36,0.64,0.6667,42640.0,1.25,0.75,1.25,0.75,36500,1.18,1.3,1.45,1.7,32700,33900,79100,31000,0
12.22,5.726185319E8,20.1657,158.18,45.06,0.2849,0.04,649.0,243728.81,3.62,54,71,0,0,2009,-0.619289002,0.853670665,1.127652954,1.511871296,2009,12,9,2,Consumer Services,Publishing,male,male,Yes,No,,Dec,501 - 1000,2001 - 2010,0.0,0.2356,0.074,0.0,3980.0,3.65,3.65,4.0,4.0,3000,4.09,4.8,4.76,4.51,3700,8300,4400,500,1
12.29,1.6759216382E10,23.5422,27360.0,295.0,0.0108,0.1,63356.0,431845.44,0.61,55,,1,1,2012,-0.123782941,0.29238163,0.880128663,1.251251479,2013,9,30,0,Capital Goods,Construction/Ag Equipment/Trucks,male,male,No,,No,Dec,>10000,2011 - present,0.004,0.0112,-0.0064,0.0434,1374899.4,12.5,12.45,13.29,12.75,1508616,12.92,12.9,12.61,12.64,1477947,1636938,1136428,1114568,0
12.4,7.86024592E8,20.4825,,,,,,,,,48,,,,-0.422578432,0.679622958,1.197673808,1.390835444,2003,11,19,2,,,male,male,,,sameYear,,,Unknown,,0.0,0.0,,23000.0,15.0,,,,0,15.25,15.08,15.03,15.0,115000,0,0,0,0
12.43,2.515826655E8,19.3433,,,,,,,,58,,,,,-1.847403672,-0.421568766,0.594157527,0.940506557,2012,10,25,3,,,male,,,Yes,,,,Unknown,0.046,0.0,-0.0157,0.0343,174208.0,15.25,14.58,15.25,14.75,692571,15.14,15.14,15.14,15.25,112000,0,0,66469,1
12.56,3.610363962E8,19.7045,,,,,,,,56,56,,,,-2.442617594,-1.60458184,-0.456138462,-1.008083354,2002,1,29,1,,,male,male,,,,,,Unknown,,0.0,0.0,,0.0,15.0,,,,0,15.0,15.0,15.0,15.0,0,0,0,0,0
12.59,2.470871815E9,21.6278,5960.0,-348.89,-0.0585,0.08,9300.0,640860.22,0.41,45,45,8,8,1998,1.193379687,1.466193761,1.878482986,2.581127188,2006,11,13,0,Finance,Property-Casualty Insurers,male,male,Yes,No,No,Dec,5001 - 10000,1951 - 2000,0.04,0.0064,0.0769,0.0747,885001.4,3.2231,3.0992,3.3471,3.1157,1856711,3.2025,3.3058,3.2438,3.2438,284410,1202877,1074717,6292,1
12.62,4.602449196E9,22.2499,704.75,288.38,0.4092,0.3,66.0,1.06780303E7,6.53,53,53,2,2,2003,1.187950914,1.347861541,1.327098543,1.210580165,2005,7,8,4,Consumer Services,Real Estate Investment Trusts,male,male,Yes,sameYear,sameYear,Dec,0 - 100,2001 - 2010,0.0195,-0.01,-0.0545,0.0232,1008940.0,11.0,10.79,11.05,10.8,3703600,11.03,11.09,10.98,10.89,363300,430600,294800,252400,0
12.95,8.357538392E8,20.5438,1190.0,44.04,0.037,0.02,4633.0,256853.01,0.7,56,56,23,23,1976,-1.905656502,-0.638980844,0.109202682,0.85156947,1999,8,3,1,Consumer Services,Other Specialty Stores,male,male,Yes,No,No,Jun,1001 - 5000,1951 - 2000,0.0175,-0.1272,-0.0103,0.2272,3823340.0,18.188,17.875,22.25,18.188,9543400,17.0,16.0,17.0,15.875,4731800,2851900,1411800,577800,0
12.98,6.7462668411E10,24.9348,108530.0,20210.0,0.1862,0.15,69354.0,1564870.09,0.62,63,,60,60,1942,0.549933036,0.780468977,0.894936726,-0.071567291,2002,3,21,3,Basic Industries,Precious Metals,male,male,No,No,,Dec,>10000,1901 - 1950,0.0588,0.0092,0.0315,0.0518,3.498816E7,2.25,2.125,2.25,2.14,106990800,2.1792,2.1792,2.2368,2.2708,42288000,7129200,4604400,13928400,1
13.07,1.335620294E8,18.7101,,,,,,,,54,54,,,,-0.099918346,-1.037857948,-0.517105047,-1.083216032,2001,7,27,4,,,male,male,,No,No,,,Unknown,7.0E-4,0.0027,0.002,0.0067,12920.0,15.01,15.0,15.1,15.0,23400,15.06,15.2,15.06,15.05,13000,17600,4000,6600,0
13.12,3.464503018E8,19.6632,,,,,,,,54,54,,,,0.811008249,0.063207892,-0.658930792,-1.332167491,2002,10,29,1,,,male,male,,No,No,,,Unknown,0.0,7.0E-4,0.0,7.0E-4,30259.8,15.0,15.0,15.01,15.0,0,15.01,15.0,15.05,15.01,0,23900,63100,64299,0
13.14,3.086698873E8,19.5478,,-50.18,,,51.0,,,50,50,11,11,2003,1.375140335,1.800941578,1.690110152,1.85738038,2014,3,7,4,Health Care,Major Pharmaceuticals,male,male,No,sameYear,sameYear,Dec,0 - 100,2001 - 2010,0.0613,0.1506,-0.0218,0.0684,551803.0,11.95,11.26,12.57,11.8,2104040,12.45,12.99,14.0,13.75,181070,171520,186161,116224,0
13.16,4.236725268E8,19.8645,,,,,,,,57,,5,5,2011,0.513810236,1.001137809,1.07552358,0.992934584,2016,6,30,3,Health Care,Major Pharmaceuticals,female,,,Yes,,,,2011 - present,0.2449,-0.0083,-0.3399,0.3292,260224.8,18.15,14.58,19.8,15.0,880253,19.35,19.35,18.21,18.0,256401,0,56293,108177,0
13.25,9.352190923E8,20.6563,396.17,-2.04,-0.0051,,145.0,2732206.9,2.36,58,,,-1,2017,-1.205020054,0.007206285,0.732716879,1.103505422,2016,9,15,3,Consumer Non-Durables,Packaged Foods,male,,Yes,,,Aug,101 - 500,2011 - present,0.0,0.0,0.025,0.0,4300.0,10.0,10.0,10.0,10.0,100,10.0,10.0,10.0,10.0,0,21400,0,0,1
13.39,3.526771774E9,21.9836,5240.0,292.0,0.0557,0.04,6700.0,782089.55,0.67,54,54,1,1,2013,0.280783946,0.743349225,1.190708883,1.41120442,2014,4,17,3,Finance,Investment Bankers/Brokers/Service,male,male,Yes,sameYear,sameYear,Dec,5001 - 10000,2011 - present,0.1327,-0.0124,-0.0736,0.1587,716188.0,16.99,15.0,17.38,15.0,951088,16.99,16.82,16.8,16.78,0,444213,576707,1608932,1
13.4,3.749782568E8,19.7424,351.22,2.62,0.0075,0.12,0.0,,1.07,70,,0,0,2007,1.530095642,1.117356147,1.143188437,1.52553264,2007,9,27,3,,,male,unknown,No,sameYear,,Dec,0 - 100,2001 - 2010,0.0089,0.0084,0.0,0.0151,3549211.8,22.73,22.53,23.34,23.0,13187897,22.8,22.9,23.2,22.92,2532822,757550,939090,328700,0
13.44,6.41764489E8,20.2797,,,,,,,,,48,,,,1.969275209,1.321768825,0.205066201,-0.769166573,2002,11,22,4,,,male,male,,,No,,,Unknown,0.0,7.0E-4,0.0,0.0,0.0,15.0,15.0,15.0,15.0,0,15.01,15.1,15.01,15.01,0,0,0,0,0
13.67,6.165217982E8,20.2396,302.58,21.05,0.0696,0.17,160.0,1891125.0,2.04,59,59,1,1,2012,2.081572017,2.494431755,1.970407282,2.342976011,2013,5,8,2,Finance,Real Estate,male,male,Yes,,,Dec,101 - 500,2011 - present,0.0293,-0.0043,-0.0026,0.016,1103635.6,11.58,11.25,11.68,11.5,4633889,11.55,11.6,11.65,11.53,275783,277093,147369,184044,0
13.68,2.831152061E8,19.4614,,-21.65,,,,,,63,44,6,6,2011,1.538914832,1.614143189,2.092941894,1.837563065,2017,11,2,3,Health Care,Biotechnology: Biological Products (No Diagnostic Substances),male,male,Yes,Yes,sameYear,Dec,,2011 - present,0.0215,0.1603,0.3878,0.0,639672.8,9.98,9.77,12.4,12.4,2388768,9.79,10.48,11.0,11.58,356201,125790,267075,60530,0
13.68,1.41662623E9,21.0715,,,,,,,,63,63,,,,-0.334473208,0.256258259,-0.006341043,0.047255607,2004,10,26,1,,,male,male,,No,No,,,Unknown,,5.0E-4,0.0,,104080.0,20.0,,,,0,20.06,20.1,20.08,20.01,303200,99000,53700,64500,0
14.02,2.06820909E9,21.4499,,,,,,,,55,,9,9,2008,1.516558435,1.160790809,1.263619462,1.739724481,2017,4,28,4,Technology,Computer Software: Prepackaged Software,male,,,Yes,,,,2001 - 2010,0.0209,0.0818,0.2315,0.0863,4418600.6,18.1,17.73,19.33,17.8,14869451,18.19,18.39,20.12,19.58,1728444,720145,1519659,3255304,0
14.04,1.835599709E8,19.0281,,,,,,,,41,41,,,,1.598584875,1.66554752,1.721298639,2.210508747,2011,1,27,3,,,male,male,,Yes,Yes,,,Unknown,0.002,0.0025,0.0015,0.0025,76149.6,20.0,19.96,20.05,20.0,335449,20.1,20.2,20.1,20.05,15699,7400,10150,12050,0
14.05,4.190458303E8,19.8535,,,,,,,,54,54,,,,1.74054037,1.559132989,2.126921545,2.765143485,2004,12,23,3,,,male,male,,No,No,,,Unknown,0.0,4.0E-4,0.0,8.0E-4,82640.0,25.0,25.0,25.02,25.0,323000,25.0,25.01,25.01,25.01,0,32500,30700,27000,1
14.1,3.663893037E8,19.7192,62.38,-18.14,-0.2908,0.56,401.0,155561.1,5.87,43,61,8,8,2008,-0.966951415,-1.706784,0.306919196,0.8551386,2016,10,12,2,Public Utilities,Electric Utilities: Central,unknown,male,No,Yes,,Mar,101 - 500,2001 - 2010,0.0069,0.0205,0.161,0.0186,906774.8,14.6,14.5,16.39,16.12,3218415,13.65,13.7499,14.31,14.9,568683,401512,221665,123599,1
14.12,1.012587518E9,20.7358,,,,,,,,52,52,,,,1.404611809,1.837783237,2.214147028,2.479397373,2006,10,17,1,Public Utilities,Natural Gas Distribution,male,male,,No,No,,,Unknown,0.0241,0.0231,0.083,0.0168,1026383.8,22.53,22.0,22.87,22.5,4382320,23.08,22.98,23.0,23.05,299646,224843,127246,97864,1
14.13,2.844477236E8,19.4661,,-23.23,,,28.0,,,55,55,4,4,2014,1.404964281,1.807579946,1.961745347,2.19688034,2018,1,2,1,Health Care,Major Pharmaceuticals,male,male,Yes,,,Dec,0 - 100,2011 - present,0.0477,0.2554,0.2966,0.1175,270165.8,11.63,11.1,12.47,11.1656,354487,12.75,13.75,15.0,14.6,207409,311010,304649,173274,0
14.22,3.030656128E9,21.832,267.31,-76.46,-0.286,2.49,59.0,4530677.97,11.34,59,59,1,1,2016,1.666177893,1.269088406,1.94739674,1.755958999,2017,1,27,4,Energy,Oil & Gas Production,male,male,Yes,No,No,Dec,0 - 100,2011 - present,0.0362,0.0258,-0.0258,0.0304,4145360.2,14.33,13.83,14.52,14.1,15783498,14.5,14.51,14.75,14.7,2517374,456555,1095648,873726,0
14.25,1.662676534E9,21.2317,3060.0,79.2,0.0259,,11700.0,261538.46,0.54,58,58,86,86,1912,1.503449321,2.390820549,2.656273805,1.795469096,1998,2,18,2,Consumer Durables,Office Equipment/Supplies/Services,male,male,Yes,No,No,Feb,>10000,1901 - 1950,0.0189,-0.0074,0.0855,0.0171,2250660.0,33.625,33.0,34.188,33.625,8185000,35.0,34.25,33.375,33.375,1373900,612200,723800,358400,0
14.29,7.948280912E7,18.1911,,,,,,,,54,54,,,,-1.270033372,0.224911551,0.786637296,1.321101729,2003,9,25,3,,,male,male,,No,No,,,Unknown,,7.0E-4,7.0E-4,,0.0,15.0,,,,0,15.0,15.01,15.01,15.01,0,0,0,0,0
14.39,2.689367519E9,21.7126,36.93,-284.0,-7.6902,6.45,325.0,113630.77,72.82,50,41,5,5,2002,1.679953507,1.492550394,2.218202641,1.88722048,2007,5,31,3,Health Care,Major Pharmaceuticals,male,male,Yes,No,No,Dec,101 - 500,2001 - 2010,0.0126,-0.0298,-0.2003,0.0561,954085.4,14.43,14.25,16.8,16.0,3874142,13.5,13.8,14.02,14.0,606166,162694,86474,40951,0
14.45,2.526145388E8,19.3474,53.31,6.99,0.1311,0.33,153.0,348431.37,4.74,42,,0,0,2007,0.494128625,-0.355572059,0.390988283,1.085213413,2007,3,28,2,,,male,,Yes,No,,Dec,101 - 500,2001 - 2010,0.0,-0.0381,-0.119,0.0,3420.0,10.5,10.5,10.5,10.5,200,10.5,10.25,10.1,10.1,0,900,16000,0,0
14.45,4.953073318E8,20.0207,114.09,-2.02,-0.0177,0.05,412.0,276917.48,4.34,48,,13,13,2002,-0.495886708,0.104228002,0.507090757,1.076953978,2015,4,2,3,Capital Goods,Industrial Machinery/Components,female,male,No,Yes,No,Dec,101 - 500,2001 - 2010,0.1905,-0.0314,0.0643,0.2253,698151.0,14.0,11.76,14.67,12.02,3064280,14.0,13.53,13.84,13.56,0,238938,113577,73960,1
14.5301,,,,,,,,,,,,,,,0.511892521,-0.050309024,0.484641742,0.95443552,2015,7,13,0,,,,,,,,,,Unknown,0.0,0.0013,-0.0165,0.0,5180.4,15.14,15.14,15.14,15.14,0,15.14,18.16,15.29,15.16,7816,6286,1720,10080,0
14.55,1.075200142E9,20.7958,,,,,,,,46,,10,10,1993,1.666415357,2.044735363,2.382744973,2.048037703,2003,6,12,3,Technology,Semiconductors,male,,,No,,,,1951 - 2000,0.0341,0.0239,0.1092,0.1176,1886349.8,17.58,17.0,21.0,19.0,7059662,16.65,17.12,17.2,18.0,963645,585110,384157,439175,1
14.68,1.615737891E9,21.2031,902.9,4.1,0.0045,0.36,1342.0,672801.79,1.79,55,55,0,0,2014,-2.233471945,-1.772239117,-0.30729462,0.634554609,2014,10,9,3,Finance,Investment Managers,male,male,No,No,No,Dec,1001 - 5000,2011 - present,0.0528,0.0036,0.1039,0.0377,2512283.4,13.95,13.25,14.5,14.0,9086801,13.87,14.0,14.0,14.0,1786019,817682,302037,568878,1
14.69,1.05768E7,16.1742,58.99,-13.61,-0.2307,0.34,53.0,1113018.87,0.18,51,51,3,3,2011,1.000691291,1.099347116,1.545597474,1.542934902,2014,4,30,2,Consumer Services,Real Estate Investment Trusts,male,male,Yes,No,No,Dec,0 - 100,2011 - present,0.002,0.0143,0.0321,0.0,19342.6,24.45,24.4,24.9,24.9,40300,24.56,24.4,24.65,24.8,22600,14950,15949,2914,0
14.701,5.340914463E7,17.7935,,,,,,,,54,54,,,,-1.057137395,-0.775713159,-1.377380841,-1.697972865,2001,10,30,1,,,male,male,,No,No,,,Unknown,0.0,0.002,0.0033,0.0027,21720.0,15.0,15.0,15.05,15.01,21500,15.0,15.02,15.0,15.03,48900,14300,1500,22400,0
14.71,4.469183668E9,22.2205,1260.0,300.26,0.2383,0.02,464.0,2715517.24,3.55,50,50,2,2,2011,1.308157463,2.039468256,2.340787163,1.766139487,2013,10,30,2,Consumer Services,Real Estate Investment Trusts,male,male,Yes,No,No,Dec,101 - 500,2011 - present,0.0069,0.0103,-0.0127,0.0099,6087904.8,20.4,20.26,20.85,20.65,24172108,20.65,20.78,20.94,20.61,1772848,1286096,1257353,1951119,1
14.98,1.667044671E9,21.2343,456.66,95.28,0.2086,0.16,72.0,6342500.0,3.65,56,46,1,1,2013,-1.069196879,-1.14618263,0.339400747,0.999427089,2014,2,6,3,Consumer Services,Real Estate Investment Trusts,male,female,Yes,Yes,No,Dec,0 - 100,2011 - present,0.0297,-0.0065,0.0171,0.0297,1725364.4,16.99,16.5,16.99,16.5,7249567,17.3,17.49,17.3,16.88,730741,302532,198197,145785,1
15.05,6.838409669E8,20.3432,165.08,-15.57,-0.0943,0.13,273.0,604688.64,4.14,57,57,4,4,2002,-1.667499094,0.159671728,0.73910313,1.290200661,2006,4,12,2,Health Care,Major Pharmaceuticals,male,male,Yes,No,No,Dec,101 - 500,2001 - 2010,0.3426,0.0072,0.094,0.0624,575453.6,9.68,7.21,10.0,9.55,2244972,9.7,9.7,9.74,9.75,464109,0,86817,81370,1
15.065,5.146271883E9,22.3615,,,,,,,,,,,,,1.675136008,1.772874844,1.713158915,1.128982616,2004,11,3,2,Finance,Major Banks,male,male,,No,,,,Unknown,0.0055,0.0073,0.0084,0.0055,49065.8,8.22,8.175,8.22,8.175,4333,8.274,8.547,8.4,8.28,10999,105999,121999,1999,0
15.19,1.090774913E8,18.5076,,,,,,,,,,,,,0.178884979,0.561754778,0.87009293,1.220566673,2015,6,19,4,,,,,,,,,,Unknown,0.0308,0.0124,0.0771,0.0636,43001.0,20.1,19.5,21.0,19.76,116429,20.19,20.25,20.18,20.35,54211,12475,12220,19670,0
15.25,1.114561439E9,20.8317,488.14,75.49,0.1546,0.21,347.0,1406743.52,2.28,44,44,0,0,2012,0.17492894,1.120703378,1.480151594,1.460146185,2012,9,28,4,Public Utilities,Natural Gas Distribution,male,male,Yes,sameYear,sameYear,Dec,101 - 500,2011 - present,0.0263,-0.0104,-0.0313,0.0233,2193497.8,21.11,20.57,21.48,21.0,8598015,21.3,21.12,20.96,20.89,1204088,534325,362371,268690,1
15.37,2.3786855E9,21.5898,1390.0,144.49,0.1039,0.02,4800.0,289583.33,1.71,67,,88,88,1929,1.680241529,2.137342704,2.261975299,2.304730329,2017,12,15,4,Finance,Real Estate,male,,Yes,Yes,,Dec,1001 - 5000,1901 - 1950,0.0168,0.1384,0.1376,0.0685,2888356.8,13.95,13.72,14.99,14.05,9312062,14.61,15.34,15.37,15.88,1746921,1451811,487152,1443838,0
15.39,1.73218082E8,18.9701,,,,,,,,,53,,,,1.316355054,1.538871992,1.900699634,1.448923187,2012,2,24,4,,,male,male,,,Yes,,,Unknown,0.0045,5.0E-4,0.001,0.0,207030.8,19.99,19.9,20.0,20.0,812286,20.0,20.02,20.0,20.0,86675,46432,52938,36823,0
15.5,4.9164109E7,17.7107,48.24,707851.0,14673.5282,0.07,102.0,472941.18,1.02,48,48,,,,-0.585884583,0.87567467,1.295735144,1.82604714,2017,3,28,1,Finance,Property-Casualty Insurers,male,male,Yes,Yes,Yes,Dec,101 - 500,Unknown,0.0031,0.0625,0.0625,7.0E-4,51473.4,14.4,14.355,17.51,17.5,167085,15.23,15.65,16.4212,15.3,61314,12585,1994,14389,1
15.65,2.35618262E8,19.2777,85.05,9.98,0.1173,0.1,314.0,270859.87,2.77,65,65,,-1,2003,0.211778031,-0.942138081,-1.34810806,-0.911087444,2002,5,22,2,Finance,Savings Institutions,male,male,Yes,No,No,Dec,101 - 500,2001 - 2010,0.0,0.0396,0.2872,0.0,151.2,5.342,5.342,5.342,5.342,378,5.554,5.5537,5.5537,5.5537,378,0,0,0,1
15.81,2.286762511E8,19.2478,,,,,,,,,44,,,,-1.314117396,0.77336947,1.273243505,1.676743184,2013,2,26,1,,,male,male,,,sameYear,,,Unknown,0.0015,0.0,0.0015,0.003,147600.8,20.0,19.97,20.06,20.0,567899,20.0,20.0,20.01,20.0,78081,44324,16500,31200,0
15.82,9492031.64,16.066,,,,,,,,,,,,,-1.058537405,-0.297825077,0.727394501,1.255584871,2011,4,18,0,,,,,,,,,,Unknown,,0.012,-0.0436,,1294.0,30.74,,,,0,30.74,30.88,31.11,31.11,1000,4970,500,0,0
15.95,5.058954648E8,20.0418,,-115.46,,,30.0,,,,,7,7,2010,1.040730062,1.674694446,1.818325042,1.666039766,2017,8,2,2,Health Care,Major Pharmaceuticals,female,,No,,,Dec,0 - 100,2001 - 2010,0.0187,-0.0055,-0.0208,0.0436,1378704.2,16.35,16.05,18.95,18.25,5389978,16.0,16.1,16.0,16.26,619026,347671,185348,351498,1
15.95,9.294685726E9,22.9527,8140.000000000001,-738.0,-0.0907,,26000.0,313076.92,1.14,56,,1,1,2012,-0.78126773,0.602393128,1.151440929,1.654844649,2013,6,19,2,Consumer Services,Newspapers/Magazines,male,,Yes,sameYear,,Jun,>10000,2011 - present,0.0395,-0.0051,0.0057,0.0638,1.14871858E7,15.8,15.2,16.25,15.28,31981441,15.3,15.62,15.53,15.72,9274128,8323460,4279641,3577259,1
15.98,8.25692992E7,18.2291,,,,,,,,60,60,,,,1.410632172,1.842874256,0.909972255,1.168756834,2006,8,28,0,,,male,male,,No,No,,,Unknown,,0.0,-0.01,,49440.0,20.0,,,,0,20.01,20.0,20.0,20.0,130200,19300,30800,66900,0
15.99,3.252416369E8,19.6001,,,,,,,,,45,,,,1.055222808,1.692452992,1.779223873,1.951615733,2013,7,26,4,,,male,female,,,sameYear,,,Unknown,0.0102,-0.0025,-0.0975,0.0,527678.8,19.9,19.7,19.9,19.9,1709508,19.9,19.9,19.9,19.85,375966,136583,330972,85365,0
16.05,8.639193215E8,20.577,,,,,,,,36,,1,1,2014,-1.34297695,-0.217016872,0.132069871,0.849940887,2015,1,6,1,Public Utilities,Electric Utilities: Central,male,male,,No,,,,2011 - present,0.0881,0.1804,-0.0736,6.0E-4,136479.6,13.9096,12.7837,15.6453,15.6375,188551,14.2301,14.7774,14.5507,16.4194,123229,311425,33764,25429,1
16.08,3.527551608E8,19.6813,22.87,-27.02,-1.1815,0.3,126.0,181507.94,15.42,56,56,10,10,2007,1.35551158,1.704588772,2.022316101,2.082769122,2017,12,7,3,Capital Goods,Biotechnology: Laboratory Analytical Instruments,male,male,Yes,Yes,Yes,Dec,101 - 500,2001 - 2010,0.1228,0.0695,0.1156,0.0919,630495.8,17.47,15.56,17.73,16.3,2346192,18.18,19.08,19.0,18.685,268596,134818,216813,186060,0
16.08,3.597936823E8,19.701,1540.0,121.46,0.0789,0.05,1056.0,1458333.33,0.23,,38,17,17,1996,0.221499958,1.181129966,1.498045102,1.762276655,2013,8,9,4,Technology,Computer Software: Prepackaged Software,male,male,No,Yes,No,Mar,1001 - 5000,1951 - 2000,0.0883,-0.17,-0.1479,0.015,1276559.2,18.12,16.65,20.25,20.0,3810765,17.2,16.21,15.24,15.04,702134,745322,920358,204217,0
16.25,2.351487775E8,19.2757,80.61,8.42,0.1045,0.15,335.0,240626.87,2.92,57,52,32,32,1968,-0.316976828,-1.075964964,-1.532811603,-1.887049353,2000,12,29,4,Capital Goods,Construction/Ag Equipment/Trucks,male,male,Yes,No,No,Sep,101 - 500,1951 - 2000,0.1283,-0.0569,0.1817,0.0,29940.0,0.5867,0.52,0.5867,0.5867,126450,0.5867,0.5467,0.5467,0.5533,0,3300,18150,1800,1
16.3,5.52341963E7,17.8271,27.87,360048.0,12918.8375,0.13,145.0,192206.9,1.98,,,,-16,2016,0.842869951,-0.293470726,0.41212399,0.888764443,2000,3,9,3,Finance,Savings Institutions,,,Yes,,,Dec,101 - 500,2011 - present,0.1333,0.0,0.0,0.1333,818.8,8.3036,7.3267,8.3036,7.3267,4094,8.3036,8.3036,8.3036,8.3036,0,0,0,0,0
16.3,7.5795E7,18.1435,,,,,,,,,,,,,1.266920124,1.70575714,0.661146189,0.899353837,2010,9,28,1,,,,,,,,,,Unknown,,0.039,0.0989,,39084.2,25.79,,,,0,25.79,26.12,26.85,26.797,11720,27407,91952,64342,0
16.35,1.313129322E9,20.9957,293.04,50.52,0.1724,0.13,765.0,383058.82,4.48,65,65,1,1,1997,1.628189927,1.866411757,2.518394953,2.217543951,1998,3,25,2,Finance,Savings Institutions,male,male,Yes,No,No,Dec,501 - 1000,1951 - 2000,0.0433,-0.0114,0.0792,0.1221,4046911.2,7.573,7.259,8.459,7.573,12680225,7.43,7.487,7.316,7.487,2918768,1680490,1308919,1646154,0
16.36,5.034235723E8,20.0369,174.09,10.66,0.0612,0.08,749.0,232429.91,2.89,46,46,8,8,2006,-3.786007773,-0.50093352,0.667290013,1.228135464,2014,1,24,4,Consumer Services,Other Consumer Services,female,female,Yes,Yes,Yes,Dec,501 - 1000,2001 - 2010,0.1457,0.1107,-0.058,0.1504,2206442.0,24.3,21.21,24.4,21.21,7471826,24.9,25.5,27.32,26.99,1393615,698004,853206,615559,0
16.46,2.708931494E8,19.4172,,-130.48,,,33.0,,,35,32,,-5,2004,-0.131838618,-0.217049427,0.218555545,0.867561007,1999,8,16,0,Technology,Computer Software: Prepackaged Software,male,male,Yes,No,No,Oct,0 - 100,2001 - 2010,0.5,-0.1664,-0.2915,0.0,2.2,8820.0,5880.0,8820.0,8820.0,1,7352.205,8087.4108,8087.4108,7352.205,8,1,0,1,1
16.55,5.626265677E8,20.1481,8920.0,58.36,0.0065,0.08,2000.0,4460000.0,0.06,51,51,0,0,2005,0.339031409,0.366939808,0.941314727,1.185139368,2005,9,29,3,Energy,Oil Refining/Marketing,male,male,Yes,sameYear,sameYear,Dec,1001 - 5000,2001 - 2010,0.0081,-0.0139,-0.0865,0.02,778800.0,23.7,23.51,25.47,25.0,3139100,23.6,24.2,23.91,23.37,327000,164600,120400,142900,0
16.55,2.166448887E9,21.4964,1800.0,276.37,0.1535,,3321.0,542005.42,1.2,67,67,0,0,1999,0.278278367,0.14175407,0.516597237,0.975254357,1999,8,17,1,Energy,Coal Mining,male,male,Yes,sameYear,sameYear,Dec,1001 - 5000,1951 - 2000,0.0524,-0.0099,-0.2159,0.0489,2922880.0,4.7031,4.4688,4.7656,4.5469,13010400,4.6875,4.6875,4.719,4.6565,427600,185200,521200,470000,0
16.59,1.066017293E9,20.7872,529.17,39.59,0.0748,0.04,8900.0,59457.3,2.01,61,61,44,44,1953,1.262126425,0.946719571,1.121220951,1.39787122,1997,11,20,3,Consumer Services,Restaurants,male,male,Yes,No,No,Dec,5001 - 10000,1951 - 2000,0.0,0.2222,0.1111,0.0,240.0,9.0,9.0,9.0,9.0,600,9.0,11.0,11.0,11.0,0,600,0,0,1
16.63,7.128588361E8,20.3848,,,,,,,,,,,,,0.417344934,1.154973528,1.536871926,1.698714829,2014,7,28,0,,,,,,,,,,Unknown,0.0,5.0E-4,0.014,0.0,331333.0,20.0,20.0,20.0,20.0,0,20.0,20.08,20.05,20.01,1307930,129612,163353,55770,1
16.83,2.437714422E8,19.3117,,,,,,,,,48,,,,-0.724947755,0.412817457,1.077364768,1.364417616,2007,6,27,2,,,male,male,,,,,,Unknown,5.0E-4,-5.0E-4,0.0,5.0E-4,109960.0,20.01,20.0,20.01,20.0,418800,20.0,20.0,20.01,20.0,81800,10700,27700,10800,0
16.84,5.887703861E8,20.1935,3600.0,-57.0,-0.0158,,24000.0,150000.0,0.16,53,,0,0,2016,0.53410187,0.443259905,1.095087251,1.306085279,2016,9,28,2,Miscellaneous,Publishing,male,female,Yes,sameYear,No,Dec,>10000,2011 - present,0.0,-0.1541,-0.2406,0.0,817214.2,34.0,34.0,34.0,34.0,100,34.0,37.4,28.61,28.76,28855,37160,2236692,1783264,0
16.94,1.292525625E9,20.9799,,,,,,,,,45,,,,-0.042678906,1.209491596,1.684055397,1.665204827,2004,1,28,2,,,,male,,,No,,,Unknown,0.0,0.0,0.0,0.0,143560.0,20.0,20.0,20.01,20.01,439500,20.02,20.0,20.01,20.0,79900,55300,84200,58900,0
17.0,3.04847791E8,19.5353,62.54,9.0,0.1439,0.09,259.0,241467.18,4.87,51,51,1,1,2004,-1.337496378,0.539302597,0.202267286,0.787106655,2005,6,24,4,Finance,Savings Institutions,unknown,unknown,Yes,Yes,Yes,Dec,101 - 500,2001 - 2010,0.0462,-0.0199,0.0,0.0662,1908402.2,13.6,13.0,13.86,13.0,7435675,13.4,13.4,13.37,13.33,504067,324333,451264,826672,1
17.0,4.53809033E8,19.9332,930.91,34.16,0.0367,0.11,5400.0,172390.74,0.49,53,57,16,16,1998,1.664994785,1.332411436,1.630751305,1.748535933,2014,11,3,0,Technology,Electrical Products,male,male,Yes,,,Jun,5001 - 10000,1951 - 2000,0.3911,0.3795,0.4668,0.763,275102.8,7.22,5.19,9.29,5.33,142453,8.75,10.06,10.46,9.96,552709,316064,144825,219463,1
17.06,5.990844192E8,20.2109,39.51,-150.22,-3.8021,0.29,216.0,182916.67,15.16,47,47,12,12,2001,2.472342506,1.834027635,1.984241403,1.793642807,2013,9,18,2,Health Care,Major Pharmaceuticals,male,male,Yes,No,No,Dec,101 - 500,2001 - 2010,0.0046,0.0436,0.0291,0.0,1052398.6,13.08,13.02,16.0,16.0,4409024,13.11,13.74,13.32,13.65,607649,165650,41960,37710,1
17.06,2.582731569E9,21.6721,2810.0,187.19,0.0666,0.17,1251.0,2246203.04,0.92,56,56,4,4,2009,1.033407298,1.65310513,2.093856473,2.174514721,2013,1,31,3,Capital Goods,Homebuilding,male,male,Yes,sameYear,sameYear,Dec,1001 - 5000,2001 - 2010,0.0026,-0.0467,-0.0341,0.0226,3173249.8,19.05,19.0,19.99,19.56,12752948,19.0,18.4,18.18,18.16,1467804,528951,689092,427454,0
17.1,1.9635989E9,21.398,159.2,129.12,0.8111,0.96,136.0,1170588.24,12.33,59,59,6,6,1998,0.271746231,-0.44186778,0.636460004,1.190295892,2004,4,14,2,Health Care,Major Pharmaceuticals,male,male,Yes,No,No,Dec,101 - 500,1951 - 2000,0.0192,-0.0989,-0.148,0.0333,201586.4,12.23,12.0,12.65,12.25,358208,12.0,12.0,11.4,11.02,214574,111750,292100,31300,0
17.13,1.087629386E9,20.8073,38.04,-131.17,-3.4482,0.85,477.0,79748.43,28.59,,69,14,14,2003,1.063444261,1.761462965,1.687085572,1.763862445,2017,6,14,2,Health Care,Major Pharmaceuticals,,male,Yes,,Yes,Dec,101 - 500,2001 - 2010,0.1204,0.1537,0.4403,0.0892,732781.0,12.56,11.2104,13.0,12.0,1951731,13.68,13.89,14.52,14.49,808479,120749,392324,390622,1
17.17,2.413618991E9,21.6044,4170.0,431.0,0.1034,,20000.0,208500.0,0.58,50,50,0,0,2006,2.136642033,1.773449982,2.062190226,2.857660711,2006,11,16,3,Basic Industries,Military/Government/Technical,male,male,Yes,No,No,Dec,>10000,2001 - 2010,0.0122,0.0265,0.1031,0.0244,6501099.8,20.75,20.5,21.5,21.0,22338000,21.95,22.37,21.81,21.3,5273500,2092299,1295800,1505900,1
17.2,5.196167128E8,20.0686,898199.0,-67.83,-1.0E-4,,37.0,2.427564864865E10,0.0,51,51,10,10,2003,1.605345028,2.054090575,2.492782715,2.427919829,2013,1,29,1,Health Care,Major Pharmaceuticals,male,male,Yes,Yes,Yes,Dec,0 - 100,2001 - 2010,0.0727,-0.1127,0.0102,0.1391,303572.0,11.8,11.0,12.53,11.0,1152491,11.15,10.98,10.75,10.47,167445,138743,30904,28277,1
17.21,4.667971216E8,19.9614,629.82,14.2,0.0225,0.11,3000.0,209940.0,0.74,46,46,3,3,2011,1.489249179,0.828237987,1.105674262,1.457702303,2014,10,30,3,Consumer Services,Clothing/Shoe/Accessory Stores,male,male,Yes,Yes,Yes,Mar,1001 - 5000,2011 - present,0.0338,-0.0235,0.2309,0.0296,1594871.6,17.45,16.88,19.5,19.0,6884159,17.75,17.56,17.38,17.04,429081,111994,187744,361380,1
17.3,5.10057976E8,20.05,131.17,-39.55,-0.3015,0.23,864.0,151817.13,3.89,59,46,14,14,1999,1.168504926,1.541473905,1.953551564,2.267739493,2013,3,20,2,Technology,"Computer Software: Programming, Data Processing",male,male,Yes,Yes,No,Sep,501 - 1000,1951 - 2000,0.004,0.004,0.0025,0.098,2512596.6,19.98,19.9,22.25,20.3,9985844,19.21,18.45,19.7,20.06,981864,722174,674346,198755,0
17.39,7.79072E8,20.4736,,,,,,,,49,60,,,,0.452084546,1.35863639,1.867299866,2.179981631,2004,12,8,2,,,unknown,male,,Yes,No,,,Unknown,,0.0264,0.0061,,538920.0,14.77,,,,0,14.79,14.86,15.04,15.16,935000,573600,526700,659300,0
17.47,2.314616704E9,21.5625,570.67,17.69,0.031,0.04,136.0,4196102.94,4.06,54,54,13,13,1997,-1.184396129,-1.869075912,-0.254327576,0.771185972,2010,2,10,2,Consumer Services,Building operators,male,male,Yes,Yes,Yes,Dec,101 - 500,1951 - 2000,0.0856,0.0513,0.1333,0.0689,1286203.2,15.6,14.37,15.74,14.75,4343012,15.75,16.0,16.0,16.4,889898,805620,0,392486,1
17.48,1.060452028E9,20.782,572.98,116.76,0.2038,0.19,3.0,1.9099333333E8,1.85,54,54,0,0,2009,1.504403958,2.355899847,1.740525217,0.287213715,2009,7,30,3,Consumer Services,Real Estate Investment Trusts,male,male,Yes,No,No,Dec,0 - 100,2001 - 2010,0.0074,-5.0E-4,0.0283,0.0195,1842836.4,19.1,18.96,19.37,19.0,6670410,18.8,19.0,19.1,19.09,1445548,666944,284211,147069,0
17.52,1.493529542E8,18.8218,43.7,6.5,0.1487,0.09,157.0,278343.95,3.42,57,57,1,1,2005,0.988808142,1.638962701,1.327559902,1.795860127,2006,4,4,1,Finance,Major Banks,male,male,Yes,No,No,Dec,101 - 500,2001 - 2010,0.0,-0.0607,-0.1041,0.0,6928.8,11.345,11.345,13.301,13.301,3323,11.345,12.1274,10.9381,10.6564,0,11571,11715,8035,0
17.6,1.004946782E9,20.7282,464.64,19.37,0.0417,,164.0,2833170.73,2.16,60,60,28,28,1979,1.341189433,1.649747915,1.855528393,1.997845687,2007,10,10,2,Technology,Diversified Commercial Services,male,male,No,No,No,Dec,101 - 500,1951 - 2000,0.0241,-0.0288,-0.0618,0.0542,1373200.0,17.0,16.6,17.55,16.65,4962900,16.3,16.42,16.31,16.51,1219100,287000,153400,243600,0
17.7,1.379254269E9,21.0448,,,,,,,,46,,3,3,2011,-2.889071028,0.075291089,0.396795389,1.061496243,2014,12,12,4,Technology,Computer Software: Prepackaged Software,male,,,sameYear,,,,2011 - present,0.1915,-0.1296,0.0224,0.112,1839559.0,26.38,22.14,26.5,24.02,6311501,25.14,24.97,23.86,22.96,928776,473063,497406,987049,1
17.74,8.041934764E8,20.5054,549.85,-328.72,-0.5978,0.04,113.0,4865929.2,1.46,51,51,22,22,1991,0.730110592,1.330031569,1.421872359,1.867642094,2013,5,1,2,Finance,Property-Casualty Insurers,male,male,Yes,No,No,Dec,101 - 500,1951 - 2000,0.1111,0.119,0.247,0.1594,1402906.4,20.0,18.0,21.48,18.61,922601,20.2,20.4,21.44,22.38,707682,596922,1854895,2932432,1
17.75,1.138671304E9,20.8531,,,,,,,,40,42,,,,0.572761293,1.085523431,1.319504883,1.60996497,2014,3,21,4,,,male,male,,No,No,,,Unknown,0.0031,0.0219,0.1038,0.0251,599482.6,16.0,15.95,16.45,16.05,2379253,16.1,16.51,16.7,16.35,242491,217381,106650,51638,1
17.8,4.84030238E7,17.6951,176.7,-1.79,-0.0101,,252.0,701190.48,0.27,54,54,6,6,1993,-0.273308799,0.676602839,1.148608596,1.686730985,1999,2,16,1,Consumer Durables,Specialty Chemicals,male,male,Yes,No,No,Dec,101 - 500,1951 - 2000,1.3684,-0.3778,-0.4889,1.5658,80805.8,225.0,95.0,243.75,95.0,45060,317.5,210.0,146.25,140.0,191610,78530,56320,32509,0
17.94,5.852511483E8,20.1876,144.75,10.38,0.0717,0.01,581.0,249139.41,4.04,66,66,0,0,2016,0.513810236,1.001137809,1.07552358,0.992934584,2016,6,30,3,Finance,Major Banks,male,male,Yes,,,Dec,501 - 1000,2011 - present,0.0254,-0.0046,0.0387,0.004,894088.6,12.92,12.6,13.04,12.99,3459966,12.81,12.81,12.88,12.86,516970,0,171353,322154,1
17.98,1.074147639E9,20.7948,,,,,,,,54,,,,,2.187722425,1.906575953,2.494237161,1.80880219,2010,4,15,3,,,male,male,,Yes,,,,Unknown,0.0287,0.0061,-0.0143,0.0315,513906.4,14.71,14.3,14.95,14.5,1801201,14.7,14.72,14.85,14.8,247320,231555,171166,118290,1
18.1,2.426970827E9,21.6099,4440.0,171.43,0.0386,0.04,42200.0,105213.27,0.55,60,60,5,5,2004,0.26901697,1.040024962,1.528454534,1.52228358,2009,9,25,4,Health Care,Hospital/Nursing Management,male,male,Yes,No,No,Dec,>10000,2001 - 2010,0.0791,-0.0089,-0.0416,0.0428,3044018.0,10.09,9.35,10.15,9.75,11966555,10.45,10.088,10.07,10.0,1654224,679735,384264,535312,0
18.14,2.6206936E8,19.3841,12.19,14.37,1.1788,0.87,,,21.5,69,60,1,1,2014,-0.994336791,-0.087842341,0.449291687,1.026732661,2015,3,27,4,Consumer Services,Real Estate Investment Trusts,male,male,Yes,sameYear,sameYear,Dec,,2011 - present,0.015,0.0556,0.0679,0.0195,105040.0,20.31,20.01,20.4395,20.05,366601,20.75,20.75,21.47,21.44,37540,34562,45536,40961,0
18.14,7.265070363E8,20.4038,,,,,,,,,,,,,1.313798429,1.902055978,1.299577178,1.328690677,2012,8,13,0,,,,,,,,,,Unknown,,0.0,0.009,,55989.6,20.08,,,,0,20.08,20.07,20.06,20.0801,5525,149479,36703,88241,0
18.1945,1.455563639E7,16.4935,,,,,,,,,,,,,-0.914018047,0.288225706,0.8776145,1.357855059,2013,8,23,4,,,,,,,,,,Unknown,0.0,-0.0095,0.037,0.0,7900.0,20.01,20.01,20.01,20.01,0,20.01,19.92,19.83,19.82,22600,150,12400,4350,1
18.2,1.748153134E8,18.9792,,,,,,,,54,54,,,,-1.392792779,-0.720002939,0.350981535,1.043607245,2004,4,28,2,,,male,male,,sameYear,sameYear,,,Unknown,0.0,5.0E-4,-0.085,0.002,41560.0,20.0,20.0,20.04,20.0,83900,20.0,20.0,20.0,20.01,11600,41500,36700,34100,0
18.2,2.748749149E9,21.7344,810.6,99.4,0.1226,0.15,498.0,1627710.84,3.39,70,53,30,30,1977,0.539036918,-0.649781297,-0.627071198,0.016176079,2007,12,3,0,Finance,Real Estate,male,female,Yes,Yes,No,Dec,101 - 500,1951 - 2000,0.0,-0.0099,0.0055,0.0,95340.0,9.05,9.05,9.18,9.18,112700,9.0,8.97,8.97,8.96,61800,238800,62400,1000,1
18.2,8.035738948E9,22.8072,2550.0,367.32,0.144,0.09,,,3.15,63,42,112,112,1888,0.957913569,1.285730832,1.786561301,2.182194868,2000,1,3,0,Capital Goods,Building Materials,male,male,No,No,No,Mar,,<= 1900,0.025,-0.0732,0.0244,0.0,1167.0,3.075,3.0,3.075,3.075,4835,3.15,3.15,3.15,2.85,665,0,0,335,0
18.23,8.326524061E8,20.5401,2440.0,71.74,0.0294,0.31,905.0,2696132.6,0.34,53,53,28,28,1984,-0.617824551,1.030340469,0.97791882,1.17083196,2012,9,5,2,Energy,Oil & Gas Production,male,male,Yes,No,No,Dec,501 - 1000,1951 - 2000,0.0,3.3332,17.6661,0.0,149.0,0.572,0.572,0.572,0.572,11,1.2393,2.0973,2.4786,2.4786,573,104,57,0,1
18.45,8.776062792E8,20.5927,,,,,,,,53,53,,,,-0.279447635,0.998067531,1.48622207,1.640934274,2003,6,25,2,,,male,male,,,,,,Unknown,4.0E-4,0.002,0.0144,0.0,178540.0,25.01,25.0,25.05,25.05,406000,25.1,25.13,25.05,25.06,163800,121900,101600,99400,1
18.55,4.929970616E8,20.016,1050.0,23.55,0.0224,0.12,1516.0,692612.14,0.47,75,,0,0,1998,-2.084866325,-0.859875717,0.627565129,1.284103843,1998,6,3,2,Consumer Services,Other Specialty Stores,male,,Yes,sameYear,,Sep,1001 - 5000,1951 - 2000,0.005,0.0646,-0.0249,0.035,231120.0,12.563,12.5,13.0,12.563,843700,12.875,13.75,13.438,13.375,103600,103000,56900,48400,0
18.68,6.016227625E8,20.2151,10.14,-70.7,-6.9724,,89.0,113932.58,59.33,66,66,2,2,2013,0.371041816,1.060618949,0.334190326,0.271567913,2015,11,11,2,Health Care,Biotechnology: Biological Products (No Diagnostic Substances),male,male,Yes,Yes,Yes,Dec,0 - 100,2011 - present,0.2034,0.0789,0.3927,0.1919,280641.4,17.75,14.75,17.93,15.1,1261016,17.5,18.1,17.8,19.15,91929,26995,9364,13903,0
18.8,7.037300224E8,20.3719,223.2,51.75,0.2319,0.1,373.0,598391.42,3.15,66,66,1,1,1995,0.0,0.0,0.0,0.0,1996,6,26,2,Finance,Savings Institutions,male,male,Yes,No,No,Dec,101 - 500,1951 - 2000,0.0164,0.0052,0.0162,0.027,7134682.4,3.463,3.407,3.555,3.463,19982700,3.5,3.481,3.5,3.481,6264675,4206937,2459700,2759400,1
18.85,1.16268717E9,20.874,327000.0,-95.15,-3.0E-4,,192.0,1.703125E9,0.0,56,,8,8,1996,0.513849408,1.111160803,1.615969053,1.66540531,2004,2,19,3,Health Care,Major Pharmaceuticals,male,,Yes,No,,Dec,101 - 500,1951 - 2000,0.1677,-0.0851,-0.1659,0.1776,51856.0,94.0,80.5,99.8,85.5,170508,90.0,86.0,85.5,86.0,63371,12270,6481,6650,0
18.92,1.0524472556E10,23.077,,,,,,,,62,,62,62,1937,0.908925226,0.006679705,0.01174006,0.730731784,1999,10,8,4,Public Utilities,Oil/Gas Transmission,male,,,No,,,,1901 - 1950,0.0568,-0.0753,-0.0484,0.0625,2269036.8,2.5272,2.3913,2.5407,2.3913,2456795,2.4593,2.1739,2.3098,2.337,441199,2734796,4659997,1052397,1
18.97,3.634195183E9,22.0137,751.09,-303.69,-0.4043,0.05,2960.0,253746.62,4.84,45,,9,9,2004,1.424721628,1.303533796,1.59482667,1.605531035,2013,9,20,4,Technology,Computer peripheral equipment,male,male,Yes,sameYear,,Dec,1001 - 5000,2001 - 2010,0.0204,0.1564,0.1769,0.1301,4519136.4,36.0,35.28,44.89,40.3,16878623,37.45,37.01,38.8,41.63,2404078,1219599,995120,1098262,1
18.98,2.366842897E9,21.5848,124.9,-289.4,-2.3171,6.21,425.0,293882.35,18.95,56,56,11,11,1993,1.138070196,-0.004545397,0.118417922,0.946231104,2004,5,27,3,Health Care,Major Pharmaceuticals,male,male,Yes,No,No,Dec,101 - 500,1951 - 2000,0.0308,-0.0597,-0.0746,0.0092,435556.2,6.7,6.5,7.5,7.44,1919155,6.61,6.61,6.5,6.3,105130,0,118586,34910,1
18.99,3.251787516E9,21.9025,3590.0,-778.1,-0.2167,0.32,,,0.91,,,,-2,2017,-1.193694432,-1.319514391,-0.152431385,0.6370873,2015,7,1,2,Consumer Services,Television Services,,,Yes,,,Dec,,2011 - present,0.0,-0.3553,-0.3873,0.0,701119.0,69.89,69.89,69.89,69.89,200,48.1,48.1,47.34,45.06,2130909,0,700710,673776,0
18.9974,6.64879744E7,18.0125,21.18,-2.85,-0.1346,,109.0,194311.93,3.14,60,60,0,0,2011,-0.147753894,-1.060077566,-1.726424512,-1.272923477,2011,9,13,1,Finance,Savings Institutions,male,male,Yes,No,No,Dec,101 - 500,2011 - present,0.0258,0.0063,-0.0207,0.0304,275033.2,11.13,10.85,11.23,10.9,1082130,11.11,11.14,11.12,11.2,122412,47992,24500,98132,1
19.0,4.89673225E8,20.0092,112.0,-3.73,-0.0333,0.06,353.0,317280.45,4.37,59,59,9,9,2006,1.840506299,1.498255235,0.744785888,0.829993387,2015,11,2,0,Finance,Major Banks,male,male,Yes,No,No,Dec,101 - 500,2001 - 2010,0.087,-0.0567,-0.038,0.087,56024.2,15.0,13.8,15.0,13.8,1777,15.66,14.305,14.05,14.15,3766,76378,147047,51153,1
19.0,4.490369997E9,22.2252,,,,,,,,54,58,,,,1.356454742,1.725065621,1.823971278,2.273350147,2017,3,15,2,Consumer Durables,Containers/Packaging,male,male,,Yes,Yes,,,Unknown,0.0461,-0.0716,-0.079,0.0543,2316959.6,22.91,21.9,23.14,21.95,9892831,22.55,22.01,21.53,21.27,726336,348628,281414,335589,0
19.06,1.487766039E8,18.818,52.96,14.94,0.2821,0.03,23.0,2302608.7,2.81,60,51,13,13,1989,1.633086224,0.132476729,-0.782277326,-1.451410811,2002,10,15,1,Finance,Investment Managers,male,female,Yes,No,No,Sep,0 - 100,1951 - 2000,0.0,0.0,-0.0636,0.0,505.2,2.1729,2.1729,2.1729,2.1729,2526,2.1729,2.1729,2.1729,2.1729,0,0,0,0,1
19.49,6.437860025E10,24.888,1021630.0,29330.0,0.0287,0.05,,,0.06,52,,1,1,2000,-0.067764431,0.030860992,-0.772747416,-1.217068269,2001,2,7,2,Public Utilities,Telecommunications Equipment,male,male,No,Yes,No,Dec,,1951 - 2000,0.0251,0.0686,-0.1324,0.0025,1.681212E7,3.4,3.3167,3.4667,3.4584,111600,3.5966,3.7667,3.8667,3.6333,237600,175800,269400,83266200,0
19.51,2.4915823E8,19.3336,45.62,-8.93,-0.1957,0.22,69.0,661159.42,5.46,62,62,11,11,2006,1.450048224,2.104536888,2.150430866,1.739142261,2017,10,12,3,Health Care,Medical/Dental Instruments,male,male,Yes,Yes,Yes,Dec,0 - 100,2001 - 2010,0.1194,-0.0895,-0.0531,0.1689,735552.6,19.22,17.17,20.9,18.0,2882048,18.75,18.18,17.75,17.5,327174,178096,180832,109613,0
19.54,2.371961694E9,21.587,1700.0,-106.0,-0.0624,,3400.0,500000.0,1.4,58,58,,-1,2011,0.485089435,1.146828146,1.575677464,1.652124792,2010,12,1,2,Basic Industries,Major Chemicals,male,male,Yes,No,No,Dec,1001 - 5000,2011 - present,0.0031,0.1211,0.1801,0.0031,214400.0,16.1,16.05,16.1,16.05,110000,16.1,18.05,18.05,18.05,25000,585000,0,352000,1
19.55,1.502580782E9,21.1304,138.88,-88.1,-0.6344,0.27,279.0,497777.78,10.82,56,56,3,3,2001,0.759965082,0.769381293,0.444520639,1.036949317,2004,6,22,1,Health Care,Biotechnology: Biological Products (No Diagnostic Substances),male,male,Yes,No,No,Dec,101 - 500,2001 - 2010,0.1833,0.0883,-0.0397,0.3091,345559.4,7.81,6.6,8.79,6.75,1168119,8.0,8.699,8.4,8.5,178181,161123,166584,53790,1
19.62,6.479300167E8,20.2893,252.46,60.59,0.24,0.49,2520.0,100182.54,2.57,53,,5,5,2010,1.39955559,1.177511352,1.251935111,1.334267195,2015,7,16,3,Consumer Services,Other Consumer Services,unknown,,No,No,,Dec,1001 - 5000,2001 - 2010,0.0644,-0.1282,-0.0848,0.1095,894914.0,11.08,10.41,11.55,10.41,2562437,10.02,9.75,9.98,9.66,1402608,348717,28959,131849,0
19.72,7.467123928E8,20.4312,,-50.0,,,,,,56,,7,7,2010,1.409171735,2.07047786,2.167398768,1.747216289,2017,10,13,4,Health Care,Major Pharmaceuticals,male,,Yes,Yes,,Dec,,2001 - 2010,0.0463,0.0,-0.0884,0.0523,1058978.4,19.0,18.16,20.949,20.0,3917692,19.61,19.22,19.14,19.0,546944,360835,388721,80700,0
19.82,1.4608706906E10,23.4049,9330.0,1520.0,0.1629,0.55,9047.0,1031281.09,1.57,,43,16,16,2001,0.515582655,1.322870285,1.473695664,1.649630501,2017,6,22,3,Consumer Services,Television Services,,unknown,Yes,,,Dec,5001 - 10000,2001 - 2010,0.0378,0.0061,-0.0388,0.0362,9140009.0,32.71,31.52,32.74,31.6,31457257,34.3,33.9,32.86,32.91,5375390,1792781,2619488,4455129,0
20.25,,,,,,,,,,,,,,,-1.335265934,0.319690742,0.98285332,1.257351653,2016,9,12,0,,,,,,,,,,Unknown,0.0,0.0,0.0203,0.0,718.6,15.191,15.191,15.191,15.191,0,15.191,15.191,15.191,15.191,0,0,0,3593,1
20.3,1.221555748E9,20.9234,200.6,94.35,0.4703,0.3,,,6.09,56,56,3,3,2014,2.09837473,2.065752674,1.923697633,1.775843301,2017,7,20,3,Consumer Services,Real Estate Investment Trusts,female,female,Yes,Yes,Yes,Dec,,2011 - present,0.0119,0.0087,-0.0041,0.0114,1764535.0,19.58,19.35,19.82,19.6,5695361,19.67,19.75,19.6,19.75,713312,733257,490249,1190496,0
20.44,2.183795067E9,21.5043,949.78,98.27,0.1035,,51.0,1.862313725E7,2.3,48,53,8,8,2007,0.695166926,-0.101710774,0.693410899,1.187141489,2015,2,4,2,Consumer Services,Hotels/Resorts,male,male,Yes,No,No,Dec,0 - 100,2001 - 2010,0.0024,0.0175,0.0321,0.1293,1339524.0,20.55,20.5,23.65,21.0,1491729,20.32,20.7,20.96,20.91,1690391,1187613,1067470,1260417,0
20.46,2.073617747E9,21.4526,,,,,,,,,,,,,1.047581995,1.488342065,1.498536352,1.931729252,2013,4,26,4,,,,,,,,,,Unknown,0.0101,0.0012,0.002,0.0101,1515563.4,25.0,24.75,25.0,24.75,4802265,25.1,25.01,25.0,25.03,980931,954959,498941,340721,0
20.47,1.116829035E9,20.8338,565.8,40.4,0.0714,0.11,176.0,3214772.73,1.97,62,62,3,3,2014,-0.819578731,0.589606451,1.110796834,1.667046523,2017,4,5,2,Energy,Oil & Gas Production,male,male,Yes,Yes,Yes,Dec,101 - 500,2011 - present,0.0115,0.0129,0.018,0.019,2391565.2,25.6,25.31,25.98,25.5,9768437,26.07,25.89,25.99,25.93,859584,357910,786276,185619,0
20.5,8.66346933E8,20.5798,,,,,,,,55,55,,,,-1.173088567,-1.81828532,-0.178021372,0.797001751,2010,2,9,1,,,male,male,,Yes,Yes,,,Unknown,0.0411,0.0233,0.0761,0.0231,668638.6,18.0,17.29,18.2,17.8,2580082,18.08,18.35,18.42,18.42,158455,156644,448012,0,1
20.5,2.433400082E9,21.6126,191.27,186000.0,972.4473,,94.0,2034787.23,12.72,56,56,10,10,2003,0.058271622,0.579710159,1.055660733,1.286686159,2013,10,10,3,Consumer Services,Real Estate Investment Trusts,unknown,unknown,Yes,sameYear,sameYear,Dec,0 - 100,2001 - 2010,0.0273,-0.0027,-0.0049,0.0119,641547.2,22.6,22.0,23.012,22.75,1086848,22.44,22.5,22.5,22.54,565628,453525,426608,675127,1
20.55,1.33585275E9,21.0128,156.12,80.1,0.5131,0.02,,,8.56,,57,1,1,2017,2.313299694,2.520051184,2.549789908,2.718872862,2018,1,12,4,Consumer Services,Real Estate Investment Trusts,,male,Yes,,,Dec,,2011 - present,0.0052,-0.0051,-0.0878,0.0129,1901139.8,23.35,23.23,24.0,23.7,7513408,23.35,23.35,23.41,23.23,0,870206,479466,642619,0
20.6,2.181672025E9,21.5034,744.99,-64.94,-0.0872,0.08,2675.0,278500.93,2.93,72,72,61,61,1950,1.790050558,1.638812771,1.679413652,2.188661255,2011,2,3,3,Health Care,Industrial Specialties,male,male,Yes,No,No,Dec,1001 - 5000,1901 - 1950,0.0028,0.0,0.0294,0.0033,1203217.4,18.05,18.0,19.06,19.0,5101992,18.38,18.39,18.18,18.05,432905,248558,133750,98882,1
20.62,5.492218655E9,22.4266,44630.0,236.0,0.0053,0.08,,,0.12,61,49,48,48,1948,0.0,0.0,0.0,0.0,1996,3,8,4,Consumer Services,Food Chains,male,male,No,No,No,Dec,,1901 - 1950,0.0345,0.024,0.0232,0.0,14920.0,6.719,6.495,6.719,6.719,54000,6.875,6.875,6.8175,6.88,400,0,10000,10200,1
20.62,6.526727148E9,22.5992,3020.0,615.07,0.2037,0.4,593.0,5092748.74,2.16,63,61,11,11,2002,0.058271622,0.579710159,1.055660733,1.286686159,2013,10,10,3,Energy,Oil & Gas Production,male,male,Yes,Yes,Yes,Dec,501 - 1000,2001 - 2010,0.0087,0.1067,0.0383,0.0169,7461014.8,52.01,51.56,55.02,54.15,29240916,53.3,55.64,57.06,57.56,3245345,1018837,1566723,2233253,1
20.69,1.045461769E8,18.4651,,-33.53,,,,,,51,,12,12,2004,0.17893629,0.493829519,0.91576943,0.845351694,2016,7,5,1,Health Care,Biotechnology: Biological Products (No Diagnostic Substances),male,unknown,No,Yes,,Dec,,2001 - 2010,0.0,0.0,0.0,0.0,120.0,24.4,24.4,24.4,24.4,600,24.4,24.4,24.4,24.4,0,0,0,0,0
20.7,6.767677458E8,20.3328,212.5,68.07,0.3203,0.23,,,3.18,50,,0,0,2013,3.087415636,2.002286563,1.914399875,2.276913824,2013,4,10,2,Consumer Services,Marine Transportation,male,male,No,No,,Dec,,2011 - present,0.0014,0.0184,0.0789,0.0,1405692.4,21.79,21.76,23.0,23.0,5488863,21.97,22.23,22.24,22.19,602864,543764,259014,133957,1
21.07,2.278370317E8,19.2441,,,,,,,,55,55,,,,-0.27622042,0.796106514,1.050084822,-0.292529551,2009,6,26,4,,,female,female,,No,No,,,Unknown,0.0,0.001,0.0,0.0,52967.0,20.0,20.0,20.0414,20.0414,171580,20.0,20.02,20.04,20.02,15100,20355,24700,33100,0
21.199,3.692082921E8,19.7269,36.02,26.89,0.7465,0.18,,,10.25,66,66,0,0,2010,1.062591587,1.50563908,1.664648163,1.506352915,2010,10,27,2,,,male,male,Yes,No,No,May,,2001 - 2010,0.0,0.0015,0.0,5.0E-4,114957.6,20.0,20.0,20.01,20.0,382596,20.01,20.01,20.01,20.03,103220,42289,22977,23706,0
21.21,5.796996091E8,20.178,,-32.74,,,60.0,,,50,59,4,4,2013,1.35551158,1.704588772,2.022316101,2.082769122,2017,12,7,3,Health Care,Major Pharmaceuticals,male,male,Yes,Yes,Yes,Dec,0 - 100,2011 - present,0.0309,0.0152,0.0517,0.065,379515.4,23.0,22.31,24.45,23.0,1228850,22.67,23.25,23.54,23.35,170018,267401,149084,82224,0
21.24,2.53192053E9,21.6522,915.2,95.24,0.1041,0.38,,,2.77,42,,91,91,1926,1.577813412,1.666618391,2.12967206,1.840099084,2017,11,1,2,Capital Goods,Building Materials,male,,No,Yes,,Dec,,1901 - 1950,0.0047,-0.0075,0.0347,0.0235,4889212.0,21.35,21.25,22.15,21.65,18872243,21.51,21.5,21.63,21.19,1508772,1790188,718354,1556503,0
21.32,7.51402144E8,20.4375,216.64,-45.11,-0.2082,0.26,560.0,386857.14,3.47,44,44,5,5,2013,1.855945229,2.428793157,2.632459623,2.971076489,2018,1,26,4,Consumer Durables,Miscellaneous manufacturing industries,male,male,Yes,Yes,Yes,Dec,501 - 1000,2011 - present,0.1104,0.0497,0.0816,0.1152,1451444.6,18.5,16.66,18.92,17.0,5379050,18.9,19.43,19.57,19.42,672114,652812,368852,184395,0
21.39,1.02051844E9,20.7436,1130.0,80.16,0.0709,,3402.0,332157.55,0.9,54,54,66,66,1938,2.4405324,1.769891044,2.303029956,2.818395488,2004,12,14,1,Consumer Durables,Office Equipment/Supplies/Services,male,male,Yes,Yes,Yes,Dec,1001 - 5000,1901 - 1950,0.0823,0.0058,-0.0175,0.0532,2100700.0,17.1,15.8,17.14,16.3,5935200,18.0,18.3,17.8,17.2,1548000,402600,1671700,946000,1
21.55,2.493268626E8,19.3343,48.19,-3.16,-0.0656,0.01,268.0,179813.43,5.17,59,59,17,17,1980,0.989051474,1.530783211,1.961447144,2.011587302,1997,6,2,0,Miscellaneous,Business Services,male,male,Yes,No,No,Dec,101 - 500,1951 - 2000,0.0357,0.0115,0.0115,0.0119,63740.0,21.75,21.0,22.0,21.75,97250,22.0,21.876,22.0,22.0,26700,42750,121500,30500,1
21.55,5.192005081E8,20.0678,1380.0,100.76,0.073,0.36,3189.0,432737.54,0.38,54,54,1,1,2012,1.630290246,2.193934334,1.848890685,2.23940174,2013,5,9,3,Finance,Finance: Consumer Services,male,male,Yes,No,No,Dec,1001 - 5000,2011 - present,0.0523,0.0319,0.0995,0.0628,1576560.6,19.1,18.15,19.39,18.25,6508140,19.6,19.31,19.51,19.71,372610,635312,281502,85239,0
21.55,1.936966517E9,21.3844,177.03,-61.66,-0.3483,1.14,495.0,357636.36,10.94,50,,15,15,2000,0.260732906,-0.898552163,-1.582554071,-1.522688909,2015,10,2,4,Health Care,Medical/Dental Instruments,male,male,No,Yes,,Dec,101 - 500,1951 - 2000,0.0416,0.0361,0.2292,0.0182,1599706.0,18.28,17.55,20.48,20.16,3210540,18.69,16.68,15.94,18.94,306976,1137795,397536,2945683,0
21.6217,1.414554101E8,18.7675,,,,,,,,,,,,,0.318118065,1.239212355,1.681420355,1.529069918,2013,11,7,3,,,,,,,,,,Unknown,0.004,0.0084,0.0156,0.0076,92453.6,25.0,24.9,25.24,25.05,340265,24.99,25.25,25.01,25.21,61236,13750,40681,6336,1
21.75,9.219267113E8,20.642,26.12,-67.54,-2.5858,0.59,195.0,133948.72,35.3,59,59,2,2,2014,-0.898715066,0.626085814,0.624406278,0.343506398,2016,5,6,4,Health Care,Biotechnology: In Vitro & In Vivo Diagnostic Substances,male,male,Yes,No,No,Dec,101 - 500,2011 - present,0.0524,0.0652,0.3032,0.0952,1485551.6,22.1,21.0,24.0,22.0,5025236,24.0,25.75,25.25,23.54,778138,658353,377679,588352,0
21.89,4.825414832E9,22.2972,1240.0,245.96,0.1984,0.02,4380.0,283105.02,3.89,54,,,-3,1999,-1.101070931,-1.101070931,-1.101070931,-1.101070931,1996,12,18,2,Finance,Savings Institutions,unknown,,Yes,No,,Dec,1001 - 5000,1951 - 2000,0.0,0.0,0.0,0.0,320.0,5.625,5.625,5.625,5.625,1600,5.625,5.625,5.625,5.625,0,0,0,0,1
22.06,3.546872406E9,21.9893,539.15,37.61,0.0698,0.06,109.0,4946330.28,6.58,51,42,9,9,2004,1.561015048,2.288934368,2.161462901,2.474728341,2013,5,21,1,Consumer Services,Real Estate Investment Trusts,male,male,Yes,No,No,Dec,101 - 500,2001 - 2010,0.0081,0.0,-0.013,0.0101,839174.0,30.0,29.76,30.3,30.0,1718863,30.0,30.0,30.0,30.0,1266511,616073,594423,0,0
22.13,1.310926141E9,20.994,1070.0,21.74,0.0203,0.39,3010.0,355481.73,1.23,62,62,23,23,1980,-0.074386906,0.73857104,1.259620477,1.693827609,2003,7,23,2,Transportation,Air Freight/Delivery Services,male,male,Yes,,,Dec,1001 - 5000,1951 - 2000,1.0,1.0,1.9167,0.1667,7617800.0,0.6,0.3,0.65,0.6,12557200,0.9,1.35,1.2,1.2,8900400,11468500,3777000,1385900,1
22.151,8860444.302,15.9971,,,,,,,,,,,,,0.406722393,1.082950125,1.589344389,1.776769188,2014,1,6,0,,,,,,,,,,Unknown,0.0,0.0018,-0.0347,0.0,1155.0,19.984,19.984,19.984,19.984,0,19.984,19.984,19.984,20.02,0,200,0,5575,1
22.2,1.81551711E8,19.0171,41.22,9.09,0.2205,0.12,175.0,235542.86,4.4,52,52,,-12,2008,0.0,0.0,0.0,0.0,1996,9,27,4,Finance,Major Banks,male,male,Yes,No,No,Dec,101 - 500,2001 - 2010,0.0,0.0435,0.0435,0.0,16660.4,1.747,1.747,1.747,1.747,41651,1.823,1.823,1.823,1.823,41651,0,0,0,1
22.43,6.119832602E8,20.2322,,-37.58,,,,,,63,63,7,7,2010,2.157197034,2.683269316,2.409176365,1.817071286,2017,10,5,3,Health Care,Major Pharmaceuticals,male,male,Yes,sameYear,sameYear,Dec,,2001 - 2010,0.2925,-0.1427,-0.197,0.455,2117101.4,30.0,23.21,33.81,23.25,6979166,25.25,24.57,26.01,25.72,2164787,351748,695874,393932,0
22.48,3.765974993E9,22.0493,4110.0,175.6,0.0427,0.05,3300.0,1245454.55,0.92,50,50,24,24,1979,0.44353344,1.121407669,1.11000317,1.615052102,2003,9,10,2,Finance,Accident &Health Insurance,male,male,Yes,No,No,Dec,1001 - 5000,1951 - 2000,0.0127,-0.073,-0.024,0.0506,3094320.0,20.0,19.75,21.0,20.0,266000,21.67,20.29,20.13,18.54,3265200,4408900,3313500,4218000,1
22.5,9.4362606E8,20.6652,114.32,4.22,0.0369,,34.0,3362352.94,8.25,61,55,0,0,2007,0.852531814,-0.369397188,-0.240970265,0.281621698,2007,12,12,2,Finance,Real Estate,male,male,Yes,No,No,Dec,0 - 100,2001 - 2010,0.15,0.0326,-0.1674,0.0,11460.0,23.0,20.0,23.0,23.0,43100,24.0,24.0,23.5,23.75,9300,200,200,4500,1
22.56,9.815082418E8,20.7046,111.12,9.86,0.0887,0.11,323.0,344024.77,8.83,50,50,19,19,1997,1.228326537,2.221837766,1.689606345,1.910282242,2016,7,22,4,Technology,Computer Software: Prepackaged Software,male,male,Yes,Yes,Yes,Dec,101 - 500,1951 - 2000,0.1431,0.0364,-0.0509,0.2479,1335693.0,13.74,12.02,15.0,12.02,1820875,12.8,13.09,13.85,14.24,1355962,1871115,959733,670780,1
22.68,2.827808852E8,19.4602,,,,,,,,49,49,,,,-2.051042746,-0.641393504,0.298394622,0.698272545,2005,8,26,4,,,male,male,,No,No,,,Unknown,0.0044,-4.0E-4,-4.0E-4,4.0E-4,319320.0,25.01,24.9,25.01,25.0,866800,25.0,25.01,25.0,25.0,226300,297400,96100,110000,0
22.69,7.537226598E8,20.4405,204.91,-1.79,-0.0087,0.16,579.0,353903.28,3.68,57,57,6,6,2000,-0.475995636,-1.329763035,-1.633902469,-0.219988706,2006,6,28,2,Health Care,Medical/Dental Instruments,male,male,Yes,No,No,Jun,501 - 1000,1951 - 2000,0.0455,0.0198,0.002,0.0259,44481.0,101.0,96.6,102.5,100.0,159491,101.0,103.8,103.0,103.0,44779,13974,4161,0,0
22.85,7.737098658E8,20.4667,843.74,29.24,0.0347,0.13,1109.0,760811.54,0.92,47,47,11,11,2003,1.489249179,0.828237987,1.105674262,1.457702303,2014,10,30,3,Finance,Finance: Consumer Services,male,male,Yes,sameYear,sameYear,Dec,1001 - 5000,2001 - 2010,0.0566,0.0611,-0.1836,0.0566,478.4,28.0,26.5,28.0,26.5,300,28.47,28.47,28.43,29.71,300,0,683,1109,0
22.97,1.395794951E9,21.0567,,,,,,,,52,52,,,,0.763857807,1.638132859,1.797145827,2.175747918,2013,5,24,4,,,male,male,,No,No,,,Unknown,0.002,0.0,-0.0044,0.002,529471.2,25.0,24.95,25.05,25.0,1928931,25.0,25.05,25.03,25.0,0,337503,188598,192324,0
22.99,3.154719342E9,21.8722,,,,,,,,,47,,,,1.605345028,2.054090575,2.492782715,2.427919829,2013,1,29,1,,,,male,,,No,,,Unknown,0.0101,0.03,0.0084,0.0085,1553389.4,25.0,24.75,25.01,24.8,5508290,25.06,25.15,25.45,25.75,859339,542037,415832,441449,0
23.01,4.9209335312E10,24.6193,33630.0,2180.0,0.0648,0.01,134800.0,249480.71,1.46,53,54,11,11,1988,-0.676914237,0.3354064,0.908095029,1.192028224,1999,7,23,4,Consumer Durables,Electrical Products,male,male,No,No,No,Dec,>10000,1951 - 2000,0.0,-0.0349,0.0885,0.0,1280.0,24.06,24.06,24.06,24.06,0,23.22,23.22,23.22,23.22,6400,0,0,0,1
23.2,7.654583408E8,20.456,28.48,-74.87,-2.6289,15.64,250.0,113920.0,26.88,52,52,12,12,2003,-0.856831642,-0.028148341,0.655548832,1.157180393,2015,5,7,3,Health Care,Major Pharmaceuticals,male,male,Yes,Yes,Yes,Dec,101 - 500,2001 - 2010,0.031,0.0781,0.5452,0.0839,252043.6,12.29,11.92,13.0,12.0,1014850,12.95,12.7,12.99,13.25,115197,36275,46388,47508,1
23.25,3.952502325E7,17.4924,,,,,,,,,,,,,1.01872131,1.551187303,1.615403055,1.691401421,2014,9,3,2,,,,,,,,,,Unknown,0.0,8.0E-4,0.0024,0.0,140.2,25.03,25.03,25.03,25.03,0,25.03,25.05,25.05,25.05,301,400,0,0,1
23.48,1.4936063742E10,23.427,,,,,,,,54,,12,12,1984,0.0,0.0,0.0,0.0,1996,6,27,3,Public Utilities,Telecommunications Equipment,unknown,,,No,,,,1951 - 2000,0.0232,0.0834,0.0228,0.0,624886.0,15.0988,14.7558,15.0988,15.0988,1609805,15.6725,15.7858,16.0155,16.3585,655854,313721,301700,243350,0
23.56,1.1374944464E10,23.1547,12960.0,-74.0,-0.0057,0.05,41500.0,312289.16,0.88,,51,0,0,2016,-0.744016824,-1.239570909,0.312405803,0.846285612,2016,10,20,3,Capital Goods,Metal Fabrications,male,male,No,No,sameYear,Dec,>10000,2011 - present,0.1701,0.059,-0.0086,0.1898,40282.0,19.67,16.81,20.0,16.81,2521,20.1,19.71,20.49,20.83,1218,2923,12610,182138,1
23.8,6.880943188E8,20.3494,181.06,37.99,0.2098,0.26,230.0,787217.39,3.8,70,70,7,7,2006,1.630290246,2.193934334,1.848890685,2.23940174,2013,5,9,3,Finance,Major Banks,male,male,Yes,sameYear,sameYear,Dec,101 - 500,2001 - 2010,0.0405,0.0365,0.0723,0.024,795861.0,12.59,12.1,12.79,12.5,3389502,12.65,12.75,12.75,13.05,138052,114069,139351,198331,1
23.88,2.682632873E8,19.4075,57.0,5.02,0.0881,0.22,343.0,166180.76,4.71,,,20,20,1983,2.182905853,0.273272637,0.041478769,-0.647877712,2003,3,19,2,Finance,Major Banks,male,male,Yes,No,No,Dec,101 - 500,1951 - 2000,0.0,0.16,0.048,0.0,21003.6,12.1526,12.1526,12.1526,12.1526,514,12.1526,12.1526,12.1526,14.097,1748,0,0,102756,1
24.13,7.864963086E8,20.4831,,-50.28,,,,,,63,,14,14,2003,1.222265002,1.756528682,1.742966545,1.509248604,2017,9,28,3,Health Care,Major Pharmaceuticals,male,,Yes,Yes,,Dec,,2001 - 2010,0.0956,0.1473,0.0992,0.0292,1520715.4,17.65,16.11,20.53,20.06,5789212,18.99,19.73,19.71,20.25,901853,587472,141979,183061,1
24.14,6.611372916E8,20.3095,509.81,2.17,0.0043,0.26,6910.0,73778.58,1.3,58,58,1,1,1998,0.981165218,1.313606166,1.667875716,2.06023383,1999,1,4,0,Consumer Services,Services-Misc. Amusement & Recreation,male,male,Yes,No,No,Dec,5001 - 10000,1951 - 2000,0.0308,0.1791,0.1939,0.1383,123060.0,8.376,8.126,9.5,8.376,56100,10.5,11.876,9.376,9.876,167000,190800,120700,80700,1
24.16,1.83616E8,19.0284,,,,,,,,,,,,,-0.805317122,0.835995632,1.364993241,1.580598369,2013,12,16,0,,,,,,,,,,Unknown,0.0,0.0,-4.0E-4,0.0,400.0,25.04,25.04,25.04,25.04,0,25.04,25.04,25.04,25.04,0,0,0,2000,0
24.37,6.532919758E8,20.2975,571000.0,-89.49,-2.0E-4,,147.0,3.8843537415E9,0.0,53,53,14,14,2000,-2.038561597,-0.173444039,0.457264081,1.105296186,2014,4,10,3,Health Care,Major Pharmaceuticals,male,female,Yes,Yes,No,Dec,101 - 500,1951 - 2000,7.0E-4,-0.0578,0.3826,0.0279,527250.2,14.01,14.0,17.24,16.85,2331496,13.0,13.6,13.39,13.2,195468,36478,40509,32300,1
24.45,1.040778333E9,20.7632,207.87,-44.43,-0.2137,0.16,1318.0,157716.24,5.01,61,60,6,6,2008,-2.889071028,0.075291089,0.396795389,1.061496243,2014,12,12,4,Technology,Computer Software: Prepackaged Software,male,male,Yes,sameYear,,Dec,1001 - 5000,2001 - 2010,0.0448,-0.0116,0.1607,0.0562,1230904.0,13.75,13.16,14.74,14.0,5035122,13.99,13.9,13.8,13.59,424242,215513,182482,297161,1
24.5,6.0858735E7,17.9241,24.6,2.35,0.0955,0.13,103.0,238834.95,2.47,71,71,3,3,2008,1.522068625,1.643623821,1.712542948,2.196610292,2011,1,26,2,Finance,Banks,male,male,Yes,Yes,Yes,Jun,101 - 500,2001 - 2010,0.0352,0.0,0.03,0.0,207712.0,10.0,9.66,10.5,10.5,484413,10.01,10.1,10.05,10.0,108255,186849,51936,207107,0
24.59,3.271040095E9,21.9084,4660.0,158.44,0.034,0.15,27000.0,172592.59,0.7,44,45,11,11,2002,1.315754459,1.998941795,1.929864796,2.035689639,2013,8,1,3,Consumer Services,Food Chains,male,male,Yes,No,No,Dec,>10000,2001 - 2010,0.2155,-0.0202,-0.0681,0.1709,3898536.0,40.11,33.0,40.64,35.0,14762456,39.98,41.13,39.77,39.3,2108713,789500,711685,1120326,1
24.79,2.649742761E9,21.6977,4430.0,105.85,0.0239,0.24,7570.0,585204.76,0.6,,46,5,5,2009,1.113988071,1.011229848,1.208908158,1.582525205,2014,2,20,3,Finance,Property-Casualty Insurers,male,male,Yes,,No,Dec,5001 - 10000,2001 - 2010,0.0186,-0.0062,-0.0175,0.0,97858.2,14.25,13.99,30.0,30.0,226750,14.22,14.25,14.05,14.162,229903,23673,6072,2893,1
24.94,1.030134105E9,20.753,204.37,-19.37,-0.0948,0.28,334.0,611886.23,5.04,56,54,10,10,2001,0.747733937,1.292123261,1.333461955,1.550787448,2011,5,4,2,Consumer Services,Telecommunications Equipment,male,male,Yes,No,No,Dec,101 - 500,2001 - 2010,0.0485,-0.0277,-0.1967,0.0563,1655177.6,12.1,11.54,13.15,12.5,6961747,12.18,12.1,12.0,11.765,825423,180939,53929,253850,0
25.0,1.4065402E9,21.0644,1260.0,29.62,0.0235,,4500.0,280000.0,1.12,55,55,48,48,1966,0.538121584,1.169474022,1.54940634,1.710590792,2014,7,25,4,Capital Goods,Containers/Packaging,unknown,unknown,Yes,No,No,Mar,1001 - 5000,1951 - 2000,0.01,-0.0378,0.0625,0.0194,1346486.2,16.15,15.99,16.38,16.07,5148596,16.0,16.01,15.92,15.54,435471,255544,568501,324319,1
25.03,1.589405E8,18.884,,,,,,,,,,,,,1.574831413,1.383891991,1.203381455,0.971754413,2016,6,1,2,,,,,,,,,,Unknown,0.0,0.0114,0.0268,0.0,4622.6,25.03,25.03,25.03,25.03,0,25.03,25.24,25.31,25.316,7113,13700,1300,1000,1
25.2559,,,,,,,,,,75,,,,,1.415863496,1.503259783,1.888408889,1.882982581,2014,11,7,4,,,male,male,,Yes,,,,Unknown,0.0101,0.0057,0.0077,0.0076,49353.8,25.1,24.85,25.2,25.01,56125,25.3,25.4,25.35,25.244,105517,8358,8405,68364,1
25.4,,,,,,,,,,,,10,10,2007,0.706917059,1.511035441,1.961308678,1.708454036,2017,10,26,3,Consumer Services,Marine Transportation,,,,,,,,2001 - 2010,0.0056,0.0076,0.016,8.0E-4,426641.8,24.94,24.8,25.02,25.0,952509,25.05,25.09,25.05,25.1298,352523,210714,335610,281853,0
25.43,,,41690.0,-1050.0,-0.0252,,97535.0,427436.3,,,50,134,134,1870,1.087775238,1.271730065,1.742494803,1.732142643,2004,2,18,2,Finance,Major Banks,,male,No,,Yes,Dec,>10000,<= 1900,0.0,-0.0047,-0.0071,8.0E-4,5580.0,25.52,25.52,25.74,25.72,6800,25.4,25.47,25.5,25.4,6700,5800,2400,6200,0
25.43,1.5258E8,18.8432,953.56,197.06,0.2067,0.25,1564.0,609693.09,0.16,65,65,17,17,1996,0.565624638,1.259124199,1.713751692,2.071310412,2013,3,25,0,Finance,Major Banks,unknown,unknown,Yes,No,No,Dec,1001 - 5000,1951 - 2000,0.0069,-0.0016,0.0064,0.0101,220696.4,24.82,24.65,24.9,24.65,728402,24.75,24.75,24.78,24.78,146150,130200,98730,0,0
25.4675,2.801361331E7,17.1482,,,,,,,,,,,,,1.088284089,0.87476832,1.119322157,1.454826833,2015,4,20,0,,,,,,,,,,Unknown,0.0,0.0167,-0.0088,0.0,205587.6,25.09,25.09,25.09,25.09,0,25.09,25.35,25.35,25.5099,539151,473008,0,15779,0
25.58,3.723080749E8,19.7352,,,,,,,,,,,,,-2.177363039,-1.233149861,0.10503624,0.913776324,2004,4,29,3,,,,,,,,,,Unknown,0.0,0.0,0.0,5.0E-4,57160.0,20.0,20.0,20.01,20.0,40300,20.0,20.01,20.0,20.0,30000,54000,42500,119000,0
25.62,2.125567245E9,21.4773,923.83,166.27,0.18,,22114.0,41775.8,2.3,55,55,17,17,1980,-0.901727655,0.820309317,1.368592232,1.690112849,1997,8,12,1,Technology,EDP Services,male,male,Yes,No,No,Dec,>10000,1951 - 2000,0.125,0.1667,0.1852,0.0417,3865020.0,4.5,4.0,4.6667,4.5,10272000,5.5,5.875,5.6665,5.25,3306300,3056400,1362900,1327500,1
25.65,2.440991741E8,19.3131,57.03,8.09,0.1419,0.2,258.0,221046.51,4.28,55,55,5,5,2009,1.85198689,1.867987003,2.17050176,1.941321142,2014,7,1,1,Finance,Major Banks,male,male,Yes,Yes,Yes,Dec,101 - 500,2001 - 2010,0.0071,-0.0141,-0.0042,0.0213,252276.8,14.2,14.1,14.53,14.23,795844,14.1,14.1,14.05,14.0,79579,79579,0,306382,0
25.8226,6455701.645,15.6805,,,,,,,,,,,,,1.31908501,1.602319348,1.96490772,1.246482079,2012,2,14,1,,,,,,,,,,Unknown,,0.0,0.0151,,20.0,30.38,,,,0,30.38,30.38,30.38,30.38,0,0,100,0,0
26.15,1.7760299239E10,23.6002,2796210.0,74540.0,0.0267,0.03,79558.0,3.514681113E7,0.01,57,,59,59,1945,-1.506473029,-0.108167943,-0.544191688,0.004510498,2004,9,27,0,Capital Goods,Auto Manufacturing,unknown,unknown,No,No,,Mar,>10000,1901 - 1950,0.011,0.0109,-0.0459,0.0144,254939.6,9.0818,8.9826,9.2108,9.0818,382551,8.6947,8.6848,8.9031,9.1811,335198,120699,167649,268601,1
26.17,6.720263912E8,20.3258,,-29.96,,,33.0,,,50,50,1,1,2016,-1.400325462,0.711180629,1.113627352,1.463135484,2017,6,29,3,Health Care,Major Pharmaceuticals,male,male,Yes,sameYear,sameYear,Dec,0 - 100,2011 - present,0.0894,0.1464,0.003,0.0852,563925.6,19.81,18.185,20.8,19.25,2054797,22.29,23.33,23.33,22.71,426066,195421,0,143344,1
26.24,2.31100272E8,19.2584,75.89,11.75,0.1548,0.12,349.0,217449.86,3.05,65,65,,-6,2007,-1.585383504,-1.193324364,-0.801868097,-1.265167722,2001,7,9,0,Finance,Savings Institutions,male,male,Yes,No,No,Dec,101 - 500,2001 - 2010,0.0,0.0,0.0,,35.4,8.6634,8.6634,8.6634,,177,8.6634,8.6634,8.6634,8.6634,0,0,0,0,0
26.25,4.33125E7,17.584,,,,,,,,49,60,,,,-0.387875801,-1.328758842,-0.6689806,-0.15223537,2005,10,26,2,,,unknown,male,,No,No,,,Unknown,0.0039,0.0039,0.0169,0.0085,17860.0,15.38,15.32,15.51,15.38,51500,15.27,15.5099,15.73,15.44,12300,3700,3300,18500,1
26.25,4.1942082E8,19.8544,112.11,16.18,0.1443,0.12,349.0,321232.09,3.74,58,58,0,0,2011,1.591167743,0.063973835,0.401636689,0.96913068,2011,6,30,3,Finance,Banks,male,male,Yes,,,Dec,101 - 500,2011 - present,0.024,9.0E-4,0.0063,0.0462,1103665.0,11.08,10.82,11.5,11.0,4276609,11.26,11.26,11.23,11.09,469203,0,299144,473369,1
26.3,3.116510287E8,19.5574,25.21,-25.77,-1.0222,0.16,207.0,121787.44,12.36,64,39,0,0,2008,-1.249032411,-2.337732366,-2.884598524,-3.44224979,2008,10,17,4,Technology,EDP Services,male,male,Yes,sameYear,No,Dec,101 - 500,2001 - 2010,0.0606,-0.0201,0.0212,0.1066,165885.0,9.45,8.91,11.5,10.55,234135,9.8,9.46,9.3,9.26,56120,172291,214215,152664,1
26.4819,5.031561E7,17.7338,,,,,,,,,,,,,0.761732428,0.926397583,1.286165325,1.443671542,2013,9,26,3,,,,,,,,,,Unknown,6.0E-4,0.0141,0.0363,0.0,5926.0,24.98,24.9646,25.09,25.09,0,24.98,24.91,25.1,25.331,6400,7100,10902,5228,1
26.5,1.023085951E9,20.7461,,-127.19,,,42.0,,,46,51,4,4,2013,1.279192567,1.287122377,1.297705876,1.728149592,2017,5,4,3,Health Care,Major Pharmaceuticals,male,female,Yes,Yes,Yes,Dec,0 - 100,2011 - present,0.0294,0.2497,0.4223,0.0147,1106737.6,17.5,17.0,20.25,20.0,3944070,17.91,19.4,19.85,21.87,702282,351789,230900,304647,1
26.51,3.856056825E9,22.0729,7210.0,105.0,0.0146,0.24,30100.0,239534.88,0.53,51,51,104,104,1904,0.466005183,-0.772909194,-1.259657072,-1.474720495,2008,2,1,4,Capital Goods,Auto Parts:O.E.M.,male,male,Yes,No,No,Dec,>10000,1901 - 1950,0.0628,-0.0709,-0.0709,0.1088,59360.0,12.7,11.95,13.3,12.0,215800,12.75,11.95,12.4,11.8,48800,22600,4700,4900,0
26.72,1.376896884E9,21.0431,2380.0,72.35,0.0304,0.19,7102.0,335116.87,0.58,64,64,2,2,2004,1.973452753,2.122935421,2.482116369,3.037070682,2006,10,26,3,Basic Industries,Water Supply,male,male,Yes,No,No,Dec,5001 - 10000,2001 - 2010,0.0,0.0028,0.0,0.0,200.0,7.1,7.1,7.1,7.1,500,7.1,7.1,7.12,7.12,0,0,500,0,1
26.83,5.7982176704E10,24.7834,29400.0,2780.0,0.0946,0.27,7000.0,4200000.0,1.97,72,61,0,0,1998,-1.684711658,0.235714586,0.750710819,1.325246206,1998,7,28,1,Public Utilities,Natural Gas Distribution,unknown,unknown,Yes,No,No,Dec,5001 - 10000,1951 - 2000,0.0,-0.0116,-0.1482,0.0262,3175760.0,5.375,5.375,5.516,5.375,14124000,5.391,5.375,5.3125,5.3125,585200,266800,649200,253600,0
26.98,2.256277963E9,21.537,317.06,55.68,0.1756,0.25,1200.0,264216.67,7.12,49,49,2,2,1999,1.427093532,0.444983227,-0.495786649,-0.878513657,2001,1,29,0,Finance,Major Banks,male,male,Yes,No,No,Dec,1001 - 5000,1951 - 2000,0.0,0.0526,0.1263,0.0105,4120.0,5.9375,5.9375,6.0,5.9375,600,5.9375,5.625,6.25,6.25,0,17200,1600,1200,1
27.0,4.50900054E8,19.9268,,,,,,,,,,,,,1.696076953,1.299546376,0.618157953,0.077874072,2016,3,17,3,,,,,,,,,,Unknown,0.0,-0.0026,0.0134,0.0,14437.2,20.09,20.09,20.09,20.09,0,20.09,20.11,20.1,20.0374,12279,6013,14812,39082,1
27.0,1.15293267E9,20.8656,,,,,,,,,,8,8,2009,-0.861899009,0.868747332,1.462962145,1.620251827,2017,11,15,2,Technology,Computer Software: Prepackaged Software,male,,,Yes,,,,2001 - 2010,0.0135,0.1572,0.1028,0.0372,2286964.0,18.0,17.76,19.21,18.55,8269647,18.13,18.61,20.81,20.83,1025354,931497,697079,511243,0
27.29,1.053698502E9,20.7756,71.62,-43.1,-0.6018,3.76,92.0,778478.26,14.71,50,50,5,5,2010,1.80150808,-0.053560779,-0.648376756,-0.580293248,2015,10,8,3,Health Care,Major Pharmaceuticals,male,male,Yes,,,Dec,0 - 100,2001 - 2010,0.011,0.0279,-0.1767,0.0799,256571.6,12.9,12.76,17.02,16.0,1000412,12.4,12.58,12.33,13.26,72327,68299,45128,96692,0
27.3299,,,1220.0,257.68,0.2112,0.1,4075.0,299386.5,,63,63,23,23,1992,1.297638918,1.264003629,1.269128837,1.424843698,2015,6,23,1,Finance,Major Banks,male,male,Yes,Yes,Yes,Dec,1001 - 5000,1951 - 2000,0.0028,-0.0069,0.0142,0.0024,280429.6,24.7,24.63,24.75,24.69,362500,24.68,24.69,24.69,24.53,470475,338690,117508,112975,1
27.39,2.051230855E9,21.4417,341.19,45.93,0.1346,1.2,880.0,387715.91,6.01,64,64,7,7,2011,-2.871355545,-1.324670239,-0.193859272,0.595753276,2018,2,8,3,Energy,Metal Fabrications,male,male,Yes,Yes,Yes,Dec,501 - 1000,2011 - present,0.0196,0.0864,0.2854,0.0373,3794413.4,20.25,19.86,21.84,21.1,14956128,20.4,20.9,21.43,22.0,1350600,529495,717834,1418010,0
27.45,1.260690495E9,20.9549,817.74,30.96,0.0379,0.02,4000.0,204435.0,1.54,53,53,21,21,1986,1.894288522,1.768160192,2.522690636,1.951581445,2007,5,18,4,Capital Goods,Industrial Specialties,male,male,Yes,No,No,Dec,1001 - 5000,1951 - 2000,0.0426,0.0366,0.0213,0.0781,1833442.0,9.3603,8.9779,9.902,9.201,7380793,9.6073,9.7188,9.6391,9.7029,752176,356882,386130,291229,1
27.51,2.21993205E9,21.5207,1240.0,145.21,0.1171,1.22,2202.0,563124.43,1.79,55,55,4,4,2008,1.364073525,1.646565428,1.907348937,0.863155188,2012,2,1,2,Basic Industries,Mining & Quarrying of Nonmetallic Minerals (No Fuels),male,male,Yes,sameYear,sameYear,Dec,1001 - 5000,2001 - 2010,0.0146,0.0837,0.0575,0.012,2932188.2,16.0,15.77,17.44,17.25,11511901,16.0,16.12,16.35,17.34,1378341,554105,336239,880355,0
27.94,6.74682072E8,20.3298,87.13,15.15,0.1739,0.64,324.0,268919.75,7.74,57,52,5,5,2009,-2.233471945,-1.772239117,-0.30729462,0.634554609,2014,10,9,3,Finance,Major Banks,unknown,female,Yes,sameYear,sameYear,Dec,101 - 500,2001 - 2010,0.0649,-0.0108,0.0767,0.0,231618.6,13.95,13.1,14.0,14.0,1050728,14.89,14.5,13.66,13.8,20025,12745,36479,38116,1
28.0,4.160871372E9,22.149,1700.0,336.48,0.1979,0.11,2110.0,805687.2,2.45,42,43,6,6,2004,1.591532656,1.929162351,0.967810536,1.155395332,2010,10,6,2,Technology,"Computer Software: Programming, Data Processing",male,male,No,,,Dec,1001 - 5000,2001 - 2010,2.0E-4,0.1506,0.658,1.0E-4,1520.0,1.9866,1.9862,1.9866,1.9864,1600,1.9866,2.285,2.285,2.2857,0,3000,0,3000,1
28.06,5.122532444E9,22.3569,557.26,134.29,0.241,0.1,2508.0,222192.98,9.19,53,53,0,0,2004,-1.675989897,-0.56304575,-0.87571124,-0.444522627,2004,10,22,4,Consumer Services,Real Estate Investment Trusts,male,male,Yes,No,No,Dec,1001 - 5000,2001 - 2010,0.0139,-0.0078,0.043,0.0061,1563160.0,16.73,16.5,17.1,17.0,5590100,16.5,16.58,16.55,16.6,896200,526700,393400,409400,1
28.2,2.625677466E8,19.386,53.79,13.7,0.2547,0.03,221.0,243393.67,4.88,65,65,22,22,1975,-0.114311865,1.108126028,1.56145687,1.869046448,1997,8,11,0,Finance,Major Banks,male,male,Yes,No,No,Dec,101 - 500,1951 - 2000,0.0,0.0015,0.0015,0.0,960.0,6.688,6.688,6.688,6.688,2400,6.698,6.698,6.698,6.698,2400,0,0,0,1
28.22,2.48336E8,19.3303,,,,,,,,,,,,,-0.054299271,-0.481559915,-0.412402983,0.009943979,2007,12,27,3,,,,,,,,,,Unknown,,0.0044,-0.102,,25640.0,25.0,,,,0,25.36,25.4,25.4,25.11,51100,53500,0,23600,0
28.43,1.639094037E9,21.2174,200.23,-8.97,-0.0448,0.24,860.0,232825.58,8.19,68,52,13,13,2001,-0.161522055,0.807294703,1.151664188,1.481175915,2014,4,4,4,Technology,EDP Services,male,male,Yes,No,No,Dec,501 - 1000,2001 - 2010,0.0641,-0.0484,-0.0838,0.195,1415832.2,7.64,7.18,9.35,7.95,5521156,7.11,7.1,7.12,7.27,703221,428479,302897,123408,0
28.5,8.99270019E8,20.6171,1520.0,6.46,0.0043,,4250.0,357647.06,0.59,56,56,113,113,1890,0.723991133,1.239398928,1.597721856,1.507611601,2003,11,25,1,Consumer Services,Consumer Electronics/Video Chains,male,male,Yes,No,No,Jan,1001 - 5000,<= 1900,0.0328,0.0765,0.0372,0.0323,994797.0,13.5711,13.1398,14.0764,13.6523,4054432,14.0764,14.0764,14.3471,14.6087,563344,0,92937,263272,1
28.55,1.69359211E9,21.2501,,,,,,,,61,56,3,3,2011,0.538121584,1.169474022,1.54940634,1.710590792,2014,7,25,4,Basic Industries,Major Chemicals,male,unknown,,Yes,Yes,,,2011 - present,0.0114,-0.0423,-0.0169,0.0302,2169502.4,17.75,17.55,18.37,17.84,7979538,17.5,17.5,17.45,17.0,1264630,511920,652966,438458,0
28.64,3.24181172E8,19.5968,,,,,,,,56,56,,,,0.979499973,1.050705608,1.402057437,1.508029672,2013,9,23,0,Consumer Services,Farming/Seeds/Milling,male,male,,No,No,,,Unknown,0.0697,0.0571,0.0713,0.0693,532381.6,26.1,24.4,26.7,25.01,720191,26.0,26.13,26.46,27.59,716437,447992,336700,440588,1
28.84,1.001927152E9,20.7252,159.25,-92000.0,-577.708,0.39,387.0,411498.71,6.29,56,56,17,17,1998,-0.215764279,0.077949738,0.590833684,1.058296255,2015,6,25,3,Health Care,Medical/Dental Instruments,male,male,Yes,Yes,Yes,Dec,101 - 500,1951 - 2000,0.115,-0.1031,0.025,0.1013,1886526.4,31.22,28.0,31.947,29.11,7555305,28.0,28.0,28.98,28.0,1116482,386879,223926,150040,0
28.89,2.91789E9,21.7941,,,,,,,,56,,1,1,2001,-0.530119079,-0.087030253,-0.172551288,-0.489041845,2002,4,18,3,Consumer Services,Marine Transportation,male,,,No,,,,2001 - 2010,0.0,0.0,0.0,0.0,300.0,6.5,6.5,6.5,6.5,1500,6.5,6.5,6.5,6.5,0,0,0,0,0
28.95,1.664756144E8,18.9304,19.28,5.51,0.2858,,81.0,238024.69,8.63,44,44,0,0,2011,2.103294214,2.012017242,1.917483209,2.382282948,2011,1,14,4,Finance,Savings Institutions,male,male,Yes,No,No,Jun,0 - 100,2011 - present,0.0873,-0.005,0.0033,0.1155,57758.0,11.96,11.0,12.3,11.03,169500,11.96,11.9,11.91,11.9,0,79140,6575,33575,1
29.0,9.16636582E8,20.6362,255.1,32.91,0.129,0.1,592.0,430912.16,3.59,47,56,59,59,1940,1.564272647,2.053301544,1.746950035,1.599453514,1999,11,12,4,Capital Goods,Industrial Machinery/Components,male,male,Yes,No,No,Dec,501 - 1000,1901 - 1950,0.1469,0.1553,0.2915,0.0905,2066440.0,22.938,20.0,24.75,22.94,7431800,22.5,26.5,27.5,26.5,1040600,1129200,438900,291700,1
29.27,6.987797744E8,20.3648,543.66,-67.68,-0.1245,0.93,1772.0,306805.87,1.29,,,7,7,2011,1.71816325,2.262285496,2.438095042,2.716994928,2018,1,19,4,Energy,Oilfield Services/Equipment,female,female,Yes,,,Dec,1001 - 5000,2011 - present,0.114,-0.0238,-0.0027,0.2134,1608814.4,26.1,23.43,29.0,24.0,6187457,25.76,25.9,25.51,25.48,846256,585634,250844,173881,0
29.6899,2.523285221E7,17.0437,,,,,,,,,,,,,-2.07629398,0.503513528,0.934982366,1.382580902,2014,12,10,2,,,,,,,,,,Unknown,0.0016,-0.0242,-8.0E-4,0.0,28310.6,24.68,24.64,24.91,24.91,20157,24.87,24.34,24.2,24.0817,20103,18351,64995,17947,1
30.02,4.05244483E7,17.5174,,,,,,,,,,,,,1.286422866,1.223637878,1.246327917,1.411505954,2015,6,22,0,,,,,,,,,,Unknown,0.0,-0.0366,0.1577,0.0,11386.0,95.75,95.75,95.75,95.75,0,95.75,95.75,94.5,92.25,0,23985,20385,12560,0
30.07,2.926118315E8,19.4944,72.18,14.94,0.207,0.03,283.0,255053.0,4.05,69,69,1,1,2008,-0.233572228,0.068564866,0.784685032,-0.319156371,2009,7,13,0,Finance,Savings Institutions,male,male,Yes,,,Dec,101 - 500,2001 - 2010,0.0707,-0.018,-0.0093,0.0679,1364919.2,14.99,14.0,15.0,14.05,4580593,14.83,14.83,14.76,14.72,681618,897172,349439,315774,1
30.1,4.650450602E8,19.9576,,,,,,,,,,,,,0.406722393,1.082950125,1.589344389,1.776769188,2014,1,6,0,,,,,,,,,,Unknown,0.0,0.0045,-0.0614,0.0,975.0,20.05,20.05,20.05,20.05,0,20.05,20.05,20.05,20.14,0,450,200,4225,1
30.3,4.074866412E8,19.8255,254.35,14.35,0.0564,0.13,2250.0,113044.44,1.6,50,50,1,1,2009,0.179569765,-1.028163985,-0.915453249,0.141182731,2010,6,23,2,Capital Goods,Electrical Products,male,male,Yes,sameYear,sameYear,Dec,1001 - 5000,2001 - 2010,0.0,-0.06,-0.0736,0.0,25291.4,12.5,12.5,12.5,12.5,5000,12.0,12.0,11.9,11.75,5300,6200,9957,100000,1
30.3319,2.456884507E8,19.3196,,,,,,,,,,,,,1.913272897,1.743838807,2.303253123,1.687813347,2010,4,12,0,,,,,,,,,,Unknown,,-0.0194,-0.0331,,17336.2,30.034,,,,0,30.034,30.65,30.4,29.45,15664,18855,13689,38473,0
30.565,1.512967806E8,18.8348,,,,,,,,,,,,,1.311634052,1.42231382,0.681510874,0.739815084,2015,11,5,3,,,,,,,,,,Unknown,5.0E-4,-0.0056,-0.0211,5.0E-4,90.0,25.24,25.227,25.24,25.227,300,25.0999,25.0999,25.0999,25.0999,150,0,0,0,1
30.71,3.476525734E9,21.9693,1100.0,109.05,0.0991,,36.0,3.055555556E7,3.16,52,52,0,0,1998,-0.435713537,0.960824727,1.512290645,1.946040775,1998,4,24,4,Consumer Services,Real Estate Investment Trusts,male,male,Yes,No,No,Dec,0 - 100,1951 - 2000,0.0,0.0282,-0.0739,0.0176,1408620.0,17.75,17.75,18.063,17.75,5111000,17.625,17.75,18.0,18.25,237800,187700,826600,680000,0
30.95,8.95697983E8,20.6131,,-70.43,,,51.0,,,59,59,14,14,1995,1.442689489,1.453899836,1.669694663,1.122097122,2009,9,9,2,Health Care,Major Pharmaceuticals,male,male,Yes,No,No,Dec,0 - 100,1951 - 2000,0.0,0.0066,0.1694,0.0,517.4,15.05,15.05,15.05,15.05,670,15.265,15.05,15.15,15.15,20,497,1400,0,0
31.36,6.284736488E9,22.5614,1780.0,638.2,0.3585,0.78,2356.0,755517.83,3.53,46,,0,0,2017,1.220287106,1.772855116,1.482130674,1.711281259,2017,5,30,1,Finance,Investment Managers,male,male,No,sameYear,,Dec,1001 - 5000,2011 - present,0.001,0.0814,0.0804,0.0082,3550444.2,30.6,30.57,31.0,30.75,1069310,31.28,33.94,33.29,33.09,2893922,5878870,5127295,2782824,1
31.46,1.721552516E9,21.2665,1450.0,76.25,0.0526,0.25,2400.0,604166.67,1.19,58,58,0,0,2013,0.761732428,0.926397583,1.286165325,1.443671542,2013,9,26,3,Consumer Services,Other Consumer Services,female,female,Yes,sameYear,sameYear,Jun,1001 - 5000,2011 - present,0.0461,3.0E-4,0.0261,0.0137,4581083.2,30.65,29.3,31.4,31.0,19034073,31.69,31.7,30.8,30.66,843346,649153,1740442,638402,1
31.5,1.67716395E7,16.6352,3.54,-56.4,-15.9322,,87.0,40689.66,4.74,,,8,8,2007,0.178884979,0.561754778,0.87009293,1.220566673,2015,6,19,4,Health Care,Major Pharmaceuticals,,,No,,,Dec,0 - 100,2001 - 2010,0.0011,-0.0214,0.1178,0.0295,256626.6,54.57,54.51,67.94,66.33,892877,56.64,56.46,54.11,53.4,184461,72396,67063,66336,0
31.65,2.5612779591E10,23.9664,15050.0,-1900.0,-0.1262,,26700.0,563670.41,1.7,54,54,,-9,2013,2.001284855,1.364888177,0.889934514,1.246448786,2004,6,8,1,Consumer Services,Television Services,male,male,No,No,No,Dec,>10000,2011 - present,0.0175,-0.0233,-0.0364,0.0116,4983.2,9.099,8.9429,9.099,8.995,7409,8.9408,8.9386,8.9386,8.8866,10934,5651,0,922,1
31.69,1.83802E8,19.0294,,,,,,,,,,,,,1.341189433,1.649747915,1.855528393,1.997845687,2007,10,10,2,,,,,,,,,,Unknown,,0.0036,0.0282,,3380.0,25.18,,,,0,25.18,25.21,25.22,25.27,2400,6200,7100,1200,0
31.88,3.287689398E8,19.6109,23.76,-9.98,-0.42,0.53,85.0,279529.41,13.84,,,21,21,1996,1.357293849,1.998338085,1.740230176,1.80097764,2017,6,7,2,Technology,Computer Software: Prepackaged Software,male,male,Yes,,,Dec,0 - 100,1951 - 2000,0.2056,-0.0243,-0.1085,0.1903,569013.6,14.38,11.9275,14.47,12.2,1825223,12.9,12.34,12.56,14.03,447797,210402,127923,233723,1
31.89,7.134183653E8,20.3856,,,,,,,,54,54,,,,1.227180723,0.522533576,0.815862484,1.299191749,2014,10,29,2,,,male,male,,sameYear,sameYear,,,Unknown,0.003,0.0015,0.0,0.0,263619.8,20.0,19.94,20.0,20.0,939411,20.0,20.0,20.0001,20.03,73334,147982,78951,78421,0
31.95,5.966417124E8,20.2068,100.54,19.85,0.1974,0.12,483.0,208157.35,5.93,59,59,17,17,1998,-0.166408249,0.578732103,0.873972078,1.248665826,2015,6,11,3,Finance,Major Banks,male,male,Yes,No,No,Dec,101 - 500,1951 - 2000,0.0698,-0.0126,-0.0132,0.107,350289.6,16.7,15.61,17.44,15.77,1409063,16.41,16.06,16.2,16.49,186225,70508,41720,43932,1
31.97,3.197012788E7,17.2803,,,,,,,,,,,,,-2.759260171,-0.438069792,-0.257993346,0.670944421,2014,12,16,1,,,,,,,,,,Unknown,0.0,0.0551,0.0828,0.0,14362.4,26.7,26.7,26.7,26.7,0,26.7,27.6578,28.23,28.17,6375,14115,14809,36513,1
32.15,1.705199542E9,21.2569,882.06,69.4,0.0787,0.09,530.0,1664264.15,1.93,53,53,9,9,1996,1.109634965,0.628593426,1.093211043,1.668463634,2005,2,10,3,Health Care,Major Pharmaceuticals,male,male,Yes,No,No,Mar,501 - 1000,1951 - 2000,0.0441,-0.0096,-0.0085,0.03,3573700.0,17.75,17.0,18.01,17.5,12667600,17.92,17.9,17.72,17.58,1738400,1009500,867300,1585700,0
32.15,3.362836953E9,21.9361,8590.0,323.45,0.0377,,45200.0,190044.25,0.39,62,49,54,54,1948,0.875320517,-0.324471411,-0.987514458,-1.626692944,2002,10,16,2,Consumer Services,Other Specialty Stores,male,female,Yes,No,No,Jan,>10000,1901 - 1950,0.0823,0.1027,0.2548,0.1029,4202799.8,3.2875,3.0375,3.3775,3.065,16535599,3.6075,3.7375,3.6475,3.625,1792800,1322800,947200,415600,1
32.18,5.309703218E7,17.7876,,,,,,,,,,,,,1.006973955,1.260041934,1.597653317,1.757117005,2016,8,19,4,,,,,,,,,,Unknown,0.0,0.0,-0.0011,0.0,40517.6,25.5,25.5,25.5,25.5,0,25.5,25.6799,25.5,25.5,201001,1487,100,0,1
32.4,6.793669908E8,20.3367,238.53,43.79,0.1836,0.2,,,2.85,44,,11,11,1994,-0.700341733,-0.44654668,0.548469075,0.855976676,2005,9,28,2,Consumer Non-Durables,Electronic Components,male,,No,Yes,,Dec,,1951 - 2000,0.0282,-0.0327,-0.0535,0.0489,878404.4,13.47,13.1,13.79,13.15,2973519,13.1,13.15,13.03,13.03,938754,172330,259749,47670,1
32.54,4.371469091E9,22.1984,316.86,7.1,0.0224,0.6,,,13.8,,,11,11,2006,1.450048224,2.104536888,2.150430866,1.739142261,2017,10,12,3,Technology,EDP Services,unknown,male,Yes,,,Dec,,2001 - 2010,0.0177,0.0203,0.0279,0.0365,3690437.2,27.58,27.1,30.19,29.2,12276452,28.53,31.85,28.28,28.14,1483240,2646850,959075,1086569,1
32.66,7.728614063E8,20.4656,,,,,,,,51,,16,16,2000,1.696076953,1.299546376,0.618157953,0.077874072,2016,3,17,3,Health Care,Major Pharmaceuticals,male,,,Yes,,,,1951 - 2000,0.0292,-0.0015,0.0045,0.0538,587027.0,13.4,13.02,14.2,13.5,2254385,13.5,13.5,13.38,13.38,299543,137757,150075,93375,1
32.984,,,,,,,,,,,,,,,2.132466697,1.601460347,1.125669556,0.809090334,2016,4,18,0,,,,,,,,,,Unknown,0.0,-0.0036,-0.0265,0.0,2333.2,25.25,25.25,25.25,25.25,0,25.25,25.2674,25.15,25.16,5844,1954,1811,2057,1
33.0,3.87634038E8,19.7756,272.46,29.96,0.11,0.13,1448.0,188162.98,1.42,58,58,25,25,1987,0.992111957,1.474842644,1.688161778,1.754112735,2012,3,28,2,Finance,Finance: Consumer Services,male,male,Yes,No,No,Dec,1001 - 5000,1951 - 2000,0.0167,0.0243,-0.0334,0.0445,532370.2,16.45,16.18,17.72,17.0,2354311,16.77,16.8,17.21,16.85,101936,110839,71947,22818,1
33.02,3.300915689E9,21.9175,512.76,-63.51,-0.1239,0.29,817.0,627613.22,6.44,,,15,15,2002,1.222265002,1.756528682,1.742966545,1.509248604,2017,9,28,3,Consumer Services,Television Services,male,male,Yes,Yes,Yes,Dec,501 - 1000,2001 - 2010,0.4921,-0.1128,-0.2098,0.4889,2.45186204E7,23.5,15.75,23.5,15.8,39265871,26.54,23.56,20.81,20.85,44294651,16008400,13678465,9345715,1
33.37,1.487945141E9,21.1207,691.5,58.96,0.0853,1.99,1846.0,374593.72,2.15,63,,0,0,2016,-1.345950613,-1.93606964,0.159636115,0.771014739,2016,10,14,4,Energy,Oilfield Services/Equipment,male,male,Yes,sameYear,,Dec,1001 - 5000,2011 - present,0.0499,0.0807,0.0362,0.0499,1602262.4,13.26,12.63,14.29,13.66,5896628,13.87,13.93,14.37,14.33,882276,387535,519513,325360,1
34.08,9.015228749E8,20.6196,114.19,170.73,1.4951,0.01,,,7.89,54,54,71,71,1927,-1.951382281,-0.159379462,0.510088107,1.17864933,1998,7,31,4,,,male,male,Yes,No,No,Dec,,1901 - 1950,0.0,-0.0297,-0.0792,0.0,11580.0,31.5625,31.5625,31.625,31.625,2100,31.5,30.375,30.0625,30.625,7000,24900,18900,5000,0
34.11,6.485614343E8,20.2903,173.35,36.5,0.2106,0.19,384.0,451432.29,3.74,61,61,1,1,1997,1.225787936,2.147783039,2.421294389,1.685411279,1998,2,17,1,Finance,Commercial Banks,male,male,Yes,No,No,Dec,101 - 500,1951 - 2000,0.0,0.0285,0.0285,0.0,246.2,17.0162,17.0162,17.0162,17.0162,0,17.0162,17.0162,17.5019,17.5019,0,0,1231,0,1
34.44,7.425367389E9,22.7282,24150.0,444.29,0.0184,0.05,25355.0,952474.86,0.31,53,53,,,,1.479208487,1.123939605,1.087837508,0.839264542,2016,5,26,3,Consumer Non-Durables,Food Distributors,male,male,Yes,No,No,Dec,>10000,Unknown,0.0345,0.0177,-0.0695,0.0349,6955535.2,24.91,24.08,25.09,24.25,28800216,25.03,25.03,24.99,25.35,2872620,0,1689457,1415383,1
34.47,2.6206814717E10,23.9893,13760.0,1940.0,0.141,0.13,16000.0,860000.0,1.9,58,58,11,11,2003,-3.612448606,-0.179197965,0.661777887,1.159053656,2014,7,31,3,Finance,Finance: Consumer Services,female,female,Yes,sameYear,sameYear,Dec,>10000,2001 - 2010,0.0177,-9.0E-4,0.117,0.0442,1.55684426E7,23.0,22.6,24.0,23.0,56483860,23.0,23.0,23.0,22.98,6458897,3455893,4450212,6993351,1
34.54,5.310342905E9,22.3929,9470.0,314.98,0.0333,0.24,32800.0,288719.51,0.56,47,47,1,1,1997,1.664655262,2.490893851,2.671594201,1.750516546,1998,2,12,3,Capital Goods,Engineering & Construction,male,male,Yes,No,No,Dec,>10000,1951 - 2000,0.0228,0.1111,0.1056,0.0,936210.0,7.5,7.333,7.833,7.833,3903750,7.5,7.5,7.833,8.333,504000,0,132600,140700,1
34.61,5.744581644E8,20.1689,144.54,31.27,0.2163,0.04,701.0,206191.16,3.97,55,55,0,0,1997,-1.472146257,0.018402013,0.741537711,1.25899728,1997,10,24,4,Finance,Major Banks,male,male,Yes,No,No,Dec,501 - 1000,1951 - 2000,0.0436,0.0103,-0.0626,0.0435,27605.6,8.5288,8.1723,8.8834,8.5282,55439,8.4399,8.8835,8.8835,8.6168,22793,36723,16180,6893,1
34.64,7.38605286E9,22.7229,971.31,379.98,0.3912,0.17,714.0,1360378.15,7.6,70,59,0,0,2013,0.930162064,1.292914721,1.440613,1.43186697,2013,10,14,0,Consumer Services,Real Estate Investment Trusts,male,male,Yes,sameYear,No,Dec,501 - 1000,2011 - present,0.0236,0.0752,0.1119,0.0248,643263.0,41.2,40.25,42.0,41.0,315997,41.2,41.27,43.23,44.3,182068,763570,1396233,558447,0
34.67,3.376197224E9,21.94,3320.0,243.5,0.0733,0.08,6400.0,518750.0,1.02,60,60,0,0,2005,0.460732198,0.469557862,1.051905788,1.21615337,2005,9,14,2,Basic Industries,Paper,male,male,Yes,No,No,Dec,5001 - 10000,2001 - 2010,0.0,-0.0455,-0.0273,0.0,42680.0,2.75,2.75,2.75,2.75,200,2.675,2.675,2.675,2.625,184200,0,0,29000,0
34.88,6.976E7,18.0606,,,,,,,,,,,,,1.268648126,1.665197837,2.033086924,2.140385469,2006,10,11,2,,,,,,,,,,Unknown,,0.0068,0.0076,,4920.0,25.04,,,,0,25.17,25.32,25.27,25.21,21600,400,800,1800,0
34.93,4.715556986E7,17.669,,,,,,,,,,,,,-0.444151623,0.084395687,0.859166434,1.330048258,2011,4,19,1,,,,,,,,,,Unknown,,0.001,-0.0034,,360.8,20.32,,,,0,20.32,20.39,20.39,20.34,1400,100,0,304,0
35.08,2.096245742E9,21.4634,491.95,167.71,0.3409,,911.0,540010.98,4.26,43,44,1,1,2014,-2.287910171,-0.522819263,-0.568430721,-1.027738687,2015,12,18,4,Finance,Finance: Consumer Services,unknown,unknown,No,,sameYear,Dec,501 - 1000,2011 - present,0.0898,0.044,-0.178,0.0467,1246054.8,9.1,8.35,10.39,10.0,5366821,9.31,9.6,9.45,9.5,471347,192857,137562,61687,1
35.34,6.372937474E8,20.2727,109.28,5.86,0.0536,0.29,406.0,269162.56,5.83,58,61,21,21,1995,0.895649324,1.764907415,1.548541202,1.79125743,2016,7,28,3,Health Care,Medical/Dental Instruments,male,male,Yes,Yes,Yes,Dec,101 - 500,1951 - 2000,0.108,0.2319,0.2274,0.153,420025.4,11.08,10.0,11.88,10.35,1569054,11.26,12.07,13.16,13.65,232697,112857,105448,80071,1
35.45,1.394360451E9,21.0557,220.87,-91.21,-0.413,0.32,823.0,268371.81,6.31,47,47,17,17,2000,1.679279591,1.909718109,2.306550486,1.883524027,2017,10,27,4,Technology,Computer peripheral equipment,male,male,Yes,,,Dec,501 - 1000,1951 - 2000,0.0332,-0.0278,0.1239,0.0304,1468724.4,25.5,24.68,27.0,26.25,5879848,25.0,25.85,25.87,24.79,572941,560708,241048,89077,0
35.53,2.010188271E9,21.4215,240.5,-73.75,-0.3067,,56.0,4294642.86,8.36,42,42,0,0,2015,-1.279540898,-1.905546164,-0.426556185,0.477556099,2015,7,6,0,Finance,Real Estate,male,male,Yes,sameYear,sameYear,Dec,0 - 100,2011 - present,0.03,0.0108,0.0032,0.0397,263312.0,37.1,36.02,37.45,36.02,311956,37.73,37.2,37.32,37.5,483767,225647,181787,113403,1
35.84,1.7696317327E10,23.5966,1040.0,116.59,0.1121,0.68,20240.0,51383.4,17.02,36,35,7,7,2003,1.377070966,1.703304858,1.488020919,1.476643483,2010,10,20,2,Consumer Services,Other Consumer Services,unknown,unknown,No,,No,Feb,>10000,2001 - 2010,0.1347,0.2,0.0587,0.1316,1.66416192E7,2.5,2.2033,2.6233,2.3333,49119486,2.46,2.75,2.945,3.0,13501620,7387338,7283610,5916042,0
35.93,4.553767481E8,19.9366,129.75,26.68,0.2056,0.27,592.0,219172.3,3.51,57,57,19,19,1981,0.957913569,1.285730832,1.786561301,2.182194868,2000,1,3,0,Finance,Major Banks,male,male,Yes,No,No,Dec,501 - 1000,1951 - 2000,0.0,0.0,-0.0909,0.0,122.0,11.1225,11.1225,11.1225,11.1225,610,11.1225,11.1225,11.1225,11.1225,0,0,0,0,0
36.05,1.076694715E9,20.7972,817.63,43.57,0.0533,0.4,760.0,1075828.95,1.32,48,48,7,7,2007,-2.889071028,0.075291089,0.396795389,1.061496243,2014,12,12,4,Finance,Property-Casualty Insurers,male,male,No,No,No,Dec,501 - 1000,2001 - 2010,0.0163,-0.0066,0.0889,0.0086,979239.0,21.25,20.91,21.5,21.32,3419256,20.52,21.15,21.17,21.11,736032,457178,225730,57999,1
36.18,7.102411754E9,22.6837,,,,,,,,44,58,45,45,1961,0.406217541,1.098728743,1.483991224,1.932368783,2006,2,1,2,Basic Industries,Steel/Iron Ore,unknown,male,,No,,,,1951 - 2000,0.0364,-0.0274,0.0205,0.0554,3681880.0,23.37,22.55,24.3,23.05,13284000,23.29,23.75,23.87,22.73,2790200,821100,620200,893900,1
36.2,8.979920239E9,22.9183,2200.0,85.7,0.039,0.28,3794.0,579862.94,4.08,54,46,7,7,2007,-1.310930329,-2.078626784,-1.308855077,0.073203679,2014,10,17,4,Public Utilities,Telecommunications Equipment,male,male,Yes,,No,Jun,1001 - 5000,2001 - 2010,0.0372,0.0341,0.0827,0.0632,2019010.2,22.0,21.21,22.85,21.51,8178604,22.2,22.1,22.34,22.75,512036,344564,491171,568676,1
36.3,1.4605018412E10,23.4046,13260.0,1870.0,0.141,0.06,10750.0,1233488.37,1.1,54,54,0,0,2005,0.917757569,1.594000409,2.044057543,2.319884251,2005,12,5,0,Consumer Services,Television Services,male,male,Yes,No,No,Sep,>10000,2001 - 2010,0.0686,0.0198,-0.0665,0.0623,29900.0,42.85,40.1,43.0,40.5,60100,44.3,44.9,43.96,43.7,50800,5600,17100,15900,0
36.35,3.566001811E9,21.9947,576.61,379.75,0.6586,0.26,397.0,1452418.14,6.18,54,54,5,5,2008,1.024709045,1.774084343,2.140958985,1.688295436,2013,10,31,3,Finance,Property-Casualty Insurers,male,male,No,sameYear,sameYear,Dec,101 - 500,2001 - 2010,0.0345,0.0529,0.0386,0.0049,4081457.8,21.0,20.3,22.1,22.0,16022319,22.53,22.01,22.73,22.11,2283501,425839,880099,795531,1
36.53,8.409757603E8,20.5501,637.12,8.98,0.0141,0.07,3380.0,188497.04,1.32,53,53,121,121,1875,0.0,0.0,0.0,0.0,1996,2,23,4,Capital Goods,Construction/Ag Equipment/Trucks,male,male,Yes,No,No,Mar,1001 - 5000,<= 1900,0.004,-0.004,0.0201,0.0444,1146780.0,15.5625,15.5,16.25,15.5625,4292700,15.25,15.125,15.25,15.5,492900,383800,275300,289200,1
36.87,1.0668397658E10,23.0906,116990.0,7320.0,0.0626,0.02,75277.0,1554126.76,0.09,,,9,9,1988,1.512747256,2.031150983,2.031150983,2.031150983,1997,2,4,1,Transportation,Air Freight/Delivery Services,,unknown,No,,,Dec,>10000,1951 - 2000,0.1448,-0.1325,0.0422,0.0276,1820440.0,10.375,9.0625,10.625,10.375,6055200,9.4375,9.25,9.3125,9.0,1369600,446800,417200,813400,1
36.9,3.164146218E8,19.5726,76.94,12.32,0.1601,0.05,422.0,182322.27,4.11,52,52,0,0,1999,1.682154275,1.524681137,2.0363175,2.393273801,1999,12,30,3,Finance,Major Banks,male,male,Yes,No,No,Dec,101 - 500,1951 - 2000,0.0267,-0.0194,-0.0519,0.04,188700.0,9.625,9.375,10.0,9.625,673400,9.75,9.625,9.5,9.438,49200,140000,72500,8400,1
36.95,1.064261021E9,20.7855,,,,,,,,55,52,5,5,1997,-1.037964834,-1.476034676,-1.89722968,-1.261268983,2002,5,30,3,Consumer Services,Catalog/Specialty Distribution,male,male,,No,No,,,1951 - 2000,0.0031,-0.0545,0.0791,0.0831,495815.2,12.9991,12.9592,14.0765,12.9991,1667654,12.9891,12.9692,12.7696,12.2908,309333,99936,351032,51121,0
37.09,2.531343096E9,21.652,2650.0,420.61,0.1587,0.14,6795.0,389992.64,0.96,64,46,47,47,1964,-1.146028784,0.101870277,0.665324434,1.15837853,2011,5,26,3,Transportation,Air Freight/Delivery Services,male,male,Yes,No,No,Dec,5001 - 10000,1951 - 2000,0.0396,0.0035,0.0433,0.0297,5022095.2,11.55,11.11,11.68,11.35,5200920,11.48,11.48,11.8,11.59,5926694,0,6730827,7252035,1
37.25,4.28255055E9,22.1778,1530.0,730.0,0.4771,0.1,310.0,4935483.87,2.8,65,65,1,1,2003,0.736616825,0.386142035,0.874513002,1.324892236,2004,4,23,4,Finance,Property-Casualty Insurers,male,male,No,No,No,Dec,101 - 500,2001 - 2010,0.0,-0.0211,-0.0794,0.01,5897840.0,18.0,18.0,18.4,18.22,20894800,17.8,18.0,17.85,17.62,5904000,1306100,799400,584900,0
37.61,1.420080486E9,21.074,698.1,51.6,0.0739,0.13,2000.0,349050.0,2.03,53,53,,,,0.653061642,1.02951516,1.694219939,1.563273017,2017,1,20,4,Capital Goods,Industrial Machinery/Components,male,male,Yes,sameYear,sameYear,Sep,1001 - 5000,Unknown,0.0057,-0.0519,0.1609,0.0179,316907.0,28.15,27.99,28.4999,28.0,622470,27.0,27.3,27.75,26.69,115989,136073,117711,592292,1
37.7,3.14795E8,19.5674,,,,,,,,,,,,,1.354925362,1.24173118,1.300511347,1.644917159,2014,2,24,0,,,,,,,,,,Unknown,0.0,0.0072,-0.0302,0.0,16984.0,25.16,25.16,25.16,25.16,0,25.16,25.16,25.16,25.34,0,0,46600,38320,1
37.7,3.942818798E9,22.0952,,,,,,,,46,,,,,1.415863496,1.503259783,1.888408889,1.882982581,2014,11,7,4,Health Care,Biotechnology: Commercial Physical & Biological Resarch,male,male,,No,No,,,Unknown,0.0449,0.042,0.1498,0.0355,925155.6,20.49,19.61,20.75,20.054,3799728,20.67,20.96,20.9,21.35,246722,224725,144490,210113,1
37.78,9.287512445E9,22.9519,14600.0,373.92,0.0256,,260500.0,56046.07,0.64,59,59,54,54,1959,-1.70951898,0.637871919,1.221742511,1.488839923,2013,12,12,3,Consumer Services,Restaurants,male,male,Yes,No,No,Sep,>10000,1951 - 2000,0.1294,0.0573,0.0863,0.1577,4221820.8,22.7,20.1,23.42,20.25,17190810,23.83,23.7,23.46,24.0,2289795,577220,219403,831876,1
38.0,1.21108109E9,20.9148,10.39,-73.17,-7.0423,1.27,139.0,74748.2,116.56,42,42,7,7,2008,0.457642692,-0.8508354,-1.472494554,-1.014780427,2015,9,17,3,Health Care,Biotechnology: Biological Products (No Diagnostic Substances),male,male,Yes,Yes,Yes,Dec,101 - 500,2001 - 2010,0.041,-0.1951,-0.3803,0.0595,1707631.6,30.45,29.25,32.0,30.26,6598268,30.7,29.81,26.05,24.51,487355,296791,714907,440837,0
38.35,5.060902236E8,20.0422,73.11,3.93,0.0538,0.02,257.0,284474.71,6.92,54,54,19,19,1979,1.302152541,1.824780226,2.380212822,1.824841192,1998,3,4,2,Health Care,Medical/Dental Instruments,male,male,Yes,No,No,Sep,101 - 500,1951 - 2000,0.0627,0.0196,0.1137,0.0291,133879.8,3.985,3.75,4.094,3.985,374600,3.875,4.063,3.969,4.063,159400,31399,29200,74800,1
38.36,2.538887211E9,21.655,29620.0,-75.28,-0.0025,1.81,26900.0,1101115.24,0.09,52,,1,1,2015,1.574831413,1.383891991,1.203381455,0.971754413,2016,6,1,2,Basic Industries,Engineering & Construction,male,male,No,,,Dec,>10000,2011 - present,0.087,0.0,-0.2664,0.087,40.0,25.0,23.0,25.0,23.0,200,25.0,25.0,25.0,25.0,0,0,0,0,1
38.55,7.184143305E8,20.3926,,,,,,,,,46,,,,-1.951382281,-0.159379462,0.510088107,1.17864933,1998,7,31,4,,,male,male,,,No,,,Unknown,0.017,-0.0168,-0.1564,0.0057,1260.0,44.75,44.0,45.5,45.25,2000,44.25,42.25,43.25,44.0,1975,900,525,900,0
39.04,2.025491434E9,21.4291,2050.0,78.83,0.0385,0.12,4100.0,500000.0,0.99,56,56,27,27,1980,1.688219863,1.997963916,1.502458282,2.014612278,2007,2,6,1,Consumer Durables,Consumer Specialties,male,male,Yes,No,No,Sep,1001 - 5000,1951 - 2000,0.0379,-0.1561,-0.0864,0.0621,2115839.2,15.05,14.5,15.4,14.5,2775152,15.05,13.37,12.85,12.7,1240387,4378377,1259909,925371,0
39.18,3.855242534E9,22.0727,429.94,33.15,0.0771,0.14,1046.0,411032.5,8.97,44,58,23,23,1992,-0.608528288,-0.871766309,-0.533793513,0.55795148,2015,8,6,3,Consumer Services,Hotels/Resorts,male,unknown,Yes,Yes,No,Dec,1001 - 5000,1951 - 2000,0.1636,0.0494,0.1625,0.1222,4064417.0,16.0,13.75,16.18,14.5,16170276,18.25,18.68,17.38,16.79,1844464,1088283,668562,550500,1
39.84,6.454273224E8,20.2854,183.27,35.79,0.1953,0.14,504.0,363630.95,3.52,61,47,0,0,2005,1.344315941,0.493178998,0.220416895,0.931866182,2005,5,25,2,Energy,Natural Gas Distribution,male,male,Yes,No,No,Dec,501 - 1000,2001 - 2010,0.0066,0.0016,0.0363,0.0452,562000.0,24.51,24.35,25.6,24.5,2145400,24.01,24.4,24.4,24.55,422900,122400,0,119300,1
39.98,7.821831488E9,22.7802,,,,,,,,46,46,,,,0.784452214,0.564203274,0.875703501,1.129150158,2015,7,22,2,Consumer Non-Durables,Packaged Foods,male,male,,No,No,,,Unknown,0.0453,-0.0537,0.0055,0.0173,6857733.0,27.2,26.02,27.45,27.0,27285258,28.15,26.8,26.25,25.74,2973522,1142501,1602268,1285116,0
40.11,1.63169289E9,21.2129,349.41,-33.14,-0.0948,0.02,1600.0,218381.25,4.67,56,56,10,10,1989,-0.856146701,0.428525388,1.057830161,1.55392218,1999,2,12,4,Technology,Computer Software: Prepackaged Software,male,male,Yes,No,No,Jun,1001 - 5000,1951 - 2000,0.4621,-0.029,1.8267,0.3594,1523020.0,20.469,14.0,25.5,20.469,4515400,20.469,23.125,21.0,19.875,0,1998900,586000,514800,1
40.25,1.900034134E9,21.3651,338.94,29.24,0.0863,0.3,447.0,758255.03,5.61,48,48,15,15,2000,-0.269589696,-0.003803505,0.560651377,1.03728073,2015,6,26,4,Technology,Computer Software: Prepackaged Software,male,male,Yes,Yes,Yes,Dec,101 - 500,1951 - 2000,0.0616,0.0095,0.0444,0.1151,2482641.0,16.88,15.9,17.88,16.05,9088360,15.77,15.38,15.72,17.04,891382,812934,925250,695279,1
40.365,3.477254631E8,19.6669,,,,,,,,,56,,,,-1.951382281,-0.159379462,0.510088107,1.17864933,1998,7,31,4,,,,male,,,,,,Unknown,0.0012,-0.0288,-0.125,0.0,3200.0,52.0,51.9375,53.0,53.0,1400,52.0,51.3125,50.875,50.5,2500,5300,4300,2500,0
40.52,8.91440081E8,20.6083,,,,,,,,,,,,,-1.058537405,-0.297825077,0.727394501,1.255584871,2011,4,18,0,,,,,,,,,,Unknown,,0.0,-0.0212,,0.0,31.06,,,,0,31.06,31.06,31.06,31.06,0,0,0,0,0
40.57,8.119473299E8,20.5149,134.55,14.3,0.1063,0.43,536.0,251026.12,6.03,67,49,7,7,2009,-0.436835782,-0.365779228,0.673582598,1.065648815,2016,9,29,3,Miscellaneous,Business Services,male,unknown,Yes,Yes,Yes,Dec,501 - 1000,2001 - 2010,0.0629,-0.0961,-0.1532,0.105,974490.2,14.88,14.0,16.17,14.7,3554904,14.32,14.93,14.5,13.45,458417,240771,209514,408845,0
40.7,1.395403733E9,21.0564,158.81,-49.82,-0.3137,0.43,1140.0,139307.02,8.79,43,43,7,7,2008,-1.283534659,0.315831285,-0.399133665,-0.674015482,2015,11,13,4,Technology,Computer Software: Prepackaged Software,male,male,Yes,Yes,sameYear,Dec,1001 - 5000,2001 - 2010,0.1429,0.0,0.1283,0.1422,858495.4,18.0,15.75,18.24,16.0,3539562,17.7,17.27,17.75,18.0,374017,145717,96643,136538,1
40.8,1.21604143E9,20.9189,96.3,-16.36,-0.1699,0.22,327.0,294495.41,12.63,47,47,11,11,2003,1.504249056,1.447196968,1.742729225,1.827902391,2014,7,24,3,Health Care,Medical/Dental Instruments,female,female,Yes,Yes,Yes,Dec,101 - 500,2001 - 2010,0.0287,-0.0279,0.2268,0.0358,742935.6,12.92,12.56,13.65,13.2,3201280,12.65,12.75,12.6,12.56,259380,188756,20601,44661,1
40.88,3.533547667E9,21.9856,2830.0,565.93,0.2,0.21,2750.0,1029090.91,1.25,55,55,21,21,1987,-1.504532645,-2.328596582,-2.966748259,-3.685119648,2008,10,27,0,Basic Industries,Forest Products,male,male,No,No,No,Dec,1001 - 5000,1951 - 2000,0.0,-0.2644,-0.7647,0.0226,847.2,19.93,19.93,21.25,20.8,196,18.27,19.2,16.599,14.66,130,650,200,3060,0
41.1,1.19556349E9,20.9019,3.7,-102.04,-27.5784,1.49,168.0,22023.81,323.13,43,43,3,3,2012,0.371041816,1.060618949,0.334190326,0.271567913,2015,11,11,2,Health Care,Major Pharmaceuticals,male,male,Yes,Yes,Yes,Dec,101 - 500,2011 - present,0.0,-0.0062,-0.115,0.0531,314882.8,16.0,16.0,17.9,17.05,1364137,16.0,15.9,15.89,15.9,90605,62039,7849,49784,1
41.2,1.821454184E9,21.3229,671.43,110.82,0.1651,0.02,820.0,818817.07,2.71,55,60,43,43,1953,0.0,0.0,0.0,0.0,1996,11,5,1,Consumer Services,Services-Misc. Amusement & Recreation,female,male,Yes,No,No,Nov,501 - 1000,1951 - 2000,0.0,-0.024,-0.0419,0.0659,1302920.0,20.875,20.875,22.25,20.875,4536000,20.5,20.5,20.0,20.375,1299600,373600,215600,89800,0
41.44,2.589978285E9,21.6749,456.98,134.74,0.2948,0.18,681.0,671042.58,5.67,45,45,6,6,1999,-0.933411369,0.034741441,0.736348978,1.352024439,2005,3,15,1,Finance,Savings Institutions,male,male,Yes,No,No,Jun,501 - 1000,1951 - 2000,0.0222,0.0017,-0.0435,0.0311,911863.2,2.875,2.8125,3.0,2.9125,3876268,2.875,2.88,2.875,2.88,299092,103492,117904,162560,0
41.56,4.3638E7,17.5914,,,,,,,,,,,,,-2.464933035,-1.467548687,-1.879479206,-0.593736519,2007,11,12,0,,,,,,,,,,Unknown,,0.0,0.0427,,0.0,48.47,,,,0,48.47,48.47,48.47,48.47,0,0,0,0,0
41.65,2.570906143E9,21.6675,233.28,-106.78,-0.4577,0.89,1231.0,189504.47,11.02,48,47,13,13,2002,-1.193694432,-1.319514391,-0.152431385,0.6370873,2015,7,1,2,Health Care,Medical/Nursing Services,male,male,Yes,No,No,Dec,1001 - 5000,2001 - 2010,0.0244,-0.0523,0.1077,0.0719,2585095.4,28.5,27.82,31.9,29.9,10512868,28.0,28.0,26.69,27.01,1199150,0,512787,700672,0
41.88,4188083.76,15.2478,,,,,,,,,,,,,1.31908501,1.602319348,1.96490772,1.246482079,2012,2,14,1,,,,,,,,,,Unknown,,0.0,-0.0176,,0.0,31.27,,,,0,31.27,31.27,31.27,31.27,0,0,0,0,0
42.07,1.93522E8,19.0809,,,,,,,,,,,,,2.127421616,2.498152784,2.438672718,1.777195857,2013,10,22,1,,,,,,,,,,Unknown,0.0165,-0.0142,0.019,0.0169,86348.2,25.32,24.91,25.33,24.91,226988,24.96,25.1399,24.97,24.96,84861,30694,54344,34854,1
42.22,2.821116377E9,21.7604,594.6,116.48,0.1959,,2790.0,213118.28,4.74,56,56,8,8,1990,0.734489271,1.220868758,1.714771579,2.105017301,1998,4,23,3,Technology,Computer Software: Prepackaged Software,male,male,Yes,No,No,Dec,1001 - 5000,1951 - 2000,0.0,0.0343,-0.0972,0.2114,5840160.0,5.4688,5.4688,6.625,5.4688,18922800,6.1408,5.672,5.5938,5.6562,4247200,3006800,1848400,1175600,0
42.23,6.2636865443E10,24.8606,25900.0,2880.0,0.1112,,83000.0,312048.19,2.42,56,,98,98,1903,-1.619679258,0.365571051,-0.330648076,-1.021990416,2001,6,13,2,Consumer Non-Durables,Packaged Foods,male,male,Yes,No,No,Dec,>10000,1901 - 1950,0.0048,-0.0272,-0.0304,0.0148,3.83797818E7,20.4571,20.3589,20.9218,20.6207,106266187,19.737,20.0316,19.8483,19.9006,48852480,21949635,6140759,8689848,1
42.37,2.0664569798E10,23.7517,6580.0,1650.0,0.2508,0.15,17600.0,373863.64,3.14,60,52,186,186,1828,0.003491422,0.932609751,1.238402705,1.52262566,2014,9,24,2,Finance,Major Banks,male,male,Yes,Yes,No,Dec,>10000,<= 1900,0.081,0.0147,-0.0208,0.0806,1.60654508E7,23.08,21.35,23.22,21.5,60456032,23.05,23.25,23.23,23.42,8430850,2504353,4832916,4103103,1
42.4,6.786365411E9,22.6382,4160.0,179.19,0.0431,0.17,11800.0,352542.37,1.63,77,54,7,7,1992,-0.162522714,-0.074109486,0.787042179,1.223848021,1999,6,9,2,Consumer Non-Durables,Shoe Manufacturing,male,male,Yes,Yes,Yes,Dec,>10000,1951 - 2000,0.0366,0.0,-0.2764,0.0488,2442180.0,3.5417,3.4167,3.6667,3.5,7405500,3.9377,3.9377,3.7083,3.5417,2929800,824700,501900,549000,0
42.55,9.406160443E8,20.662,761.29,-7.8,-0.0102,0.43,,,1.24,,58,29,29,1988,1.290717868,1.724063837,1.411617902,1.691776849,2017,5,24,2,Technology,Semiconductors,male,male,Yes,No,No,Aug,,1951 - 2000,0.1696,-0.0349,0.171,0.1739,356118.4,13.45,11.5,14.0,12.0,1415330,13.5,13.23,13.23,12.98,237886,56207,0,71169,1
43.41,4.079296738E8,19.8266,84.36,16.82,0.1994,0.07,,,4.84,59,59,0,0,2008,-2.114310375,-3.195162709,-2.780155949,-2.745741162,2008,10,3,4,Finance,Banks,male,male,Yes,,,Dec,,2001 - 2010,0.0445,-0.0992,-0.0905,0.0609,217871.6,11.49,11.0,11.69,11.02,435913,11.5,10.92,10.9,10.35,299623,179024,70508,104290,0
43.5,1.599928434E9,21.1932,358.81,-320000.0,-891.8369,0.34,4440.0,80813.06,4.46,42,53,1,1,2014,-1.619735216,-1.765738655,-0.160989677,0.601845301,2015,1,30,4,Consumer Services,Restaurants,male,female,Yes,Yes,Yes,Dec,1001 - 5000,2011 - present,0.0173,-0.071,-0.0599,0.1218,4321281.8,45.9,45.12,52.4967,47.0,16275333,43.99,44.98,41.32,42.64,2197510,1042087,1367935,723544,1
43.62,,,,,,,,,,,,,,,-0.604541247,-1.179872291,-0.060127747,0.679458037,2015,7,7,1,,,,,,,,,,Unknown,0.0,0.019,-0.0127,0.0,4199.6,34.72,34.72,34.72,34.72,0,34.72,35.58,34.71,35.38,20000,181,567,250,0
43.89,3.0723E7,17.2405,,,,,,,,,,,,,-0.805317122,0.835995632,1.364993241,1.580598369,2013,12,16,0,,,,,,,,,,Unknown,0.0,0.0,-0.0082,0.0,2.0,50.03,50.03,50.03,50.03,0,50.03,50.03,50.03,50.03,0,0,10,0,0
44.32,5.909908681E9,22.4999,296.46,-79.98,-0.2698,0.58,1188.0,249545.45,19.93,52,52,11,11,2006,0.79072221,1.465459688,1.674426157,2.151292091,2017,3,17,4,Technology,Computer Software: Prepackaged Software,male,male,Yes,,Yes,Dec,1001 - 5000,2001 - 2010,0.0631,-0.0707,-0.103,0.0717,4566666.0,24.75,23.28,25.92,24.25,15197507,23.4,23.85,22.68,23.0,3281446,2034295,1468127,851955,1
44.8,2.544894195E9,21.6574,2230.0,-155.77,-0.0699,0.18,3190.0,699059.56,1.14,50,50,12,12,2001,-0.613172433,0.727888809,1.208882119,1.680773308,2013,4,19,4,Finance,Finance: Consumer Services,unknown,unknown,Yes,No,No,Dec,1001 - 5000,2001 - 2010,0.0629,-0.0815,-0.0534,0.0793,2358844.4,26.01,24.47,26.94,25.0,8487398,26.43,25.24,25.03,23.89,1007883,983635,785250,530056,1
44.88,8.895040968E8,20.6062,661.71,11.79,0.0178,0.12,4400.0,150388.64,1.34,50,50,0,0,1999,-1.666712444,-2.208125802,-2.314571631,-0.292590484,1999,10,18,0,Capital Goods,Metal Fabrications,male,male,Yes,No,No,Dec,1001 - 5000,1951 - 2000,0.0,0.0177,-0.0353,0.1706,76020.0,10.625,10.625,12.438,10.625,70700,10.375,10.25,10.188,10.813,39300,113400,82100,74600,0
44.93,9.098914482E8,20.6288,9.02,-42.81,-4.7461,,79.0,114177.22,100.87,39,39,5,5,2005,1.364807359,1.774663952,1.810035615,2.12758905,2010,12,17,4,Health Care,Major Pharmaceuticals,male,male,Yes,No,No,Dec,0 - 100,2001 - 2010,0.008,0.0,0.0159,0.0,19709.4,31.5,31.25,38.55,38.55,39090,31.5,31.25,30.25,31.5,13749,10350,23125,12233,1
45.225,7.222072509E8,20.3978,327.08,11.07,0.0338,0.02,750.0,436106.67,2.21,55,55,1,1,2014,-0.85695388,-1.366598626,-2.112180938,-2.017250594,2015,9,30,2,Basic Industries,Home Furnishings,male,male,Yes,No,No,Mar,501 - 1000,2011 - present,0.0,0.0913,0.1943,0.0,232719.0,30.0,30.0,30.0,30.0,239,30.8,32.25,32.59,32.74,643746,273217,122178,124215,1
45.28,2.78472E8,19.4448,,,,,,,,,,,,,2.160494353,1.626597813,1.198016687,0.889955649,2016,4,19,1,,,,,,,,,,Unknown,0.0,-0.0177,-0.0536,0.0,1560.6,25.31,25.31,25.31,25.31,0,25.31,25.17,25.0672,24.8611,2150,2026,1105,2522,1
45.3,2.334632351E9,21.5711,302.24,57.28,0.1895,0.41,422.0,716208.53,7.72,55,55,7,7,2005,1.128411149,1.202480371,1.301370807,1.562193515,2012,5,1,1,Health Care,Major Pharmaceuticals,male,male,Yes,Yes,Yes,Dec,101 - 500,2001 - 2010,0.0327,0.1825,0.1266,0.0981,181855.6,5.37,5.2,7.01,6.5,676810,5.74,6.06,5.97,6.35,55182,99580,26500,51206,1
45.6,3.6904992E10,24.3316,422290.0,21470.0,0.0508,0.03,284206.0,1485858.85,0.09,54,54,0,0,2002,0.910956763,0.544543512,-0.257716163,-1.036448563,2002,11,14,3,Public Utilities,Telecommunications Equipment,unknown,female,No,No,No,Dec,>10000,2001 - 2010,0.0263,0.0384,-0.0084,0.0,3469740.0,17.96,17.5,18.75,18.75,11726200,18.4,18.63,18.5,18.65,2374400,1956100,828800,463200,1
45.72,3.837894945E9,22.0682,,,,,,,,49,,5,5,2001,0.989239998,1.351602415,1.538223844,1.71296394,2006,5,4,3,Energy,Integrated oil Companies,male,,,Yes,,,,2001 - 2010,0.0093,0.064,-0.0978,0.0646,1915260.0,16.25,16.1,17.15,16.11,7248200,16.42,16.83,16.95,17.29,752700,569400,412300,593700,1
46.369,2.376339007E9,21.5888,,,,,,,,,,,,,-0.604541247,-1.179872291,-0.060127747,0.679458037,2015,7,7,1,,,,,,,,,,Unknown,0.0,0.0106,-0.0075,0.0,628.8,34.78,34.78,34.78,34.78,0,34.78,35.53,35.15,35.15,500,172,2472,0,0
46.64,1.0206330776E10,23.0463,8860.0,54.0,0.0061,0.33,2130.0,4159624.41,1.15,56,39,5,5,2005,1.378394326,1.50805801,1.764745411,1.935476163,2010,12,7,1,Public Utilities,Natural Gas Distribution,male,male,Yes,No,No,Dec,1001 - 5000,2001 - 2010,0.0511,0.0737,0.0996,0.0468,2631014.0,24.7,23.5,25.2,24.1,10577595,25.65,25.57,25.64,26.52,865113,877757,436875,397730,1
47.03,1.8640636131E10,23.6486,2210.0,-62.81,-0.0284,0.3,2338.0,945252.35,8.43,41,41,6,6,2009,0.35453673,1.256160043,0.477076559,0.378934121,2015,11,19,3,Technology,Computer Software: Prepackaged Software,male,male,Yes,Yes,Yes,Dec,1001 - 5000,2001 - 2010,0.4522,-0.0895,-0.0574,0.3978,1.54871804E7,13.07,9.0,14.78,11.2,47440827,12.85,12.12,12.02,11.9,16542487,5156630,4714182,3581776,1
47.4,3.918414805E9,22.089,125.67,-126.2,-1.0042,,423.0,297092.2,31.18,62,53,21,21,1993,1.026675165,1.423175943,1.920728879,1.908269285,2014,11,14,4,Health Care,Major Pharmaceuticals,male,unknown,Yes,,Yes,Dec,101 - 500,1951 - 2000,0.0242,0.0518,0.3177,0.0209,1699542.0,22.0,21.48,23.45,23.0,6442284,23.81,23.59,23.37,23.14,1100536,596665,208288,149937,1
47.55,2.997128615E9,21.8209,1590.0,126.2,0.0794,0.03,6000.0,265000.0,1.88,51,51,1,1,2007,0.016448007,-0.696430746,-1.271707714,-1.906232475,2008,3,20,3,Consumer Durables,Miscellaneous manufacturing industries,male,male,Yes,No,No,Sep,5001 - 10000,2001 - 2010,0.0,0.2778,6.0E-4,0.0,50.0,18.0,18.0,18.0,18.0,12,18.0,19.75,23.0,23.0,0,100,100,38,1
47.87,2.246242019E9,21.5325,611.6,-32.1,-0.0525,,13000.0,47046.15,3.67,51,48,0,0,2014,0.064051684,-0.583615223,-0.091147618,0.784553402,2014,10,21,1,Health Care,Industrial Specialties,male,male,Yes,No,,Dec,>10000,2011 - present,0.2496,-0.0634,-0.0407,0.6413,207289.6,41.0,32.81,53.85,32.81,270916,39.75,39.45,38.74,38.4,332835,207217,104191,121289,1
47.99,1.0421720708E10,23.0672,3210.0,269.0,0.0838,1.63,250.0,1.284E7,3.25,61,45,1,1,2010,0.965030836,1.001103,1.191617571,1.510819474,2011,4,20,2,Energy,Natural Gas Distribution,male,male,Yes,Yes,No,Dec,101 - 500,2001 - 2010,0.0217,0.0106,-0.0174,0.0248,2355714.2,23.5,23.0,23.82,23.25,9940036,23.51,23.51,24.32,23.75,779536,0,541492,517507,1
48.01,4.12886E8,19.8387,,,,,,,,,,,,,-2.265693073,-3.08659031,-1.845176749,-0.226442112,2014,10,15,2,,,,,,,,,,Unknown,0.0,-0.003,-0.0096,0.0,211377.6,50.07,50.07,50.07,50.07,0,50.07,49.94,49.95,49.92,528896,273609,164760,89623,0
48.13,1.718862791E9,21.2649,525.47,75.33,0.1434,,,,3.27,56,56,0,0,2005,-1.328916405,0.453623051,0.217367321,0.756440138,2005,6,30,3,Technology,Semiconductors,male,male,No,,,Dec,,2001 - 2010,0.1053,0.041,0.0743,0.0368,1199949.2,10.5,9.5,10.95,10.6,5360598,10.66,10.66,10.71,10.93,212799,0,83847,342502,1
48.22,1.480354096E9,21.1155,,,,,,,,,,,,,0.730110592,1.330031569,1.421872359,1.867642094,2013,5,1,2,,,,,,,,,,Unknown,,0.0,-0.001,,2767.2,50.07,,,,0,50.07,50.07,50.07,50.07,0,0,3420,10416,0
48.35,2.35137127E9,21.5783,1070.0,-74.28,-0.0694,,3578.0,299049.75,2.2,61,61,39,39,1957,-2.51324462,-2.51324462,-2.51324462,-2.51324462,1996,12,12,3,Consumer Non-Durables,Farming/Seeds/Milling,male,male,Yes,No,No,May,1001 - 5000,1951 - 2000,0.0092,0.0643,0.2296,0.0649,711760.0,1.703,1.6875,1.8125,1.703,1984400,1.7815,1.719,1.7735,1.8125,996800,122000,239200,216400,1
48.64,5.070916603E9,22.3468,430.49,-110.64,-0.257,0.38,2060.0,208975.73,11.78,46,48,7,7,2007,-0.405642025,0.429470327,0.983746636,1.275356063,2014,5,15,3,Technology,EDP Services,male,male,Yes,sameYear,No,Dec,1001 - 5000,2001 - 2010,0.2143,0.28,0.3321,0.2215,2617217.6,13.43,11.06,13.92,11.47,8424569,15.25,16.5,16.95,17.19,1867782,1529196,877711,386830,1
48.9,6.258187868E9,22.5572,1180.0,353.63,0.2997,0.05,1786.0,660694.29,5.3,61,61,1,1,1999,1.551961994,0.542517928,0.903795058,1.344487073,2000,6,5,0,Finance,Major Banks,male,male,Yes,No,No,Dec,1001 - 5000,1951 - 2000,0.0,-0.0446,-0.0446,0.0,45020.0,14.0,14.0,14.0,14.0,1000,13.25,13.0,13.0,13.375,500,4200,176300,43100,1
48.91,4.796457606E9,22.2911,,,,,,,,,,,,,-1.826005174,0.44460616,1.033517722,1.242170216,2012,10,12,4,,,,,,,,,,Unknown,,-8.0E-4,0.002,,47022.0,49.89,,,,0,49.89,49.89,49.88,49.85,0,30251,95680,109179,0
49.25,1.009831259E9,20.733,1030.0,44.78,0.0435,0.04,21700.0,47465.44,0.98,57,50,18,18,1978,0.0,0.0,0.0,0.0,1996,10,9,2,Consumer Services,Restaurants,male,male,Yes,No,No,Dec,>10000,1951 - 2000,0.0435,-0.125,-0.0833,0.087,133460.0,6.0,5.75,6.5,6.0,289900,6.0,5.75,5.75,5.25,118400,96900,57400,104700,0
49.71,7.928745E8,20.4912,,,,,,,,,,,,,0.224408208,0.754851348,1.140119669,1.307610908,2013,10,15,1,,,,,,,,,,Unknown,0.0,0.0028,0.003,0.0,1701.6,49.97,49.97,49.97,49.97,0,49.97,49.97,50.1099,50.1099,0,5000,308,3200,1
49.91,4.826680558E9,22.2974,672.0,-84.4,-0.1256,0.27,416.0,1615384.62,7.18,50,50,1,1,2012,1.5391468,2.134142125,2.087646549,2.145675485,2013,1,18,4,Consumer Services,Real Estate Investment Trusts,male,male,Yes,,,Dec,101 - 500,2011 - present,0.0261,0.0382,0.0561,0.0532,3207390.8,21.2,20.66,22.1,21.0,12735963,21.2,22.12,22.6,22.01,0,1707453,1122580,470958,1
50.15,1.011843777E10,23.0376,,,,,,,,,,2,2,1995,1.868729634,1.843840581,2.152618276,2.383035687,1997,7,30,2,Transportation,Air Freight/Delivery Services,,,,,,,,1951 - 2000,0.0161,-0.0297,0.0972,,1375530.0,21.0,20.6667,21.4587,,4703100,20.6667,20.5,20.5,20.3753,1207050,587700,219750,160050,0
50.32,7.95860486E9,22.7975,482.25,-125.53,-0.2603,0.15,1100.0,438409.09,16.5,56,56,4,4,1997,-0.653307053,-1.417718817,-1.575026686,-2.035826071,2001,3,7,2,Health Care,Biotechnology: Biological Products (No Diagnostic Substances),male,male,Yes,No,No,Dec,1001 - 5000,1951 - 2000,0.1,-0.0681,-0.4091,0.1541,1797940.0,8.25,7.5,9.406,8.25,6733100,8.75,8.5,7.75,7.688,1145100,389500,427800,294200,0
50.38,5.5418E7,17.8304,,,,,,,,,43,,,,1.268648126,1.665197837,2.033086924,2.140385469,2006,10,11,2,,,male,male,,,No,,,Unknown,,0.0079,0.025,,2920.0,25.25,,,,0,25.42,25.51,25.59,25.45,10800,600,1900,1300,0
50.5,1.909892325E8,19.0677,39.6,8.72,0.2202,0.12,175.0,226285.71,4.82,49,49,,-2,1999,-0.025534669,1.095990498,1.150147819,1.150147819,1997,2,27,3,Finance,Major Banks,male,male,Yes,No,No,Dec,101 - 500,1951 - 2000,0.0,-0.003,0.0682,0.0,792.0,6.3827,6.3827,6.3827,6.3827,0,6.3827,6.3827,6.3827,6.3637,0,0,0,3960,1
51.35,1.242670103E9,20.9405,,,,,,,,,,,,,1.433308297,1.151610032,1.468382763,1.657905317,2014,11,4,1,,,,,,,,,,Unknown,0.0,0.0034,0.007,0.0,220.2,50.08,50.08,50.08,50.08,0,50.08,50.08,50.2499,50.2499,101,0,1000,0,1
51.92,5.65950066E9,22.4566,919.2,-24.25,-0.0264,,2208.0,416304.35,6.16,64,59,33,33,1979,1.574426292,2.038341165,1.375902944,1.362672896,2012,8,10,4,Public Utilities,Telecommunications Equipment,male,male,Yes,No,No,Dec,1001 - 5000,1951 - 2000,0.125,-0.0997,0.0936,0.3098,7710528.6,10.0122,8.8997,11.6564,8.8997,12771918,9.9788,9.7452,9.5961,9.0143,3388324,5936814,3478336,12977251,1
52.05,3.539983272E9,21.9874,4380.0,100.86,0.023,0.06,5406.0,810210.88,0.81,62,62,7,7,1997,-0.714847702,0.105122369,-0.299060651,0.166291386,2004,9,23,3,Consumer Services,RETAIL: Building Materials,male,male,Yes,No,No,Sep,5001 - 10000,1951 - 2000,0.1221,0.0238,0.0844,0.1326,3424843.0,10.66,9.5,10.9267,9.6667,13321279,10.6333,10.5333,10.6333,10.9133,1075020,576015,1054366,1097535,1
52.66,3.501891053E8,19.674,,,,,,,,,,,,,1.635901273,1.862166753,1.766235257,1.595390605,2014,5,13,1,,,,,,,,,,Unknown,0.0,-0.0032,-0.009,0.0,5100.0,50.15,50.15,50.15,50.15,0,50.15,50.15,50.17,49.99,0,9100,5000,11400,1
53.1,2.09707299E9,21.4638,,-145.11,,,160.0,,,64,59,8,8,2005,1.715706218,2.298229616,2.430951123,1.780191537,2013,10,25,4,Health Care,Biotechnology: Biological Products (No Diagnostic Substances),male,male,Yes,sameYear,sameYear,Dec,101 - 500,2001 - 2010,0.0351,-0.0104,0.0971,0.0302,614031.0,10.61,10.25,10.86,10.55,2678805,10.55,10.53,10.4,10.5,157634,94351,78166,61199,1
53.125,3.1875E7,17.2773,,,,,,,,,,,,,1.252849416,1.53537703,2.070481945,1.569347687,2010,4,7,2,,,,,,,,,,Unknown,4.0E-4,4.0E-4,-0.0089,0.0121,1470.0,25.71,25.7,26.01,25.7,3600,25.59,25.651,25.82,25.72,1500,250,1700,300,1
53.22,1.072383106E9,20.7931,,,,,,,,61,61,,,,1.368065921,1.856226214,2.560495581,1.917119877,2007,5,8,1,,,male,male,,Yes,Yes,,,Unknown,,-7.0E-4,0.0193,,20.0,30.0,,,,0,30.0,30.0,29.98,29.98,0,0,100,0,0
53.56,7.960095234E8,20.4951,236.71,51.94,0.2194,0.25,108.0,2191759.26,3.36,57,56,7,7,2007,0.433398498,0.404556782,0.98944309,1.437209737,2014,2,12,2,Health Care,Major Pharmaceuticals,male,male,Yes,No,No,Dec,101 - 500,2001 - 2010,0.0063,0.0086,0.099,0.0737,1324886.6,12.83,12.75,16.44,15.5,5948257,13.22,12.8,12.8,12.94,487358,107162,0,81656,0
53.75,9.212395411E9,22.9438,3310.0,408.36,0.1234,0.03,22100.0,149773.76,2.78,61,,,-8,2018,1.773141657,1.585948894,1.872212829,1.380696603,2010,3,11,3,Capital Goods,Industrial Machinery/Components,female,,No,sameYear,,Dec,>10000,2011 - present,0.0278,-0.0189,0.0,0.0556,3948820.8,18.5,18.0,19.0,18.0,13231447,18.14,17.9,17.9,18.15,2412242,2596767,1019255,484393,1
54.0,1.70016786E9,21.254,342.84,31.56,0.0921,0.74,1150.0,298121.74,4.96,53,53,27,27,1970,1.104326012,0.909924404,0.909924404,0.909924404,1997,1,9,3,Capital Goods,Metal Fabrications,male,male,Yes,No,No,Dec,1001 - 5000,1951 - 2000,0.0922,0.0601,0.1566,0.0658,768352.2,3.0742,2.8147,3.2593,3.0742,1608862,3.3333,3.2964,3.2222,3.2591,683100,641587,589612,318600,1
54.6,7.416303258E8,20.4244,151.49,29.99,0.198,0.28,367.0,412779.29,4.9,52,52,6,6,1998,0.109348313,-0.37093799,0.744808057,1.233688158,2004,3,31,2,Health Care,Biotechnology: Electromedical & Electrotherapeutic Apparatus,male,male,Yes,No,No,Dec,101 - 500,1951 - 2000,0.0072,7.0E-4,0.0707,0.0,547385.2,14.0,13.9,14.59,14.59,2041178,14.12,14.1,14.0,14.01,293795,226426,136002,39525,0
54.77,4.070341597E9,22.127,572.78,262.97,0.4591,0.19,63.0,9091746.03,7.11,53,53,0,0,1997,0.314916934,0.025881563,0.545990682,1.145892616,1997,11,18,1,Consumer Services,Real Estate Investment Trusts,male,male,Yes,No,No,Dec,0 - 100,1951 - 2000,0.0,-0.0096,0.0,0.0128,938060.0,19.5,19.5,19.75,19.5,3532000,19.75,19.25,19.563,19.313,595200,280500,195600,87000,0
54.86,6.11111582E9,22.5334,5770.0,423.05,0.0733,0.04,18705.0,308473.67,1.06,58,39,2,2,2008,-1.846748133,-2.331336084,-1.512846559,0.063365135,2010,5,24,0,Finance,Specialty Insurers,male,male,Yes,sameYear,No,Dec,>10000,2001 - 2010,0.0033,-0.0399,-0.1169,0.0,14400.0,15.05,15.0,15.8,15.8,55800,14.0,13.85,14.2,14.45,3900,5500,6300,500,0
55.29,3.7901295E9,22.0557,,,,,,,,,52,,,,-0.501119456,0.418729352,0.567320848,0.977959136,2000,7,24,0,,,,male,,,No,,,Unknown,,-0.0625,0.0136,,200.0,34.315,,,,0,34.52,34.025,33.415,32.17,0,0,0,1000,0
56.73,1.356186586E9,21.0279,264.87,12.48,0.0471,0.0,661.0,400711.04,5.12,48,48,36,36,1971,0.908827785,1.218985276,1.289030702,1.894040568,2007,1,23,1,Capital Goods,Aerospace,male,male,Yes,No,No,Apr,501 - 1000,1951 - 2000,0.0588,-0.0439,-0.0924,0.0319,1701973.6,23.93,22.6,26.22,25.5,6808051,23.9,23.6009,23.16,22.88,769291,348629,244831,339066,1
56.76,9.537051492E9,22.9785,1490.0,31.4,0.0211,0.17,5066.0,294117.65,6.4,54,48,9,9,2000,1.411751658,1.825103611,1.63922353,1.886911397,2009,11,18,2,Technology,Computer peripheral equipment,male,male,Yes,No,No,Dec,5001 - 10000,1951 - 2000,0.0178,0.0235,0.0981,0.0306,7474647.6,8.31,8.165,8.75,8.5,27342300,8.445,8.47,8.45,8.505,4443782,2279804,2371508,935844,1
57.1,3.032307834E9,21.8326,893.5,219.9,0.2461,,3900.0,229102.56,3.39,55,55,146,146,1860,1.970231963,1.982811798,2.381065454,2.490441416,2006,10,12,3,Consumer Non-Durables,Plastic Products,male,male,Yes,No,No,Dec,1001 - 5000,<= 1900,0.0487,-0.022,-0.1017,0.0487,104611.2,35.4453,33.7987,36.3986,34.752,169852,35.2806,34.8386,34.622,34.6653,32770,118966,93926,107542,1
57.78,1.975975001E9,21.4043,762.31,48.89,0.0641,0.11,27800.0,27421.22,2.59,52,55,7,7,1999,1.338590476,1.810325483,2.190944246,2.557060917,2006,10,20,4,Miscellaneous,Business Services,unknown,unknown,Yes,No,No,Dec,>10000,1951 - 2000,0.2194,0.0669,0.3524,0.1871,1697330.0,18.84,15.45,18.84,15.95,6520588,18.29,17.69,19.5,20.1,778202,444983,591549,151328,1
57.96,8.109397994E9,22.8163,19520.0,191.38,0.0098,0.03,56706.0,344231.65,0.42,55,56,88,88,1912,-1.401111563,-1.721429018,-2.380093073,-2.439681237,2000,12,1,4,Basic Industries,Military/Government/Technical,male,male,Yes,No,No,Dec,>10000,1901 - 1950,0.2887,0.0947,0.2217,0.3393,16000.0,13.5315,10.5,14.0625,10.5,23200,15.0,15.1565,15.0315,14.8125,31000,12800,10400,2600,1
58.21,1.629881164E8,18.9092,,,,,,,,,,,,,-1.058537405,-0.297825077,0.727394501,1.255584871,2011,4,18,0,,,,,,,,,,Unknown,,0.0,0.0594,,0.0,40.17,,,,0,40.17,40.17,40.17,40.17,0,0,0,0,0
58.68,1.078998862E10,23.1019,1930.0,441.2,0.2286,0.13,5100.0,378431.37,5.59,53,53,3,3,2012,-0.215764279,0.077949738,0.590833684,1.058296255,2015,6,25,3,Finance,Finance: Consumer Services,male,male,Yes,Yes,Yes,Dec,5001 - 10000,2011 - present,0.0363,-0.0177,-0.0059,0.0461,6645595.4,25.4,24.51,25.75,24.62,25922513,24.85,24.37,25.1,24.95,3807885,1871205,846377,779997,1
58.75,1.820943208E9,21.3226,755.4,211.13,0.2795,0.46,623.0,1212520.06,2.41,50,59,73,73,1937,1.23598478,1.605806791,1.738662825,2.012417874,2010,12,15,2,Finance,Finance: Consumer Services,male,male,Yes,No,No,Dec,501 - 1000,1901 - 1950,0.1,0.0,0.0313,0.0144,4060483.0,9.9,9.0,10.13,10.0,6243959,9.81,9.89,9.91,9.9,6689808,6822471,364834,181343,1
58.92,8.721221267E9,22.889,5280.0,475.2,0.09,0.06,23800.0,221848.74,1.65,53,49,23,23,1988,1.388268949,-0.410102831,-1.020596467,-0.672695957,2011,9,16,4,Basic Industries,Homebuilding,male,male,Yes,Yes,No,Dec,>10000,1951 - 2000,0.1545,0.0394,0.0244,0.0936,854604.4,12.7,11.0,12.93,11.9,963294,13.78,13.7,13.4,13.2,665400,794825,619015,1230488,1
59.12,3.528620121E9,21.9842,1760.0,201.5,0.1145,0.07,5730.0,307155.32,2.0,56,56,,,,-1.126769274,-0.184522644,0.450623593,1.007193083,2015,6,12,4,Miscellaneous,Industrial Machinery/Components,male,male,Yes,sameYear,sameYear,Sep,5001 - 10000,Unknown,0.0564,-0.0571,0.0571,0.0604,121439.4,35.0,33.13,35.13,33.13,400,33.96,33.82,33.04,33.0,20470,33140,24724,528463,1
59.43,1.1184097112E10,23.1378,3090.0,694.96,0.2249,0.02,12300.0,251219.51,3.62,52,52,,-10,2010,0.615436781,-0.564178762,-1.209404869,-1.263382375,2000,12,8,4,Capital Goods,Industrial Machinery/Components,male,male,No,No,No,Dec,>10000,2001 - 2010,0.2645,0.0523,-0.0523,0.3306,4346480.0,9.5625,7.5625,11.4375,8.9375,17072800,10.4375,9.6875,9.9375,10.0625,2919000,1052800,422400,265400,1
59.6,8.19582844E8,20.5243,8.16,-20.0,-2.451,,42.0,194285.71,100.44,51,47,13,13,2004,1.279192567,1.287122377,1.297705876,1.728149592,2017,5,4,3,Health Care,Major Pharmaceuticals,male,male,No,Yes,Yes,Dec,0 - 100,2001 - 2010,0.0746,0.206,0.3305,0.0684,398026.4,13.98,13.01,14.18,13.29,1407488,14.0,15.94,16.41,16.86,134174,229591,127536,91343,1
60.24,4.982429196E9,22.3292,860.5,350.91,0.4078,0.04,1148.0,749564.46,5.79,68,49,6,6,2005,-1.074911677,-0.532353159,-0.533116072,0.662770268,2011,7,27,2,Consumer Services,Restaurants,male,male,Yes,No,No,Dec,1001 - 5000,2001 - 2010,0.1153,-0.0032,-0.0546,0.185,1.2135251E7,27.85,24.97,29.62,25.0,45407627,28.39,28.93,29.66,27.76,7423201,2200730,3158652,2486045,1
61.19,7.4583021583E10,25.0352,26230.0,11000.0,0.4194,,39000.0,672564.1,2.84,48,,0,0,2015,-1.279540898,-1.905546164,-0.426556185,0.477556099,2015,7,6,0,Consumer Non-Durables,Packaged Foods,male,,Yes,sameYear,,Dec,>10000,2011 - present,0.0276,0.0596,0.1016,0.0463,4626404.2,72.96,71.0,74.29,71.0,3809713,74.63,75.4,74.8,77.31,5794811,4277461,4267057,4982979,1
61.7,4.971894469E9,22.3271,834.1,418.31,0.5015,0.13,,,5.96,45,45,0,0,2012,0.546332708,-0.555253777,-0.35056166,0.572615552,2012,6,27,2,Public Utilities,Natural Gas Distribution,male,male,Yes,No,No,Dec,,2011 - present,0.0518,0.0135,0.1162,0.0443,1948253.4,23.75,22.58,24.0,23.0,8454231,24.2,24.07,24.3,24.07,799272,189589,199700,98475,1
61.8,2.3242793488E10,23.8693,3030.0,789.45,0.2605,0.48,1127.0,2688553.68,7.67,71,62,40,40,1967,0.710404236,1.401634734,2.084346461,1.736069387,2007,5,15,1,Energy,Oil & Gas Production,male,male,Yes,No,No,Dec,1001 - 5000,1951 - 2000,0.0071,0.0355,0.0915,0.0143,7040400.0,7.05,7.0,7.35,7.25,25563800,7.175,7.25,7.325,7.3,4930400,1979800,1773200,954800,1
61.81,8.934266E9,22.9132,1480.0,505.62,0.3416,0.13,3000.0,493333.33,6.04,58,53,0,0,1998,-1.334453923,-1.385944544,-2.122797991,-0.718140987,1998,10,5,0,Finance,Major Banks,male,male,Yes,No,No,Dec,1001 - 5000,1951 - 2000,0.0,0.021,0.0417,0.0417,361200.0,3.0,3.0,3.125,3.0,354000,3.125,3.125,3.063,3.063,32000,16000,1404000,0,1
62.17,1.466712091E9,21.1063,98.51,-29.42,-0.2986,0.54,575.0,171321.74,14.89,60,60,10,10,2006,-0.744016824,-1.239570909,0.312405803,0.846285612,2016,10,20,3,Health Care,Medical/Dental Instruments,male,male,Yes,Yes,Yes,Dec,501 - 1000,2001 - 2010,0.053,-0.0119,0.0537,0.0505,1430492.6,26.05,24.74,28.0,26.75,6006352,25.79,26.7,26.68,25.74,473623,244829,292900,134759,1
62.51,2.040176188E9,21.4363,5.1,-75.78,-14.8588,,92.0,55434.78,400.03,56,42,9,9,2006,-1.383538718,-1.435445731,-0.007224794,0.705692148,2015,1,28,2,Health Care,Major Pharmaceuticals,male,male,No,Yes,Yes,Dec,0 - 100,2001 - 2010,0.0156,0.0085,-0.025,0.0254,890621.2,18.83,18.54,21.97,21.5,3507107,20.0,19.83,19.08,18.99,581182,146296,148738,69783,0
63.62,1.329383607E9,21.008,11130.0,205.93,0.0185,0.02,14108.0,788914.09,0.12,63,63,2,2,1995,-1.959716172,-1.594477488,-0.112549286,0.760677453,1997,10,30,3,Consumer Durables,Automotive Aftermarket,male,male,Yes,No,No,Dec,>10000,1951 - 2000,0.01,0.0693,-0.2227,0.08,612860.0,12.625,12.5,13.5,12.5,2106900,13.063,13.938,13.375,13.5,486000,155000,258400,58000,1
63.64,2.386506364E7,16.9879,,,,,,,,,,,,,1.810920642,2.522331708,1.57549979,1.673622946,2016,7,13,2,,,,,,,,,,Unknown,0.0,-0.0014,0.0084,0.0,100.6,50.29,50.29,50.29,50.29,0,50.29,50.22,50.22,50.22,402,101,0,0,1
63.85,1.787930573E9,21.3043,2029.9999999999998,152.32,0.075,0.03,10000.0,203000.0,0.88,53,53,0,0,2009,2.020790327,2.478323714,1.769401091,0.206987721,2009,7,24,4,Basic Industries,Forest Products,male,male,No,sameYear,sameYear,Dec,5001 - 10000,2001 - 2010,0.0,0.425,1.0225,0.0,16226.4,20.0,20.0,20.0,20.0,1152,20.0,28.0,27.75,28.5,0,16423,24861,38696,1
64.0,1.084976768E9,20.8048,360.92,-14.52,-0.0402,0.11,1669.0,216249.25,3.01,64,64,15,15,1982,1.781729822,1.313559088,1.235304697,1.665767988,1997,9,18,3,Capital Goods,Industrial Machinery/Components,male,male,Yes,No,No,Dec,1001 - 5000,1951 - 2000,0.1207,0.0538,-0.073,0.0086,932360.0,16.25,14.5,16.375,16.25,3156100,17.375,17.563,17.5,17.125,731000,214300,296600,263800,0
64.55,1.4729997578E10,23.4132,2560.0,869.53,0.3397,0.14,1802.0,1420643.73,5.75,54,54,1,1,2000,0.438270902,0.350782034,-0.616869142,-1.043603701,2001,2,6,1,Energy,Natural Gas Distribution,male,male,Yes,No,No,Dec,1001 - 5000,1951 - 2000,0.0435,0.0687,0.2383,0.0283,1518960.0,6.0,5.75,6.1625,6.0,4321600,6.53,6.45,6.3375,6.4125,1546800,781600,450400,494400,1
64.59,4.7822840979E10,24.5908,13670.0,2029.9999999999998,0.1485,0.14,99200.0,137802.42,3.5,63,63,0,0,2000,-0.168524475,-1.265718278,-1.403460544,-0.812833701,2000,10,23,0,Consumer Services,Marine Transportation,male,male,No,No,No,Nov,>10000,1951 - 2000,0.036,-0.1319,-0.1944,0.0357,29607.0,14.98,14.4599,14.98,14.464,26435,13.8357,13.5761,13.1075,13.0035,99973,10333,7690,3604,1
64.72,1.116462974E9,20.8334,220.57,-2.44,-0.0111,0.14,1336.0,165097.31,5.06,54,54,23,23,1987,1.422661414,1.575098044,2.136355075,1.725716641,2010,4,22,3,Technology,Computer Software: Prepackaged Software,male,male,Yes,Yes,Yes,Dec,1001 - 5000,1951 - 2000,0.0295,-0.0243,-0.0809,0.0379,413691.6,13.6,13.21,14.5,14.0,1765767,13.91,13.85,13.46,13.27,115203,46885,66921,73682,0
64.78,5.381798411E9,22.4063,2630.0,216.0,0.0821,0.09,5500.0,478181.82,2.05,61,61,1,1,1999,0.882906064,1.702380741,1.809799299,2.422079838,2000,4,3,0,Public Utilities,Natural Gas Distribution,male,male,Yes,No,No,Dec,5001 - 10000,1951 - 2000,0.066,-0.0186,-0.0093,0.0395,113720.0,20.188,18.938,20.188,19.44,171500,20.375,19.875,19.75,19.813,180700,90000,60000,66400,1
64.84,2.173500214E9,21.4996,12830.0,245.26,0.0191,0.11,9600.0,1336458.33,0.17,54,54,0,0,2013,-2.695961349,-0.235026453,0.610571045,1.218113973,2013,8,19,0,Consumer Durables,Automotive Aftermarket,unknown,unknown,Yes,sameYear,sameYear,Dec,5001 - 10000,2011 - present,0.0224,-0.0412,0.0461,0.0789,466323.2,38.85,38.0,41.0,38.0,911114,38.13,37.5,37.2,37.25,424897,502568,148445,344592,1
65.38,4.330537336E9,22.189,1310.0,163.51,0.1248,0.11,18000.0,72777.78,3.31,59,59,38,38,1963,1.79574932,0.999703939,-0.224792325,-0.785012029,2001,11,15,3,Consumer Services,Other Consumer Services,female,female,Yes,No,No,Dec,>10000,1951 - 2000,0.0442,0.0593,0.1441,0.0177,3325200.0,29.5,28.25,30.25,29.75,13210900,29.6,30.3,31.6,31.25,1316900,699700,776800,621700,1
65.6,3.024773294E9,21.8301,2430.0,475.0,0.1955,1.2,9113.0,266652.04,1.24,59,59,7,7,1996,0.531528062,1.158618132,1.535733917,1.491398858,2003,11,24,0,Consumer Services,Broadcasting,male,male,Yes,No,No,Dec,5001 - 10000,1951 - 2000,0.0,0.0355,0.0151,0.0205,1829317.2,13.25,13.25,14.251,13.98,7015147,13.35,13.4,13.4,13.72,1641681,411239,0,78519,0
65.64,8.975387798E8,20.6152,,,,,,,,,,,,,1.32364465,-0.235175325,-0.542766109,-1.164162397,2016,2,26,4,,,,,,,,,,Unknown,0.0,0.0014,0.0201,0.0,9850.0,51.87,51.87,51.87,51.87,0,51.87,51.87,51.87,51.945,0,0,21383,27867,1
65.75,1.859878798E9,21.3438,217.36,-13.69,-0.063,0.32,1251.0,173749.0,8.56,41,41,10,10,2004,1.31307471,1.505561538,1.442825707,1.72910469,2014,2,28,4,Technology,Computer Software: Prepackaged Software,male,male,Yes,Yes,Yes,Dec,1001 - 5000,2001 - 2010,0.1579,0.2066,-0.2027,0.2353,2033181.8,44.0,38.0,47.94,39.0,7376507,43.19,45.0,49.25,53.09,1144772,479672,557320,607638,0
66.07,7.730191321E8,20.4658,,,,,,,,61,61,,,,1.368065921,1.856226214,2.560495581,1.917119877,2007,5,8,1,,,male,male,,Yes,Yes,,,Unknown,,-0.0047,0.031,,8160.0,30.0,,,,0,29.8,29.83,29.91,29.86,0,13400,15400,12000,0
66.35,6.695923897E8,20.3222,101.8,15.66,0.1538,0.08,142.0,716901.41,6.58,69,69,30,30,1975,0.898547612,1.604404456,1.853108592,1.588565741,2005,8,1,0,Capital Goods,Industrial Specialties,male,male,Yes,sameYear,sameYear,Dec,101 - 500,1951 - 2000,0.215,0.0255,0.3202,0.338,66607.2,12.15,10.0,13.38,10.0,126689,12.33,12.35,12.25,12.46,49121,136710,12734,7782,1
66.45,2.248124107E9,21.5334,1360.0,42.2,0.031,0.2,3090.0,440129.45,1.65,53,53,10,10,1993,1.481961721,1.762046559,1.918538482,1.601274508,2003,12,12,4,Basic Industries,Mining & Quarrying of Nonmetallic Minerals (No Fuels),male,male,Yes,No,No,Dec,1001 - 5000,1951 - 2000,0.0577,0.0196,0.0545,0.0908,1457740.0,13.75,13.0,14.18,13.0,5871100,14.2,14.06,14.19,14.02,458500,290500,301700,366900,1
66.89,9.034283802E8,20.6217,,,,,,,,,,,,,1.32364465,-0.235175325,-0.542766109,-1.164162397,2016,2,26,4,,,,,,,,,,Unknown,0.0,0.0164,0.0236,0.0,1965.6,51.8999,51.8999,51.8999,51.8999,0,51.8999,51.8999,51.8999,52.7493,0,0,417,9411,1
67.11,1.276394283E9,20.9673,960.95,21.08,0.0219,0.16,5763.0,166744.75,1.33,66,66,10,10,1987,1.644373953,1.83244027,1.278003977,1.709634564,1997,10,2,3,Technology,Semiconductors,male,male,Yes,Yes,Yes,Jun,5001 - 10000,1951 - 2000,0.1,-0.0083,-0.124,0.0091,990720.0,15.125,13.75,15.25,15.125,3421300,15.5,15.875,15.75,15.0,848000,221300,145500,317500,0
71.11,2.218632E9,21.5202,1070.0,50.11,0.0468,0.17,14554.0,73519.31,2.07,,48,11,11,1994,0.928090854,1.315386718,0.746024959,1.115176828,2005,6,9,3,Health Care,Medical/Nursing Services,male,male,Yes,No,No,Dec,>10000,1951 - 2000,0.1032,-0.0058,0.0626,0.1451,866507.4,17.1,15.5,17.749,15.5,3594252,17.0,16.87,17.0,17.0,408664,67690,182736,79195,1
71.23,3.866833307E9,22.0757,2280.0,129.44,0.0568,0.03,48700.0,46817.25,1.7,51,43,12,12,1984,0.0,0.0,0.0,0.0,1996,11,22,4,Health Care,Other Pharmaceuticals,unknown,male,Yes,No,No,Dec,>10000,1951 - 2000,0.0268,0.013,0.0043,0.0759,1749440.8,28.75,28.0,30.875,28.75,6827504,29.875,29.125,29.125,29.125,887700,686100,345900,0,0
71.64,1.2181062749E10,23.2231,2500.0,218.32,0.0873,0.07,7650.0,326797.39,4.87,60,51,1,1,1998,2.290412128,1.581748515,0.914678271,1.114243021,1999,10,29,4,Miscellaneous,Business Services,unknown,male,Yes,No,No,Dec,5001 - 10000,1951 - 2000,0.3199,0.2053,0.4223,0.1892,4738740.0,145.188,110.0,166.0,145.188,11468800,174.3125,195.0,190.875,175.0,5103700,3979300,1545000,1596900,1
71.87,1.0233667978E10,23.0489,685.57,141.97,0.2071,,2171.0,315785.35,14.93,52,44,6,6,2007,1.497471119,1.701552239,1.697379895,1.522523616,2013,10,16,2,Technology,Computer Software: Prepackaged Software,male,male,Yes,Yes,,Jan,1001 - 5000,2001 - 2010,0.0599,0.1558,0.0417,0.0468,4045683.2,37.16,35.06,39.64,38.0,13957602,41.6,44.39,46.24,42.95,2938494,1191126,1003207,1137987,0
72.28,9.142957336E9,22.9362,3030.0,-16.56,-0.0055,0.16,8600.0,352325.58,3.02,56,56,2,2,2013,0.088581246,0.68789327,1.211330527,1.554172658,2015,1,2,4,Technology,Semiconductors,male,male,Yes,Yes,Yes,Mar,5001 - 10000,2011 - present,0.0351,-0.0385,0.0493,0.0441,3428130.0,70.4,68.01,71.9995,69.0,4218773,67.63,64.67,66.65,67.69,4534786,3749900,2122624,2514567,0
72.95,5.7564353901E10,24.7762,12880.0,2810.0,0.2182,0.13,50500.0,255049.5,4.47,83,61,16,16,1988,2.324462995,1.76605307,2.307923301,2.861981407,2004,12,15,2,Consumer Services,Hotels/Resorts,male,male,Yes,sameYear,No,Dec,>10000,1951 - 2000,0.1179,0.0176,-0.0743,0.1813,9625200.0,46.56,41.65,49.45,41.9,26281600,49.11,53.0,48.6,47.38,7777700,4760000,6097200,3209500,0
73.15,1.820790475E9,21.3225,,,,,,,,55,,3,3,1993,0.0,0.0,0.0,0.0,1996,7,19,4,Finance,Life Insurance,male,,,No,,,,1951 - 2000,0.0349,-0.0135,0.0879,0.014,476400.0,9.25,8.938,9.375,9.25,2008200,9.188,9.125,9.125,9.125,238400,0,75400,60000,1
74.37,6.40868006E8,20.2783,,,,,,,,,,,,,0.768836034,1.29357661,1.398783313,1.721911894,2009,11,19,3,,,,,,,,,,Unknown,,0.0065,-0.0125,,1240.0,60.13,,,,0,60.13,60.13,60.13,60.52,0,0,500,5700,0
75.08,4346155.96,15.2848,,,,,,,,62,,,,,1.335753565,1.081010087,0.10907981,0.547953367,2010,8,9,0,Finance,Commercial Banks,male,male,,No,No,,,Unknown,,0.0348,0.0513,,5520.0,50.05,,,,0,50.05,51.09,51.09,51.79,3000,3000,0,21600,0
76.55,1.96553263E9,21.399,1380.0,91.16,0.0661,0.13,9800.0,140816.33,1.42,55,55,78,78,1924,-0.388460556,-0.316874253,-1.046335523,-1.686699845,2002,9,11,2,Transportation,Trucking Freight/Courier Services,male,male,Yes,No,No,Dec,5001 - 10000,1901 - 1950,0.0,-0.0838,-0.4884,0.0,16770.0,8.9133,8.9133,8.9133,8.9133,0,8.9133,8.58,8.0,8.1667,11550,5550,4650,62100,0
77.11,9.109634906E9,22.9326,4480.0,249.0,0.0556,0.01,45000.0,99555.56,2.03,54,54,52,52,1957,-0.146540438,0.789828514,1.228073915,1.614072985,2009,11,5,3,Consumer Services,Hotels/Resorts,male,male,Yes,No,No,Dec,>10000,1951 - 2000,0.1657,0.0443,0.0457,0.1765,5212865.6,28.0,24.02,28.26,24.02,19377215,28.0,28.9,29.3,29.24,2696972,1886181,813659,1290301,1
78.35,4.057067989E9,22.1237,863.89,-19.43,-0.0225,0.01,2723.0,317256.7,4.7,56,56,8,8,1999,1.437884985,1.884504364,1.477248354,1.974336585,2007,2,8,3,Technology,Semiconductors,male,male,No,No,No,Dec,1001 - 5000,1951 - 2000,0.0433,0.049,-0.0665,0.0496,1671424.8,20.0,19.17,20.95,20.0,6966893,20.96,20.86,20.56,20.98,790127,323645,190446,86013,0
78.46,5.098202832E9,22.3522,154.58,-50.69,-0.3279,27.52,255.0,606196.08,32.98,54,54,17,17,1980,0.283342629,1.253421838,1.694966465,1.757998104,1997,6,4,2,Health Care,Major Pharmaceuticals,male,male,Yes,No,No,Dec,101 - 500,1951 - 2000,0.0196,0.0097,0.1154,0.098,18553.0,39.0,38.25,42.75,39.0,54633,39.378,39.0,38.25,39.378,28716,0,0,9416,1
78.92,5.861821671E8,20.1891,129.34,9.95,0.0769,,345.0,374898.55,4.53,44,44,9,9,1988,0.735275563,1.347374749,2.01875241,2.146317313,1997,7,1,1,Health Care,Biotechnology: Biological Products (No Diagnostic Substances),male,male,Yes,No,No,Dec,101 - 500,1951 - 2000,0.0147,-0.0145,-0.1159,0.0074,18142.0,86.25,85.0,86.88,86.25,31860,85.0,85.0,85.0,85.0,34450,14630,0,9770,1
80.52,2.387934133E8,19.2911,125.28,24.63,0.1966,0.24,2236.0,56028.62,1.91,55,50,4,4,2011,-0.604541247,-1.179872291,-0.060127747,0.679458037,2015,7,7,1,Consumer Services,Other Consumer Services,unknown,female,No,Yes,No,Jun,1001 - 5000,2011 - present,0.2,0.1533,0.0167,0.3333,76327.0,9.0,7.5,10.0,7.5,42252,9.22,11.5,10.11,10.38,57442,74209,84264,123468,1
80.53,2.5520331142E10,23.9627,9140.0,1260.0,0.1379,,163000.0,56073.62,2.79,54,54,3,3,2010,-1.70951898,0.637871919,1.221742511,1.488839923,2013,12,12,3,Consumer Services,Hotels/Resorts,male,male,Yes,,,Dec,>10000,2001 - 2010,0.0118,0.0153,0.0172,0.0292,9782210.2,45.453,44.9245,46.341,45.0302,33654926,46.7215,45.4953,46.1084,46.1507,5654073,4579134,2248407,2774511,1
81.15,9.065595158E9,22.9278,6380.0,289.0,0.0453,0.13,17000.0,375294.12,1.42,53,53,68,68,1938,1.91199356,1.85069349,1.671418723,1.679125643,2006,9,20,2,Capital Goods,Industrial Machinery/Components,male,male,Yes,No,No,Dec,>10000,1901 - 1950,0.0,-0.0962,0.1154,0.0817,519950.0,26.0,26.0,28.125,26.0,167500,24.35,24.0,24.05,23.5,2123500,131700,53450,123600,1
81.18,3.984786056E9,22.1057,1120.0,137.63,0.1229,0.28,2487.0,450341.78,3.56,44,53,4,4,1995,-0.676914237,0.3354064,0.908095029,1.192028224,1999,7,23,4,Technology,Telecommunications Equipment,male,unknown,Yes,No,No,Dec,1001 - 5000,1951 - 2000,0.0133,-0.1776,-0.2994,0.0867,4025020.0,9.5,9.375,10.313,9.5,13917700,8.25,8.031,7.156,7.813,2310400,942100,2238700,716200,0
82.06,2.668338783E9,21.7047,1190.0,30.09,0.0253,0.05,1934.0,615305.07,2.24,46,46,7,7,1999,1.548608997,1.803723216,1.892645786,1.883852574,2006,9,29,4,Miscellaneous,Other Consumer Services,male,male,Yes,No,No,Dec,1001 - 5000,1951 - 2000,0.036,-0.1293,-0.1415,0.0819,2562447.6,15.55,15.01,16.73,15.5,8668035,15.47,14.36,14.05,13.54,739439,1790715,608977,1005072,1
82.45,1.253138504E9,20.9489,910.11,-64.88,-0.0713,0.21,1301.0,699546.5,1.38,49,49,108,108,1895,1.835418648,2.133138873,2.168414244,1.715222234,2003,12,19,4,Finance,Investment Bankers/Brokers/Service,male,female,Yes,No,No,Dec,1001 - 5000,<= 1900,0.0765,-0.1038,0.0092,0.0918,83000.0,45.75,42.5,46.4,42.5,297800,43.0,41.05,41.0,41.0,46700,43600,26900,0,1
83.36,1.225392E10,23.2291,,,,,,,,,,,,,-2.541245377,-2.970504445,-3.489159617,-4.097602455,2002,7,22,0,,,,,,,,,,Unknown,,0.0037,0.0044,,49240.0,81.01,,,,0,81.1,81.12,81.18,81.31,0,0,0,246200,0
84.4,4.0943352955E10,24.4355,5310.0,864.0,0.1627,0.09,9200.0,577173.91,7.71,66,46,1,1,2012,1.830451215,1.941604464,2.497749229,2.456595348,2013,2,1,4,Health Care,Major Pharmaceuticals,male,male,Yes,Yes,No,Dec,5001 - 10000,2011 - present,0.0177,0.0319,0.1158,0.0079,1.70853228E7,31.01,30.47,31.74,31.5,66789484,31.02,31.04,31.03,32.0,7695943,5014316,2126101,3800770,1
85.33,3.499879067E8,19.6734,91.42,14.66,0.1604,0.07,247.0,370121.46,3.83,50,50,13,13,1983,0.0,0.0,0.0,0.0,1996,9,18,2,Finance,Major Banks,male,male,Yes,No,No,Dec,101 - 500,1951 - 2000,0.0,0.0,0.0,0.0,0.0,4.2223,4.2223,4.2223,4.2223,0,4.2223,4.2223,4.2223,4.2223,0,0,0,0,1
85.37,8.125979135E9,22.8183,2410.0,273.3,0.1134,0.08,10000.0,241000.0,3.37,59,59,0,0,2013,1.744673653,1.764022701,2.240050086,1.872583015,2013,11,18,0,Consumer Services,Diversified Commercial Services,male,male,No,sameYear,sameYear,Dec,5001 - 10000,2011 - present,0.0207,0.0,-0.0987,0.0053,453845.0,48.475,47.49,50.0,49.75,587184,45.8,48.475,48.475,48.475,1682041,0,0,0,1
85.6,4.013646184E9,22.113,425.64,-56.27,-0.1322,0.47,2034.0,209262.54,9.43,43,38,7,7,2006,1.035393677,1.854273101,2.252402536,1.760779258,2013,11,6,2,Technology,"Computer Software: Programming, Data Processing",male,male,No,No,sameYear,Dec,1001 - 5000,2001 - 2010,0.0074,0.076,0.2894,0.0247,2562372.6,16.31,16.19,18.9,18.5,11105201,16.56,17.3,17.94,17.55,587420,526734,437292,155216,1
86.26,2.8327784E10,24.0671,5880.0,1340.0,0.2279,,60000.0,98000.0,4.82,60,54,0,0,1997,1.668574875,1.125712421,1.188589318,1.619578613,1997,9,17,2,Consumer Services,Restaurants,male,male,Yes,No,No,Dec,>10000,1951 - 2000,0.0131,0.03,0.0901,,9602050.4,5.2257,5.1582,5.4273,,29235992,5.4051,5.4273,5.3825,5.3825,6743551,3446184,5841178,2743347,1
86.73,4.478420809E9,22.2225,798.11,131.62,0.1649,0.15,4600.0,173502.17,5.61,52,,18,18,1989,-0.241666971,-0.614213511,0.42153111,1.009285969,2007,8,8,2,Health Care,Biotechnology: Electromedical & Electrotherapeutic Apparatus,male,male,Yes,Yes,No,Dec,1001 - 5000,1951 - 2000,0.116,-0.0177,0.0158,0.1283,1506154.6,20.87,18.7,21.4,19.0,5245288,20.5,20.02,21.1,20.5,847224,1210865,116901,110495,1
86.74,2.146815E8,19.1847,,,,,,,,,,,,,1.62606031,1.944743663,2.138622647,1.778104854,2012,9,19,2,,,,,,,,,,Unknown,0.006,-0.0194,0.0459,0.006,7242.2,50.51,50.21,50.51,50.21,3514,49.72,50.0,50.06,49.53,9541,3083,14350,5723,1
91.17,1.463828246E10,23.4069,2930.0,757.66,0.2586,0.23,4025.0,727950.31,5.0,72,46,25,25,1985,1.741134383,1.728788691,1.862291485,2.075982168,2010,12,9,3,,,male,male,Yes,Yes,No,Dec,1001 - 5000,1951 - 2000,0.0345,-0.0168,0.0387,0.0319,2577966.0,27.92,26.99,28.11,27.25,10609618,27.41,27.4,27.31,27.45,1206789,473175,358132,242116,1
93.3,1.087173025E9,20.8068,440.41,23.41,0.0532,0.03,2954.0,149089.37,2.47,63,57,15,15,1991,0.876699756,1.390693052,1.841241356,2.519355579,2006,11,10,4,Consumer Services,Other Consumer Services,unknown,male,Yes,No,No,Dec,1001 - 5000,1951 - 2000,0.0462,0.0239,-0.0219,0.05,916827.0,25.11,24.0,26.2,25.0,3894998,26.2,26.3,25.69,25.71,348373,129165,96380,115219,1
95.0,4.1860762E9,22.155,1720.0,347.73,0.2022,0.11,2718.0,632818.25,2.43,57,60,33,33,1977,1.321286613,1.651634331,2.088479818,1.561975976,2010,4,1,3,Finance,Life Insurance,male,male,Yes,No,No,Dec,1001 - 5000,1951 - 2000,0.0559,0.0183,0.2076,0.0564,4424903.6,19.65,18.61,20.2,19.15,18076902,19.65,19.85,19.8,20.01,0,2395207,899484,752925,1
95.84,9.600425922E9,22.9851,89.91,-490.87,-5.4596,0.91,749.0,120040.05,106.78,54,53,2,2,2002,1.273184579,-0.015952788,0.07960346,0.930302872,2004,5,28,4,Health Care,Major Pharmaceuticals,male,male,Yes,No,No,Dec,501 - 1000,2001 - 2010,0.0017,0.2413,0.223,0.0617,360752.8,6.01,6.0,6.47,6.1,785053,6.01,7.0,7.21,7.46,0,198125,572168,248418,1
97.25,1.7116E9,21.2607,1080.0,37.27,0.0345,0.15,2516.0,429252.78,1.58,78,78,78,78,1924,0.315834415,0.586851632,0.775267081,-0.147793744,2002,3,22,4,Consumer Non-Durables,Farming/Seeds/Milling,unknown,unknown,Yes,No,No,Oct,1001 - 5000,1901 - 1950,0.0,0.0507,0.1957,0.0,8220.0,6.9,6.9,6.9,6.9,6100,7.01,7.25,7.25,7.25,23100,9900,0,2000,1
97.53,8.4005729954E10,25.1542,,,,,,,,,,7,7,1994,-0.2316863,-1.052913022,-0.507499222,-1.079688941,2001,7,20,4,Finance,Commercial Banks,,,,,,,,1951 - 2000,0.0288,-7.0E-4,0.0709,0.0232,2908000.0,2.932,2.85,2.966,2.9,8706000,3.1,3.058,2.93,2.93,2172500,1878000,892500,891000,1
99.59,5.840463119E9,22.4881,1740.0,156.0,0.0897,0.11,31600.0,55063.29,3.36,47,47,15,15,1998,1.471514931,2.124323802,2.475959224,2.383078077,2013,1,25,4,Miscellaneous,Other Consumer Services,male,male,Yes,No,No,Dec,>10000,1951 - 2000,0.0298,-0.0113,-0.0049,0.0433,2147731.6,28.32,27.5,28.94,27.75,9225627,28.25,28.75,28.63,28.0,728664,387685,122250,274432,1
102.53,8.520243E9,22.8657,,,,,,,,,,,,,-2.541245377,-2.970504445,-3.489159617,-4.097602455,2002,7,22,0,,,,,,,,,,Unknown,,0.008,0.0162,,42020.0,82.13,,,,0,82.3,82.52,82.64,82.79,0,0,0,210100,0
103.19,2.1249615592E10,23.7796,2450.0,248.26,0.1013,0.15,1436.0,1706128.13,8.67,63,45,0,0,2004,0.959309113,1.220559157,1.049782917,0.683593526,2004,10,29,4,Consumer Services,Real Estate Investment Trusts,unknown,male,Yes,No,No,Dec,1001 - 5000,2001 - 2010,0.0,0.005,0.0542,8.0E-4,1684720.0,12.0,12.0,12.01,12.0,5951800,12.0,12.0,12.15,12.06,756100,970900,433600,311200,1
106.82,4.9812851562E10,24.6315,89550.0,5100.0,0.057,0.26,14600.0,6133561.64,0.56,59,50,0,0,2012,-0.814286028,0.750258906,1.253664476,1.40645012,2012,4,12,3,Energy,Integrated oil Companies,male,male,Yes,No,No,Dec,>10000,2011 - present,0.0625,0.0588,-0.0447,0.03,655322.0,34.0,32.0,34.21,33.25,654690,37.0,36.55,36.0,36.0,1685119,550150,179577,207074,1
108.81,1.2221515915E10,23.2265,2230.0,396.7,0.1779,2.39,889.0,2508436.45,5.48,53,49,37,37,1973,1.281768247,-0.682378899,-0.373082972,0.485806572,2010,6,15,1,Finance,Investment Bankers/Brokers/Service,male,male,Yes,No,No,Dec,501 - 1000,1951 - 2000,0.0059,-0.0139,-0.1428,0.0294,4572764.4,32.49,32.3,33.75,32.8,17033964,32.07,31.5,31.01,32.04,2160895,1467854,1132140,1068969,0
109.25,9.4127483682E10,25.2679,65840.0,4910.0,0.0746,0.09,280000.0,235142.86,1.43,61,55,92,92,1907,1.319687666,1.548779134,1.152295429,1.254133316,1999,11,10,2,Transportation,Trucking Freight/Courier Services,male,male,Yes,No,No,Dec,>10000,1901 - 1950,0.3204,-0.0368,0.0055,0.0449,2.40888192E7,68.0,51.5,70.313,68.0,80769296,73.5,71.5,67.75,65.5,19428800,10177000,5471400,4597600,1
112.88,4.880899819E9,22.3086,1730.0,417.9,0.2416,0.08,800.0,2162500.0,2.82,62,45,3,3,1996,1.485341838,0.703869438,1.209362833,1.365298321,1999,6,17,3,Health Care,Major Pharmaceuticals,female,male,Yes,No,No,Dec,501 - 1000,1951 - 2000,0.0052,-0.0103,0.364,0.1907,1351520.0,6.094,6.0625,7.25,6.094,4696600,6.1565,6.0625,6.125,6.0315,879600,147400,112400,921600,1
113.01,3.325292467E9,21.9248,565.15,95.13,0.1683,0.18,1120.0,504598.21,5.88,65,65,3,3,1996,2.46575756,2.561674663,1.708403589,2.214072891,1999,4,8,3,Basic Industries,Forest Products,male,male,Yes,No,No,Dec,1001 - 5000,1951 - 2000,0.1375,0.2033,0.555,0.1125,638280.0,5.6875,5.0,6.25,5.6875,1788600,6.4375,6.5,6.875,6.844,668200,381600,128000,225000,1
115.45,1.642580345E9,21.2195,,-31.15,,,8.0,,,75,65,,-4,2011,1.688219863,1.997963916,1.502458282,2.014612278,2007,2,6,1,Health Care,Major Pharmaceuticals,male,female,Yes,No,No,Dec,0 - 100,2011 - present,0.01,0.0561,-0.0374,0.0111,19870.6,318.15,315.0,353.5,350.0,74883,337.75,344.4,344.75,336.0,12222,7886,2376,1986,0
116.53,4.321490113E9,22.1869,1740.0,141.7,0.0814,0.02,4900.0,355102.04,2.48,62,,159,159,1841,-2.918595556,-1.414081019,-0.575315666,0.326514896,2000,9,18,0,Finance,Finance: Consumer Services,male,male,Yes,No,,Dec,1001 - 5000,<= 1900,0.0019,-0.1298,0.2214,0.0,439600.0,16.375,16.3438,17.0,17.0,1510600,16.0,15.0,14.75,14.25,245400,373500,60900,7600,1
118.05,6.432397764E9,22.5846,1920.0,339.13,0.1766,0.48,4923.0,390006.09,3.35,60,60,38,38,1961,0.74047109,1.619416672,1.263031706,1.874084035,1999,3,30,1,Capital Goods,Industrial Machinery/Components,male,male,Yes,No,No,Dec,1001 - 5000,1951 - 2000,0.0321,-0.04,0.2088,0.0321,1205760.0,14.063,13.625,14.5,14.063,4592500,13.375,13.5,13.5,13.5,923300,312400,0,200600,1
118.65,8.56349612E8,20.5682,442.13,37.01,0.0837,0.34,543.0,814235.73,1.94,53,53,,,,2.416079558,0.473136707,-0.798028436,-1.482477799,2009,1,2,4,Finance,Investment Managers,male,male,Yes,sameYear,sameYear,Dec,501 - 1000,Unknown,0.5,-0.0562,-0.4229,0.2143,29908.0,10.5,7.0,10.5,9.0,15480,8.81,11.89,10.24,9.91,34808,53420,19693,26139,1
119.41,8.832997332E10,25.2043,10480.0,127.48,0.0122,,29000.0,361379.31,8.43,53,55,5,5,1999,1.546686495,1.285017918,0.956740402,1.195475484,2004,6,23,2,Technology,Computer Software: Prepackaged Software,male,male,Yes,Yes,No,Jan,>10000,1951 - 2000,0.1661,-0.0465,-0.3198,0.1559,1.26756E7,4.3,3.6875,4.325,3.75,43444000,4.19,3.95,4.0,4.1,8887200,6664000,2270800,2112000,1
120.94,7.038708E9,22.6747,,,,,,,,,,,,,-2.541245377,-2.970504445,-3.489159617,-4.097602455,2002,7,22,0,,,,,,,,,,Unknown,,-0.0022,0.0278,,63260.0,82.69,,,,0,82.77,82.51,82.7,82.51,0,0,0,316300,0
121.0,3.258705571E9,21.9046,344.49,51.78,0.1503,0.16,2266.0,152025.6,9.46,59,59,13,13,1999,1.316355054,1.538871992,1.900699634,1.448923187,2012,2,24,4,Capital Goods,Metal Fabrications,female,female,Yes,No,No,Dec,1001 - 5000,1951 - 2000,0.2048,0.0345,0.119,0.2077,942708.8,29.0,24.07,30.0,25.0,4042879,28.2,29.27,30.75,30.0,368873,100181,117236,84375,1
123.79,1.2008228153E10,23.2089,1170.0,457.25,0.3908,0.02,952.0,1228991.6,10.26,62,62,3,3,1995,1.238122703,1.387186486,1.527373358,1.262949942,1998,1,30,4,Technology,EDP Services,unknown,unknown,Yes,No,No,Dec,501 - 1000,1951 - 2000,0.2439,0.1986,0.1227,0.0367,7525040.0,6.375,5.125,6.563,6.375,18255600,7.75,8.25,7.907,7.641,10127200,6244800,2106800,890800,1
128.2,2.315441225E9,21.5629,3620.0,135.3,0.0374,0.04,32000.0,113125.0,0.64,55,46,6,6,2004,-1.671697777,-2.249332941,-1.487205889,0.067591314,2010,5,25,1,Capital Goods,Auto Parts:O.E.M.,male,male,Yes,No,No,Dec,>10000,2001 - 2010,0.0,0.0476,0.0476,0.0,89560.0,31.5,31.5,31.5,31.5,18200,33.0,33.0,33.0,33.0,143200,143200,143200,0,1
131.05,2.157989735E9,21.4924,1870.0,84.7,0.0453,,15800.0,118354.43,1.15,56,56,28,28,1969,1.799324185,1.435113393,1.265318716,1.695942587,1997,9,19,4,Consumer Services,Clothing/Shoe/Accessory Stores,female,female,Yes,No,No,Jan,>10000,1951 - 2000,0.0413,-0.0119,-0.5952,0.0248,1059760.0,15.75,15.125,16.125,15.75,3815400,15.625,15.625,15.375,15.563,560500,190800,457300,274800,0
132.07,4.702672091E9,22.2714,1210.0,182.9,0.1512,0.23,,,3.89,42,42,3,3,2007,1.02963992,1.502523302,1.915846096,1.474422625,2010,3,26,4,Consumer Services,Hotels/Resorts,unknown,unknown,No,No,No,Dec,,2001 - 2010,0.0319,0.1494,0.1897,0.1193,1759763.2,13.92,13.49,15.5,13.89,5826154,14.75,14.47,14.98,16.0,1107165,638131,547710,679656,1
132.1,1.91545E9,21.3732,,,,,,,,,,,,,1.378937413,1.63505907,1.419512749,1.493882305,2006,9,19,1,,,,,,,,,,Unknown,,-0.0077,0.0367,,3035.6,50.64,,,,0,50.52,50.31,49.61,50.25,2184,1841,8657,2496,0
135.94,3.610827813E9,22.0072,1950.0,226.78,0.1163,0.08,11000.0,177272.73,1.85,66,66,27,27,1984,1.481646933,2.004417925,0.400656249,0.148925697,2011,11,8,1,Finance,Real Estate,male,male,Yes,sameYear,sameYear,Dec,>10000,1951 - 2000,0.0345,-0.0245,-0.035,0.4313,380333.6,17.99,17.39,30.0,22.5,313281,17.45,17.1,17.47,17.55,59056,414770,448720,665841,1
140.71,7.735389148E9,22.7691,1520.0,387.21,0.2547,0.11,1305.0,1164750.96,5.09,57,57,4,4,2000,-1.856607237,-2.050777071,0.093199855,0.854585634,2004,3,23,1,Finance,Major Banks,male,male,Yes,,,Dec,1001 - 5000,1951 - 2000,0.0745,-0.0118,0.0652,0.0613,1288573.0,19.47,18.12,19.61,18.5,5281564,19.45,19.349,19.39,19.24,504954,209701,293125,153521,1
144.12,5.778895657E9,22.4775,1220.0,53.1,0.0435,0.13,5156.0,236617.53,4.74,48,48,10,10,1997,1.948614291,0.838385056,0.847939764,1.324524445,2007,9,20,3,Miscellaneous,Business Services,male,male,Yes,No,No,Dec,5001 - 10000,1951 - 2000,0.3331,-0.0197,0.0887,0.3282,2858318.6,35.5,26.63,38.74,30.0,9299906,35.5,34.25,34.39,34.8,2972065,933988,515013,570621,1
144.32,2.5705245069E10,23.97,,,,,,,,35,,12,12,2006,-1.209384396,-1.630705265,-0.627306792,0.469217837,2018,4,3,1,Consumer Services,Broadcasting,male,female,,,,,,2001 - 2010,0.0051,0.0066,,0.0209,1.1176349E7,149.01,148.26,169.0,165.9,30526507,144.22,143.99,147.92,150.0,11702875,7372840,4228091,2051432,0
146.4,2.352160049E9,21.5786,1500.0,191.99,0.128,0.1,3752.0,399786.78,1.57,67,58,9,9,1997,1.13426224,1.388189691,1.652731543,2.431216215,2006,12,8,4,Transportation,Air Freight/Delivery Services,male,male,Yes,No,No,Dec,1001 - 5000,1951 - 2000,0.0458,0.1092,0.1056,0.0938,1418891.4,25.1,24.0,26.25,24.0,5540965,26.3,26.07,26.85,27.84,704038,224709,330706,294039,1
148.66,3.664469E9,22.0219,,,,,,,,,,,,,-1.173088567,-1.81828532,-0.178021372,0.797001751,2010,2,9,1,,,,,,,,,,Unknown,,0.0041,0.2252,,200864.0,5.1906,,,,0,5.1906,5.1906,5.2119,5.2119,0,287840,716480,0,0
152.12,2.014334295E10,23.7261,8150.0,568.0,0.0697,0.04,43400.0,187788.02,2.47,67,,,-15,2016,-0.990019376,0.625517483,-0.132042078,-0.895059832,2001,6,12,1,Finance,Specialty Insurers,male,female,No,No,,Dec,>10000,2011 - present,0.0375,0.0265,0.0181,0.0344,1178919.8,43.9734,42.384,45.1654,43.7085,3894450,43.841,42.9138,43.576,45.139,757833,501094,382823,358399,1
152.51,9.838468598E9,23.0096,12430.0,1820.0,0.1464,0.08,2640.0,4708333.33,0.79,58,58,28,28,1973,-1.423222668,-1.871826285,-2.015592481,-2.47837261,2001,1,2,1,Finance,Life Insurance,female,female,Yes,No,No,Dec,1001 - 5000,1951 - 2000,0.0166,-0.0472,-0.0365,0.0,840.0,34.438,33.875,35.25,35.25,900,34.938,33.188,32.875,32.813,1200,1200,400,500,1
166.15,1.9345279481E10,23.6857,,,,,,,,58,58,,,,0.982162953,0.361459135,1.009868113,1.289933162,1999,6,16,2,Consumer Services,Real Estate Investment Trusts,male,male,,No,No,,,Unknown,0.0923,0.0212,0.507,0.0539,1463460.0,8.875,8.125,9.313,8.875,5718100,8.688,9.0,9.25,9.063,542200,557600,218000,281400,1
169.45,2.9602915E10,24.1111,1930.0,-149.13,-0.0773,0.39,6222.0,310189.65,15.34,57,57,8,8,2004,1.8005737,0.311884438,0.368330138,0.949755945,2012,6,29,4,Technology,Computer Software: Prepackaged Software,male,male,Yes,No,No,Dec,5001 - 10000,2001 - 2010,0.0775,0.0553,0.0297,0.0438,2504246.6,24.6,22.83,24.75,23.75,10922574,24.77,25.31,25.31,25.96,656652,401048,0,540959,1
173.12,7.86121941E9,22.7852,7930.0,253.8,0.032,0.17,82000.0,96707.32,0.99,50,50,0,0,1997,1.673756988,1.627786289,2.219443565,2.387458873,1997,7,17,3,Finance,Real Estate,male,male,Yes,No,No,Dec,>10000,1951 - 2000,0.0622,-0.0022,-0.0109,0.0138,776100.0,28.813,27.125,29.188,28.813,2733000,29.563,29.5,29.5,28.75,496900,230100,189100,231400,1
173.87,1.93E11,25.986,12500.0,3920.0,0.3136,0.16,13400.0,932835.82,15.44,57,57,5,5,2001,-0.990850224,-1.418911966,-0.537200083,0.613185613,2006,5,25,3,Miscellaneous,Business Services,unknown,unknown,Yes,No,No,Dec,>10000,2001 - 2010,0.1443,-0.023,0.013,0.143,1.15241E8,4.6,4.02,4.605,4.03,394251000,4.493,4.493,4.4,4.494,102220000,0,49892000,29842000,1
174.13,1.4655038338E10,23.4081,6640.0,1350.0,0.2033,0.15,14800.0,448648.65,2.21,63,52,0,0,1997,-0.559888233,0.203302037,0.758070167,1.151574671,1997,12,18,3,Technology,Diversified Commercial Services,male,male,Yes,No,No,Dec,>10000,1951 - 2000,0.0435,0.0833,0.4083,0.0783,477720.0,15.0,14.375,16.125,15.0,1905200,15.5,15.0,15.5,16.25,275200,88300,74500,45400,1
174.7,4.48E11,26.8281,23520.0,6490.0,0.2759,0.48,50097.0,469489.19,19.05,46,59,15,15,1999,1.693810259,1.491994612,1.522145337,1.689359032,2014,9,19,4,Miscellaneous,Business Services,male,unknown,No,No,No,Mar,>10000,1951 - 2000,0.0438,-0.0529,-0.0637,0.0778,8.76465328E7,93.89,89.95,99.7,92.7,271879435,89.89,87.17,90.57,88.92,66657827,39009788,32088108,28597506,0
176.25,1.592719256E9,21.1887,773.8,37.96,0.0491,0.09,4300.0,179953.49,2.06,66,66,38,38,1965,0.798094499,1.558621361,1.969071263,2.04465587,2003,6,20,4,Basic Industries,Homebuilding,male,male,Yes,No,No,Mar,1001 - 5000,1951 - 2000,0.1811,0.0,0.2373,0.0,36240.0,7.5,6.35,7.5,7.5,110000,7.5,7.5,7.5,7.5,18000,0,0,53200,1
196.07,1.2994425137E10,23.2878,20470.0,1290.0,0.063,0.1,165000.0,124060.61,0.63,52,52,92,92,1917,1.10106775,1.598322073,1.576475133,1.854491747,2009,11,9,0,Capital Goods,Auto Parts:O.E.M.,male,male,Yes,No,No,Dec,>10000,1901 - 1950,0.1139,0.1556,0.1173,0.1772,2840400.0,28.125,25.25,29.725,25.25,2506000,28.475,30.125,31.85,32.5,3098800,1545000,3996800,3055400,1
229.9,6.4541302958E10,24.8906,12550.0,2710.0,0.2159,0.18,39343.0,318989.4,5.14,48,55,5,5,2000,-0.085384941,0.990374306,1.31736573,1.324720846,2005,8,5,4,Technology,"Computer Software: Programming, Data Processing",unknown,unknown,No,Yes,No,Dec,>10000,1951 - 2000,0.8567,-0.2011,-0.3633,1.2911,1.17750286E8,12.254,6.6,15.121,6.6,226811240,11.55,9.61,9.175,9.79,153594420,85858350,49369550,73117870,1
231.49,1.41E11,25.672,9710.0,3050.0,0.3141,,11528.0,842297.02,14.52,54,,6,6,1993,-0.912269815,0.828310277,1.319525265,1.739910731,1999,1,22,4,Technology,Semiconductors,unknown,,Yes,Yes,,Jan,>10000,1951 - 2000,0.0572,0.0122,0.0601,0.2013,2.361408E7,1.0942,1.035,1.3025,1.0942,67867200,1.2083,1.115,1.1108,1.1075,12762000,8580000,6109200,22752000,1
232.47,1.2491261691E10,23.2483,1410.0,347.61,0.2465,0.4,5030.0,280318.09,8.86,78,47,16,16,1990,1.222852332,1.412598951,1.632276811,2.39723245,2006,12,13,2,Technology,Semiconductors,male,male,Yes,Yes,No,Dec,5001 - 10000,1951 - 2000,0.1976,-0.1074,0.0526,0.0491,2960672.6,25.88,21.61,26.06,25.0,10769173,25.15,24.6,23.79,23.1,997055,1012586,726710,1297839,0
239.44,1.7688720269E10,23.5962,1650.0,422.4,0.256,0.46,1800.0,916666.67,10.72,56,56,10,10,2004,2.152358836,2.812451222,2.514491068,1.921707231,2014,6,6,4,Technology,Computer Communications Equipment,female,female,Yes,Yes,Yes,Dec,1001 - 5000,2001 - 2010,0.0,0.2,0.3893,0.0842,2071647.8,55.0,55.0,60.0,55.37,7255086,55.2,60.0,63.5,66.0,716836,986711,661552,738054,1
245.19,3.5980550967E10,24.3062,2750.0,725.0,0.2636,0.15,6200.0,443548.39,13.08,47,47,2,2,1998,-2.338347117,-0.915938862,-0.404628002,0.270112572,2000,7,28,4,Capital Goods,Biotechnology: Laboratory Analytical Instruments,male,male,Yes,No,No,Dec,5001 - 10000,1951 - 2000,0.3273,0.1301,0.0662,0.4193,4907400.0,19.578,14.75,21.125,14.94,18615000,17.5,17.75,19.0625,22.125,2481800,1216200,856400,1367600,0
280.94,1.491763306E9,21.1232,,,,,,,,,,,,,-1.270033372,0.224911551,0.786637296,1.321101729,2003,9,25,3,,,,,,,,,,Unknown,,0.0063,0.0388,,0.0,72.69,,,,0,72.69,72.69,72.69,73.15,0,0,0,0,0
308.65,3.779034055E9,22.0527,617.74,19.42,0.0314,0.61,535.0,1154654.21,6.12,47,44,0,0,2008,1.114744568,-0.45999335,-0.881141522,-1.276944264,2008,8,12,1,Finance,Finance: Consumer Services,male,male,Yes,sameYear,No,Dec,501 - 1000,2001 - 2010,0.1262,0.1393,0.0861,0.0,24863.8,7.32,6.5,8.0,8.0,11115,8.65,10.09,9.81,8.34,15948,29553,30496,37207,0
322.78,1.4253113952E10,23.3802,1400.0,13.78,0.0098,0.66,5582.0,250806.16,10.18,45,45,8,8,1999,-1.192242608,-2.17016496,-0.531276952,0.385959142,2007,8,10,4,Miscellaneous,Business Services,male,male,No,,,Dec,5001 - 10000,1951 - 2000,0.3571,-0.014,0.0351,0.3333,3134089.4,28.5,21.0,29.0,22.0,9800480,31.65,30.03,28.56,28.1,3162020,608688,991764,1107495,1
687.88,3.943705464E9,22.0954,960.03,234.03,0.2438,0.17,2310.0,415597.4,4.11,54,54,38,38,1977,-0.166408249,0.578732103,0.873972078,1.248665826,2015,6,11,3,Consumer Services,Television Services,female,female,Yes,No,No,Dec,1001 - 5000,1951 - 2000,0.0,-0.0121,-0.0428,0.0125,8020.2,399.84,399.84,405.0,400.0,8220,376.91,376.91,376.91,395.0,500,0,0,31381,1
1441.5,6.98E11,27.2715,177870.0,3030.0,0.017,0.31,566000.0,314257.95,3.92,53,53,3,3,1994,1.502561974,2.035668675,2.426575681,2.426575681,1997,5,15,3,Consumer Services,Catalog/Specialty Distribution,male,male,Yes,No,No,Dec,>10000,1951 - 2000,0.0166,-0.2716,-0.1812,0.2807,2.343696E7,1.959,1.927,2.5,1.959,72072000,1.729,1.709,1.636,1.427,14685600,6106800,5467200,18853200,1
0.2414,1.642445745E7,16.6143,5.07,-21.61,-4.2623,0.57,95.0,53368.42,3.24,53,53,17,17,1997,-1.806218478,-1.909799609,0.014840043,0.782365824,2014,2,5,2,Health Care,Medical Specialities,male,male,Yes,Yes,Yes,Dec,0 - 100,1951 - 2000,0.014,-0.0564,-0.1106,0.0022,76201.0,28.2,27.81,30.06,30.0,241246,25.95,26.7,26.73,26.61,97695,17189,9774,15101,0
0.294,2.497565633E7,17.0334,,,,,,,,56,,1,1,2013,-0.119956059,-0.268762904,0.721647858,1.253672278,2014,2,10,0,Health Care,Major Pharmaceuticals,male,,,sameYear,,,,2011 - present,0.0,1.2667,2.4667,0.0,110165.4,0.75,0.75,0.75,0.75,1000,1.85,2.0,1.9,1.7,75141,82946,67254,324486,1
0.335,1.274810206E7,16.3609,,-26.75,,,12.0,,,60,60,5,5,2005,0.89989621,1.401845254,1.735408465,1.515801744,2010,11,1,0,Health Care,Medical/Dental Instruments,male,male,Yes,No,No,Dec,0 - 100,2001 - 2010,0.0,0.0,-0.3333,0.0,186.8,300.0,300.0,300.0,300.0,70,200.0,295.0,300.0,300.0,806,9,12,37,0
0.344,8048738.968,15.901,,-26.87,,,21.0,,,50,50,6,6,2004,1.483885973,0.338276333,0.854633592,1.083730561,2010,3,1,0,Health Care,Major Pharmaceuticals,male,male,Yes,No,No,Dec,0 - 100,2001 - 2010,0.0159,-0.0014,0.0,0.0087,12038.0,448.64,441.6,472.96,469.12,10332,457.6,455.68,453.12,448.0,11481,12015,12766,13596,0
0.4639,1.813392522E7,16.7133,335000.0,-18.06,-1.0E-4,,24.0,1.395833333333E10,0.0,47,,1,1,2013,0.572761293,1.085523431,1.319504883,1.60996497,2014,3,21,4,Health Care,Major Pharmaceuticals,male,male,Yes,No,No,Dec,0 - 100,2011 - present,0.0069,-0.069,-0.0345,0.0208,77065.2,18.125,18.0,21.175,20.8,251878,16.9,17.825,17.325,16.875,44860,37733,22537,28318,0
0.5199,2.284520457E7,16.9443,66910.0,-3117850.0,-46.5977,1.32,161.0,4.1559006211E8,0.0,60,,5,5,2003,-0.598982797,-1.614899992,-2.250088352,-2.949480964,2008,10,29,2,Consumer Non-Durables,Packaged Foods,male,male,No,,No,Dec,101 - 500,2001 - 2010,0.0,0.1654,0.6861,0.0,511.4,3.5834,3.5834,3.8712,3.8712,2088,4.176,4.176,4.176,4.176,469,0,0,0,1
0.6392,6.645065864E7,18.012,72000.0,-71.91,-0.001,,63.0,1.14285714286E9,0.0,48,48,5,5,2007,0.997341105,1.514002236,1.859384938,1.730622875,2012,10,4,3,Health Care,Major Pharmaceuticals,male,male,Yes,No,No,Dec,0 - 100,2001 - 2010,0.0244,-0.0119,0.1881,0.1829,722220.0,4.2,4.1,5.48,4.73,1602661,4.2,4.44,4.38,4.15,1841655,110914,35537,20333,1
0.6435,3.402905284E7,17.3427,26.14,-69.36,-2.6534,0.54,131.0,199541.98,1.3,52,52,1,1,2013,-1.069196879,-1.14618263,0.339400747,0.999427089,2014,2,6,3,Health Care,Major Pharmaceuticals,male,male,Yes,Yes,Yes,Dec,101 - 500,2011 - present,0.0152,0.0183,0.3,0.0135,606469.2,12.0,11.8201,12.66,12.5,2687061,12.0,12.09,12.18,12.22,152257,68653,84239,40136,0
0.7479,4.159187982E8,19.846,627.6,-683.8,-1.0895,0.19,186.0,3374193.55,0.66,,,,-8,2010,-0.938642911,0.053804604,0.099988565,-0.421193594,2002,4,10,2,Energy,Oil & Gas Production,male,male,No,No,No,Dec,101 - 500,2001 - 2010,0.0212,-0.004,0.0158,0.0242,25560.0,10.11,9.9,10.14,9.9,39700,9.95,9.6,9.75,10.07,27000,27400,13000,20700,0
0.75,2.401047525E7,16.994,14.42,-6.48,-0.4494,0.6,12.0,1201666.67,1.67,,,3,3,2006,1.683239201,1.602055705,1.879175782,1.412735912,2009,9,15,1,Transportation,Marine Transportation,male,male,No,No,No,Dec,0 - 100,2001 - 2010,0.0,0.0,0.0153,0.0,5.0,15.68,15.68,15.68,15.68,25,15.68,15.68,15.68,15.68,0,0,0,0,1
0.75,3.388331175E7,17.3384,16.47,-65.46,-3.9745,,410.0,40170.73,2.06,49,46,0,0,2007,-2.36397175,-0.596763067,-0.894718969,0.160478021,2007,11,7,2,Technology,Advertising,male,unknown,No,Yes,No,Dec,101 - 500,2001 - 2010,0.0885,-0.1388,-0.1392,0.1672,3981775.6,20.9,19.2,22.71,19.5,11907600,19.0,19.4,18.56,18.0,3242142,1696096,1253505,1809535,0
0.7837,79306.5215,11.2811,3.72,-11.02,-2.9624,0.05,36.0,103333.33,0.02,47,,3,3,2005,-1.124167153,-2.293051724,-2.761909784,-3.190020584,2008,10,14,1,Technology,Industrial Machinery/Components,male,male,Yes,No,,Dec,0 - 100,2001 - 2010,19.0,0.0,2.5,1009.0,2.2,30.0,1.5,1515.0,1.5,11,30.0,30.0,30.0,30.0,0,0,0,0,1
0.7849,1.487084334E7,16.5149,787000.0,-24.09,0.0,,25.0,3.148E10,0.0,59,59,15,15,1998,1.088321323,1.701320283,1.784489439,1.953528658,2013,7,25,3,Health Care,Major Pharmaceuticals,male,male,Yes,Yes,Yes,Dec,0 - 100,1951 - 2000,0.019,0.0961,0.2958,0.0,117024.2,198.8,195.1,250.0,250.0,508187,200.8,215.0,218.6,217.9,25965,27816,15500,7653,0
0.8307,2.725734375E7,17.1208,291000.0,-16.14,-1.0E-4,,56.0,5.19642857143E9,0.0,61,61,0,0,2015,0.718848291,0.362999091,0.645580386,1.002877225,2015,7,30,3,Health Care,Major Pharmaceuticals,male,male,Yes,sameYear,sameYear,Dec,0 - 100,2011 - present,0.0168,-0.0817,-0.1818,0.0,1312990.0,10.89,10.71,14.0,14.0,5015569,10.0,10.0,10.04,10.0,872997,311490,154360,210534,0
0.8745,3.124171364E7,17.2573,295000.0,-50.98,-2.0E-4,,36.0,8.19444444444E9,0.0,,,1,1,2011,-1.645811813,-2.078391562,-0.113664826,0.374710487,2012,11,12,0,Health Care,Major Pharmaceuticals,male,male,Yes,No,No,Dec,0 - 100,2011 - present,0.0,0.0667,0.1067,0.0,3399.8,7.5,7.5,7.5,7.5,4900,8.5,8.0,8.0,8.0,2949,6150,3000,0,1
0.905,2.522169388E7,17.0432,15.9,-12.74,-0.8013,0.22,75.0,212000.0,1.59,64,64,11,11,1987,0.677211597,0.942430404,1.324837532,1.860815003,1998,5,20,2,Health Care,Medical/Dental Instruments,male,male,Yes,No,No,Dec,0 - 100,1951 - 2000,0.1769,-0.0636,0.1908,0.0034,83820.0,216.25,183.75,216.88,216.25,297600,211.88,203.13,203.13,202.5,55990,35930,0,29580,1
1.0,7.4596116E7,18.1276,44.02,-26.95,-0.6122,4.27,230.0,191391.3,1.69,54,54,,-7,2003,0.0,0.0,0.0,0.0,1996,6,28,4,Energy,Oilfield Services/Equipment,male,male,Yes,No,No,Dec,101 - 500,2001 - 2010,0.5,-0.3333,-0.4783,,0.0,8.28E8,5.52E8,8.28E8,,0,6.24E8,6.24E8,5.52E8,5.52E8,0,0,0,0,0
1.02,1.05588819E7,16.1725,15.18,-18.07,-1.1904,,140.0,108428.57,0.7,63,,0,0,2008,0.708404412,1.362165576,0.119516662,-0.672105531,2008,5,8,3,Basic Industries,Engineering & Construction,male,male,Yes,No,,Dec,101 - 500,2001 - 2010,0.0932,-0.1773,-0.2284,0.0311,29.4,105600.0,96600.0,111000.0,108000.0,3,106060.8,95160.0,90000.0,86880.0,53,42,28,21,0
1.06,1361930.4,14.1244,315.61,-1.71,-0.0054,,570.0,553701.75,0.0,61,52,3,3,2007,0.62970893,-0.363218598,-0.562050142,0.077146232,2010,7,14,2,Energy,Coal Mining,male,male,Yes,No,No,Dec,501 - 1000,2001 - 2010,0.0107,0.0301,-0.0668,0.0045,130573.2,172.416,170.592,175.968,175.2,455443,176.256,176.64,176.64,177.6,96517,30138,22854,47914,1
1.06,1.232787632E7,16.3274,,,,,,,,,,3,3,2005,0.732559942,0.267561049,-0.769905941,-1.392796742,2008,4,9,2,Technology,Radio And Television Broadcasting And Communications Equipment,unknown,unknown,,No,No,,,2001 - 2010,0.0014,0.0,-0.0014,0.0,12850.0,28.04,28.0,28.4,28.4,56750,28.04,28.04,28.04,28.04,0,0,0,7500,1
1.08,5.3703E7,17.799,15.65,11.6,0.7412,,,,3.43,,,1,1,2011,-0.63200446,0.608683688,1.154499483,1.34590711,2012,4,18,2,Energy,Oil & Gas Production,,,Yes,,,Dec,,2011 - present,0.0052,0.0353,-0.0311,0.0085,3731947.0,21.25,21.14,21.98,21.8,13108631,21.75,22.0,22.01,22.0,2721246,1210338,901251,718269,0
1.09,1.95461307E7,16.7883,31.64,-6.61,-0.2089,,213.0,148544.6,0.62,,52,5,5,1991,0.0,0.0,0.0,0.0,1996,11,22,4,Technology,Computer peripheral equipment,,male,No,,No,Dec,101 - 500,1951 - 2000,0.1905,-0.0099,-0.16,0.0714,218660.0,6.25,5.25,6.625,6.25,783900,6.25,6.0,6.188,6.188,102000,96200,111200,0,0
1.09,2.000251043E7,16.8114,843000.0,-9.49,0.0,0.2,29.0,2.906896551724E10,0.0,,45,23,23,1984,2.005423132,2.225090845,2.747874187,1.9390557,2007,4,25,2,Public Utilities,Electric Utilities: Central,,male,Yes,,No,Apr,0 - 100,1951 - 2000,0.1274,-0.285,-0.18,0.0,26116.8,200.0,177.4,200.0,200.0,30646,179.5,155.5,143.4,143.0,13169,22981,31346,32442,0
1.11,5.361774747E7,17.7974,29.32,-1.26,-0.043,0.27,56.0,523571.43,1.83,57,57,6,6,1998,0.759965082,0.769381293,0.444520639,1.036949317,2004,6,22,1,Health Care,Biotechnology: Commercial Physical & Biological Resarch,male,male,Yes,No,No,Dec,0 - 100,1951 - 2000,0.0714,-0.1111,-0.0963,0.1984,425318.8,6.75,6.3,7.7,6.45,1219157,6.15,6.02,6.04,6.0,276999,211355,200250,218833,1
1.13,3.158775807E8,19.5709,,,,,,,,48,,0,0,2007,0.83925223,-0.331766741,-0.189605462,0.315717894,2007,12,13,3,Consumer Services,Marine Transportation,male,,,No,,,,2001 - 2010,0.0209,0.087,-0.1424,0.0306,1523404.4,20.01,19.6,20.35,19.75,5039605,20.85,21.2,22.2,21.75,647917,543500,893900,492100,0
1.1353,2.370267192E7,16.9811,29.83,-5.24,-0.1757,,,,0.79,49,46,0,0,2015,1.797047307,1.575872029,0.828879518,0.932217149,2015,11,3,1,Transportation,Marine Transportation,unknown,male,No,,Yes,Dec,,2011 - present,0.0,-0.312,-0.4938,0.0,2287.4,4.05,4.05,4.3001,4.3,1103,2.729,3.0545,3.02,2.7866,3738,2289,3168,1139,0
1.14,2.21740431E7,16.9144,401361.0,-10.7,0.0,,20.0,2.006805E10,0.0,,,2,2,2011,0.295538992,1.191874373,1.500705945,1.756722796,2013,8,13,1,Finance,Major Banks,unknown,unknown,No,No,No,Dec,0 - 100,2011 - present,0.0668,0.4085,0.5227,0.2337,933593.6,6.39,5.99,7.3999,6.0,326409,12.45,14.24,10.27,9.0,1281255,1024011,1496247,540046,1
1.17,1.305282069E7,16.3845,37.04,-5.19,-0.1401,,162.0,228641.98,0.35,60,60,0,0,2011,-1.25894502,-1.980264774,-1.24563158,0.50897872,2011,6,17,4,Miscellaneous,Business Services,male,male,Yes,No,No,Dec,101 - 500,2011 - present,0.0,0.0,0.0,0.0,5174.8,36.8317,36.8317,36.8317,36.8317,25874,36.8317,36.8317,36.8317,36.8317,0,0,0,0,1
1.2101,6.002262147E7,17.9102,,,,,,,,54,,7,7,2004,-1.353459219,0.373187818,-0.391046448,-0.833858947,2011,11,18,4,Technology,Semiconductors,male,,,No,,,,2001 - 2010,0.0326,-0.02,-0.0453,0.0011,609963.6,9.5,9.2,10.01,10.0,2664133,10.0,9.57,9.31,9.31,165289,85414,134982,0,0
1.24,7.891364216E7,18.1839,570499.0,-919910.0,-1.6125,0.61,4.0,1.4262475E11,0.0,51,51,3,3,2007,0.36610081,1.160441128,1.75346923,1.595111889,2010,5,3,0,Energy,Oil & Gas Production,male,male,Yes,No,No,Dec,0 - 100,2001 - 2010,0.0,0.0,0.0,0.0,2400.0,0.0525,0.0525,0.0525,0.0525,12000,0.0525,0.0525,0.0525,0.0525,0,0,0,0,0
1.26,4.85745939E7,17.6986,285.21,25.15,0.0882,0.06,,,0.17,24,24,21,21,1987,0.572453849,-0.885352759,-1.452855271,-1.829722134,2008,2,20,2,Basic Industries,Agricultural Chemicals,unknown,unknown,No,No,No,Jun,,1951 - 2000,0.0,0.0,0.0,0.0,0.4,10.0,10.0,10.0,10.0,2,10.0,10.0,10.0,10.0,0,0,0,0,0
1.28,2.1984224E7,16.9058,37.28,2.19,0.0587,,204.0,182745.1,0.59,65,65,39,39,1960,-0.131063007,1.069160175,1.133969752,1.36628112,1999,11,30,1,Capital Goods,Industrial Machinery/Components,male,male,Yes,No,No,Sep,101 - 500,1951 - 2000,0.0,0.0,-0.1,0.0,0.0,0.625,0.625,0.625,0.625,0,0.625,0.625,0.625,0.625,0,0,0,0,1
1.29,4.29353409E7,17.5752,176.92,-1.07,-0.006,,1346.0,131441.31,0.24,70,70,1,1,2001,1.164963118,1.43383914,1.307697808,0.182652658,2002,3,19,1,Consumer Services,Services-Misc. Amusement & Recreation,male,male,Yes,No,No,Dec,1001 - 5000,2001 - 2010,0.0,0.0773,0.25,0.0,7050.0,7.0667,7.0667,7.1333,7.1333,6600,7.1867,7.2667,7.4667,7.6133,3600,6300,12450,6300,0
1.3,6.71125E7,18.0219,418.9,1.34,0.0032,0.24,,,0.16,47,,3,3,2008,0.592944798,1.166548395,1.254664198,1.485474379,2011,5,12,3,Capital Goods,Auto Parts:O.E.M.,unknown,,No,,,Dec,,2001 - 2010,0.0446,0.0393,-0.2427,0.0357,2538675.8,5.85,5.6,6.2,6.0,4987284,6.25,6.3,6.04,6.08,6707576,515136,321123,162260,0
1.3,1.021969E8,18.4424,10.89,-24.24,-2.2259,,113.0,96371.68,9.38,58,55,3,3,1993,0.0,0.0,0.0,0.0,1996,8,27,1,Capital Goods,Industrial Machinery/Components,male,male,Yes,No,No,Dec,101 - 500,1951 - 2000,0.1053,0.0714,0.0834,0.1842,46607.2,42.0,38.0,49.0,42.0,70025,42.0,43.0,45.0,45.0,72637,60387,29987,0,1
1.31,3.517404496E7,17.3758,165.46,-20.28,-0.1226,,,,0.21,44,44,2,2,2006,-0.517626988,-1.340717069,-1.977433109,-2.688887191,2008,11,10,0,Consumer Services,Restaurants,male,male,Yes,No,No,Dec,,2001 - 2010,0.0,0.0,0.0,0.0,140.0,5.25,5.25,5.25,5.25,500,5.25,5.25,5.25,5.25,0,0,200,0,0
1.35,2.71597536E7,17.1172,118.34,-35.73,-0.3019,,515.0,229786.41,0.23,51,51,7,7,1997,1.440232378,1.034947526,0.625838099,1.133834841,2004,6,10,3,Health Care,Biotechnology: Electromedical & Electrotherapeutic Apparatus,male,male,Yes,No,No,Dec,501 - 1000,1951 - 2000,0.0398,-0.1759,-0.2353,0.0866,764670.6,11.77,11.32,13.0,12.02,2587891,11.77,11.45,10.37,9.7,0,213957,420689,600816,0
1.362,4.54546961E7,17.6322,56.56,-2.99,-0.0529,,363.0,155812.67,0.8,53,,5,5,1995,1.571392001,1.468095884,1.269761695,1.479215642,2000,8,23,2,Technology,Semiconductors,male,unknown,No,Yes,,Dec,101 - 500,1951 - 2000,0.2969,-0.0627,-0.1133,0.3687,2537360.0,20.75,16.0,21.9,16.0,10049000,18.45,17.5,19.65,19.45,1573400,413900,449900,200600,0
1.43,4.306024151E7,17.5781,4.75,-12.86,-2.7074,0.14,57.0,83333.33,9.07,61,61,16,16,1983,1.349931808,1.02531866,0.481765465,0.89333909,1999,11,2,1,Consumer Services,Other Consumer Services,male,male,Yes,No,No,Sep,0 - 100,1951 - 2000,0.0,-0.5,79.6452,,8.4,3.72,3.72,3.72,,8,8.1,1.86,1.86,1.86,16,18,0,0,1
1.43,1.152158693E8,18.5623,12.15,-14.13,-1.163,0.06,89.0,136516.85,9.48,41,41,11,11,1988,-2.243126818,-2.436134885,-2.577312722,-0.346936429,1999,10,15,4,Technology,Semiconductors,male,male,Yes,No,No,Dec,0 - 100,1951 - 2000,0.375,-0.0248,0.2521,0.125,2292660.0,15.125,11.0,16.5,15.125,8895400,14.1875,13.625,13.5625,14.75,1053100,675800,263600,575400,1
1.44,1.02843936E7,16.1461,17.09,-12.86,-0.7525,0.42,41.0,416829.27,0.6,53,53,8,8,1996,-1.542410599,-1.276823261,-1.601234149,0.218877962,2004,7,22,3,Health Care,Medical/Dental Instruments,male,male,Yes,No,No,Dec,0 - 100,1951 - 2000,0.0509,-0.0807,0.0012,0.0104,200.6,9273.6,8824.32,9434.88,9342.72,717,9273.6,9354.24,9365.76,8524.8,72,11,17,186,1
1.45,4.226159415E7,17.5594,,-19.44,,,20.0,,,47,,17,17,1999,0.938712979,1.955575136,1.584768991,1.813112953,2016,7,25,0,Technology,Computer Software: Prepackaged Software,male,male,No,Yes,,Dec,0 - 100,1951 - 2000,0.0,0.0,-0.175,0.0,20.0,6.0,6.0,6.0,6.0,100,6.0,6.0,6.0,6.0,0,0,0,0,0
1.45,2.997354914E8,19.5184,7.89,20.47,2.5944,0.46,4.0,1972500.0,37.99,58,58,18,18,1994,0.992111957,1.474842644,1.688161778,1.754112735,2012,3,28,2,Finance,Finance: Consumer Services,male,male,Yes,No,No,Dec,0 - 100,1951 - 2000,0.5873,0.0,0.0,0.746,519361.0,1.0,0.63,1.1,0.63,2596805,1.0,1.0,1.0,1.0,0,0,0,0,1
1.5,5.8195083E7,17.8793,140.03,-9.78,-0.0698,0.1,320.0,437593.75,0.42,46,46,6,6,1998,1.087775238,1.271730065,1.742494803,1.732142643,2004,2,18,2,Technology,"Computer Software: Programming, Data Processing",unknown,unknown,Yes,No,No,Dec,101 - 500,1951 - 2000,0.0588,-0.1089,-0.3578,0.0588,621660.0,4.5,4.25,4.5,4.25,565295,4.52,4.38,4.26,4.01,825592,623726,353346,740341,0
1.558,954567.904,13.769,172000.0,-160.24,-9.0E-4,,75.0,2.29333333333E9,0.0,55,48,27,27,1988,1.734150966,1.03448896,0.311825573,0.344864089,2015,10,23,4,Health Care,Major Pharmaceuticals,male,male,No,sameYear,No,Apr,0 - 100,1951 - 2000,0.0955,0.0256,0.0718,0.0702,90484.8,3.9,3.56,4.25,4.0,211910,3.7,3.75,4.05,4.0,47666,72541,42573,77734,1
1.56,1.04444248E8,18.4642,,-71.87,,,51.0,,,59,59,7,7,2007,-1.734246429,-0.8804951,0.501102651,1.113381501,2014,1,31,4,Health Care,Major Pharmaceuticals,female,female,Yes,,,Dec,0 - 100,2001 - 2010,0.0236,0.06,0.2277,0.022,693988.2,6.5,6.35,7.25,7.11,3096395,6.59,6.58,6.7,6.89,61119,48571,195383,68473,0
1.58,6.810663628E7,18.0366,425000.0,-29.03,-1.0E-4,,17.0,2.5E10,0.0,48,48,6,6,2008,-1.069196879,-1.14618263,0.339400747,0.999427089,2014,2,6,3,Health Care,Major Pharmaceuticals,male,male,Yes,No,No,Dec,0 - 100,2001 - 2010,0.0732,0.0516,0.4535,0.1434,403100.4,10.85,10.11,11.8,10.35,1765680,11.15,11.17,11.43,11.41,172697,48706,22251,6168,1
1.62,3.237528366E7,17.2929,27.06,-5.16,-0.1907,,129.0,209767.44,1.2,46,46,7,7,1989,0.0,0.0,0.0,0.0,1996,4,18,3,Technology,EDP Services,male,male,Yes,No,No,Jan,101 - 500,1951 - 2000,0.0424,-0.0325,0.0407,,664860.0,15.375,14.75,15.75,,1962600,14.625,14.5,14.5,14.875,635700,247700,198400,279900,0
1.62,8.340117372E7,18.2392,,-21.45,,,35.0,,,,36,3,3,2008,1.167807695,1.094025224,1.293147946,1.63652143,2011,3,31,3,Health Care,Major Pharmaceuticals,male,male,Yes,No,No,Jul,0 - 100,2001 - 2010,0.0133,0.0,-0.0066,0.0133,602.6,30.4,30.0,30.4,30.0,1750,30.4,30.4,30.4,30.4,763,0,500,0,0
1.65,2.260687325E8,19.2363,11.75,-117.33,-9.9855,,250.0,47000.0,19.24,40,56,13,13,1991,-1.023293462,-1.15641842,-1.531065492,0.167640671,2004,7,28,2,Health Care,Major Pharmaceuticals,male,unknown,Yes,No,No,Dec,101 - 500,1951 - 2000,0.0064,-0.0028,-0.0411,0.0357,233614.8,70.4,69.95,79.95,77.45,893656,70.05,70.75,70.05,70.2,120622,47673,41575,64548,1
1.6501,9.936267737E7,18.4143,7.35,-29.12,-3.9619,,92.0,79891.3,13.52,49,49,2,2,2012,0.906177021,1.533026124,1.649950376,1.855167455,2014,1,16,3,Capital Goods,Industrial Machinery/Components,male,male,Yes,No,No,Dec,0 - 100,2011 - present,0.0444,0.1277,0.2766,0.0,16627.6,12.6951,12.1549,13.5054,13.5054,6523,13.2353,13.2353,14.3158,14.3158,28810,0,33002,14803,0
1.66,2.634847948E7,17.0869,14.57,-3.01,-0.2066,0.21,33.0,441515.15,1.81,49,49,0,0,1998,1.036883695,1.638579253,1.406734887,1.629994034,1998,12,1,1,Finance,Investment Bankers/Brokers/Service,male,male,Yes,No,No,Dec,0 - 100,1951 - 2000,0.2156,-0.0833,-0.0677,0.0,9310.4,45.0,37.02,45.0,45.0,7313,39.375,45.0,45.0,41.25,4840,2733,30866,800,1
1.71,3.45811419E7,17.3588,150.16,-30.3,-0.2018,0.05,140.0,1072571.43,0.23,53,54,1,1,2005,-0.901285945,-1.627560229,-1.960059979,-0.400335814,2006,6,27,1,Basic Industries,Major Chemicals,male,male,Yes,No,No,Dec,101 - 500,2001 - 2010,0.0328,0.1429,0.3498,0.0,3378.0,157.5,152.5,165.0,165.0,2700,160.0,160.0,180.0,180.0,4520,5880,3200,590,0
1.71,2.865784964E8,19.4735,211.65,-14.79,-0.0699,0.11,,,1.35,50,49,0,0,2007,-1.010591705,-0.459231169,-0.681241192,0.248756742,2007,11,13,1,Transportation,Marine Transportation,female,male,No,sameYear,No,Dec,,2001 - 2010,0.0052,-0.0732,-0.0265,0.0245,1744000.0,19.25,19.15,19.72,19.25,6867900,19.3,19.17,18.9,17.84,617000,718200,221500,295400,0
1.72,102675.4,11.5393,39.36,-13.4,-0.3404,0.38,159.0,247547.17,0.0,40,48,4,4,2000,-1.972648189,-1.847287615,-2.12929754,0.010868234,2004,7,23,4,Transportation,Marine Transportation,male,male,No,sameYear,,Dec,101 - 500,1951 - 2000,0.0495,0.0613,0.034,0.001,0.0,4.0068E9,3.8178E9,4.16178E9,4.158E9,0,3.92364E9,3.8556E9,4.06728E9,4.2525E9,0,0,0,0,1
1.73,2.851068372E7,17.1658,5.17,-15.74,-3.0445,0.84,48.0,107708.33,5.51,44,44,2,2,2011,1.407837023,1.454828772,1.639687686,2.039617861,2013,4,9,1,Health Care,Medical/Dental Instruments,male,male,No,No,No,Dec,0 - 100,2011 - present,0.245,0.1245,0.0442,0.0,2354.6,224.1,180.0,234.0,234.0,7884,238.5,247.5,249.3,252.0,1653,939,884,413,1
1.73,4.754075292E7,17.6771,106.49,3.76,0.0353,0.15,33.0,3226969.7,0.45,48,48,19,19,1992,0.388413044,0.428404228,0.62129721,0.98169521,2011,7,26,1,Consumer Durables,Home Furnishings,unknown,unknown,Yes,No,No,Dec,0 - 100,1951 - 2000,0.0,0.0,0.0,0.0,20.0,0.15,0.15,0.15,0.15,100,0.15,0.15,0.15,0.15,0,0,0,0,1
1.75,1.769200125E7,16.6886,179.08,-23.43,-0.1308,0.06,3638.0,49224.85,0.1,37,37,7,7,1998,-1.943442661,0.420732281,0.910538065,1.119710564,2005,8,16,1,Consumer Services,Restaurants,male,male,Yes,No,No,Dec,1001 - 5000,1951 - 2000,0.016,-0.0551,-0.0858,0.0712,616407.6,12.7,12.5,13.89,13.0,2496529,12.52,12.2,12.4,12.0,221289,152226,88298,123696,0
1.75,1.315008695E8,18.6945,91.55,-24.26,-0.265,0.06,146.0,627054.79,1.44,48,40,8,8,1998,1.015546608,-0.405566985,-0.537913707,0.439052662,2006,6,30,4,Miscellaneous,Multi-Sector Companies,male,male,Yes,No,No,Mar,101 - 500,1951 - 2000,0.1111,0.05,1.0,0.1111,1110.0,2.0,1.8,2.0,1.8,3500,2.0,2.0,2.0,2.1,0,0,0,2050,1
1.77,3.463692026E8,19.663,902000.0,-65.98,-1.0E-4,,62.0,1.454838709677E10,0.0,53,53,7,7,1989,0.0,0.0,0.0,0.0,1996,1,25,3,Health Care,Biotechnology: Biological Products (No Diagnostic Substances),male,male,Yes,No,No,Dec,0 - 100,1951 - 2000,0.05,0.2976,0.0476,0.0,7746.0,420.0,400.0,420.0,420.0,15820,430.0,445.0,525.0,545.0,4135,4420,8650,5705,0
1.79,5.197354858E7,17.7662,500000.0,-27.36,-1.0E-4,,36.0,1.388888888889E10,0.0,49,49,7,7,2008,-0.215764279,0.077949738,0.590833684,1.058296255,2015,6,25,3,Health Care,Major Pharmaceuticals,female,female,Yes,No,No,Dec,0 - 100,2001 - 2010,0.0612,0.0154,0.1154,0.0612,395524.6,13.0,12.25,13.49,12.74,1687799,13.47,11.705,12.21,13.2,107215,46469,33835,102305,0
1.85,1.28776613E7,16.371,,-9.37,,,,,,43,,25,25,1987,-0.310109689,0.804871477,1.254414432,1.428454201,2012,4,17,1,Health Care,Major Pharmaceuticals,male,,No,Yes,,Jun,,1951 - 2000,0.0608,-0.4684,-0.564,0.0,1442.8,40.1333,37.8333,46.6667,46.6667,862,27.6667,23.3333,24.0,21.3333,2458,1098,1266,1530,0
1.91,4.718459798E7,17.6696,261.85,-11.48,-0.0438,0.33,1980.0,132247.47,0.18,53,53,59,59,1946,-0.164076973,1.015323839,0.676696174,1.015091282,2005,6,23,3,Consumer Services,Other Consumer Services,male,male,Yes,No,No,Dec,1001 - 5000,1901 - 1950,0.0555,-0.0055,-0.0015,0.0099,900164.8,20.17,19.11,20.19,20.0,3648965,20.0,20.0,20.0,20.06,288819,273120,224964,64956,0
1.95,6957676.05,15.7554,45.43,-5.03,-0.1107,0.09,51.0,890784.31,0.15,55,,19,19,1985,2.4405324,1.769891044,2.303029956,2.818395488,2004,12,14,1,Capital Goods,Homebuilding,male,male,Yes,sameYear,,Dec,0 - 100,1951 - 2000,0.0024,0.1337,0.194,0.0,82268.8,117.25,116.97,133.0,133.0,297862,120.953,123.55,126.14,132.93,27290,21931,22441,41820,1
2.0,7.3645068E7,18.1148,46.74,8.29,0.1774,0.02,60.0,779000.0,1.58,70,70,27,27,1969,0.0,0.0,0.0,0.0,1996,10,4,4,Consumer Services,Services-Misc. Amusement & Recreation,male,male,Yes,Yes,Yes,Dec,0 - 100,1951 - 2000,0.092,0.1629,-0.0675,0.0121,2147853.2,5.139,4.706,5.196,5.139,7725586,5.139,5.283,5.658,5.976,920991,707089,461145,924455,0
2.05,1.176067883E8,18.5829,,-54.82,,,20.0,,,42,59,6,6,2009,2.06119335,1.743941873,1.66897006,1.883841692,2015,2,13,4,Health Care,Major Pharmaceuticals,male,male,Yes,No,No,Dec,0 - 100,2001 - 2010,0.1199,0.0301,0.087,0.0312,325903.6,8.97,8.01,10.25,10.0,1528330,8.97,9.24,9.24,9.24,0,39823,43068,18297,0
2.06,2.196601278E7,16.905,6.3,-4.28,-0.6794,1.12,19.0,331578.95,3.49,60,55,4,4,1993,1.144235432,1.883695187,1.901521325,1.901521325,1997,2,24,0,Technology,Computer Communications Equipment,male,male,Yes,No,No,Dec,0 - 100,1951 - 2000,0.0,0.0818,0.0163,0.0,686.4,91.512,91.512,91.512,91.512,0,91.512,97.512,100.512,99.0,0,1008,1791,633,1
2.12,8.179629496E7,18.2197,7.49,4.36,0.5821,7.87,,,10.92,,,0,0,2012,0.296443341,0.576560264,1.061012856,1.369647338,2012,5,3,3,Energy,Oil & Gas Production,,,Yes,,,Dec,,2011 - present,0.001,-0.0455,-0.1585,0.0175,2644801.4,20.0,19.98,20.35,20.0,10297076,19.85,19.6,19.33,19.09,1564653,627645,421341,313292,0
2.14,2.391205184E7,16.9899,42.92,-6.09,-0.1419,0.51,,,0.56,55,55,1,1,2005,2.109077706,2.160782265,2.106766684,2.025604795,2006,5,5,4,Transportation,Marine Transportation,male,male,No,Yes,Yes,Dec,,2001 - 2010,0.0,-0.4849,-0.4532,0.0,523.6,165.5738,165.5738,165.5738,165.5738,19,85.2797,85.2797,85.2797,85.2797,2599,0,0,0,0
2.155,5.919811938E7,17.8964,17.63,1.86,0.1055,0.08,68.0,259264.71,3.36,68,68,1,1,1995,0.0,0.0,0.0,0.0,1996,1,9,1,Finance,Savings Institutions,unknown,unknown,Yes,No,No,Dec,0 - 100,1951 - 2000,0.0375,-0.036,-0.0239,0.0376,106228.8,4.803,4.6296,4.977,4.803,302616,4.977,4.63,4.63,4.63,18792,17496,139752,52488,1
2.19,2.217427976E8,19.217,,-15.21,,,,,,,,2,2,2011,0.516009466,1.213065706,1.70251757,2.00188423,2013,2,27,2,Health Care,Major Pharmaceuticals,male,male,Yes,No,No,Mar,,2011 - present,0.0,0.5862,0.5862,0.0,88935.2,0.0058,0.0058,0.0058,0.0058,222338,0.0058,0.0058,0.0092,0.0092,0,0,222338,0,1
2.2,7.30233328E7,18.1063,46.51,-16.32,-0.3509,0.11,281.0,165516.01,1.57,58,58,1,1,1999,-0.331522017,-0.281811883,0.746730084,1.201582567,2000,2,10,3,Technology,EDP Services,female,female,Yes,Yes,Yes,Dec,101 - 500,1951 - 2000,0.0892,0.0751,-0.1843,,56204.0,366.25,336.25,375.0,,690,358.75,337.5,358.75,393.75,3770,2400,49670,224490,0
2.21,1.265520256E7,16.3536,24.44,-5.47,-0.2238,,125.0,195520.0,0.52,38,38,5,5,2006,-2.243127266,-1.705828292,-0.615610075,0.69021672,2011,6,7,1,Consumer Services,Advertising,male,male,Yes,No,No,Dec,101 - 500,2001 - 2010,0.2,0.0,0.0833,0.2,9.6,2400.0,2000.0,2400.0,2000.0,48,2400.0,2400.0,2400.0,2400.0,0,0,0,0,0
2.21,9.99775049E7,18.4205,394.58,-21.51,-0.0545,,2500.0,157832.0,0.25,61,61,17,17,1988,2.164989109,1.175113316,1.28931994,1.903716794,2005,2,4,4,Consumer Services,Professional Services,unknown,unknown,Yes,No,No,Dec,1001 - 5000,1951 - 2000,0.0577,-0.0545,0.0473,0.1192,1760800.0,13.75,13.0,14.6,13.05,7476300,13.8,13.9,13.11,13.0,323400,90800,358600,554900,1
2.215,4.026189552E7,17.5109,44.73,-277000.0,-6192.7118,0.1,131.0,341450.38,0.9,52,52,11,11,1989,-0.238555582,0.386292274,0.48317528,0.911802468,2000,8,4,4,Technology,Computer Communications Equipment,male,male,Yes,No,No,Jun,101 - 500,1951 - 2000,0.0578,0.0235,0.2656,0.1818,272133.0,48.0,45.378,59.25,51.0,902600,48.75,48.75,48.0,49.128,106733,129633,125683,96016,1
2.24,4.654188896E7,17.6559,26.77,-11.99,-0.4479,0.34,128.0,209140.63,1.74,44,,1,1,2006,1.535380508,1.782569832,2.277230403,1.750906352,2007,4,24,1,Health Care,Major Pharmaceuticals,male,,Yes,No,,Dec,101 - 500,2001 - 2010,0.0,0.0,0.0,0.0,69.2,8.6486,8.6486,8.6486,8.6486,329,8.6486,8.6486,8.6486,8.6486,0,0,0,17,1
2.25,5.24384595E7,17.7752,99.07,-14.2,-0.1433,,576.0,171996.53,0.53,39,,9,9,1987,-0.21766817,-0.21766817,-0.21766817,-0.21766817,1996,12,9,0,Capital Goods,Metal Fabrications,male,male,Yes,No,,Jun,501 - 1000,1951 - 2000,0.2,-0.1667,-0.0833,,2441.4,2.34,1.95,2.34,,1794,1.95,2.145,2.067,1.95,7948,512,1928,25,1
2.26,6.48489146E7,17.9876,2.09,-26.58,-12.7177,,69.0,30289.86,31.03,59,59,,,,0.454596994,0.115931259,0.44484627,0.91732705,2015,7,31,4,Basic Industries,Metal Fabrications,male,male,Yes,Yes,Yes,Dec,0 - 100,Unknown,0.019,-0.0374,-0.028,0.0095,249250.6,5.35,5.25,6.55,6.5,537516,5.025,4.99,5.0,5.15,290653,278648,103893,35543,1
2.35,3.684541171E8,19.7248,54.52,-16.74,-0.307,0.04,111.0,491171.17,6.76,49,,17,17,1979,0.0,0.0,0.0,0.0,1996,10,3,3,Health Care,Medical/Dental Instruments,male,,Yes,No,,Dec,101 - 500,1951 - 2000,0.0,-0.0476,-0.0952,0.1429,38416.0,26.25,26.25,30.0,26.25,143340,25.0,25.0,25.0,25.0,21600,16340,9260,1540,0
2.36,8.174833972E7,18.2192,31.16,-38.69,-1.2417,,163.0,191165.64,2.62,52,52,10,10,1986,0.0,0.0,0.0,0.0,1996,9,9,0,Health Care,Major Pharmaceuticals,male,male,No,No,No,Dec,101 - 500,1951 - 2000,0.0,0.0508,0.1525,0.0,240.0,11.8,11.8,11.8,11.8,200,11.8,11.8,11.8,12.4,0,0,0,1000,1
2.4,1.62062544E7,16.6009,,-44.14,,,10.0,,,,,5,5,2010,0.600030124,1.350935584,0.600991269,0.520264076,2015,11,20,4,Health Care,Major Pharmaceuticals,,,No,,,Dec,0 - 100,2001 - 2010,0.0459,-0.1818,0.1661,0.0485,215633.4,3.19,3.05,3.4078,3.26,532852,2.99,2.43,2.61,2.61,257619,173238,114458,0,1
2.436,4.163702063E7,17.5445,139.23,-7.85,-0.0564,,1171.0,118898.38,0.3,54,54,15,15,1985,0.371631341,0.916212215,0.908923029,1.236025557,2000,7,21,4,Technology,Electrical Products,male,male,Yes,No,No,Dec,1001 - 5000,1951 - 2000,0.2688,-0.1429,-0.1576,0.225,573807.8,126.875,100.0,127.5,105.0,2011540,110.625,116.25,110.315,108.75,438480,162660,127099,129260,0
2.45,1.18589653E7,16.2886,467.06,-741176.0,-1586.8968,,40.0,1.16765E7,0.03,56,56,13,13,1995,-1.372149431,-2.359344788,-2.947764392,-3.581430598,2008,10,22,2,Consumer Services,Motor Vehicles,unknown,unknown,No,sameYear,sameYear,Dec,0 - 100,1951 - 2000,0.0,-0.026,3.5195,0.0,333.0,4.62,4.62,4.62,4.62,416,4.5,4.5,4.5,4.5,833,416,0,0,1
2.45,5.820910165E7,17.8796,34.97,17.28,0.4941,,,,1.66,,,0,0,2014,0.732648724,0.064941563,0.423490809,1.081312165,2014,10,24,4,Finance,Diversified Financial Services,unknown,unknown,No,No,No,Dec,,2011 - present,0.0,0.0,0.0,0.0,120.0,9.75,9.75,9.75,9.75,300,9.75,9.75,9.75,9.75,0,300,0,0,1
2.51,4978675.36,15.4207,,,,,,,,52,,6,6,2004,1.5115803,1.979315202,1.90619941,2.27317535,2010,12,21,1,Basic Industries,Steel/Iron Ore,unknown,,,No,,,,2001 - 2010,0.0,0.0094,0.0706,0.0588,210348.4,12.75,12.75,14.25,13.5,183686,12.75,12.66,12.66,12.87,255621,293072,0,319363,0
2.52,2.01190374E7,16.8172,27.0,1.11,0.0411,,290.0,93103.45,0.75,53,,5,5,2005,0.584103275,-0.470224925,-0.752898902,-0.161958097,2010,7,20,1,Consumer Non-Durables,Farming/Seeds/Milling,unknown,female,No,No,No,Dec,101 - 500,2001 - 2010,0.019,-0.2561,-0.2206,0.0,33273.4,21.4,21.0,25.96,25.96,59250,17.0,16.96,16.08,15.92,56675,15675,17550,17217,0
2.55,2.615182182E8,19.382,,-18.41,,,21.0,,,68,68,4,4,2002,1.442390368,1.594849965,2.021050685,2.712988537,2006,11,8,2,Health Care,Major Pharmaceuticals,male,male,Yes,sameYear,sameYear,Dec,0 - 100,2001 - 2010,0.1296,-0.0115,-0.0984,0.0426,395815.8,6.1,5.4,6.23,6.0,1572395,6.15,6.14,6.1,6.03,278056,38823,76611,13194,0
2.58,3.854091462E7,17.4672,20.03,-13.99,-0.6985,,253.0,79169.96,1.92,55,55,19,19,1988,0.880612567,1.501177243,2.190263983,1.774862838,2007,5,14,0,Technology,Semiconductors,male,male,No,No,No,Dec,101 - 500,1951 - 2000,3.1379,-0.0833,-0.0717,3.1379,2906.6,25.5,6.1625,25.5,6.1625,9270,25.2875,25.7499,23.375,23.375,812,3262,830,359,1
2.65,7.896380695E7,18.1845,,-48.21,,,65.0,,,45,45,10,10,2005,-0.856831642,-0.028148341,0.655548832,1.157180393,2015,5,7,3,Health Care,Biotechnology: Biological Products (No Diagnostic Substances),male,male,Yes,No,No,Dec,0 - 100,2001 - 2010,0.1589,0.3104,0.8281,0.1364,1030400.4,14.95,12.9,15.01,13.25,3303252,19.27,20.75,21.57,19.59,655332,548709,271583,373126,0
2.68,9.688556976E7,18.389,209.98,114.21,0.5439,3.13,38.0,5525789.47,0.46,61,61,6,6,2007,0.630582297,0.753407845,1.173932384,1.398009401,2013,9,25,2,Health Care,Major Pharmaceuticals,male,male,Yes,No,No,Dec,0 - 100,2001 - 2010,0.1435,0.1335,0.265,0.1678,1862966.0,26.3,23.0,26.92,23.06,7522120,28.26,29.18,29.71,29.81,740738,486415,243302,322255,1
2.68,2.528129251E8,19.3482,105.35,-112.36,-1.0665,0.17,97.0,1086082.47,2.4,59,52,5,5,2002,-2.067937937,-0.607487975,-0.908293836,0.137530757,2007,11,8,3,Energy,Oil & Gas Production,unknown,unknown,Yes,No,No,Dec,0 - 100,2001 - 2010,0.0405,0.0286,0.0612,0.105,454670.8,12.59,12.1,13.42,12.15,1969703,12.75,13.25,12.9,12.95,75311,121093,50718,56529,1
2.69,9.239858673E7,18.3416,669000.0,-35.46,-1.0E-4,,34.0,1.967647058824E10,0.0,44,,7,7,1998,-0.8483151,-0.514757522,0.513609086,0.821644162,2005,9,27,1,Health Care,Major Pharmaceuticals,male,male,Yes,No,No,Dec,0 - 100,1951 - 2000,0.0156,0.0308,-0.0631,0.0,10961.4,234.0,230.4,255.24,255.24,41484,225.0,226.8,240.84,241.2,7026,1235,3969,1093,0
2.74,1.146100188E8,18.557,10.85,-42.24,-3.8931,0.69,118.0,91949.15,10.56,55,57,3,3,2007,-0.555566531,-1.436941031,-0.84202786,0.317165585,2010,6,2,2,Capital Goods,Auto Manufacturing,male,male,Yes,No,No,Dec,101 - 500,2001 - 2010,0.0,-0.2079,-0.4059,0.0,139.0,10.1,10.1,10.1,10.1,100,10.1,10.1,8.0,8.0,545,0,50,0,0
2.75,,,220.27,-53.21,-0.2416,0.18,209.0,1053923.44,,34,34,,-3,2010,-0.054299271,-0.481559915,-0.412402983,0.009943979,2007,12,27,3,,,male,male,Yes,No,No,Dec,101 - 500,2001 - 2010,0.0,-0.0139,-0.0056,0.0,85.6,26.8299,26.8299,26.8299,26.8299,26,26.8299,26.8299,26.8299,26.4572,0,0,0,402,0
2.75,3.0880146E7,17.2456,22.41,6.91,0.3083,1.39,87.0,257586.21,1.38,47,,11,11,1995,1.970231963,1.982811798,2.381065454,2.490441416,2006,10,12,3,Consumer Services,Other Consumer Services,male,,Yes,No,,Dec,0 - 100,1951 - 2000,0.0,0.0,-0.3725,0.0,0.4,305.8471,305.8471,305.8471,305.8471,2,305.8471,305.8471,305.8471,305.8471,0,0,0,0,0
2.8,3.328289188E8,19.6231,7.58,-65.03,-8.5792,2.01,19.0,398947.37,43.91,49,49,9,9,2001,1.612126855,1.519711998,1.832744108,1.376652441,2010,3,12,4,Health Care,Major Pharmaceuticals,male,male,Yes,No,No,Dec,0 - 100,2001 - 2010,0.1017,-0.0167,0.04,0.0674,692056.6,8.99,8.16,9.0,8.45,2692762,9.0,8.86,8.83,8.84,519358,87525,94747,65891,1
2.82,6.678652248E7,18.017,78.05,4.71,0.0603,,,,0.86,40,38,1,1,2012,0.963436414,1.41974019,1.845794229,2.183310862,2013,3,22,4,Consumer Services,Real Estate Investment Trusts,male,male,Yes,No,No,Dec,,2011 - present,0.0042,0.009,0.0345,0.0166,628621.2,14.5,14.44,14.74,14.5,2360849,14.49,14.61,14.5,14.63,290743,189705,120974,180835,0
2.82,3.595173162E8,19.7003,195.35,12.57,0.0643,,1624.0,120289.41,1.84,,,20,20,1981,0.025378837,0.964224773,0.073073358,-0.63861653,2001,12,18,1,Basic Industries,Precious Metals,male,male,No,No,No,Dec,1001 - 5000,1951 - 2000,0.0,0.0,0.0,0.0,0.0,0.044,0.044,0.044,0.044,0,0.044,0.044,0.044,0.044,0,0,0,0,0
2.91,9.966245988E7,18.4173,,-28.3,,,21.0,,,57,57,17,17,1997,2.033450949,1.891292648,1.700261793,1.536192706,2014,5,23,4,Health Care,Major Pharmaceuticals,male,male,Yes,No,No,Dec,0 - 100,1951 - 2000,0.097,0.0722,0.3809,0.1109,813161.0,5.54,5.05,6.06,5.5,3329708,5.54,5.55,5.8,5.94,0,288644,237164,210289,1
3.0,7930833.0,15.8863,5.76,1.7,0.2951,,,,1.38,62,,9,9,2008,-2.047967277,0.154102919,0.92067713,1.249851407,2017,8,11,4,Consumer Non-Durables,Consumer Electronics/Appliances,unknown,,No,Yes,,Dec,,2001 - 2010,0.0,0.125,0.25,0.0,785.8,6.0,6.0,6.0,6.0,200,6.5,6.7,6.75,6.75,425,1575,822,907,0
3.11,1.161724297E8,18.5706,,,,,,,,60,60,,,,1.110372132,1.391835341,1.626022472,2.396643373,2006,12,12,1,,,unknown,unknown,,No,No,,,Unknown,0.0908,0.0044,0.0504,0.0688,1952731.4,15.86,14.54,16.0,15.0,7849201,15.9,15.79,15.99,15.93,1014952,321140,337197,241167,1
3.12,7.803034512E7,18.1726,324.26,-8.13,-0.0251,,1730.0,187433.53,0.24,52,52,38,38,1965,1.34827812,1.718974343,1.880568019,1.588775762,2003,12,17,2,Consumer Services,Other Consumer Services,female,female,Yes,No,No,Sep,1001 - 5000,1951 - 2000,0.0979,0.0676,0.1044,0.1042,1221080.0,26.35,24.0,27.0,24.5,4800900,26.06,27.6,28.0,28.13,326000,383300,144100,451100,1
3.14,2.45886806E7,17.0178,,-21.12,,,14.0,,,59,59,5,5,2007,2.218594561,1.990326097,2.198103427,1.185623566,2012,2,3,4,Health Care,Major Pharmaceuticals,male,male,Yes,Yes,Yes,Dec,0 - 100,2001 - 2010,0.0,0.0049,-0.0244,0.0,0.4,410.0,410.0,410.0,410.0,2,410.0,410.0,412.0,412.0,0,0,0,0,0
3.15,3.198383874E8,19.5833,148.03,-84.68,-0.572,0.35,893.0,165767.08,2.16,48,52,1,1,2007,-0.17748418,0.904659752,0.229084033,-0.586082588,2008,5,29,3,Transportation,Marine Transportation,unknown,male,No,sameYear,sameYear,Dec,501 - 1000,2001 - 2010,0.0255,-0.0016,-0.0108,0.0407,1943320.0,18.9,18.43,19.75,19.0,8065021,18.9,19.0,18.85,18.87,847352,271243,332897,200087,0
3.15,5.857840359E8,20.1885,225.38,95.04,0.4217,0.44,36.0,6260555.56,2.6,58,58,4,4,1997,-0.230068707,0.882361184,-0.0257798,-0.822976325,2001,6,4,0,Energy,Oil & Gas Production,male,male,No,No,No,Dec,0 - 100,1951 - 2000,0.0,-0.0285,-0.2339,0.0025,6040.0,8.08,8.08,8.1,8.08,5500,8.1,8.02,7.88,7.85,9600,6400,100,8600,0
3.17,9.129814292E7,18.3296,20.24,-7.49,-0.3701,1.39,5074.0,3988.96,4.51,57,57,2,2,2015,-1.14016996,0.797067712,1.168666758,1.488812686,2017,6,30,4,Technology,Diversified Commercial Services,male,male,Yes,Yes,Yes,Aug,5001 - 10000,2011 - present,0.2222,0.0597,-0.1766,0.2127,824022.6,7.7,6.3,7.74,6.4,1274489,9.0,9.0,8.64,8.16,1478140,0,812712,554772,0
3.31,1.177689924E8,18.5842,150.53,-14.01,-0.0931,0.23,271.0,555461.25,0.78,44,67,8,8,1997,1.617524677,1.529588946,1.387144153,1.974958937,2005,2,15,1,Technology,Computer Software: Prepackaged Software,male,male,Yes,No,No,Dec,101 - 500,1951 - 2000,0.1048,0.3276,0.0345,0.1619,4137.2,290.0,262.5,322.5,280.0,9748,304.5,362.0,385.0,385.0,2142,2718,6078,0,0
3.38,1.262138881E8,18.6535,78.72,-17.41,-0.2212,,456.0,172631.58,1.6,55,41,3,3,1994,1.524042635,1.100761046,1.235479813,1.441846272,1997,11,21,4,Technology,EDP Services,male,male,Yes,No,No,Dec,101 - 500,1951 - 2000,0.0141,-0.1258,-0.1889,0.0851,1109660.0,17.876,17.628,19.376,17.876,3658100,17.94,17.0,15.628,15.628,1047600,356000,486600,0,1
3.45,1.101304343E8,18.5172,,-49.22,,,140.0,,,31,,2,2,2012,1.937848786,1.586766127,1.567517509,1.714293522,2014,9,18,3,Health Care,Major Pharmaceuticals,male,,No,Yes,,Dec,101 - 500,2011 - present,0.0373,0.11,-0.1507,0.1415,1649549.6,14.73,14.2,21.87,19.86,6760553,16.37,16.05,15.76,16.35,816754,259936,248767,161738,1
3.45,1.1385E8,18.5504,45.59,44.74,0.9814,3.95,,,2.5,41,41,0,0,2011,1.114500017,1.845996587,0.162222612,-0.075950627,2011,11,3,3,Energy,Oil & Gas Production,male,male,Yes,Yes,Yes,Dec,,2011 - present,0.0028,-0.1063,-0.1444,0.0047,2204421.8,21.26,21.2,21.85,21.75,7974499,21.2,21.1,21.03,19.0,1105171,395038,504240,1043161,0
3.5,3.02428819E8,19.5274,529.18,7.61,0.0144,0.1,,,0.57,49,49,9,9,1993,2.113056826,0.666214687,0.89122082,-0.21041551,2002,3,5,1,Transportation,Marine Transportation,male,male,No,,,Dec,,1951 - 2000,0.0,-0.0033,-0.0066,0.0106,1667520.0,7.55,7.55,8.03,7.95,4946600,7.5,7.62,7.505,7.525,1657400,229800,1171600,332200,0
3.58,3.863930409E8,19.7724,161.9,-511.71,-3.1607,0.42,1099.0,147315.74,2.39,74,61,6,6,1999,-1.349149905,-0.499664865,0.476712727,1.128214263,2005,3,18,4,Transportation,Marine Transportation,male,male,No,Yes,sameYear,Dec,1001 - 5000,1951 - 2000,0.017,0.0035,-0.1214,0.07,2492719.6,16.6705,16.3911,17.5378,16.3911,10412883,16.632,16.8632,16.7862,16.7283,654307,451010,523342,422056,0
3.6,5.58347688E7,17.8379,244.17,16.77,0.0687,0.4,3600.0,67825.0,0.23,49,40,7,7,2001,-1.352243966,-1.124385017,-0.650496171,-1.216678305,2008,6,19,3,Miscellaneous,Industrial Machinery/Components,unknown,unknown,No,Yes,Yes,Dec,1001 - 5000,2001 - 2010,0.0523,-0.2544,-0.3743,0.2077,75332.2,6.84,6.5,8.35,7.0,165710,6.42,5.6,5.25,5.1,105685,38479,45165,21622,0
3.65,3.1846469E7,17.2764,,,,,,,,,,,,,-0.204035198,0.623311167,1.064266056,1.468742022,2014,3,13,3,Health Care,Major Pharmaceuticals,,,,,,,,Unknown,0.0029,-0.1033,-0.2593,0.09,43779.8,112.32,112.0,126.88,116.8,162787,107.2,107.2,103.84,100.72,23726,9585,15580,7221,0
3.7,,,75.37,-11.82,-0.1568,,75.0,1004933.33,,68,68,30,30,1980,0.17609542,-1.221088004,-0.971937139,0.161766219,2010,6,14,0,Consumer Non-Durables,Farming/Seeds/Milling,male,male,Yes,No,No,Jun,0 - 100,1951 - 2000,0.0,-0.0725,-0.1125,0.0,9678.6,4.0,4.0,4.4,4.4,5100,4.0,4.1,3.95,3.71,16875,3000,1190,22228,0
3.71,1.115225963E8,18.5297,35.38,-17.4,-0.4918,43.27,35.0,1010857.14,3.15,65,65,8,8,2005,1.088321323,1.701320283,1.784489439,1.953528658,2013,7,25,3,Health Care,Major Pharmaceuticals,male,male,Yes,No,No,Dec,0 - 100,2001 - 2010,0.0463,-0.04,-0.06,0.0264,762256.8,9.5,9.08,11.24,11.0,3417697,9.6,9.35,9.15,9.12,159952,65961,85884,81790,0
3.72,4.122747511E8,19.8372,184.36,-7.63,-0.0414,0.1,533.0,345891.18,2.24,56,56,6,6,2001,-0.680179265,0.792987812,1.409979948,1.513040047,2007,6,8,4,Miscellaneous,Business Services,male,male,Yes,No,No,Dec,501 - 1000,2001 - 2010,0.0413,-0.1163,-0.0099,0.0624,3606664.2,22.18,21.3,24.33,23.0,12217185,20.31,19.11,19.99,19.6,1948980,1561252,1815609,490295,0
3.75,1.8046878E8,19.0111,7.2,-51.86,-7.2028,,56.0,128571.43,25.07,58,58,6,6,2008,1.504249056,1.447196968,1.742729225,1.827902391,2014,7,24,3,Health Care,Major Pharmaceuticals,male,male,Yes,Yes,Yes,Dec,0 - 100,2001 - 2010,0.0203,-0.0041,0.0083,0.0559,470868.8,12.05,11.81,12.81,12.15,1960783,12.01,12.0,12.0,12.0,197625,73882,70550,51504,1
3.77,3.372792423E7,17.3338,58.99,-13.61,-0.2307,0.34,53.0,1113018.87,0.57,51,51,1,1,2011,-0.479465475,-1.333877549,-0.013027086,0.453678621,2012,11,19,0,Consumer Services,Real Estate Investment Trusts,male,male,Yes,No,No,Dec,0 - 100,2011 - present,0.0909,0.0,-0.0333,0.0,1075.2,48.0,44.0,50.0,50.0,467,48.88,48.96,48.96,48.0,4125,266,0,518,1
3.79,6.088787623E8,20.2271,1.07,-27.92,-26.0935,,18.0,59444.44,569.05,66,66,6,6,1990,0.0,0.0,0.0,0.0,1996,7,31,2,Health Care,Major Pharmaceuticals,male,male,Yes,No,No,Dec,0 - 100,1951 - 2000,0.0333,0.0161,-0.129,0.1,282729.4,7.3227,7.0864,8.0313,7.3227,794086,6.9683,7.2045,7.2045,7.4408,520500,31221,11112,56728,1
3.83,5.442287524E7,17.8123,196.99,1.61,0.0082,,211.0,933601.9,0.28,46,,16,16,1988,1.644190739,1.733375256,1.074028245,0.865761251,2004,10,5,1,Health Care,Major Pharmaceuticals,male,,Yes,No,,Jun,101 - 500,1951 - 2000,0.0,0.3664,0.1261,0.0,1193.8,23.31,23.31,35.0,35.0,84,24.5,25.2,25.2,31.85,1057,1477,507,2844,1
3.877,2.62379852E8,19.3853,,-1.55,,,3.0,,,42,42,1,1,2013,0.4281755,1.072841398,1.624769544,1.793186072,2014,12,18,3,Health Care,Medical/Dental Instruments,unknown,unknown,No,Yes,Yes,Mar,0 - 100,2011 - present,1.5,9.0,15.0,1.5,940.0,0.25,0.1,0.25,0.1,2000,1.0,1.0,1.0,2.5,2100,100,100,400,1
3.9,9.22773345E7,18.3403,241.24,-20.76,-0.0861,0.1,316.0,763417.72,0.38,41,45,9,9,1989,-0.62329939,0.728887883,1.299772944,1.817678005,1998,5,6,2,Finance,Property-Casualty Insurers,male,male,No,No,No,Dec,101 - 500,1951 - 2000,0.0,0.0,0.0083,0.0027,10.0,48.28,48.28,48.412,48.28,50,48.28,48.28,48.28,48.28,0,0,0,0,0
3.9,2.098284552E8,19.1618,,,,,,,,,,6,6,2005,1.522068625,1.643623821,1.712542948,2.196610292,2011,1,26,2,Consumer Non-Durables,Farming/Seeds/Milling,male,,,No,,,,2001 - 2010,0.0857,0.1171,0.1184,0.0857,76.0,7.6,7.0,7.6,7.0,280,7.6,7.6,7.6,8.49,0,0,0,100,1
3.92,6.573764775E8,20.3038,382.28,-105.71,-0.2765,,1700.0,224870.59,1.72,44,,,,,0.68552056,1.156276334,1.348694458,1.408543243,2014,5,19,0,Consumer Services,Hotels/Resorts,male,,Yes,sameYear,,Dec,1001 - 5000,Unknown,0.0724,-0.0368,0.2281,0.0588,900300.6,22.8,21.26,23.0,21.75,960146,22.16,21.86,21.96,21.96,1033593,1252874,580558,674332,0
3.97,1.401500119E7,16.4556,56.24,-1.6,-0.0284,,464.0,121206.9,0.25,74,,14,14,1983,-0.225242026,0.214378128,0.732063219,1.241928872,1997,11,5,2,Basic Industries,Specialty Chemicals,male,male,Yes,No,No,Dec,101 - 500,1951 - 2000,0.4412,-0.0612,-0.0917,0.4412,85674.4,15.4335,10.7089,15.4335,10.7089,107867,13.5436,14.1736,13.5436,14.4886,54886,29645,148585,87389,1
4.0,1.33066496E8,18.7064,551.83,25.09,0.0455,,236.0,2338262.71,0.24,40,,97,97,1915,-1.494847223,0.604610859,1.1441191,1.312063146,2012,10,10,2,Consumer Non-Durables,Packaged Foods,female,,No,sameYear,,Mar,101 - 500,1901 - 1950,0.0246,-0.1242,-0.1628,0.0257,2125212.0,9.58,9.35,10.24,10.0,9235073,8.1,8.3,8.39,8.39,865016,306064,89335,130572,0
4.01,3.169163952E8,19.5741,45000.0,-96.42,-0.0021,0.02,139.0,3.2374100719E8,0.01,64,52,13,13,2002,0.192463665,-0.390071379,0.08898337,0.766641376,2015,7,28,1,Health Care,Biotechnology: Biological Products (No Diagnostic Substances),male,male,Yes,sameYear,sameYear,Dec,101 - 500,2001 - 2010,0.1156,-0.2015,-0.3987,0.0477,3612302.8,34.64,31.05,38.48,37.0,12758747,34.99,31.5,30.6,27.66,2027187,1124702,700811,1450067,0
4.125,1.532678318E8,18.8477,28.71,-71.95,-2.5061,,76.0,377763.16,5.34,56,47,12,12,1999,0.980145652,1.607307137,0.26966406,-0.047050423,2011,11,11,4,Health Care,Major Pharmaceuticals,male,male,Yes,Yes,No,Dec,0 - 100,1951 - 2000,0.0114,-0.0113,-0.0113,0.1157,469559.8,7.08,7.0,7.81,7.0,1424478,7.03,7.02,7.0,7.0,140679,284134,230883,267625,1
4.14,553874.04,13.2247,,-9.77,,,47.0,,,48,53,10,10,2005,0.378631008,1.097340048,1.206350668,1.612828771,2015,3,18,2,Health Care,Medical Electronics,male,male,No,sameYear,Yes,Dec,0 - 100,2001 - 2010,0.0286,0.0,-0.0816,0.0982,1735.6,69.12,67.2,75.6,69.0,1547,69.6012,70.56,68.4,69.12,695,2115,2378,1943,0
4.14,4.815611734E8,19.9925,15350.0,-2450.0,-0.1596,,95000.0,161578.95,0.03,71,49,15,15,1985,0.889011509,0.221960001,0.619450796,1.133481406,2000,6,9,4,Health Care,Hospital/Nursing Management,male,male,Yes,No,No,Dec,>10000,1951 - 2000,0.0479,0.0274,0.1963,0.0523,2166798.0,11.2668,10.7523,11.5754,11.0133,7899522,11.8841,11.6783,11.5236,11.5754,1209554,597123,607814,519977,1
4.27,3.939075E7,17.489,24.44,1.01,0.0413,,220.0,111090.91,1.61,,,15,15,2002,1.152819351,1.673390147,1.658368705,1.478709929,2017,9,21,3,Consumer Non-Durables,Packaged Foods,,,No,,,Dec,101 - 500,2001 - 2010,0.0648,0.6958,2.8627,0.113,323982.2,6.41,6.0201,7.43,6.75,237719,12.75,10.45,10.3,10.87,675602,344768,268382,93440,0
4.27,1.51935678E8,18.839,80.64,-4.17,-0.0517,0.51,215.0,375069.77,1.88,50,50,3,3,1997,-1.21560631,-0.488441296,-0.498297119,0.412637352,2000,5,19,4,Technology,Semiconductors,male,male,Yes,No,No,Dec,101 - 500,1951 - 2000,0.0357,0.1149,0.8851,0.1012,752353.0,32.625,31.5,36.939,33.75,2228966,36.564,37.5,37.314,36.375,537400,529566,295600,170233,1
4.3,2.20560201E8,19.2117,,-37.07,,,101.0,,,48,48,7,7,1993,0.073313016,0.54807228,0.631392573,1.016338594,2000,8,11,4,Health Care,Biotechnology: Biological Products (No Diagnostic Substances),female,female,No,No,No,Dec,101 - 500,1951 - 2000,0.092,-0.0393,0.382,0.3651,1194540.0,11.125,10.188,14.0,10.28,4477100,12.063,11.5,10.25,10.688,837800,337800,217600,102400,0
4.41,7.092171261E7,18.0771,38.19,-1.29,-0.0338,0.14,130.0,293769.23,1.86,57,57,6,6,1992,1.116115513,1.301451527,1.395077728,1.67055949,1998,12,18,4,Basic Industries,Environmental Services,male,male,Yes,No,No,Jun,101 - 500,1951 - 2000,0.0,-0.125,-0.094,0.125,3600.0,2.0,2.0,2.25,2.0,5600,2.0,2.0,2.0,1.75,11900,0,0,500,0
4.55,5.422486979E8,20.1112,60.64,-163.44,-2.6953,0.9,210.0,288761.9,8.94,49,,2,2,1998,-2.338347117,-0.915938862,-0.404628002,0.270112572,2000,7,28,4,Health Care,Major Pharmaceuticals,male,male,Yes,No,No,Dec,101 - 500,1951 - 2000,0.0592,0.118,0.0125,0.1053,512140.0,10.0625,9.5,10.5,9.5,1843300,10.25,10.438,11.0,11.25,325800,61700,229300,100600,1
4.75,1.29197967E8,18.6769,,,,,,,,57,,13,13,1984,-0.045048403,1.07860228,1.201795123,1.201795123,1997,3,6,3,Technology,Semiconductors,male,,,No,,,,1951 - 2000,0.115,0.1392,0.0908,0.0067,242600.0,20.628,18.5,20.752,20.628,813500,23.752,23.252,24.252,23.5,194250,117950,32450,54850,1
4.86,4.642589358E7,17.6534,,-15.99,,,22.0,,,59,47,18,18,1980,1.298488286,1.394186154,1.73257591,2.116443884,1998,12,31,3,Health Care,Hospital/Nursing Management,male,male,Yes,No,No,Dec,0 - 100,1951 - 2000,0.1667,0.0,0.1429,0.0,0.4,8750.0,7500.0,8750.0,8750.0,2,8750.0,8750.0,8750.0,8750.0,0,0,0,0,1
4.86,8.252733146E8,20.5312,1740.0,532.88,0.3063,,,,0.47,,72,,-13,2011,0.852092452,1.523795343,1.321275225,1.557248749,1998,12,2,2,Transportation,Marine Transportation,male,male,No,No,Yes,Dec,,2011 - present,0.0,-0.0631,-0.0631,0.0,1517.8,4.6799,4.6799,4.6799,4.6799,1409,4.6799,4.2972,4.3848,4.3848,0,2927,3253,0,1
4.94,8.398E7,18.2461,9.21,8.42,0.9142,0.6,,,9.12,59,59,1,1,2010,0.012691362,0.675034441,1.068754287,1.413499756,2011,5,5,3,Energy,Oil & Gas Production,unknown,unknown,Yes,Yes,Yes,Dec,,2001 - 2010,0.013,0.0271,0.0381,0.0116,1421575.0,21.0,20.73,22.5,22.26,5298808,21.02,21.59,21.89,21.57,613488,625180,361295,209104,1
5.0,4.703512E7,17.6664,,,,,,,,47,57,,,,0.77875812,1.233158245,1.402616335,1.615069749,2014,9,17,2,Health Care,Major Pharmaceuticals,male,female,,No,No,,,Unknown,0.3113,-0.2832,-0.4423,0.6126,376393.8,213.84,163.08,270.0,170.1,1202047,177.93,165.51,163.35,153.27,480628,134958,45903,18433,0
5.05,2.725419956E8,19.4233,102.81,-28.35,-0.2758,,564.0,182287.23,2.65,59,59,2,2,2004,1.293165985,1.569481841,1.610731644,2.331529292,2006,12,27,2,Capital Goods,Auto Manufacturing,unknown,unknown,No,No,No,Dec,501 - 1000,2001 - 2010,0.0,-0.4,-0.4,0.0,60.0,0.25,0.25,0.25,0.25,200,0.25,0.15,0.15,0.15,0,100,0,0,1
5.25,9298443.0,16.0454,41.2,-11.9,-0.2888,,326.0,126380.37,0.23,45,45,1,1,2012,2.052769465,1.665182738,2.10901173,2.333432547,2013,3,7,3,Consumer Non-Durables,Apparel,unknown,unknown,No,No,No,Dec,101 - 500,2011 - present,0.2857,0.0,0.1056,0.14,54.6,135.0,105.0,149.7,135.0,273,135.0,135.0,135.0,135.0,0,0,0,0,1
5.25,2.338971075E8,19.2704,169.58,-47.26,-0.2787,,746.0,227319.03,1.38,53,53,11,11,1999,-0.999363518,-0.003358497,0.604648877,1.055674974,2010,5,13,3,Capital Goods,Industrial Machinery/Components,unknown,unknown,Yes,Yes,Yes,Jun,501 - 1000,1951 - 2000,0.1061,-0.1398,-0.148,0.2799,703438.4,9.8,8.86,11.48,9.0,2349495,9.2,8.99,8.4,8.43,605755,243888,227780,90274,0
5.29,5.590948629E7,17.8392,,,,,,,,,,,,,1.080841622,1.880059983,1.935073768,2.290338635,2013,5,22,2,,,,male,,,No,,,Unknown,0.0545,-0.0768,-0.0623,0.007,54072.2,52.85,50.12,58.1,57.75,225420,50.47,50.75,50.75,48.79,23541,12275,0,9125,1
5.29,2.3803576091E10,23.8931,550400.0,84900.0,0.1543,0.07,181482.0,3032807.66,0.04,49,,55,55,1945,-0.575771732,-1.503487,-1.613762902,-0.890331792,2000,10,19,3,Technology,EDP Services,unknown,male,No,No,,Mar,>10000,1901 - 1950,0.1904,-0.0089,0.1345,0.1173,1.25568E7,2.4627,2.0688,2.4657,2.223,37050000,2.6376,2.4189,2.4438,2.4408,14128000,5628000,3290000,2688000,0
5.3,6.75843439E7,18.0289,70.05,-1.44,-0.0206,0.07,483.0,145031.06,0.96,55,,9,9,1999,-0.489223495,-1.469624934,-1.934383931,-2.15547467,2008,1,29,1,Consumer Services,Other Consumer Services,unknown,male,No,No,No,Mar,101 - 500,1951 - 2000,0.021,0.0857,0.0926,0.0,322423.6,8.75,8.57,9.99,9.99,1489121,8.5,9.55,9.51,9.5,55528,53340,7395,6734,1
5.37,6.447441472E8,20.2844,205.74,-17.34,-0.0843,0.09,523.0,393384.32,3.13,41,41,27,27,1970,-1.145005099,0.261157042,0.848743313,1.339763807,1997,10,17,4,Consumer Services,Real Estate Investment Trusts,male,male,Yes,No,No,Apr,501 - 1000,1951 - 2000,0.0357,-0.0775,-0.0775,0.0179,2940.0,7.25,7.0,7.375,7.25,5800,6.625,6.75,6.688,6.688,4500,3000,400,1000,1
5.45,1.569073895E9,21.1738,2140.0,-160.0,-0.0748,,2228.0,960502.69,0.73,58,58,87,87,1909,0.0,0.0,0.0,0.0,1996,6,24,0,Public Utilities,Electric Utilities: Central,female,female,No,No,No,Dec,1001 - 5000,1901 - 1950,0.0093,0.0,0.0,,200.0,10.8,10.7,10.8,,1000,10.8,10.8,10.8,10.8,0,0,0,0,1
5.54,4.114252801E8,19.8351,350.95,-11.53,-0.0329,0.21,475.0,738842.11,1.17,41,,8,8,2006,-1.246239349,0.25703849,0.603892827,1.181266155,2014,12,17,2,Finance,Finance: Consumer Services,male,unknown,Yes,Yes,,Dec,101 - 500,2001 - 2010,0.0712,-0.1912,-0.3467,0.0528,3448242.8,27.98,26.12,28.0,26.62,12699924,25.91,24.15,23.0,22.63,2178109,1129127,566325,667729,0
5.55,1.617757068E8,18.9017,65.56,376000.0,5735.2044,,85.0,771294.12,2.47,46,46,0,0,2014,0.003491422,0.932609751,1.238402705,1.52262566,2014,9,24,2,Finance,Investment Managers,female,male,Yes,sameYear,sameYear,Dec,0 - 100,2011 - present,0.0199,0.0287,0.0171,0.028,1153564.8,16.4,16.08,17.44,16.99,4739188,16.25,16.77,16.71,16.87,446927,291701,173961,116047,0
5.63,8.987562143E8,20.6165,348.01,86.06,0.2473,0.25,,,2.58,47,47,18,18,1990,-1.504532645,-2.328596582,-2.966748259,-3.685119648,2008,10,27,0,Basic Industries,Precious Metals,male,male,No,Yes,Yes,Dec,,1951 - 2000,0.0408,0.1321,0.4427,0.0438,67227.4,0.3445,0.331,0.394,0.3795,62137,0.3398,0.395,0.417,0.39,23450,114400,72950,63200,1
5.65,2.198710902E9,21.5111,704.56,34.53,0.049,0.1,,,3.12,56,,5,5,2003,-1.504532645,-2.328596582,-2.966748259,-3.685119648,2008,10,27,0,Basic Industries,Precious Metals,male,,No,Yes,,Dec,,2001 - 2010,3.0E-4,0.3864,0.5075,0.0,12280.0,3.0965,3.0955,3.222,3.222,30100,3.281,4.0199,3.9222,4.293,11500,14000,3000,2800,1
5.88,7.960763832E7,18.1926,20.59,-3.71,-0.1802,0.39,45.0,457555.56,3.87,63,62,6,6,2010,0.912872402,1.887940469,1.575656065,1.807304666,2016,7,26,1,Health Care,Medical/Dental Instruments,male,male,Yes,Yes,,Dec,0 - 100,2001 - 2010,0.0,0.0855,0.0889,0.0,1508.0,5.8501,5.8501,6.14,6.14,400,5.7048,6.0,6.114,6.35,100,4112,270,2658,0
6.0,2.0539278E7,16.8378,1.67,-20.88,-12.503,4.71,39.0,42820.51,12.3,64,49,11,11,2004,-1.099501128,-0.807457116,-0.567724233,0.548372926,2015,8,11,1,Health Care,Industrial Specialties,male,male,No,Yes,Yes,Dec,0 - 100,2001 - 2010,0.0,0.0,0.0,0.0,13.2,27.855,27.855,27.855,27.855,66,27.855,27.855,27.855,27.855,0,0,0,0,0
6.03,8.4899385E7,18.257,,,,,,,,,65,,,,1.225787936,2.147783039,2.421294389,1.685411279,1998,2,17,1,,,,male,,,Yes,,,Unknown,0.0182,0.0119,0.0357,0.0182,19140.0,10.5,10.3125,10.5,10.3125,12200,10.375,10.4375,10.4375,10.625,24500,9500,3400,46100,1
6.27,9.28458791E8,20.649,581.38,29.7,0.0511,0.19,1600.0,363362.5,1.6,63,63,18,18,1979,0.735275563,1.347374749,2.01875241,2.146317313,1997,7,1,1,Energy,Oilfield Services/Equipment,male,male,Yes,No,No,Dec,1001 - 5000,1951 - 2000,0.0265,0.0876,0.35,0.0129,2638880.0,5.0,4.871,5.063,5.0,9081200,5.375,5.094,5.094,5.438,1819600,738400,0,1555200,1
6.35,3.951262672E8,19.7947,1.85,-56.15,-30.3514,0.27,78.0,23717.95,213.58,55,45,8,8,2006,-3.612448606,-0.179197965,0.661777887,1.159053656,2014,7,31,3,Health Care,Biotechnology: Biological Products (No Diagnostic Substances),female,female,Yes,No,No,Dec,0 - 100,2001 - 2010,0.1638,-0.1651,0.0514,0.1642,1441400.6,27.99,24.05,28.95,25.0,6316019,25.16,24.25,22.6,23.37,465943,141252,144543,139246,1
6.39,2.310159754E9,21.5606,,,,,,,,65,44,,,,-1.110910682,-1.225772278,-1.590126061,0.162497305,2004,7,27,1,,,male,unknown,,sameYear,,,,Unknown,7.0E-4,0.0,-0.01,0.004,188852.4,15.0,14.99,15.06,15.0,432300,15.01,15.01,15.01,15.0,174383,120945,134750,81884,0
6.41,1.434702071E9,21.0842,454.8,-159.46,-0.3506,,2900.0,156827.59,3.15,68,68,75,75,1938,0.221499958,1.181129966,1.498045102,1.762276655,2013,8,9,4,Energy,Oilfield Services/Equipment,male,male,No,No,No,Dec,1001 - 5000,1901 - 1950,0.0456,8.0E-4,0.066,0.0536,5129730.4,26.36,25.21,28.6,27.25,20618251,26.5,26.09,26.1,26.38,1483948,1267003,973151,1306299,0
6.52,5.192650315E8,20.0679,,-10.77,,,51.0,,,57,48,5,5,1991,0.0,0.0,0.0,0.0,1996,6,12,2,Health Care,Biotechnology: Biological Products (No Diagnostic Substances),male,female,Yes,No,No,Dec,0 - 100,1951 - 2000,0.008,-0.0476,-0.0952,0.032,61216.0,173.25,171.875,178.75,173.25,167400,167.75,167.75,167.75,165.0,88100,18581,15072,16927,0
6.6,3.171510012E8,19.5749,30.29,2.63,0.0868,1.05,450.0,67311.11,10.47,,,3,3,2014,1.820486991,1.646150842,2.152393626,1.950620086,2017,11,8,2,Consumer Services,Other Consumer Services,,,No,,,Feb,101 - 500,2011 - present,0.0248,0.0463,0.0526,0.0572,1503630.8,9.5,9.27,10.73,10.2,5490161,10.0,10.0,10.03,9.94,1071621,490645,308987,156740,0
6.62,1.175933108E8,18.5827,,-9.99,,,23.0,,,,52,,-4,2018,1.132369453,1.513365369,2.116940797,2.003375662,2014,11,20,3,Health Care,Major Pharmaceuticals,female,female,Yes,No,No,Dec,0 - 100,2011 - present,0.0648,-0.1175,-0.4175,0.0089,114792.8,72.0,67.62,84.6,84.0,518930,67.5,66.0,66.78,63.54,35416,5903,962,12753,0
6.64,2.00342651E8,19.1155,4.0,-26.52,-6.63,0.2,65.0,61538.46,50.09,53,53,7,7,2007,1.477805418,2.149872033,2.310856115,1.879479853,2014,6,18,2,Health Care,Medical Specialities,male,male,Yes,No,No,Dec,0 - 100,2001 - 2010,0.0644,-0.1309,-0.385,0.0867,8438.6,136.35,128.1,149.85,138.75,34176,126.75,125.4,117.6,118.5,3725,3559,433,300,0
6.78,6.029558548E8,20.2174,,,,,,,,49,49,,,,0.961525901,0.169001599,-0.140597924,-0.674053089,2003,3,27,3,,,male,male,,No,No,,,Unknown,7.0E-4,0.0013,-7.0E-4,7.0E-4,0.0,15.01,15.0,15.01,15.0,0,15.0,15.01,15.01,15.03,0,0,0,0,1
6.8,9.00382084E7,18.3157,86.73,5.85,0.0675,0.13,,,1.04,55,,3,3,1994,1.061622236,1.746343575,2.143455457,2.143455457,1997,5,21,2,Consumer Non-Durables,Food Distributors,male,,No,No,,Dec,,1951 - 2000,0.0315,0.2118,0.2118,0.0935,6480.0,2.063,2.0,2.25,2.063,26000,2.25,2.5,2.5,2.5,600,3800,0,2000,1
6.8,9.60233508E7,18.3801,154.27,442503.0,2868.3671,0.01,12.0,1.285583333E7,0.62,60,52,0,0,2004,0.791509551,1.315527326,1.877669282,2.384546814,2004,12,17,4,Consumer Services,Real Estate Investment Trusts,male,male,Yes,No,No,Dec,0 - 100,2001 - 2010,0.0309,-0.003,-0.008,0.0,182520.0,10.0,9.7,10.0,10.0,795200,9.99,9.98,9.99,9.97,68300,20500,21400,7200,0
6.82,6.620629603E9,22.6135,1250.0,50.0,0.04,,330.0,3787878.79,5.3,68,60,1,1,2010,0.860975488,-0.82353607,-1.467703914,-0.860691787,2011,9,7,2,Consumer Services,Real Estate Investment Trusts,male,male,Yes,No,No,Dec,101 - 500,2001 - 2010,0.02,-0.0118,-0.0784,0.036,22101.6,12.75,12.5,12.95,12.5,15702,12.5,12.75,12.73,12.6,31452,38852,12998,11504,0
6.88,2.074912987E8,19.1506,181.94,19.1,0.105,0.03,370.0,491729.73,1.14,55,47,4,4,2007,0.114436844,1.092530939,-0.091624174,-0.427539111,2011,11,10,3,Energy,Natural Gas Distribution,male,male,Yes,No,No,Dec,101 - 500,2001 - 2010,0.0966,0.044,0.0403,0.0414,5193.8,7.95,7.25,8.05,7.75,21114,8.4,8.3,8.3,8.3,1717,1500,1638,0,1
6.9,4.382609313E8,19.8983,380.72,-102.5,-0.2692,,434.0,877235.02,1.15,61,61,2,2,1995,-0.225242026,0.214378128,0.732063219,1.241928872,1997,11,5,2,Health Care,Major Pharmaceuticals,male,male,Yes,No,No,Dec,101 - 500,1951 - 2000,0.1101,-0.1532,-0.4595,0.0099,310360.0,6.938,6.25,7.0,6.938,764100,6.938,6.938,6.938,5.875,277600,190900,135600,183600,1
6.9,4.903197684E8,20.0106,,,,,,,,53,,,,,1.741850594,1.647175777,2.071280463,1.669671184,2007,4,19,3,,,male,,,sameYear,,,,Unknown,0.0286,0.0347,0.0062,0.0257,2197306.2,14.4,14.0,14.6,14.24,8628090,14.77,14.83,15.0,14.9,2351157,1784,2391,3109,0
6.92,5.820154576E7,17.8794,,,,,,,,61,61,,,,1.486286657,0.975909084,0.983974025,1.42449947,2007,9,26,2,,,male,male,,sameYear,sameYear,,,Unknown,0.001,0.0116,0.0116,0.0,208820.0,19.77,19.75,20.0,20.0,811600,19.65,19.85,19.95,20.0,89900,94000,39000,9600,0
6.97,1.0151862663E10,23.0409,258130.0,11810.0,0.0458,0.03,,,0.04,62,46,93,93,1906,-1.527051869,-1.005632534,-0.537686584,0.610658648,1999,9,15,2,Capital Goods,Building Materials,male,male,No,No,No,Dec,,1901 - 1950,0.0139,0.0246,-0.0192,0.0083,6081010.6,8.0141,7.9041,8.0797,8.0141,2480544,8.0141,8.1019,8.3214,8.2115,502141,916894,483353,26022121,1
7.0,1.37654447E8,18.7403,,-22.34,,,12.0,,,46,46,10,10,2004,0.832628784,0.96787617,1.431897439,1.491085024,2014,5,2,4,Health Care,Major Pharmaceuticals,male,male,Yes,Yes,Yes,Dec,0 - 100,2001 - 2010,0.198,-0.0292,-0.1524,0.0316,128670.6,7.2,6.01,7.69,7.5,540615,6.7,6.1,6.05,6.99,41045,24840,12670,24183,1
7.1,5.30174111E7,17.7861,64.6,-6.67,-0.1033,,722.0,89473.68,0.82,38,,2,2,1994,0.0,0.0,0.0,0.0,1996,10,21,0,Consumer Services,Restaurants,male,male,Yes,No,,Dec,501 - 1000,1951 - 2000,0.1249,0.0,-0.0525,0.1251,434292.8,8.707,7.74,9.675,8.707,1148071,8.998,9.288,9.288,8.707,486309,282819,117830,136435,1
7.31,2.52427575E8,19.3466,139.36,-88.01,-0.6315,0.12,,,1.81,43,,8,8,2006,-1.108969108,-0.302557614,0.568055576,1.134241164,2014,10,3,4,Consumer Services,Transportation Services,unknown,unknown,No,,,Mar,,2001 - 2010,0.0,0.0,0.0,0.0,160000.0,9.55,9.55,9.55,9.55,800000,9.55,9.55,9.55,9.55,0,0,0,0,1
7.36,9.682831456E7,18.3885,,,,,,,,,48,,,,-0.729464884,0.577451142,1.019007122,1.431345676,2014,3,26,2,,,male,male,,,Yes,,,Unknown,0.0,0.0182,0.0225,0.0,562125.0,19.25,19.25,19.25,19.25,0,19.25,19.4,19.8,19.6,1618247,424313,509376,258689,0
7.37,1.420082775E8,18.7714,,,,,,,,55,74,,,,-1.023293462,-1.15641842,-1.531065492,0.167640671,2004,7,28,2,,,male,male,,No,,,,Unknown,0.0,7.0E-4,0.0,7.0E-4,59060.0,15.0,15.0,15.01,15.0,133400,15.01,15.0,15.0,15.01,63700,33100,44600,20500,1
7.45,3.2128125E7,17.2852,,,,,,,,44,,7,7,2010,1.291567002,1.880925718,2.083421308,2.238898832,2017,12,22,4,Technology,Computer Software: Prepackaged Software,unknown,,,Yes,,,,2001 - 2010,0.0588,0.0467,-0.2,0.28,577901.0,9.0,8.5,10.8799,8.5,1224731,9.0,9.94,9.5,9.42,0,633735,841706,189333,0
7.6,9.384424748E8,20.6597,1410.0,-103.19,-0.0732,0.03,3800.0,371052.63,0.67,,,181,181,1832,1.741741174,1.907253702,2.359502606,1.87892924,2013,11,14,3,Consumer Services,Books,male,male,Yes,No,No,Dec,1001 - 5000,<= 1900,0.1543,0.1135,0.0334,0.1426,2009127.4,15.86,13.74,15.96,14.0,8285328,16.11,15.78,16.24,17.66,878772,190196,231381,459960,1
7.6238,1.084146062E8,18.5015,130.88,1.55,0.0118,,480.0,272666.67,0.83,,,,-1,2016,0.439902281,1.250016781,0.612367281,0.508755086,2015,11,25,2,Consumer Services,Food Chains,male,,Yes,,,Mar,101 - 500,2011 - present,0.0,0.0,0.0081,0.0,2000.0,9.82,9.82,9.85,9.85,10000,9.82,9.82,9.82,9.82,0,0,0,0,1
7.65,1.629009972E8,18.9087,48.18,-115000.0,-2386.8825,,156.0,308846.15,3.38,62,62,12,12,1995,0.888591356,-0.103359615,0.551896642,1.155390933,2007,3,29,3,Technology,Semiconductors,unknown,unknown,Yes,Yes,Yes,Mar,101 - 500,1951 - 2000,0.058,-0.0397,0.0586,0.0,336785.6,5.29,5.0,5.5,5.5,1327564,5.25,5.1,5.09,5.08,243919,63095,26740,22610,0
7.73,1.279189751E9,20.9695,588032.0,-1.19,0.0,,48.0,1.225066666667E10,0.0,,,4,4,2012,1.99861701,2.684655158,1.600956519,1.67853609,2016,7,12,1,Consumer Durables,Specialty Chemicals,male,male,No,sameYear,sameYear,Dec,0 - 100,2011 - present,0.0,0.4364,1.2242,0.0042,25627.0,0.165,0.165,0.1667,0.166,30000,0.165,0.165,0.24,0.237,0,0,97500,635,1
7.83,1.129459468E9,20.845,460.02,-2.35,-0.0051,0.78,32.0,1.4375625E7,2.46,67,,1,1,1996,1.413317909,1.882865564,1.882865564,1.882865564,1997,2,7,4,Consumer Services,Marine Transportation,male,male,No,No,,Dec,0 - 100,1951 - 2000,0.0173,-0.0341,0.0909,0.0289,549914.2,99.0202,97.3323,101.8332,99.0202,1939405,96.4906,97.3323,96.2071,95.6445,360215,173586,110399,165966,1
7.87,2.319034642E8,19.2618,,,,,,,,41,,0,0,2013,2.104975843,1.814464562,1.878412057,2.02310112,2013,7,12,4,,,male,,,No,,,,2011 - present,0.0217,0.0177,-0.0247,0.0094,635954.0,14.15,13.85,14.25,14.12,2349894,14.5,14.45,14.45,14.4,364618,233081,150531,81646,1
7.97,1.271893327E8,18.6612,,,,,,,,45,45,,,,0.630582297,0.753407845,1.173932384,1.398009401,2013,9,25,2,,,male,male,,sameYear,sameYear,,,Unknown,0.0212,0.008,0.0239,0.0087,1748964.0,18.8,18.41,19.31,19.15,2729459,19.15,19.05,19.2,18.95,2873198,3036983,68390,36790,1
7.9799,7.327176898E7,18.1097,,,,,,,,57,57,,,,-1.001533912,-0.361962109,0.700142332,1.154409989,2005,1,26,2,,,female,female,,,,,,Unknown,,0.0035,0.0,,89780.0,20.0,,,,0,20.0,20.01,20.08,20.07,388400,16800,26900,16800,0
8.0,4.56154088E8,19.9383,72.43,-2.93,-0.0405,,724.0,100041.44,6.3,49,49,10,10,1993,-1.81321615,-0.150799534,0.640790033,1.210487596,2003,9,26,4,Health Care,Major Pharmaceuticals,unknown,unknown,No,sameYear,sameYear,Dec,501 - 1000,1951 - 2000,0.0,-0.0128,-0.0128,0.0,4200.0,0.78,0.78,0.78,0.78,3000,0.78,0.75,0.75,0.77,0,5000,0,13000,1
8.07,1.136638074E9,20.8513,1870.0,-851.16,-0.4552,,7306.0,255954.01,0.61,57,57,20,20,1985,1.663615629,1.653653555,1.705688953,1.932419068,2005,11,17,3,Technology,Semiconductors,male,male,Yes,No,No,Dec,5001 - 10000,1951 - 2000,0.0258,-0.0122,0.1159,4.0E-4,2813224.8,25.45,24.81,28.01,28.0,10455064,27.1,26.6,25.1,25.14,2154754,571727,374629,509950,1
8.1,2.203627437E8,19.2108,,,,,,,,42,,33,33,1973,0.025148337,-0.373275984,0.238127724,0.975291513,2006,6,2,4,Consumer Services,Hotels/Resorts,male,,,No,,,,1951 - 2000,0.04,-0.0566,-0.0792,0.0204,874266.0,13.25,12.74,13.5,13.24,3294437,12.9,12.64,12.59,12.5,572948,215140,231493,57312,1
8.11,4.818217178E8,19.9931,212.63,-53.3,-0.2507,,920.0,231119.57,2.27,50,52,10,10,2005,-0.88188303,-1.833204483,-2.506110165,-1.132397664,2015,8,28,4,Miscellaneous,Business Services,male,male,Yes,Yes,,Dec,501 - 1000,2001 - 2010,0.0,0.0,-0.0113,0.0,2218.0,9.75,9.75,9.75,9.75,190,9.75,9.75,9.75,9.75,0,0,0,10900,0
8.16,5.626735344E7,17.8456,,-11.91,,,9.0,,,58,58,2,2,1998,2.333726559,2.007976384,1.60732447,1.761557105,2000,7,14,4,Health Care,Major Pharmaceuticals,male,male,Yes,Yes,Yes,Dec,0 - 100,1951 - 2000,0.5086,-0.0057,-0.2171,0.819,242211.0,153.125,101.5,184.625,101.5,867314,139.125,132.125,154.441,152.25,192114,28414,78342,44871,0
8.2,1.265824078E8,18.6564,62.37,-14.46,-0.2318,0.62,175.0,356400.0,2.03,58,58,,-9,2009,-0.448024047,-1.398751992,-1.66192406,-1.215828832,2000,10,27,4,Basic Industries,Major Chemicals,male,male,No,No,No,Dec,101 - 500,2001 - 2010,0.0316,-0.0153,-0.4388,0.2342,104609.6,306.25,296.875,375.775,306.25,359228,300.775,301.575,300.0,301.575,90088,37504,18260,17968,0
8.2,1.46064591E8,18.7996,102.22,-2.59,-0.0253,0.12,177.0,577514.12,1.43,67,,2,2,2015,2.342954469,1.72329227,1.965026762,1.926616759,2017,2,10,4,Consumer Services,Real Estate Investment Trusts,male,male,Yes,,,Dec,101 - 500,2011 - present,0.0,0.0,0.0037,0.0,335301.0,13.5,13.5,15.0,15.0,1125393,13.5,13.51,13.58,13.5,176622,209223,60020,105247,0
8.28,8.743003358E8,20.5889,90.34,-129.05,-1.4285,0.08,174.0,519195.4,9.68,52,52,5,5,1995,0.896819885,1.700033902,1.876487139,2.47530319,2000,4,7,4,Health Care,Major Pharmaceuticals,unknown,unknown,Yes,No,No,Dec,101 - 500,1951 - 2000,0.1029,-0.4,-0.2133,0.0,415993.6,131.25,119.0,168.0,168.0,1419742,119.441,105.0,101.5,78.75,184928,254485,106828,113985,0
8.3,4.82525065E7,17.692,64.13,-20.63,-0.3217,,65.0,986615.38,0.75,50,49,,,,-3.13569172,-0.396390368,0.59575918,1.14544208,2014,9,25,3,Finance,Life Insurance,male,male,Yes,No,sameYear,Dec,0 - 100,Unknown,0.0958,-0.2319,-0.3232,0.4371,67520.2,13.15,12.0005,17.47,12.225,283383,11.75,10.5,10.25,10.1,30340,5970,13568,4340,0
8.37,9.520720155E7,18.3716,,-573755.0,,,,,,55,48,,-3,2018,0.914264831,0.64735831,0.614877659,0.314000033,2015,12,29,1,Finance,Business Services,male,male,No,No,No,Dec,,2011 - present,0.0,0.0,-0.0032,0.0,1000.0,9.5,9.5,9.5015,9.5015,5000,9.5,9.5,9.5,9.5,0,0,0,0,1
8.4,1.359942696E8,18.7281,87.99,-24.96,-0.2837,,136.0,646985.29,1.55,47,47,7,7,1989,0.0,0.0,0.0,0.0,1996,2,7,2,Public Utilities,Telecommunications Equipment,male,male,No,No,No,Dec,101 - 500,1951 - 2000,0.0,-0.1884,-0.1739,0.2029,28883.8,560.625,560.625,674.375,560.625,97738,503.75,471.25,430.625,455.0,26692,11138,3676,5175,0
8.46,4.065723043E8,19.8233,,,,,,,,66,,,,,-1.649840479,-0.164052525,0.587509257,0.902709921,2005,8,25,3,,,male,,,No,,,,Unknown,0.0,-0.0037,-0.0786,0.0,65840.0,21.5,21.5,21.5,21.5,0,21.5,21.64,21.65,21.42,50200,45000,220800,13200,0
8.57,3.403715294E9,21.9481,911.44,82.48,0.0905,0.38,2295.0,397141.61,3.73,,,13,13,2004,1.056625024,1.403916181,1.93811494,1.84993471,2017,11,9,3,Technology,EDP Services,,,No,,,Dec,1001 - 5000,2001 - 2010,0.0385,-0.06,-0.1385,0.1308,1.49820092E7,13.5,13.0,14.7,13.0,42527129,13.85,13.82,13.0,12.69,12580379,4346619,8635128,6820791,0
8.701,7.347572502E7,18.1125,11.85,935000.0,78902.9536,,71.0,166901.41,6.2,51,51,0,0,2005,1.199453278,1.237896659,1.231526081,1.794449379,2005,3,3,3,Finance,Savings Institutions,male,male,Yes,No,No,Jun,0 - 100,2001 - 2010,0.0578,0.0287,0.0389,0.0392,71615.8,10.79,10.2,10.9,10.5,199440,10.74,10.72,11.499,11.1,47194,14532,61792,35121,1
8.72,8.664864312E7,18.2774,,,,,,,,,,,,,1.482449311,2.152485382,2.409181214,2.766447737,2018,1,25,3,Health Care,Major Pharmaceuticals,male,male,,Yes,Yes,,,Unknown,0.0333,-0.0333,-0.0423,0.0771,307411.2,9.92,9.6,10.74,10.0,1071199,9.95,9.94,9.6,9.59,334066,35618,64614,31559,0
8.8,1.391865499E9,21.0539,455.14,1.23,0.0027,,150.0,3034266.67,3.06,58,,6,6,2003,1.442689489,1.453899836,1.669694663,1.122097122,2009,9,9,2,Transportation,Marine Transportation,male,male,No,Yes,,Dec,101 - 500,2001 - 2010,0.0,0.0,0.0,0.0,20.0,19.64,19.64,19.64,19.64,100,19.64,19.64,19.64,19.64,0,0,0,0,1
8.81,4.106329547E7,17.5306,17.45,1.12,0.0642,,80.0,218125.0,2.35,53,53,,-12,2016,1.692848326,1.543232027,2.103943718,2.703012414,2004,12,21,1,Finance,Major Banks,male,male,Yes,No,No,Dec,0 - 100,2011 - present,0.0224,0.0016,0.0171,0.0208,16377.0,9.2412,9.0383,10.1427,9.9549,70134,9.4666,9.2412,9.2412,9.2562,8318,1,0,3432,1
8.82,9.722017872E7,18.3925,,,,,,,,,46,,,,1.486286657,0.975909084,0.983974025,1.42449947,2007,9,26,2,,,male,male,,,No,,,Unknown,0.0125,-0.0054,-0.0099,0.0256,102880.0,20.2,19.95,20.51,20.0,336500,20.05,20.4,20.0,20.09,37500,57500,32800,50100,0
8.83,1.100424719E9,20.819,,,,,,,,63,,4,4,2009,1.035393677,1.854273101,2.252402536,1.760779258,2013,11,6,2,Transportation,Air Freight/Delivery Services,unknown,male,,,No,,,2001 - 2010,0.016,0.0536,0.0214,0.053,3848554.8,14.0,13.78,14.73,14.0,13944367,14.28,14.5,14.58,14.75,1724362,1332745,1605441,635859,1
8.89,3.433630928E7,17.3517,,,,,,,,39,,0,0,2010,1.408759931,1.70409326,1.716550161,1.603780428,2010,10,25,0,Technology,EDP Services,male,,,No,,,,2001 - 2010,0.0,0.0,-0.9979,0.0,31.0,968.0,968.0,970.0,970.0,155,968.0,968.0,968.0,968.0,0,0,0,0,0
8.91,3.103938833E8,19.5534,314.46,5.45,0.0173,0.03,,,0.99,54,,1,1,2011,-1.395246271,-1.056991379,0.521099791,0.933257234,2012,5,10,3,Consumer Durables,Electronic Components,male,male,No,No,,Dec,,2011 - present,0.0316,-0.0051,-0.0102,0.0,1500.0,9.8,9.5,10.0,10.0,6900,9.702,9.8,9.75,9.75,250,100,250,0,1
8.93,1.884567108E8,19.0544,20.06,-36.96,-1.8425,,55.0,364727.27,9.39,59,59,10,10,2006,1.919854577,1.548822745,1.622240634,1.864461672,2016,8,11,3,Health Care,Major Pharmaceuticals,male,male,Yes,Yes,Yes,Dec,0 - 100,2001 - 2010,0.0446,0.0034,0.0744,0.0,407298.2,11.7,11.2,12.0,12.0,1631952,11.57,11.5,11.46,11.74,119993,90928,52100,141518,1
8.93,3.274508659E8,19.6068,,,,,,,,58,58,,,,-1.459418331,0.48050098,0.164458129,0.757334552,2005,6,27,0,,,male,male,,Yes,Yes,,,Unknown,,4.0E-4,0.0,,215399.8,25.0,,,,0,25.0,25.01,25.02,25.01,713600,202700,97400,63299,0
9.03,2.727187775E8,19.424,,,,,,,,58,,1,1,2015,1.325027755,1.409238377,1.051088989,0.769162442,2016,4,21,3,Health Care,Hospital/Nursing Management,male,,,,,,,2011 - present,0.0128,0.2456,-0.1761,0.0142,2829.4,14.25,14.07,14.45,14.25,9600,16.5,16.5,16.43,17.75,1485,0,2662,400,0
9.24,7.225830242E8,20.3983,254.22,-61.28,-0.2411,0.36,758.0,335382.59,2.84,50,50,5,5,2001,-0.194717262,1.11291441,1.624646963,2.212396603,2006,11,3,4,Consumer Services,Telecommunications Equipment,male,male,Yes,No,No,Dec,501 - 1000,2001 - 2010,0.0306,0.0245,-0.0013,0.0133,1602450.2,7.75,7.52,11.1,11.0,6223602,7.4,7.64,7.95,7.94,924413,320965,295354,247917,1
9.38,2.217468488E8,19.217,,-4.48,,,21.0,,,52,52,6,6,2012,-2.871355545,-1.324670239,-0.193859272,0.595753276,2018,2,8,3,Health Care,Major Pharmaceuticals,unknown,unknown,Yes,Yes,Yes,Dec,0 - 100,2011 - present,0.1979,0.0,-0.0643,0.0635,366136.2,11.5,9.6,11.9,11.29,1309463,11.66,11.26,11.6,11.5,383984,39137,49421,48676,0
9.45,1.986193346E8,19.1069,,,,,,,,,,,,,1.360095587,2.130339447,2.152827388,2.390671051,2017,2,27,0,,,,,,,,,,Unknown,0.003,0.002,-0.003,0.006,71902.0,10.03,10.0,10.07,10.01,215625,10.02,10.0401,10.02,10.05,32786,18312,37137,55650,1
9.5,3.24929051E8,19.5991,,,,,,,,52,42,8,8,2003,-1.314425613,0.440983195,1.075541956,1.551701956,2011,3,11,4,Technology,Semiconductors,male,male,,No,No,,,2001 - 2010,0.0072,-0.0064,0.0543,0.0446,1087156.8,14.01,13.91,14.62,14.0,3762185,14.02,14.0,14.0,13.92,787109,431699,190764,264027,0
9.55,,,,-16297.0,,,3.0,,,,,3,3,2015,-0.191114539,-0.877002506,-0.18014131,0.753165284,2018,4,10,1,Finance,Business Services,,,Yes,,,Dec,0 - 100,2011 - present,0.0,-0.0021,,0.0,338016.6,9.57,9.57,9.57,9.57,850000,9.56,9.55,9.55,9.55,380083,260000,200000,0,0
9.55,,,,-8819.0,,,,,,48,,1,1,2017,0.861038441,-0.506861901,0.035675756,0.883569679,2018,4,16,0,Finance,Business Services,male,male,No,,,Dec,,2011 - present,0.0,0.0105,,0.0,160.0,9.55,9.55,9.55,9.55,100,9.55,9.55,9.55,9.65,0,0,100,600,0
9.56,1.81897642E8,19.019,,,,,,,,61,61,,,,2.369239609,2.102617392,1.60712294,1.715074077,2011,4,27,2,,,male,male,,Yes,Yes,,,Unknown,0.0055,5.0E-4,0.0,5.0E-4,478672.8,20.0,19.89,20.01,20.0,1625356,19.99,20.04,20.0,20.01,231758,146113,129162,260975,0
9.56,2.794557308E8,19.4484,,,,,,,,54,54,,,,-2.336433249,-1.872215904,-2.122619015,-1.184329927,2002,4,26,4,,,female,female,,No,No,,,Unknown,,0.0013,0.0033,,0.0,15.0,,,,0,15.0,15.02,15.02,15.02,0,0,0,0,0
9.56,1.078893446E9,20.7992,3150.0,6.89,0.0022,0.03,15300.0,205882.35,0.34,60,60,1,1,2014,1.297638918,1.264003629,1.269128837,1.424843698,2015,6,23,1,Consumer Services,Newspapers/Magazines,male,male,Yes,sameYear,sameYear,Dec,>10000,2011 - present,0.0364,-0.0084,-0.066,0.0182,4554644.8,14.25,13.75,14.25,14.0,61386,14.3,13.95,14.9,14.13,55062,318471,13419902,8918403,1
9.62,9.361785732E7,18.3547,,,,,,,,,,,,,-0.594628805,-1.24938414,-1.239756127,-0.083561402,2010,6,25,4,,,,,,,,,,Unknown,5.0E-4,-5.0E-4,-5.0E-4,5.0E-4,79389.0,20.01,20.0,20.01,20.0,306150,20.01,20.008,20.0,20.0,0,10800,45195,34800,0
9.68,,,,,,,,,,33,,,,,-2.530075079,-1.55234881,-0.190533148,0.724311829,2018,3,22,3,Finance,Business Services,female,female,,Yes,,,,Unknown,0.0,0.0,0.0052,0.0,251960.0,9.6,9.6,9.7,9.7,1102400,9.64,9.64,9.6,9.6,152000,0,5400,0,0
9.68,,,,,,,,,,56,,1,1,2017,-1.310446946,-1.21660336,-0.052040385,0.816614848,2018,3,26,0,Finance,Business Services,male,,,Yes,,,,2011 - present,0.0,0.0011,,0.0,80212.4,9.68,9.68,9.68,9.68,362180,9.75,9.79,9.691,9.691,5100,32782,1000,0,0
9.75,2.27232837E8,19.2415,55.95,10.45,0.1868,0.26,168.0,333035.71,4.06,62,62,0,0,2000,1.156575007,1.262002165,1.834969617,2.199513894,2000,1,14,4,Finance,Major Banks,male,male,Yes,No,No,Dec,101 - 500,1951 - 2000,0.0,0.0,0.4397,0.0,1400.0,7.25,7.25,7.25,7.25,7000,7.25,7.25,7.25,7.25,0,0,0,0,1
9.82,8.818244026E8,20.5975,,-29.0,,,,,,,52,0,0,2002,-0.102551898,-0.914921814,-1.280595164,-1.898605286,2002,10,11,4,Energy,Oil & Gas Production,unknown,male,Yes,,No,Dec,,2001 - 2010,0.0134,-0.0498,-0.03,0.0109,1.74472714E7,3.0452,3.0049,3.1819,3.149,69899175,2.9226,3.0172,2.8691,2.8937,7566275,4302410,2180351,3288146,1
9.88,4.151315168E7,17.5415,,,,,,,,68,,1,1,2016,0.877497039,1.35766116,1.504022769,1.667515645,2017,6,28,2,Finance,Business Services,female,,,,,,,2011 - present,0.0,0.0,-0.001,0.0,95680.0,9.7,9.7,9.7001,9.7,262400,9.7101,9.7,9.7,9.7,215600,400,0,0,1
9.9,7.49925E7,18.1329,,,,,,,,,,,,,1.450048224,2.104536888,2.150430866,1.739142261,2017,10,12,3,Finance,Business Services,,,,,,,,Unknown,0.0,0.002,0.0102,0.0,148640.8,9.7306,9.7306,9.75,9.75,9200,9.73,9.75,9.75,9.75,484000,173803,76201,0,1
9.9,1.400416004E9,21.06,592.88,233.01,0.393,0.29,7614.0,77867.09,2.36,54,54,31,31,1968,1.883696259,1.759511511,1.820477583,2.417468792,1999,1,29,4,Consumer Services,Broadcasting,male,male,Yes,No,No,Dec,5001 - 10000,1951 - 2000,0.0513,-0.061,0.0203,0.0385,2832720.0,30.75,29.25,31.875,30.75,11336200,30.563,28.875,28.938,28.875,1052600,1084900,485500,204400,1
9.95,4.810444015E8,19.9915,177.98,-76.91,-0.4321,114.95,114.0,1561228.07,2.7,52,52,7,7,2007,1.001225048,1.298116713,1.439835639,1.68019674,2014,3,20,3,Health Care,Major Pharmaceuticals,male,male,Yes,Yes,Yes,Dec,101 - 500,2001 - 2010,0.2946,-0.2898,-0.0227,0.2716,1183000.8,26.695,20.62,28.5,22.9,4677213,23.7,20.2,20.0,18.96,440418,448561,219904,128908,1
9.99,2.386943967E8,19.2907,,-185347.0,,,,,,47,59,2,2,2015,-1.739515677,0.538148395,1.113341312,1.66425581,2017,3,27,0,Finance,Business Services,male,male,Yes,Yes,Yes,Dec,,2011 - present,0.0,0.0155,0.0155,0.0,5470.0,9.7,9.7,9.7,9.7,400,9.75,9.75,9.79,9.85,24900,0,500,1550,1
10.05,5.025E8,20.0351,,1.42,,,3.0,,,53,62,1,1,2016,-1.837985413,0.610399988,1.159195242,1.704574356,2017,3,24,4,Finance,Business Services,male,male,Yes,Yes,Yes,Dec,0 - 100,2011 - present,0.0,0.0,0.0,0.0,1000.0,10.0,10.0,10.0,10.0,5000,10.0,10.0,10.0,10.0,0,0,0,0,0
10.07,3.146875E8,19.5671,,-407401.0,,,5.0,,,58,55,8,8,2008,1.458586576,1.358134761,1.654370195,1.809114485,2016,8,18,3,Finance,Business Services,male,male,Yes,Yes,Yes,Dec,0 - 100,2001 - 2010,0.0,0.0,0.0052,0.0,2000.0,9.7,9.7,9.7,9.7,10000,9.7,9.7,9.7,9.7,0,0,0,0,1
10.11,1.579441888E9,21.1803,213.22,-42.5,-0.1993,2.4,,,7.41,53,,0,0,2014,1.036911266,1.647924292,1.984978162,1.805321855,2014,6,26,3,Basic Industries,Precious Metals,male,male,No,sameYear,sameYear,Dec,,2011 - present,0.0015,0.005,-0.0395,0.0016,4282.6,15.045,15.0224,15.046,15.0224,1323,14.962,15.123,15.123,15.1195,5164,4015,0,10911,0
10.15,,,,-382605.0,,,3.0,,,38,,0,0,2016,1.389414776,1.188614642,1.082172006,1.218268763,2016,11,18,4,Transportation,Oil Refining/Marketing,male,,No,,,Dec,0 - 100,2011 - present,0.0205,-0.009,0.005,0.0144,965488.2,9.95,9.75,9.98,9.84,4351381,9.88,9.91,9.86,9.86,202500,228760,44800,0,1
10.19,2.761138853E8,19.4363,,-31.29,,,6.0,,,,,2,2,2015,-0.601248181,0.399581977,1.075900587,1.278353095,2017,8,22,1,Health Care,Major Pharmaceuticals,,,Yes,,,Dec,0 - 100,2011 - present,0.0318,0.2959,0.2704,0.0368,79317.4,9.8,9.498,9.85,9.5,40056,11.61,10.98,11.15,12.7,118320,19214,28446,190551,1
10.24,4.736E8,19.9759,,,,,,,,,,,,,-0.635896327,0.789387717,0.044771088,-0.127364157,2015,11,16,0,Public Utilities,Environmental Services,,,,,,,,Unknown,0.001,-0.0052,-0.0052,0.0,181046.4,9.6,9.59,9.65,9.65,686235,9.6,9.55,9.55,9.55,100000,118997,0,0,1
10.25,6.6396097E7,18.0111,,-1.19,,,3.0,,,41,,0,0,2015,1.797047307,1.575872029,0.828879518,0.932217149,2015,11,3,1,Finance,Finance: Consumer Services,male,,Yes,sameYear,,Dec,0 - 100,2011 - present,0.0,0.0,0.0,0.0,2000.0,9.9,9.9,9.9,9.9,10000,9.9,9.9,9.9,9.9,0,0,0,0,0
10.25,2.04094064E8,19.1341,,,,,,,,54,55,10,10,2007,-2.157590049,-0.158066832,0.731500188,1.345382588,2017,4,13,3,Health Care,Major Pharmaceuticals,male,male,,Yes,sameYear,,,2001 - 2010,0.2146,0.1229,0.3301,0.2127,472302.4,12.45,10.25,12.45,10.27,1476773,12.45,13.0,13.96,13.98,0,302569,247768,334402,1
10.26,1.244203627E8,18.6392,,,,,,,,61,61,,,,1.057642014,0.179274311,0.766682216,1.263650225,2007,3,27,1,,,male,male,,sameYear,sameYear,,,Unknown,,0.0,0.0,,67880.0,25.0,,,,0,25.03,25.0,25.0,25.0,207900,72900,51800,6800,0
10.28,,,,,,,,,,56,,0,0,2017,-0.544956314,0.513547811,1.053496665,1.619195305,2017,4,11,1,Finance,Business Services,male,,,sameYear,,,,2011 - present,0.0,0.001,0.004,0.0,1213686.0,10.0,10.0,10.11,10.11,5062407,10.01,10.01,10.01,10.01,820645,65979,0,119399,1
10.3,,,,1.14,,,,,,,,0,0,2017,2.369492785,2.100131841,1.956179449,1.797093174,2017,7,19,2,Finance,Business Services,,,Yes,,,Dec,,2011 - present,0.004,0.001,0.0059,0.008,564660.6,10.1,10.06,10.14,10.06,2021246,10.18,10.15,10.1298,10.11,385561,46463,145350,224683,1
10.3185,8.018071941E7,18.1998,,,,,,,,63,63,,,,1.644190739,1.733375256,1.074028245,0.865761251,2004,10,5,1,Finance,Savings Institutions,male,male,,No,No,,,Unknown,0.0244,0.0124,-0.0095,0.0,230465.2,8.8183,8.6084,9.4062,9.4062,685370,8.8603,8.8603,8.9275,8.9275,211581,105805,106724,42846,1
10.33,9.307512841E7,18.3489,,-307274.0,,,,,,,,1,1,2015,-1.563426862,-1.7849226,-0.059947579,0.64795728,2016,10,28,4,Finance,Business Services,,,No,,,Nov,,2011 - present,0.0,0.0,0.0071,0.0,100.0,9.88,9.88,9.88,9.88,500,9.88,9.88,9.88,9.88,0,0,0,0,1
10.38,3.749665491E8,19.7423,31.86,-47.79,-1.5,,213.0,149577.46,11.77,65,65,15,15,1999,1.651967714,1.533047677,1.620090862,1.742344464,2014,4,3,3,Health Care,Major Pharmaceuticals,male,male,Yes,Yes,Yes,Sep,101 - 500,1951 - 2000,0.043,-0.0062,-0.075,0.0287,791224.2,8.0,7.67,8.48,8.26,3351231,7.95,8.0,8.04,7.95,363555,86017,94113,61205,0
10.4,1.806737192E8,19.0122,,-93823.0,,,2.0,,,50,,1,1,2014,-0.682193002,-1.45156972,-2.208833948,-1.906310075,2015,9,24,3,Finance,Business Services,male,male,Yes,sameYear,,Nov,0 - 100,2011 - present,0.0,0.0031,0.026,0.0,127040.0,9.6,9.6,9.6,9.6,200000,9.6,9.52,9.52,9.63,20000,300000,0,115200,1
10.4,1.580357948E9,21.1809,449.36,33.83,0.0753,0.05,2480.0,181193.55,3.52,47,62,1,1,2014,2.068128629,1.50738047,1.530004661,1.782477335,2015,2,12,3,Technology,EDP Services,male,male,Yes,Yes,Yes,Dec,1001 - 5000,2011 - present,7.0E-4,0.0896,0.0222,0.0219,5229483.8,27.0,26.98,33.75,33.16,19438933,29.0,29.0,30.07,29.42,4854996,0,1149445,704045,0
10.45,,,,,,,,,,,,,,,0.376408616,1.125713531,1.70206851,1.760138998,2017,11,20,0,Finance,Business Services,,,,,,,,Unknown,0.0,0.0021,0.024,0.001,201904.2,10.01,10.01,10.03,10.02,726605,10.02,10.025,10.025,10.0314,225300,43170,0,14446,0
10.46,3.558280394E8,19.69,75.63,16.29,0.2154,0.05,340.0,222441.18,4.7,63,63,1,1,1997,1.737734045,1.859029405,2.451945986,2.324889769,1998,4,2,3,Finance,Major Banks,male,male,Yes,No,No,Dec,101 - 500,1951 - 2000,0.0344,0.0167,0.0334,0.0724,211754.0,6.6784,6.4562,7.1456,6.6784,627542,7.0126,6.79,6.9013,6.79,182598,71646,126676,50308,1
10.48,6.7084314E7,18.0215,10.64,1.63,0.1532,,10.0,1064000.0,6.3,51,51,1,1,2012,2.145375281,2.278749239,1.828368868,2.21391531,2013,5,3,4,,,male,male,Yes,No,No,Dec,0 - 100,2011 - present,0.0087,7.0E-4,0.004,0.004,81377.4,15.0,14.87,15.06,15.0,317750,15.119,15.0,15.1,15.01,29647,26200,26290,7000,1
10.5,2.563261155E8,19.362,,,,,,,,52,52,,,,-0.729464884,0.577451142,1.019007122,1.431345676,2014,3,26,2,,,male,male,,No,No,,,Unknown,0.0,0.0,0.0075,0.0,164866.8,20.0,20.0,20.0,20.0,0,20.0,20.0,20.2,20.0,514495,121496,63414,124929,0
10.506,,,118.34,15.14,0.1279,0.14,450.0,262977.78,,50,,22,22,1981,0.145713735,1.198333282,1.655408046,1.855406018,2003,6,26,3,Finance,Major Banks,male,,Yes,No,,Dec,101 - 500,1951 - 2000,0.019,0.0093,0.0093,0.0,61280.0,10.75,10.55,11.0,11.0,4900,10.8,10.85,10.85,10.85,165800,89700,34700,11300,1
10.54,1.322725943E8,18.7004,,,,,,,,,,,,,0.669487122,-0.062355868,-0.480966178,0.319280837,2006,7,26,2,,,,,,,,,,Unknown,0.0,0.0025,0.069,5.0E-4,51390.0,40.0,40.0,40.02,40.0,160600,40.0,40.08,40.18,40.1,28600,28450,18600,20700,1
10.6,2.082212802E8,19.1541,36.54,-64.03,-1.7523,0.76,200.0,182700.0,5.7,70,44,8,8,2006,1.227180723,0.522533576,0.815862484,1.299191749,2014,10,29,2,Health Care,Industrial Specialties,male,male,Yes,No,No,Dec,101 - 500,2001 - 2010,0.0475,0.077,0.0567,0.0206,2187578.6,16.75,15.99,17.97,17.64,3273201,17.69,17.8,17.5,18.04,3617304,3731931,178987,136470,1
10.6391,3.557708657E7,17.3872,,-584277.0,,,2.0,,,58,58,2,2,2014,1.01752003,1.291587655,1.040376489,0.777669566,2016,4,26,1,Public Utilities,Natural Gas Distribution,male,male,Yes,Yes,Yes,Dec,0 - 100,2011 - present,0.0,0.0103,0.0051,0.0,3721.8,9.75,9.75,9.75,9.75,5000,9.8,9.85,9.85,9.85,1500,12109,0,0,1
10.7,1.544861613E8,18.8556,450.84,4.39,0.0097,0.06,211.0,2136682.46,0.34,,,5,5,2000,1.544435706,1.203291399,1.223008718,1.571113647,2005,11,14,0,Miscellaneous,Business Services,male,male,No,Yes,No,Dec,101 - 500,1951 - 2000,0.0,-0.0667,-0.0667,0.0,1124.0,7.5,7.5,7.6,7.6,750,7.5,7.5,7.0,7.0,1780,0,3090,0,0
10.89,1.216933542E8,18.617,,,,,,,,,,,,,0.658289185,1.546198702,1.960099322,2.435961844,2018,2,1,3,Consumer Services,Restaurants,male,male,,Yes,Yes,,,Unknown,0.0285,-0.0588,-0.2569,0.0,61551.2,15.14,14.72,17.0,17.0,157647,14.8,14.282,14.1784,14.25,68999,36198,14480,30432,0
10.89,2.517259894E9,21.6464,1000.0,-33.93,-0.0339,0.05,1780.0,561797.75,2.52,56,36,6,6,2000,-1.713225242,-2.368509596,-1.286959084,0.251859314,2006,5,24,2,Public Utilities,Telecommunications Equipment,male,male,Yes,No,No,Dec,1001 - 5000,1951 - 2000,0.0248,-0.1582,-0.404,0.0173,1.042324E7,14.85,14.49,17.25,17.0,33414000,13.0,13.02,13.02,12.5,11337300,5035700,0,2329200,0
10.98,5.388035438E8,20.1049,82.5,17.86,0.2165,5.91,66.0,1250000.0,6.53,55,55,15,15,1997,1.839695033,1.859752759,2.136146735,1.251811703,2012,2,8,2,Health Care,Major Pharmaceuticals,male,male,Yes,sameYear,sameYear,Dec,0 - 100,1951 - 2000,0.0669,9.0E-4,-0.0209,0.2211,238964.0,11.0,10.31,12.77,10.49,1012416,10.5,11.13,11.0,11.01,70862,33314,70074,8154,1
11.0,,,,-434279.0,,,,,,29,,1,1,2015,-2.45871493,-0.448515373,0.329869853,0.863756203,2016,9,14,2,,,male,,Yes,Yes,,Dec,,2011 - present,0.0,0.005,0.001,0.005,103780.2,10.0,10.0,10.05,10.0,474801,10.08,10.01,10.04,10.05,6752,24135,8313,4900,1
11.19,7.535683938E7,18.1377,,,,,,,,64,64,,,,0.538328127,-0.901236284,-0.233507993,0.518488624,2007,8,27,0,,,male,male,,No,No,,,Unknown,0.0408,-0.0251,-0.0156,0.0,55728.0,99.5,95.6,100.0,100.0,229180,97.25,95.5,96.25,97.0,15260,19740,10820,3640,0
11.26,3.698641899E8,19.7286,,,,,,,,,47,,,,0.811008249,0.063207892,-0.658930792,-1.332167491,2002,10,29,1,,,,male,,,No,,,Unknown,7.0E-4,0.0,-7.0E-4,7.0E-4,92020.0,15.01,15.0,15.01,15.0,315300,15.0,15.0,15.0,15.01,0,34600,31600,78600,0
11.35,5.998787352E8,20.2122,651.55,-263.02,-0.4037,1.79,490.0,1329693.88,0.92,54,54,2,2,2009,-1.074911677,-0.532353159,-0.533116072,0.662770268,2011,7,27,2,Public Utilities,Natural Gas Distribution,female,female,Yes,No,No,Dec,101 - 500,2001 - 2010,0.0145,-0.0191,-0.1766,0.016,602265.4,20.95,20.65,21.33,21.0,2423557,20.79,20.88,20.67,20.55,221817,103359,106398,156196,0
11.4,6.974991276E8,20.363,,,,,,,,,55,,,,0.154392643,0.932947352,1.459619853,1.585416634,2004,2,25,2,,,,female,,,No,,,Unknown,0.0,7.0E-4,0.0267,0.0067,151080.0,15.0,15.0,15.1,15.0,328200,15.01,15.08,15.02,15.01,94400,142400,119900,70500,0
11.54,5.539017437E8,20.1325,,,,,,,,55,78,,,,-1.951382281,-0.159379462,0.510088107,1.17864933,1998,7,31,4,,,female,male,,No,No,,,Unknown,0.0,-0.0319,-0.2394,0.0,36100.0,11.75,11.75,11.875,11.875,27900,11.5625,11.5625,11.3125,11.375,33600,42900,51600,24500,0
11.55,1.550201037E8,18.8591,,,,,,,,70,70,,,,1.359486462,1.638965335,2.307122985,2.123000523,2014,11,25,1,,,male,male,,No,No,,,Unknown,0.0,0.0,0.0,0.0045,112884.2,20.0,20.0,20.09,20.0,483458,20.05,20.05,20.1,20.0,23824,0,6421,50718,0
11.65,2.557120781E9,21.6621,543.47,-87.0,-0.1601,,220.0,2470318.18,4.71,50,50,9,9,2003,0.155939078,1.103265638,1.476497598,1.579171969,2012,4,5,3,Consumer Services,Real Estate Investment Trusts,male,male,Yes,No,No,Dec,101 - 500,2001 - 2010,0.0246,0.0343,0.0343,0.0082,2979700.4,8.75,8.54,8.85,8.78,10272496,8.75,9.02,8.73,9.05,0,2037016,2001164,587826,1
11.85,1.011666021E8,18.4323,,,,,,,,52,52,,,,-0.874823578,-1.232892548,0.405136775,1.036555148,2004,3,25,3,,,male,male,,No,No,,,Unknown,,5.0E-4,5.0E-4,,38840.0,20.0,,,,0,20.0,20.01,20.01,20.01,136000,25000,27000,6200,0
12.0,1.453003968E9,21.0969,13020.0,136.81,0.0105,0.11,2700.0,4822222.22,0.11,63,60,1,1,2010,0.592944798,1.166548395,1.254664198,1.485474379,2011,5,12,3,Energy,Oil Refining/Marketing,unknown,male,Yes,No,sameYear,Mar,1001 - 5000,2001 - 2010,0.0234,0.0148,-0.0415,0.0234,465895.8,20.98,20.5,21.48,21.0,1951435,20.75,20.89,21.0,21.29,165775,57654,57636,96979,1
12.02,2.372980347E8,19.2848,,,,,,,,,48,,,,-1.270033372,0.224911551,0.786637296,1.321101729,2003,9,25,3,,,male,male,,,,,,Unknown,,0.0,0.0027,,0.0,15.0,,,,0,15.01,15.0,15.0,15.0,0,0,0,0,0
12.05,1.31082974E9,20.9939,818.62,-59.4,-0.0726,0.39,2600.0,314853.85,1.6,46,46,7,7,2005,-0.814286028,0.750258906,1.253664476,1.40645012,2012,4,12,3,Energy,Metal Fabrications,unknown,unknown,Yes,No,No,Dec,1001 - 5000,2001 - 2010,0.0055,-0.0023,0.0046,0.0185,3230988.8,21.75,21.63,22.9,22.5,11830515,21.5,21.74,22.25,21.7,2219714,557051,670254,877410,1
12.09,1.030338248E9,20.7532,164.17,78.43,0.4777,,67.0,2450298.51,6.28,53,53,2,2,2003,0.928090854,1.315386718,0.746024959,1.115176828,2005,6,9,3,,,male,male,Yes,sameYear,sameYear,Dec,0 - 100,2001 - 2010,0.0125,-0.0162,-0.0062,0.0133,713129.8,12.96,12.8,13.19,13.02,2883659,12.58,12.53,12.51,12.75,481928,67662,33000,99400,0
12.12,1.037730992E9,20.7603,,,,,,,,,,63,63,1949,1.839695033,1.859752759,2.136146735,1.251811703,2012,2,8,2,Capital Goods,Building Materials,male,male,,Yes,sameYear,,,1901 - 1950,0.1283,0.0469,0.0469,0.0,1099625.4,11.08,9.82,11.5,11.5,4765218,11.1,11.0,11.5,11.6,172037,97305,373688,89879,1
12.36,8.05829976E7,18.2048,,,,,,,,54,54,,,,0.811008249,0.063207892,-0.658930792,-1.332167491,2002,10,29,1,,,male,male,,No,No,,,Unknown,0.0,0.0,0.0,0.0033,11700.0,15.0,15.0,15.05,15.0,0,15.0,15.0,15.0,15.0,0,13500,8200,36800,0
12.45,1.359580525E9,21.0304,448.05,233.64,0.5215,0.03,420.0,1066785.71,3.03,59,53,1,1,2007,0.016448007,-0.696430746,-1.271707714,-1.906232475,2008,3,20,3,Consumer Durables,Telecommunications Equipment,male,male,Yes,No,No,Dec,101 - 500,2001 - 2010,0.0089,0.0,0.0075,0.0111,718000.0,9.08,9.0,9.1,9.0,880100,9.08,9.1,9.05,9.08,0,1311400,1225000,173500,1
12.49,1.553383686E9,21.1637,,,,,,,,,,,,,0.079933786,0.821579828,0.469100402,0.286020113,2015,12,7,0,Technology,Computer Software: Prepackaged Software,,,,,,,,Unknown,0.0,-0.0052,-0.0052,0.0,2120.0,9.65,9.65,9.65,9.65,10300,9.65,9.6,9.6,9.6,0,300,0,0,1
12.54,3.412027159E8,19.648,,,,,,,,53,53,,,,1.690551868,1.668458513,1.980281933,2.778546029,2006,11,20,0,,,male,male,,,,,,Unknown,,0.0125,0.0275,,35880.0,20.0,,,,0,20.1,20.07,20.07,20.25,82300,62400,0,34700,0
12.74,7.897436693E8,20.4872,,,,,,,,,47,,,,-1.83794966,-2.312811809,-2.829462917,-2.63010263,2002,6,26,2,,,,male,,,No,,,Unknown,0.0033,0.0027,0.0,0.0167,164220.0,15.05,15.0,15.25,15.0,399200,15.19,15.2,15.05,15.09,114500,116900,67900,122600,0
12.76,1.209668174E9,20.9136,,,,,,,,49,49,,,,-0.078059935,-0.108483718,0.798984382,1.376638494,2005,2,23,2,Finance,Finance: Consumer Services,male,male,,No,No,,,Unknown,,0.006,0.0,,317699.8,25.0,,,,0,25.16,25.15,25.15,25.15,958800,213000,288300,128399,0
12.82,1.096708438E8,18.513,,,,,,,,56,56,,,,-1.550113246,-1.160185266,-0.181140768,-0.838031663,2002,1,30,2,,,male,male,,No,No,,,Unknown,7.0E-4,0.0,-7.0E-4,7.0E-4,20240.0,15.01,15.0,15.01,15.0,43500,15.01,15.0,15.0,15.01,18500,1200,26900,11100,0
12.84,9.0283818E7,18.3185,6990.0,7.09,0.001,0.03,127.0,5.503937008E7,0.01,54,49,49,49,1965,0.285526778,0.977160441,1.262536449,1.577201002,2014,3,17,0,Basic Industries,Other Specialty Stores,male,male,Yes,Yes,No,Jun,101 - 500,1951 - 2000,0.0649,-0.0045,-0.1023,0.0961,24821.4,13.3,12.49,13.69,12.49,34145,14.2501,14.0,14.0,13.24,67774,12799,4054,5335,0
12.86,2.640408513E8,19.3916,,,,,,,,53,,,,,0.758288209,-0.490840847,0.315549862,0.763957149,2012,12,5,2,,,male,,,No,,,,Unknown,0.0221,0.0259,0.0806,0.0147,805171.8,13.9,13.6,14.2,14.0,3104571,14.1699,14.11,14.15,14.26,405096,163430,110105,242657,1
12.9,9.60048444E7,18.3799,56.31,3.21,0.057,,123.0,457804.88,1.7,57,46,0,0,1996,0.0,0.0,0.0,0.0,1996,8,22,3,Technology,Computer peripheral equipment,male,male,Yes,No,No,Dec,101 - 500,1951 - 2000,0.0293,-0.0285,0.0857,0.0295,263970.0,5.833,5.667,6.0,5.833,488400,5.667,5.417,5.583,5.667,334950,381450,40500,74550,1
12.92,1.216729462E9,20.9194,170.2,-66.57,-0.3911,,800.0,212750.0,7.15,37,38,11,11,2006,-2.157590049,-0.158066832,0.731500188,1.345382588,2017,4,13,3,Technology,EDP Services,male,male,Yes,,,Jan,501 - 1000,2001 - 2010,0.0167,0.047,0.038,0.019,3087454.6,13.41,13.19,14.25,14.0,11336164,13.41,13.55,14.01,14.04,0,2258467,998419,844223,0
12.97,9.005284097E8,20.6185,316.81,4.98,0.0157,,6134.0,51648.19,2.84,51,50,8,8,2006,1.19298259,1.591090365,2.154714976,2.030346516,2014,11,18,1,Consumer Services,Rental/Leasing Companies,male,male,No,,,Dec,5001 - 10000,2001 - 2010,0.0685,0.0179,-0.2769,0.0457,1613457.6,11.7,10.95,12.5,12.0,6117578,11.8,11.85,12.0,11.91,477442,285754,956240,230274,1
13.03,2.912184152E8,19.4896,207000.0,-65.32,-3.0E-4,,64.0,3.234375E9,0.0,64,64,9,9,2007,-0.326032545,0.52199935,0.906874796,0.793914698,2016,6,22,2,Health Care,Major Pharmaceuticals,male,male,Yes,No,No,Dec,0 - 100,2001 - 2010,0.0072,0.0,0.0043,0.095,273468.8,14.0,13.9,16.32,15.0,1095049,14.03,14.0,13.99,14.0,118077,104557,34607,15054,1
13.15,1.417924879E9,21.0725,1950.0,131.7,0.0675,0.25,6620.0,294561.93,0.73,54,54,0,0,2005,0.053094674,1.168196005,1.489999364,1.438814277,2005,8,9,1,Consumer Durables,Publishing,male,male,Yes,No,No,Dec,5001 - 10000,2001 - 2010,0.0,-0.0706,-0.0428,0.0,100.0,26.9,26.9,26.9,26.9,100,26.9,26.9,26.9,25.0,0,0,0,400,0
13.16,4.0267131631E10,24.4188,,,,,,,,59,54,0,0,2000,0.988487104,0.641070234,1.026846541,1.415203338,2000,6,21,2,Public Utilities,Telecommunications Equipment,unknown,unknown,,No,No,,,1951 - 2000,0.0114,-0.0478,0.132,0.1193,1.421412E7,22.25,22.0,24.625,22.0,48152500,21.406,20.0,20.75,21.1875,10735900,6486600,1942700,3752900,0
13.22,4.583087126E7,17.6405,,,,,,,,,43,,,,-1.951382281,-0.159379462,0.510088107,1.17864933,1998,7,31,4,,,female,male,,,No,,,Unknown,0.0,-0.023,-0.1379,0.0,184520.0,5.4375,5.4375,5.75,5.75,478300,5.375,5.375,5.4375,5.3125,96700,286400,30700,30500,1
13.32,1.866653744E8,19.0448,42.69,3.19,0.0747,0.13,202.0,211336.63,4.37,53,53,,-3,2003,-1.594005775,-1.765972208,-2.096155294,-2.338282852,2000,12,15,4,Finance,Major Banks,male,male,Yes,No,No,Dec,101 - 500,2001 - 2010,0.0,0.0,0.0,0.0,71.6,5.0508,5.0508,5.0508,5.0508,358,5.0508,5.0508,5.0508,5.0508,0,0,0,0,1
13.36,2.848057011E8,19.4673,125.3,-17.32,-0.1382,0.12,311.0,402893.89,2.27,55,51,16,16,2000,1.13337004,2.07251779,1.588082361,1.792136822,2016,7,21,3,Capital Goods,Industrial Machinery/Components,male,male,Yes,Yes,No,Dec,101 - 500,1951 - 2000,0.0984,0.0072,0.2554,0.0269,1253028.2,17.97,16.3601,18.44,18.0,4750072,19.56,19.73,18.61,18.1,741281,383070,237454,153264,1
13.36,7.075897949E8,20.3774,139.34,37.98,0.2726,0.31,,,5.08,76,53,28,28,1989,0.210460004,1.083844034,1.669143726,1.735614335,2017,11,17,4,Finance,Savings Institutions,male,male,Yes,Yes,Yes,Dec,,1951 - 2000,0.0133,0.0526,0.0609,0.0275,1236192.4,12.16,12.0,12.6,12.27,5193048,12.56,12.61,12.8,12.8,423525,405753,158636,0,0
13.38,1.438371274E8,18.7842,,,,,,,,,47,,,,1.665834374,0.857264217,0.632551499,1.115016492,2005,5,26,3,,,,male,,,No,,,Unknown,4.0E-4,-4.0E-4,-4.0E-4,4.0E-4,67820.0,25.01,25.0,25.01,25.0,115800,25.05,25.05,25.05,25.0,95300,0,59000,69000,0
13.4,5.2041647E8,20.0701,2160.0,-79.08,-0.0366,0.06,727.0,2971114.17,0.24,67,67,6,6,2006,2.013879227,1.970993278,1.744849207,0.733924167,2012,1,19,3,Basic Industries,Major Chemicals,male,male,Yes,No,No,Dec,501 - 1000,2001 - 2010,0.0202,-0.0277,-0.0515,0.0192,894688.4,10.1,9.9,10.29,10.1,3599984,9.73,9.49,9.85,9.82,440069,278843,77795,76751,0
13.44,6.427713466E9,22.5839,736.39,-103.12,-0.14,1.28,3900.0,188817.95,8.73,,,,-6,2017,-1.382408153,0.40513762,-0.395371076,-0.821910048,2011,11,17,3,Consumer Services,Advertising,,,Yes,,,Dec,1001 - 5000,2011 - present,0.0826,-0.0916,-0.016,0.0499,1640624.4,16.26,15.02,18.75,18.0,6507703,15.8,15.4,16.12,14.77,584123,469578,211250,430468,0
13.45,1.021327001E9,20.7444,,,,,,,,46,54,,,,-1.041259467,0.429826359,0.869029978,1.26647173,2011,5,20,4,,,male,male,,No,No,,,Unknown,0.0156,0.0115,-0.0077,3.0E-4,922058.2,13.0,12.8,13.2544,13.25,3644671,12.93,13.02,13.0,13.15,391622,191804,162496,219698,1
13.52,4.411121998E8,19.9048,57.43,-8.97,-0.1562,0.3,1149.0,49982.59,7.68,44,49,7,7,2001,-0.645032957,-0.448276634,-1.03759877,-1.31716767,2008,9,8,0,Consumer Services,Professional Services,male,male,Yes,No,No,Mar,1001 - 5000,2001 - 2010,0.0,0.0,0.0,0.0,2.0,32.5,32.5,32.5,32.5,10,32.5,32.5,32.5,32.5,0,0,0,0,0
13.59,7.530268875E8,20.4396,129.92,-31.13,-0.2396,,,,5.8,40,40,0,0,2015,1.239176193,0.328005251,-0.336051852,-0.406966835,2015,10,20,1,Consumer Services,Real Estate Investment Trusts,unknown,unknown,Yes,sameYear,sameYear,Dec,,2011 - present,0.15,-0.087,-0.2754,0.0,588279.4,13.8,12.0,16.0,16.0,693526,13.9,13.5,13.25,12.6,1237554,244133,227026,539158,0
13.62,1.027254314E8,18.4476,485.74,712000.0,1465.8048,0.09,1580.0,307430.38,0.21,,,113,113,1901,-0.807677111,-0.171893103,0.722937004,1.166350517,2014,8,11,0,Basic Industries,Engineering & Construction,male,male,Yes,No,No,Dec,1001 - 5000,1901 - 1950,0.0,0.0021,0.0021,0.0,10062.0,9.45,9.45,9.45,9.45,2000,9.44,9.48,9.44,9.47,14400,30900,400,2610,1
13.74,9.343854024E7,18.3528,,,,,,,,56,56,,,,0.815416713,0.690123841,1.005682934,1.546027467,2003,8,27,2,,,male,male,,No,No,,,Unknown,0.0,7.0E-4,0.006,7.0E-4,25940.0,15.0,15.0,15.01,15.0,81600,15.0,15.0,15.0,15.01,19200,18500,0,10400,1
13.77,7.784099757E10,25.0779,731670.0,36750.0,0.0502,0.15,102297.0,7152409.16,0.11,,59,0,0,2003,1.34827812,1.718974343,1.880568019,1.588775762,2003,12,17,2,Finance,Life Insurance,,unknown,No,,No,Dec,>10000,2001 - 2010,0.0782,0.1657,0.2563,0.0886,1.090380052E8,2.9657,2.7507,3.1508,2.907,321657157,2.8695,2.9207,3.2783,3.4571,81060521,21497016,58487766,62487566,1
13.81,3.659886703E8,19.7181,121.15,-25.79,-0.2129,0.06,600.0,201916.67,3.02,,,10,10,2006,0.258921318,-0.23525242,0.804698134,1.136330901,2016,10,6,3,Public Utilities,Water Supply,,,Yes,,,Dec,501 - 1000,2001 - 2010,0.0681,0.0925,-0.0273,0.0764,843608.6,21.95,20.55,22.57,21.0,3629177,21.95,22.4,23.1,23.98,143654,79048,215205,150959,0
13.84,3.563966357E8,19.6916,1130.0,-41.8,-0.037,,3600.0,313888.89,0.32,52,52,0,0,2016,1.696076953,1.299546376,0.618157953,0.077874072,2016,3,17,3,Consumer Non-Durables,Plastic Products,male,male,Yes,Yes,Yes,Dec,1001 - 5000,2011 - present,0.0,-0.0648,0.1007,0.0,5332.8,12.81,12.81,12.81,12.81,1099,13.25,13.13,12.09,11.98,100,804,9961,14700,1
13.86,1.197328338E9,20.9034,3220.0,1770.0,0.5497,,3900.0,825641.03,0.37,55,55,146,146,1867,-0.133261253,0.920589045,1.337380625,1.795830354,2013,6,17,0,Health Care,Major Pharmaceuticals,male,male,No,sameYear,sameYear,Dec,1001 - 5000,<= 1900,0.0417,0.0,-0.0696,0.1574,47325.6,45.0,43.2,50.0,43.2,236628,45.0,45.0,45.0,45.0,0,0,0,0,1
13.86,1.531995765E9,21.1498,393.1,-22.86,-0.0582,0.17,819.0,479975.58,3.9,54,54,7,7,1990,1.432922201,1.884652509,2.277722358,2.277722358,1997,5,14,2,Technology,Semiconductors,male,male,Yes,No,No,Dec,501 - 1000,1951 - 2000,0.3445,0.0661,0.0413,0.011,6985600.0,7.563,5.625,7.625,7.563,20703600,7.875,7.938,7.594,8.063,8083600,3875200,1365200,900400,1
13.91,5.692511569E8,20.1598,,,,,,,,,54,,,,0.919426797,0.384101453,0.694546281,1.105390522,2012,12,21,4,,,male,male,,,No,,,Unknown,0.005,-0.0045,0.0,48374.1975,7840.0,20.1,20.0,967504.0,20.05,20,20.05,20.05,20.04,20.0099,20,0,20,39140,0
13.92,5.86465608E7,17.887,,,,,,,,50,,,,,1.344315941,0.493178998,0.220416895,0.931866182,2005,5,25,2,,,male,,,sameYear,,,,Unknown,,0.0,5.0E-4,,20020.0,20.0,,,,0,20.01,20.0,20.0,20.0,59700,26200,0,14200,0
14.13,1.448870545E9,21.0941,6670.0,-1350.0,-0.2024,,26400.0,252651.52,0.22,,,108,108,1889,-2.161665216,-0.436506715,0.04457855,0.04457855,1997,3,27,3,Basic Industries,Engineering & Construction,male,male,No,No,No,Dec,>10000,<= 1900,0.0,0.0,-0.0553,,3239360.0,4.5,4.5,4.532,,14304400,4.5,4.438,4.438,4.5,0,1251600,178400,462400,0
14.17,4.648771313E8,19.9573,,-4.11,,,21.0,,,,,,,,0.371041816,1.060618949,0.334190326,0.271567913,2015,11,11,2,Public Utilities,Telecommunications Equipment,male,male,No,sameYear,sameYear,Feb,0 - 100,Unknown,0.0,-0.3,-0.25,0.0,22301.0,5.0,5.0,5.0,5.0,120,5.0,5.0,3.0,3.5,0,0,53085,58300,0
14.18,3.410378753E9,21.9501,692.87,86.28,0.1245,0.03,327.0,2118868.5,4.92,65,65,36,36,1978,1.066632085,1.473405869,2.053397169,1.969182925,2014,11,19,2,Consumer Services,Real Estate Investment Trusts,male,male,Yes,sameYear,sameYear,Dec,101 - 500,1951 - 2000,0.0395,0.0336,0.0077,6.0E-4,1.6711063E7,18.18,17.49,18.5,18.49,57281771,18.15,18.43,18.56,18.79,6643374,10293016,3473796,5863358,1
14.24,2.61013504E8,19.3801,72.73,8.28,0.1138,,5963.0,12196.88,3.59,47,38,1,1,2014,-1.434882322,-0.273709792,-0.317711416,-0.73713938,2015,12,21,0,Miscellaneous,Business Services,male,unknown,No,Yes,Yes,Dec,5001 - 10000,2011 - present,1.3121,0.0926,-0.1251,1.4374,130754.0,10.15,4.39,10.7,4.39,204353,11.45,10.05,11.09,11.09,225767,36758,186892,0,1
14.38,4.035360897E8,19.8158,508000.0,-25.98,-1.0E-4,0.27,35.0,1.451428571429E10,0.0,40,50,7,7,2010,2.09837473,2.065752674,1.923697633,1.775843301,2017,7,20,3,Basic Industries,Agricultural Chemicals,male,male,Yes,Yes,sameYear,Dec,0 - 100,2001 - 2010,0.2149,-0.072,0.0507,0.257,402295.6,11.25,9.26,11.88,9.5,1406128,10.81,10.815,10.75,10.44,207171,112462,240277,45440,1
14.44,2.887372871E8,19.481,130.37,-19.64,-0.1506,0.16,342.0,381198.83,2.21,,,10,10,2008,-2.02218505,-0.881500777,0.131919133,0.876658746,2018,2,9,4,Technology,"Computer Software: Programming, Data Processing",male,male,Yes,,,Dec,101 - 500,2001 - 2010,0.2045,0.3111,0.3224,0.1622,985260.0,13.37,11.1,13.9,12.1,3094872,15.55,17.8,18.03,17.53,580299,595466,396003,259660,0
14.45,1.184878759E8,18.5903,78.16,16.52,0.2114,0.21,702.0,111339.03,1.52,58,58,6,6,1991,-0.305841787,0.117172686,0.695839504,1.222610049,1997,11,4,1,Technology,Radio And Television Broadcasting And Communications Equipment,male,male,No,No,No,Dec,501 - 1000,1951 - 2000,0.0,-0.0222,0.0222,,80.0,1687.5,1687.5,1875.0,,100,1687.5,1687.5,1725.0,1650.0,200,100,0,0,0
14.55,3.25118877E7,17.2971,47.7,2.73,0.0572,,59.0,808474.58,0.68,60,60,9,9,1987,0.0,0.0,0.0,0.0,1996,2,21,2,Consumer Services,RETAIL: Building Materials,male,male,Yes,No,No,Aug,0 - 100,1951 - 2000,0.0,-0.056,0.0458,0.0,7380.0,0.684,0.684,0.684,0.684,9000,0.6457,0.6457,0.6457,0.6457,27900,0,0,0,1
14.55,8.96862E7,18.3118,,-30.0,,,27.0,,,,,0,0,2017,1.222265002,1.756528682,1.742966545,1.509248604,2017,9,28,3,Health Care,Biotechnology: Biological Products (No Diagnostic Substances),,,No,,,Dec,0 - 100,2011 - present,0.6484,-0.175,-0.1813,0.512,725262.6,24.0,14.56,24.935,17.48,2740198,19.2,19.13,19.95,19.8,261662,231551,300041,92861,0
14.73,1.540487263E8,18.8528,,,,,,,,,,,,,-1.951382281,-0.159379462,0.510088107,1.17864933,1998,7,31,4,Consumer Services,Miscellaneous,,,,,,,,Unknown,0.0052,-0.0051,-0.0205,0.0103,5420.0,12.1875,12.125,12.25,12.125,9100,12.25,12.25,12.25,12.125,5300,2500,5600,4600,0
14.75,1.319324857E9,21.0004,,,,,,,,,,,,,-1.657842579,-2.349098157,-1.618377031,-0.011405871,2010,5,26,2,Health Care,Biotechnology: Biological Products (No Diagnostic Substances),,,,,,,,Unknown,0.0,-0.184,-0.184,0.0,3.4,125.0,125.0,125.0,125.0,5,102.0,102.0,102.0,102.0,12,0,0,0,0
14.77,3.365103749E8,19.6341,-840891.0,18.57,0.0,,,,,54,,0,0,2010,1.062591587,1.50563908,1.664648163,1.506352915,2010,10,27,2,,,female,,Yes,No,,Aug,,2001 - 2010,5.0E-4,0.0,-5.0E-4,5.0E-4,110993.6,20.01,20.0,20.01,20.0,373075,20.01,20.01,20.02,20.01,35550,44881,68039,33423,0
14.95,1.838348338E9,21.3321,,,,,,,,55,55,,,,-1.701329158,0.544272283,0.725003816,0.725003816,1997,3,13,3,Miscellaneous,Multi-Sector Companies,male,male,,No,No,,,Unknown,0.0151,-0.058,0.0431,,1271360.0,2.157,2.125,2.282,,4550800,2.094,2.0,2.063,2.032,851200,309200,361600,284000,1
15.0,1.25399613E9,20.9496,352.64,-3.29,-0.0093,0.03,147.0,2398911.56,3.56,51,50,0,0,2004,-1.351634331,-1.782936298,-2.10301983,-0.320441092,2004,8,11,2,Consumer Services,Real Estate Investment Trusts,male,male,Yes,No,No,Dec,101 - 500,2001 - 2010,0.0,-0.0115,0.0131,0.0077,230770.0,52.0,52.0,52.4,52.0,879000,51.0,51.4,51.12,51.4,232100,9550,16025,17175,1
15.11,5.591282339E8,20.1419,,,,,,,,54,54,,,,0.51336256,0.925091386,1.323599357,1.796408783,2003,7,28,0,Finance,Major Banks,male,male,,No,No,,,Unknown,,0.0,0.0,,0.0,20.0,,,,0,20.0,20.0,20.0,20.0,0,0,0,0,0
15.2,1.045831045E9,20.7681,,,,,,,,,45,,,,-1.459418331,0.48050098,0.164458129,0.757334552,2005,6,27,0,,,,male,,,No,,,Unknown,,0.002,0.0125,,122080.0,20.0,,,,0,20.0,20.05,20.18,20.04,411600,58200,78100,62500,0
15.21,1.4131401665E10,23.3717,12050.0,1470.0,0.122,0.04,22000.0,547727.27,1.17,58,57,44,44,1971,1.423991564,0.161630012,-0.452877409,-0.468460599,2015,10,15,3,Miscellaneous,Business Services,male,male,Yes,Yes,Yes,Dec,>10000,1951 - 2000,0.0064,-0.0248,0.1219,0.0013,2.01175558E7,15.75,15.65,16.41,16.39,64967540,16.0,15.81,15.4,15.36,11191997,3437333,5049269,15941640,0
15.26,1.6467761261E10,23.5247,40520.0,1130.0,0.0279,0.08,29486.0,1374211.49,0.41,,66,4,4,2002,-1.536920632,0.094342551,0.858535314,1.373421113,2006,2,3,4,Public Utilities,Natural Gas Distribution,unknown,male,Yes,,No,Dec,>10000,2001 - 2010,0.0098,-0.0309,-0.0296,0.0129,1.097144E7,5.6625,5.6075,5.8225,5.75,42098400,5.69,5.61,5.475,5.4875,4602400,2974400,3296400,1885600,1
15.56,4.111310191E8,19.8344,864.04,-96.67,-0.1119,0.58,4100.0,210741.46,0.48,41,41,13,13,1992,0.574057043,1.343062101,1.764407414,2.107237833,2005,12,9,4,Energy,Oilfield Services/Equipment,male,male,Yes,No,No,Dec,1001 - 5000,1951 - 2000,0.0194,-0.0047,-0.0367,0.0,3552.0,12257.0102,12023.2719,12542.057,12542.057,13181,12542.057,12542.057,12200.0009,12200.0009,1844,911,1040,784,1
15.58,9.288047054E9,22.952,206100.0,1460.0,0.0071,0.23,64794.0,3180850.08,0.05,,44,0,0,2001,-0.579305648,0.925237902,-0.082365722,-0.739252042,2001,12,11,1,Basic Industries,Aluminum,,unknown,No,,No,Dec,>10000,2001 - 2010,0.0178,-0.0257,0.081,0.0139,4513200.0,4.5675,4.4875,4.65,4.5875,15192400,4.4575,4.3625,4.275,4.45,3605600,1921600,1186000,660400,1
15.6,5.625488497E9,22.4506,7060.0,1190.0,0.1686,0.01,5076.0,1390858.94,0.8,55,55,1,1,2013,-1.351671801,0.814052409,1.253692191,1.616050922,2014,1,23,3,Finance,Finance: Consumer Services,male,male,Yes,No,No,Dec,5001 - 10000,2011 - present,0.008,0.0167,0.0091,0.03,1.0276798E7,25.2,25.0,26.5,25.75,34094857,24.21,24.8,25.69,25.62,8035035,3540852,2767151,2946095,0
15.66,2.965685945E8,19.5078,172.36,-25.41,-0.1474,,1079.0,159740.5,1.72,60,57,9,9,1997,1.915535318,1.996344311,2.396665883,2.556104217,2006,10,13,4,Finance,Specialty Insurers,male,male,Yes,No,No,Dec,1001 - 5000,1951 - 2000,0.0838,-0.0284,0.017,0.0431,1458738.0,22.9,21.13,25.91,25.0,5728306,22.35,22.5,23.0,22.25,732562,241829,456486,134507,1
15.66,1.0275069794E10,23.053,10790.0,288.49,0.0267,0.27,,,0.95,45,48,4,4,2008,0.972938619,1.439339798,1.663730187,1.684542316,2012,3,23,4,Consumer Services,Catalog/Specialty Distribution,male,unknown,No,Yes,sameYear,Dec,,2001 - 2010,0.0148,-0.2091,0.0836,0.0424,1.38422718E7,0.55,0.542,0.623,0.6,51735040,0.47,0.46,0.45,0.435,10417150,3147860,2095619,1815690,1
15.67,2.749038228E9,21.7345,837.89,308.24,0.3679,0.5,,,3.28,57,57,,-2,2009,0.852531814,-0.369397188,-0.240970265,0.281621698,2007,12,12,2,Consumer Services,Real Estate Investment Trusts,male,male,Yes,,,Dec,,2001 - 2010,0.0089,-0.0088,-0.0044,0.0,285468.8,13.8355,13.7136,13.8965,13.8965,478560,13.7898,13.7898,13.6679,13.7136,33995,507502,60902,346385,1
15.9,3.807744084E8,19.7577,383.34,13.83,0.0361,0.14,2900.0,132186.21,0.99,72,62,10,10,2000,0.907814063,1.312545893,1.900813069,1.660350917,2010,4,29,3,Technology,Semiconductors,male,unknown,Yes,,No,Jun,1001 - 5000,1951 - 2000,0.0375,-0.0565,-0.152,0.0193,919538.4,17.7,17.06,18.44,18.11,3798927,17.91,17.9,17.33,16.7,490866,92023,126142,89734,0
15.9,1.104760016E9,20.8229,,,,,,,,49,49,,,,-0.437419138,0.994369624,1.398225485,1.856752877,2013,5,31,4,Health Care,Major Pharmaceuticals,male,male,,No,No,,,Unknown,0.236,0.1166,0.2236,0.1952,831838.2,22.99,18.6,23.63,20.0,3287429,27.99,26.78,25.73,25.67,426111,259094,116130,70427,1
15.92,7.088785323E8,20.3792,1330.0,-43.8,-0.0329,0.53,2830.0,469964.66,0.53,50,50,1,1,2013,1.463620217,2.115568506,2.306516039,1.887946679,2014,6,19,3,Basic Industries,Steel/Iron Ore,male,male,Yes,sameYear,sameYear,Dec,1001 - 5000,2011 - present,0.0454,-0.009,0.1317,0.0249,140939.8,37.74,36.1,37.74,36.84,26450,37.0,37.06,37.45,37.4,177212,365486,58508,77043,0
16.03,8.78444E8,20.5937,,,,,,,,,,,,,0.556820125,0.489377745,1.057847226,1.224439824,2005,9,15,3,,,,,,,,,,Unknown,0.0013,-7.0E-4,-0.0321,0.002,152400.0,14.96,14.94,14.98,14.95,249800,15.13,15.06,15.03,14.95,94000,111000,181200,126000,1
16.05,9.282144017E8,20.6488,3390.0,99.57,0.0294,0.19,,,0.27,53,53,5,5,2001,0.674636226,1.348729875,1.820267979,2.47848368,2006,11,9,3,Technology,Semiconductors,unknown,unknown,No,Yes,Yes,Dec,,2001 - 2010,0.0276,-0.0352,-0.2853,0.0796,2224457.8,15.63,15.21,16.73,15.52,6866528,15.08,14.7,15.0,15.08,2407036,1115452,439882,293391,0
16.08,1.730092063E8,18.9689,,,,,,,,58,58,,,,1.073285337,1.506409308,1.376324911,1.458847458,2006,9,21,3,,,male,male,,No,No,,,Unknown,0.0,-0.0208,-0.0446,4.0E-4,800780.0,24.0,24.0,24.95,24.94,2641300,24.0,24.05,23.61,23.5,294900,218700,386500,462500,1
16.13,3.868756789E8,19.7736,88.82,2.43,0.0274,0.76,393.0,226005.09,4.36,61,70,2,2,2004,0.28938735,1.285590945,1.765643734,2.349108735,2006,11,1,2,Finance,Major Banks,male,male,Yes,No,No,Dec,101 - 500,2001 - 2010,0.0233,0.1094,0.1068,0.0933,102501.8,13.9545,13.6364,14.9091,13.6364,320705,14.5364,14.6819,15.3745,15.4818,58113,106806,10824,16061,1
16.22,7.730479412E8,20.4659,,,,,,,,,45,,,,-1.001533912,-0.361962109,0.700142332,1.154409989,2005,1,26,2,,,,male,,,No,,,Unknown,,0.0195,5.0E-4,,86080.0,20.0,,,,0,20.02,20.05,20.3,20.39,247800,55000,61600,66000,0
16.261,9.805018754E7,18.401,29.9,-2.13,-0.0712,0.02,187.0,159893.05,3.28,66,66,,,,0.647494276,1.139541485,1.116853581,1.046761782,2016,7,1,4,Finance,Major Banks,male,male,Yes,Yes,Yes,Dec,101 - 500,Unknown,0.0108,0.0082,0.0468,0.0232,335949.2,12.1899,12.06,12.4399,12.16,1414719,12.1899,12.28,12.286,12.29,0,138860,55665,70502,1
16.27,5.468922812E9,22.4223,1950.0,957.53,0.491,0.66,3.0,6.5E8,2.8,54,54,,,,1.506684742,1.792787095,1.616011504,2.032017189,2013,5,2,3,Consumer Services,Real Estate Investment Trusts,male,male,Yes,No,No,Dec,0 - 100,Unknown,0.04,0.0444,0.0104,0.0,2305946.0,13.52,13.0,14.0,14.0,3757821,13.5,13.82,14.2,14.12,2934855,730381,1409218,2697455,0
16.33,4.512400314E8,19.9275,,,,,,,,,63,,,,0.634141247,1.031009076,1.277660046,1.505282177,2012,4,26,3,,,male,male,,,Yes,,,Unknown,0.002,0.018,-0.008,0.0,234819.0,19.99,19.95,20.0,20.0,984801,20.0,20.0,20.05,20.3499,26981,52499,16906,92908,0
16.5568,1.142218863E8,18.5537,,,,,,,,,49,,,,-0.972951859,-0.134815168,0.726449545,1.335609987,2013,6,26,2,,,,male,,,Yes,,,Unknown,0.0,5.0E-4,0.015,0.001,74781.4,20.0,20.0,20.0199,20.0,218437,20.0,20.0,20.01,20.01,71130,78165,3110,3065,0
16.65,5.987506001E8,20.2104,898.32,5.37,0.006,0.1,1425.0,630400.0,0.67,55,55,7,7,1993,-0.49470521,0.036086113,0.163709457,0.881020419,2000,5,5,4,Technology,Radio And Television Broadcasting And Communications Equipment,male,male,No,No,No,Dec,1001 - 5000,1951 - 2000,0.0272,-0.2487,-0.0688,0.0048,378999.8,47.25,46.0,49.25,49.03,1412900,44.7031,40.375,36.0,35.5,151400,120700,144800,65199,1
16.81,2.511504774E8,19.3416,,,,,,,,55,55,,,,1.086245491,1.532169835,1.497190369,1.779255055,2009,11,24,1,,,female,female,,No,No,,,Unknown,0.0015,-0.0015,-0.0015,0.0025,56195.2,20.03,20.0,20.05,20.0,159340,20.0,20.0,20.0,20.0,13724,0,38795,69117,0
16.81,3.84039848E8,19.7663,17.55,-38.71,-2.2057,,78.0,225000.0,21.88,53,53,16,16,2001,0.877497039,1.35766116,1.504022769,1.667515645,2017,6,28,2,Health Care,Major Pharmaceuticals,female,female,Yes,Yes,Yes,Dec,0 - 100,2001 - 2010,0.0,-0.0129,0.0707,0.0157,766563.4,14.0,14.0,14.7,14.48,2701309,13.52,13.97,13.82,13.82,1009442,114406,7660,0,1
16.8125,1.021186206E8,18.4416,21.94,3.38,0.1541,0.02,114.0,192456.14,4.65,56,56,0,0,2006,0.988808142,1.638962701,1.327559902,1.795860127,2006,4,4,1,Finance,Savings Institutions,male,male,Yes,No,No,Dec,101 - 500,2001 - 2010,0.0142,-0.014,-0.0393,0.0,166589.8,10.7,10.55,10.8,10.8,383384,10.71,10.65,10.45,10.55,248079,116701,50877,33908,1
16.85,5.2235E7,17.7713,,,,,,,,,,,,,0.755753352,0.966878004,1.419278399,1.491106477,2014,4,29,1,,,,,,,,,,Unknown,0.0,0.0231,0.0522,0.0,41535.6,24.719,24.719,24.719,24.719,0,24.719,24.719,24.71,25.29,0,205659,620,1399,1
16.95,5.653470626E8,20.153,,-35.43,,,31.0,,,48,48,1,1,2014,1.486549969,1.457716768,0.718670428,0.789060385,2015,11,4,2,Health Care,Major Pharmaceuticals,male,male,Yes,sameYear,sameYear,Dec,0 - 100,2011 - present,0.2,-0.3042,-0.335,0.1,200098.0,12.0,10.0,14.0,13.0,24995,7.84,8.07,8.7,8.35,789377,69287,81655,35176,0
16.95,7.362581501E8,20.4171,117.84,53.31,0.4524,0.93,,,6.25,61,61,0,0,2017,0.765681325,1.390737942,1.519312856,1.671835168,2017,6,23,4,Consumer Services,Real Estate Investment Trusts,male,male,Yes,,,Dec,,2011 - present,0.048,-0.0095,0.0,0.043,1547545.6,19.0,18.13,19.03,18.25,4912454,19.04,18.93,18.95,18.82,832518,738322,462677,791757,0
17.01,3.717554381E8,19.7337,,-30.44,,,27.0,,,53,67,7,7,1997,0.204809333,1.259323952,1.723047835,1.692857863,2004,2,3,1,Health Care,Major Pharmaceuticals,male,male,Yes,No,No,Dec,0 - 100,1951 - 2000,0.0,-0.0101,-0.0799,0.0566,115621.8,129.0,129.0,160.0,152.7,458821,124.4,126.4,127.0,127.7,63322,25389,15004,15573,0
17.01,8.02205225E8,20.5029,49.88,-74.11,-1.4858,,,,16.08,,38,,-10,2010,-2.512783477,-1.78067944,-0.102898769,0.323708046,2000,1,28,4,,,,male,Yes,,No,Nov,,2001 - 2010,0.0234,0.0628,0.0571,0.076,1411420.0,10.938,10.688,11.75,10.938,5823300,10.688,10.563,11.688,11.625,607100,160800,233400,232500,0
17.11,5.557128155E8,20.1358,745.11,-7.42,-0.01,,4692.0,158804.35,0.75,63,64,17,17,1999,1.325027755,1.409238377,1.051088989,0.769162442,2016,4,21,3,Health Care,Hospital/Nursing Management,male,male,Yes,Yes,,Dec,1001 - 5000,1951 - 2000,0.0192,0.0377,0.0434,0.0346,1205579.4,26.5,26.0,27.4,26.5,4996106,26.6,26.89,28.14,27.5,469044,169857,174269,218621,0
17.14,1.963827755E9,21.3982,567.72,-159.13,-0.2803,0.25,,,3.46,58,45,0,0,2004,-0.725841535,0.28138078,-0.206163685,0.187635594,2004,9,28,1,,,male,male,Yes,No,No,Nov,,2001 - 2010,0.0,0.0176,0.0024,4.0E-4,360800.0,25.0,25.0,25.01,25.0,1260800,25.25,25.3,25.44,25.44,157300,97100,97700,191100,1
17.45,5.632820563E8,20.1493,57.29,37.08,0.6472,0.53,30.0,1909666.67,9.83,55,,2,2,2001,-1.096300894,-1.774177023,-0.831489181,-1.051179855,2003,2,3,0,Energy,Oil & Gas Production,male,female,Yes,Yes,,Dec,0 - 100,2001 - 2010,0.0,-0.1606,-0.0925,0.0625,13560.0,16.0,16.0,17.0,16.0,3200,15.1,14.3,13.0,13.43,3200,10600,41100,9700,1
17.45,3.224659994E9,21.8941,1080.0,-16.0,-0.0148,,,,2.99,45,45,3,3,2012,1.560979368,1.533679107,1.59325998,1.627248229,2015,5,15,4,Public Utilities,Electric Utilities: Central,male,male,Yes,No,No,Dec,,2011 - present,0.0012,-0.0396,0.0392,0.0227,674374.6,24.5,24.47,25.496,24.94,526099,23.75,23.57,23.5,23.53,777459,1172971,354772,540572,0
17.83,2.516755137E8,19.3437,,,,,,,,,53,,,,-1.951382281,-0.159379462,0.510088107,1.17864933,1998,7,31,4,,,male,male,,,No,,,Unknown,0.0,-0.0701,-0.2739,0.0127,42740.0,9.8125,9.8125,10.0625,9.9375,22900,9.75,9.5,9.125,9.125,27600,31700,87500,44000,0
17.87,7.791127433E9,22.7763,,,,,,,,50,,41,41,1976,-2.893165172,-0.432228097,0.583381931,1.105234783,2017,8,17,3,Technology,Computer Software: Prepackaged Software,male,,,No,,,,1951 - 2000,0.0,0.0237,0.1403,0.0018,106768.0,28.23,28.23,28.75,28.7,4396,27.87,28.66,29.22,28.9,2158,34151,93170,399965,1
17.9,6.278550837E8,20.2578,866.56,18.68,0.0216,,3954.0,219160.34,0.72,66,66,,-10,2008,-1.951382281,-0.159379462,0.510088107,1.17864933,1998,7,31,4,Capital Goods,Metal Fabrications,male,male,Yes,No,No,Oct,1001 - 5000,2001 - 2010,0.0,-0.0161,-0.1766,0.0229,47250.0,12.1111,12.1111,12.4444,12.1667,37800,11.5,11.3333,11.2222,11.9167,25875,46125,81225,45225,0
18.0,1.02361176E8,18.444,20.3,2.72,0.134,0.33,,,5.04,50,50,3,3,2004,-1.27473281,0.70136433,1.156636911,1.829050351,2007,1,5,4,Finance,Savings Institutions,male,male,Yes,No,No,Dec,,2001 - 2010,0.025,-0.0122,-0.0301,0.0417,135914.0,10.7924,10.5291,10.9678,10.5291,293610,10.7642,10.7484,10.7046,10.6607,73730,197794,82532,31904,0
18.07,1.22521828E9,20.9264,,,,,,,,,,,,,1.54121138,1.394326764,1.734950318,1.800572502,2014,11,5,2,,,,,,,,,,Unknown,0.0,-0.0051,-0.0749,0.0,2832.2,25.25,25.25,25.25,25.25,0,25.25,25.25,25.12,25.12,0,501,5660,8000,0
18.16,7.410227589E8,20.4235,19.09,-46.92,-2.4578,10.63,,,38.82,38,38,12,12,2001,2.012661839,1.795072155,2.268269291,1.9459282,2013,11,22,4,Consumer Services,Services-Misc. Amusement & Recreation,unknown,unknown,No,No,No,Dec,,2001 - 2010,0.1031,0.0395,0.4958,0.1125,1822599.2,20.01,18.14,22.04,20.0,6900371,20.31,20.03,20.8,20.8,1404815,520532,287278,0,1
18.18,1.904374453E9,21.3674,108.15,21.78,0.2014,0.05,,,17.61,60,,0,0,2017,0.706917059,1.511035441,1.961308678,1.708454036,2017,10,26,3,Energy,Natural Gas Distribution,male,,Yes,,,Dec,,2011 - present,0.0237,0.0678,0.0348,0.0682,5079814.2,17.25,16.85,18.0,16.85,18495687,17.58,17.65,18.0,18.42,3315223,705325,1226532,1656304,0
18.22,1.261703862E9,20.9557,,,,,,,,,,4,4,2007,0.904107381,0.992377936,1.237900351,1.57276668,2011,4,8,4,Consumer Services,Marine Transportation,,,,,,,,2001 - 2010,0.0419,-0.0141,-0.0338,0.0629,2541485.0,24.85,23.85,25.5,24.0,9920907,25.16,24.8,24.63,24.5,1226719,821890,419315,318594,1
18.3,7.135376424E8,20.3857,175.52,27.58,0.1571,0.3,394.0,445482.23,4.07,56,57,24,24,1990,1.664994785,1.332411436,1.630751305,1.748535933,2014,11,3,0,Finance,Major Banks,male,male,Yes,Yes,No,Dec,101 - 500,1951 - 2000,0.0367,0.0182,0.0048,0.2222,6980.4,9.33,9.0,11.5,9.5,19016,9.0,9.275,9.275,9.5,2420,4208,5928,3330,1
18.45,9.334107581E8,20.6544,463.33,52.35,0.113,,738.0,627818.43,2.01,59,59,0,0,2002,1.110742999,-0.190472659,-0.957139859,-1.561918087,2002,8,23,4,Finance,Major Banks,male,male,Yes,No,No,Dec,501 - 1000,2001 - 2010,0.0143,0.0246,0.0014,0.0335,910340.0,14.23,14.03,14.52,14.05,2819000,14.4,14.4,14.46,14.58,571700,327300,393900,439800,1
18.61,1.183442281E9,20.8917,,,,,,,,61,,0,0,2014,-3.13569172,-0.396390368,0.59575918,1.14544208,2014,9,25,3,Public Utilities,Natural Gas Distribution,male,,,No,,,,2011 - present,0.1343,-0.048,-0.0612,0.0709,3324988.6,30.4,26.8,30.4,28.5,14251380,29.52,28.72,28.1,28.94,936359,417239,719842,300123,0
18.91,6.154546554E8,20.2379,3920.0,20.97,0.0053,0.22,,,0.16,44,49,3,3,2007,-1.597846023,-0.610790025,0.046735507,0.809688255,2010,5,14,4,Technology,Semiconductors,unknown,unknown,No,,No,Dec,,2001 - 2010,0.0194,-0.2312,-0.1235,0.037,515064.0,11.01,10.8,11.4,11.0,1560580,10.74,10.25,9.74,8.465,233925,184272,176665,419878,1
19.0,6.70253139E8,20.3232,1520.0,5.54,0.0036,,6581.0,230967.94,0.44,48,52,1,1,2013,1.504249056,1.447196968,1.742729225,1.827902391,2014,7,24,3,Consumer Services,Newspapers/Magazines,male,male,Yes,No,No,Dec,5001 - 10000,2011 - present,0.1461,-0.1471,-0.2227,0.164,1075099.0,25.5,22.25,26.9,23.25,2765270,24.5,23.4,22.8,21.75,663932,95403,1426089,424801,0
19.03,2.031933578E8,19.1297,,,,,,,,68,68,5,5,1991,0.0,0.0,0.0,0.0,1996,5,17,4,Finance,Major Banks,male,male,,No,No,,,1951 - 2000,0.0278,0.027,0.009,0.0278,149132.6,12.0127,11.6882,12.3373,12.0127,462230,12.1209,12.0127,11.9045,12.3373,51050,101177,77846,53360,0
19.14,8.815990495E9,22.8998,5520.0,-557.1,-0.1009,0.02,11500.0,480000.0,1.6,56,56,155,155,1851,1.91199356,1.85069349,1.671418723,1.679125643,2006,9,20,2,Miscellaneous,Business Services,male,male,Yes,No,No,Dec,>10000,<= 1900,0.0368,0.0383,0.0383,0.0,6957220.0,18.3,17.65,20.0,20.0,10817200,17.72,17.35,18.03,19.0,4381400,11447700,2747300,5392500,1
19.18,8.890044121E8,20.6056,240.18,4.51,0.0188,,1644.0,146094.89,3.7,70,43,18,18,1996,1.218119892,1.772708681,2.083615689,1.840388135,2014,6,25,2,Health Care,Major Pharmaceuticals,male,male,Yes,Yes,No,Dec,1001 - 5000,1951 - 2000,0.3118,0.1143,0.0446,0.2924,1271337.8,8.75,6.67,8.95,7.0,4159688,10.01,10.5,10.01,9.75,1412940,395551,183753,204757,1
19.25,3.655772505E8,19.717,62.56,7.2,0.1151,0.17,300.0,208533.33,5.84,63,63,1,1,2005,1.806718168,1.806541689,1.546652774,1.587615876,2006,9,18,0,Finance,Major Banks,female,female,Yes,Yes,Yes,Dec,101 - 500,2001 - 2010,0.0,0.0,0.0352,0.0,200.0,12.8,12.8,12.8,12.8,1000,12.8,12.8,12.8,12.8,0,0,0,0,1
19.27,2.050326786E9,21.4413,2210.0,126.0,0.057,,4500.0,491111.11,0.93,54,,0,0,2017,0.7201511,1.441823698,1.691181109,1.6029667,2017,8,3,3,Basic Industries,Major Chemicals,male,,No,sameYear,,Dec,1001 - 5000,2011 - present,0.0118,-0.078,-0.0169,0.022,3383885.0,20.65,20.41,21.34,20.89,11443718,20.63,20.53,19.5,19.04,1708903,887001,2146576,733227,0
19.43,7.802017213E8,20.4751,,,,,,,,46,46,,,,0.378631008,1.097340048,1.206350668,1.612828771,2015,3,18,2,,,male,male,,Yes,Yes,,,Unknown,0.0282,0.0354,0.0683,0.0328,1132413.2,20.05,19.5,20.14,19.5,3679914,20.8,21.15,21.31,20.76,801712,524174,305544,350722,1
19.48,9.238417077E8,20.6441,269.89,33.48,0.1241,0.18,413.0,653486.68,3.42,52,36,3,3,2013,0.671294481,0.62810182,1.259437112,1.404174869,2016,9,22,3,Consumer Non-Durables,Package Goods/Cosmetics,unknown,male,Yes,Yes,Yes,Dec,101 - 500,2011 - present,0.1167,0.0015,0.0038,0.1433,3664793.8,26.5,23.73,27.4,24.0,13591518,25.33,25.26,24.6,26.54,2152512,531844,976674,1071421,1
19.48,1.0776356883E10,23.1006,,,,,,,,51,,,-9,2009,-3.108853819,-1.266619233,-0.93531121,-0.262968213,2000,4,14,4,Basic Industries,Paper,male,,,No,,,,2001 - 2010,0.0,-0.0167,0.0083,0.0,8.82675E8,6.0,6.0,6.05,6.05,3262875000,6.0,5.9,5.875,5.9,584875000,348375000,150625000,66625000,1
19.53,2.291689651E9,21.5526,980.63,151.97,0.155,,7486.0,130995.19,2.34,47,47,1,1,2013,0.571073624,0.97723655,1.309578029,1.532270673,2014,4,9,2,Consumer Services,Hotels/Resorts,male,male,Yes,No,No,Dec,5001 - 10000,2011 - present,0.049,-0.0129,-0.0491,0.0674,5992431.0,17.12,16.32,17.85,16.75,24900260,17.2,16.86,16.65,16.9,2444485,1545854,627864,443692,1
19.65,6.74951169E8,20.3302,588.15,25.07,0.0426,0.09,1545.0,380679.61,1.15,58,59,25,25,1987,0.831113713,1.378447014,1.625941563,1.637698511,2012,3,22,3,Capital Goods,Building Materials,male,male,No,Yes,No,Dec,1001 - 5000,1951 - 2000,0.0383,0.0765,0.117,0.0495,1331078.0,11.11,10.7,11.52,10.99,4904048,11.01,11.16,11.2,11.96,821433,400262,132312,397335,1
19.67,1.971273504E9,21.4019,1010.0,-111.8,-0.1107,0.04,185.0,5459459.46,1.95,49,39,1,1,2013,0.876066611,1.73675178,1.931618784,1.700185268,2014,6,13,4,Public Utilities,Electric Utilities: Central,male,male,No,No,sameYear,Dec,101 - 500,2011 - present,0.0571,0.0097,0.0124,0.0891,3845245.6,37.0,35.0,38.28,35.16,15448766,36.52,36.5,36.9,37.36,1702191,1099084,479811,496376,0
19.73,1.370230605E9,21.0382,1230.0,1.1,9.0E-4,0.06,5957.0,206479.77,1.11,58,58,155,155,1860,-0.215764279,0.077949738,0.590833684,1.058296255,2015,6,25,3,Technology,Industrial Machinery/Components,male,male,Yes,No,No,Dec,5001 - 10000,<= 1900,0.0273,0.0036,0.0215,0.0493,1986859.8,19.58,19.06,20.44,19.5,8344220,19.99,19.55,19.68,19.65,705086,165520,421550,297923,0
19.75,2.09146654E8,19.1585,100.03,7.58,0.0758,0.04,,,2.09,56,56,,-1,2004,1.291974199,2.014400744,1.337167851,1.833733978,2003,9,9,1,Finance,Major Banks,male,male,Yes,No,No,Dec,,2001 - 2010,0.0,0.0,0.0,,379.8,6.1607,6.1607,6.1607,,1899,6.1607,6.1607,6.1607,6.1607,0,0,0,0,0
19.75,1.050475462E9,20.7725,84.11,59.06,0.7022,1.54,,,12.49,38,38,3,3,2014,1.575114488,1.66737714,1.433871591,1.807886357,2017,5,5,4,Consumer Services,Real Estate Investment Trusts,male,male,Yes,Yes,Yes,Dec,,2011 - present,0.0795,-0.0059,0.0366,0.0824,613891.2,22.13,20.5,22.69,21.0,2033269,22.11,21.91,21.81,22.0,249412,114263,45292,627220,0
19.83,4.607158433E8,19.9483,143.89,95.2,0.6616,825.96,64.0,2248281.25,3.2,57,57,8,8,2006,0.739169921,0.781057347,1.134118102,1.536063041,2014,2,13,3,Health Care,Major Pharmaceuticals,male,male,Yes,Yes,Yes,Dec,0 - 100,2001 - 2010,0.0129,-0.0063,-0.019,0.0364,1012701.6,14.18,14.0,16.26,15.75,4158607,14.07,14.07,14.06,14.09,193503,0,311926,399472,0
19.88,3.363857426E8,19.6338,,,,,,,,54,54,,,,-2.591968621,-0.955348815,-1.16553115,-1.687836533,2011,11,23,2,,,male,male,,No,No,,,Unknown,0.002,0.0045,5.0E-4,0.001,152571.6,20.0,19.96,20.02,20.0,631046,20.0,20.0,20.0,20.09,0,69700,34875,27237,0
19.9,5.4333169E8,20.1132,239.18,-26.65,-0.1114,,346.0,691271.68,2.27,58,40,8,8,1996,-1.416519644,-1.099348585,0.042933278,0.885022748,2004,5,6,3,Finance,Investment Bankers/Brokers/Service,male,male,Yes,No,No,Dec,101 - 500,1951 - 2000,0.0756,-0.0732,0.0049,0.0756,894780.0,20.5,19.06,20.5,19.06,3488300,19.9,19.1,19.23,19.0,508200,268700,133500,75200,1
19.9048,3.184185984E8,19.5789,125.89,-8.43,-0.067,0.05,,,2.53,66,66,1,1,1999,-0.670869742,0.089234671,0.265026957,0.756418726,2000,8,3,3,Finance,Real Estate,male,male,Yes,No,No,Dec,,1951 - 2000,0.0125,-0.0123,-0.0432,0.0188,2020.0,10.125,10.0,10.188,10.0,2900,10.125,10.125,10.125,10.0,400,900,1200,4700,1
20.08,5.835695704E9,22.4873,3600.0,244.46,0.0679,0.07,9000.0,400000.0,1.62,48,48,,,,0.280783946,0.743349225,1.190708883,1.41120442,2014,4,17,3,Technology,"Computer Software: Programming, Data Processing",male,male,Yes,No,No,Dec,5001 - 10000,Unknown,0.0293,0.0212,-0.0242,0.0237,4441273.0,16.5,16.03,17.17,16.79,18330618,16.5,16.66,17.7,16.85,0,1509770,1391424,974553,1
20.1,9.49261494E8,20.6712,837000.0,-27.32,0.0,,42.0,1.992857142857E10,0.0,55,,24,24,1974,0.919432154,1.082694361,1.551243391,1.33131321,1998,1,2,4,Health Care,Major Pharmaceuticals,male,male,Yes,No,No,Dec,0 - 100,1951 - 2000,0.0,0.2727,-0.4,,23.2,2750.0,2750.0,2750.0,,1,2750.0,3150.0,3300.0,3500.0,2,19,78,16,0
20.13,9.183609158E8,20.6381,121.96,4.34,0.0356,0.25,30.0,4065333.33,7.53,55,55,1,1,2014,1.134999606,0.383538286,0.938532824,1.365474717,2015,2,6,4,Consumer Services,Real Estate Investment Trusts,male,male,Yes,,,Dec,0 - 100,2011 - present,0.0,0.029,0.0026,0.0123,994628.2,15.5,15.5,16.44,16.25,3498080,15.8,15.9,15.92,15.95,446325,677215,252056,99465,1
20.2,6.772804914E9,22.6362,3520.0,244.1,0.0693,0.64,1600.0,2200000.0,1.92,50,50,25,25,1987,0.296443341,0.576560264,1.061012856,1.369647338,2012,5,3,3,Finance,Investment Managers,male,male,Yes,No,No,Dec,1001 - 5000,1951 - 2000,0.0092,-0.0136,-0.0422,0.0206,6703037.0,22.05,21.85,22.45,22.0,13299419,22.05,22.01,22.0,21.75,6276244,2769711,6862653,4307158,1
20.4,6.051846946E9,22.5236,452.68,153.86,0.3399,1.36,372.0,1216881.72,13.37,56,56,6,6,1994,0.411288573,1.336755189,1.553504902,2.148802135,2000,4,11,1,Health Care,Biotechnology: Commercial Physical & Biological Resarch,male,male,Yes,No,No,Dec,101 - 500,1951 - 2000,0.0319,-0.0288,0.7489,0.0679,2338200.0,15.188,14.719,19.0,18.0,7303200,14.0,15.875,15.375,14.75,2643000,830100,451700,463000,1
20.5784,3.133281383E8,19.5628,,,,,,,,,61,,,,-0.06545979,0.954498153,0.863830946,-0.550133907,2009,5,27,2,,,,unknown,,,Yes,,,Unknown,0.0,5.0E-4,0.0,0.0125,161434.0,20.0,20.0,20.25,20.0,526200,20.03,20.14,20.0,20.01,91456,66847,92267,30400,0
20.64,5.461753704E8,20.1185,,,,,,,,,,,,,-0.136076203,1.027013363,1.565740269,1.504655371,2010,4,28,2,,,,,,,,,,Unknown,0.0,0.0,0.0,5.0E-4,128576.2,20.0,20.0,20.01,20.0,440678,20.01,20.01,20.01,20.0,62687,43318,43575,52623,0
20.64,5.922071318E8,20.1994,142.07,54.68,0.3849,0.4,194.0,732319.59,4.17,63,51,27,27,1990,1.679279591,1.909718109,2.306550486,1.883524027,2017,10,27,4,Finance,Major Banks,male,male,Yes,Yes,No,Dec,101 - 500,1951 - 2000,0.0326,0.0708,0.0577,0.0178,696980.8,16.8,16.27,17.29,17.0,2722260,17.1,17.16,17.41,17.99,412634,160131,51739,138140,0
20.86,1.109840864E8,18.5249,,,,,,,,51,,,,,0.106599577,0.443952191,0.374156833,0.051460383,2015,12,23,2,,,male,,,,,,,Unknown,0.0,5.0E-4,-0.0302,0.0,111652.2,19.5924,19.5924,19.5924,19.5924,0,19.5924,19.5924,19.543,19.6022,442189,0,98353,17719,0
20.93,2.878097235E9,21.7804,506.14,-154.96,-0.3062,,1784.0,283710.76,5.69,32,51,10,10,2005,0.264326609,0.374366501,0.959244657,1.350465783,2015,1,23,4,Technology,Computer Software: Prepackaged Software,male,male,Yes,Yes,Yes,Jan,1001 - 5000,2001 - 2010,0.1523,-0.1907,-0.1885,0.2247,1.2601949E7,23.23,20.16,24.73,20.2,42593223,22.6,21.3,19.78,18.8,8677164,3272512,5047364,3419482,0
21.03,4206000.0,15.252,,,,,,,,,,,,,2.384864422,2.527286681,2.078780752,1.694571703,2014,5,29,3,,,,,,,,,,Unknown,0.0,8.0E-4,4.0E-4,0.0,14483.6,25.0,25.0,25.06,25.06,7739,25.04,25.0152,25.0,25.02,3772,11140,11305,38462,0
21.1,9.509242289E8,20.6729,1030.0,74.95,0.0728,,6130.0,168026.1,0.92,55,52,0,0,1996,0.0,0.0,0.0,0.0,1996,10,4,4,Consumer Services,Professional Services,female,male,Yes,No,No,Dec,5001 - 10000,1951 - 2000,0.0256,0.0375,0.225,0.0513,1576830.0,13.333,13.0,14.0,13.3333,5529600,13.5,13.583,13.667,13.833,787800,343950,583950,638850,1
21.1542,9414951.715,16.0578,104.09,-1.85,-0.0178,0.35,101.0,1030594.06,0.09,55,,9,9,1992,-1.423222668,-1.871826285,-2.015592481,-2.47837261,2001,1,2,1,Miscellaneous,Office Equipment/Supplies/Services,male,female,Yes,No,,Jun,101 - 500,1951 - 2000,,0.0,0.0,,0.0,2.0,,,,0,2.0,2.0,2.0,2.0,0,0,0,0,0
21.32,7.919309096E8,20.49,77920.0,718.0,0.0092,1.2,,,0.01,51,,61,61,1936,-1.755718787,0.28051038,0.545345155,0.545345155,1997,3,19,2,Finance,Real Estate,male,,No,No,,Jun,,1901 - 1950,0.0067,0.0133,-0.02,0.0134,116800.4,16.3611,16.2521,16.5788,16.3611,378870,16.3612,16.5792,16.3612,16.5792,41599,73229,31515,58789,1
21.53,1.586408339E8,18.8822,,,,,,,,66,52,,,,-0.972951859,-0.134815168,0.726449545,1.335609987,2013,6,26,2,,,male,male,,Yes,No,,,Unknown,0.004,0.0014,4.0E-4,0.002,61747.2,25.0,24.9,25.0,24.95,254710,25.09,25.01,25.01,25.0359,14840,23902,10000,5284,0
21.63,4.780605713E8,19.9852,1200.0,-6.91,-0.0058,,2112.0,568181.82,0.4,63,39,27,27,1980,1.737772331,0.188236926,0.283007903,0.750427484,2007,12,6,3,Consumer Services,Other Specialty Stores,male,male,Yes,,No,Jan,1001 - 5000,1951 - 2000,0.0327,0.0443,0.5084,0.0305,542357.0,9.48,9.18,9.9,9.62,1917687,9.75,10.48,9.81,9.9,233725,217306,206355,136712,1
21.64,7.38172016E8,20.4197,2090.0,18.82,0.009,0.12,604.0,3460264.9,0.35,44,41,1,1,2011,-1.847403672,-0.421568766,0.594157527,0.940506557,2012,10,25,3,Energy,Oil Refining/Marketing,male,male,Yes,No,No,Dec,501 - 1000,2011 - present,0.006,0.0302,-0.0208,0.0119,627690.2,20.23,20.11,21.65,21.41,2734346,20.84,20.84,20.84,20.84,302185,0,0,101920,1
21.7,1.85143953E9,21.3392,,,,,,,,53,53,,,,-0.042678906,1.209491596,1.684055397,1.665204827,2004,1,28,2,,,male,male,,,,,,Unknown,0.0025,-0.002,0.005,0.0025,0.0,20.05,20.0,20.05,20.0,0,20.0,20.0,20.01,20.01,0,0,0,0,0
21.8,4.190571272E8,19.8535,285.78,20.21,0.0707,0.39,289.0,988858.13,1.47,84,84,28,28,1988,-0.695639784,0.655776453,0.729419249,0.446629571,2016,5,11,2,Consumer Non-Durables,Tobacco,male,male,Yes,Yes,Yes,Dec,101 - 500,1951 - 2000,0.0222,0.1798,-0.0731,0.0404,574243.2,10.12,9.9,10.4,10.0,1998385,10.25,10.85,11.6,11.94,271975,238314,206042,156500,1
21.8,6.190086456E8,20.2436,1220.0,28.15,0.0231,0.13,8231.0,148220.14,0.51,54,,4,4,2001,1.647386541,1.248424644,1.289658946,1.882174954,2005,2,11,4,Transportation,Trucking Freight/Courier Services,male,male,Yes,No,,Dec,5001 - 10000,2001 - 2010,0.0976,-0.0578,-0.0111,0.0805,902307.0,22.5,20.5,22.65,21.0,3271814,22.9,22.75,21.77,21.2,546604,194308,246052,252757,0
22.2,5.263116726E8,20.0814,365.96,28.12,0.0768,0.05,1274.0,287252.75,1.44,52,52,9,9,1999,-1.187808704,-1.261090585,-1.713797366,-2.350639917,2008,3,12,2,Basic Industries,Miscellaneous,male,male,Yes,No,No,Dec,1001 - 5000,1951 - 2000,0.0136,-0.007,0.0796,0.1793,25363.4,14.19,14.0,16.51,14.0,4800,13.87,13.56,13.0,14.09,54713,27661,17380,22263,0
22.32,1.946418278E9,21.3893,,,,,,,,55,,3,3,2014,0.210460004,1.083844034,1.669143726,1.735614335,2017,11,17,4,Technology,Computer Software: Prepackaged Software,male,,,Yes,,,,2011 - present,0.0,0.1615,0.1031,0.0077,4237753.0,13.0,13.0,15.0,14.9,15614647,13.09,13.57,15.1,15.1,2395977,1622903,1555238,0,0
22.34,1.627153984E9,21.2101,,,,,,,,,45,,,,-1.81321615,-0.150799534,0.640790033,1.210487596,2003,9,26,4,,,,male,,,No,,,Unknown,0.0,5.0E-4,0.02,0.001,201680.0,20.0,20.0,20.02,20.0,583100,20.01,20.01,20.01,20.01,127500,102100,100300,95400,1
22.43,4.728367791E9,22.2768,3920.0,150.12,0.0383,,9800.0,400000.0,1.21,61,61,82,82,1919,-1.388533338,-2.194519946,-2.661862808,-2.948485317,2001,3,23,4,Consumer Non-Durables,Packaged Foods,male,male,Yes,No,No,Dec,5001 - 10000,1901 - 1950,0.0,-0.044,0.0734,0.0,2089040.2,1.8172,1.8172,1.8436,1.8436,13668,1.6926,1.6927,1.7733,1.7372,109350,0,4368304,5953879,1
22.44,1.195703507E9,20.902,,,,,,,,57,,2,2,2015,-2.157590049,-0.158066832,0.731500188,1.345382588,2017,4,13,3,Energy,Coal Mining,male,,,Yes,,,,2011 - present,0.0286,0.0167,-0.0472,0.0714,3234318.0,18.0,17.5,18.75,17.5,11336551,18.0,19.0,18.46,18.3,0,1705291,1668900,1460848,1
22.6254,,,187.58,-66.88,-0.3565,10.38,68.0,2758529.41,,61,61,11,11,2006,0.333228455,1.175956039,1.734102098,1.764103507,2017,11,14,1,Health Care,Major Pharmaceuticals,female,female,Yes,Yes,Yes,Dec,0 - 100,2001 - 2010,0.0104,-0.0044,-0.0602,0.0,46197.2,24.25,24.0,24.45,24.45,90000,24.35,24.27,24.33,24.1434,81246,30911,17542,11287,0
22.76,1.39732002E9,21.0578,1190.0,38.0,0.0319,0.14,3221.0,369450.48,1.17,47,47,68,68,1928,0.0,0.0,0.0,0.0,1996,2,29,3,Consumer Services,Other Specialty Stores,male,male,Yes,No,No,Sep,1001 - 5000,1901 - 1950,0.0,0.0122,0.0061,0.0122,380560.0,20.5,20.5,20.75,20.5,1129600,20.5,20.5,20.625,20.75,245000,192200,162100,173900,0
22.78,1.24828279E9,20.945,15.39,-285.41,-18.5452,,340.0,45264.71,81.11,57,45,1,1,2013,0.079976004,0.787791772,1.165224702,1.342951343,2014,5,16,4,Health Care,Major Pharmaceuticals,male,female,No,,sameYear,Dec,101 - 500,2011 - present,0.5566,-0.0627,0.2369,0.5566,85823.2,22.96,14.75,22.96,14.75,419163,21.97,21.52,21.52,21.52,5053,4900,0,0,1
22.9,8.516487329E8,20.5627,190.76,34.14,0.179,0.12,368.0,518369.57,4.46,62,56,10,10,2004,-1.162952139,-0.301137803,0.62798948,1.121717934,2014,8,8,4,Finance,Major Banks,male,male,Yes,Yes,Yes,Dec,101 - 500,2001 - 2010,0.061,6.0E-4,0.0434,0.0641,492167.0,17.05,16.07,17.4,16.37,2200302,17.01,17.12,17.01,17.06,114282,41288,51982,52981,0
23.02,5.234371623E8,20.0759,,,,,,,,,39,,,,-0.25508514,-1.259886252,-1.465760185,-0.088706946,2006,6,26,0,,,,male,,,No,,,Unknown,0.0,0.03,-0.009,5.0E-4,26400.0,80.0,80.0,80.04,80.0,101750,80.0,80.2,80.72,82.4,13200,6275,4850,5925,1
23.19,1.896434835E9,21.3632,370.04,-15.0,-0.0405,0.39,2422.0,152782.82,5.12,44,44,13,13,2004,1.050983366,1.65205514,1.760228537,1.662903375,2017,7,28,4,Finance,Real Estate,male,male,Yes,Yes,Yes,Dec,1001 - 5000,2001 - 2010,0.1249,0.2535,0.147,0.1327,5417224.8,21.7,19.29,22.11,19.55,9493119,24.13,26.48,31.06,27.2,4397919,3757679,3666236,5771171,1
23.35,4.246059035E8,19.8667,9.01,-6.47,-0.7181,1.35,86.0,104767.44,47.13,38,38,7,7,2009,1.123723498,0.982751167,1.531550036,1.621202374,2016,9,6,1,Finance,Real Estate,male,male,Yes,Yes,Yes,Dec,0 - 100,2001 - 2010,0.0,0.0,0.0,0.0,20.0,15.0,15.0,15.0,15.0,100,15.0,15.0,15.0,15.0,0,0,0,0,0
23.44,2.374037938E9,21.5879,427.19,44.27,0.1036,2.36,137.0,3118175.18,5.56,,,0,0,2016,1.470052994,2.161340385,2.212055206,1.76257105,2016,12,14,2,Energy,Oil & Gas Production,,,Yes,,,Dec,101 - 500,2011 - present,0.004,-0.0372,-0.004,0.052,1664014.6,15.06,15.0,16.48,15.7,5854137,14.85,14.87,14.5,14.5,1420028,405502,363285,277121,0
23.46,6.9207E7,18.0526,,,,,,,,,,,,,-0.049360948,-0.859479049,-0.488812356,-1.070767402,2001,7,13,4,,,male,,,,,,,Unknown,,0.0,0.0,,0.0,21.7,,,21.618,,21.7,21.7,21.7,21.7,,,,,0
23.72,2.749197765E9,21.7346,1730.0,354.5,0.2049,0.27,2245.0,770601.34,1.59,61,61,87,87,1916,0.787601309,1.298985362,1.644774351,1.500912984,2003,12,5,4,Basic Industries,Major Chemicals,male,male,Yes,No,No,Dec,1001 - 5000,1901 - 1950,0.0,0.0437,0.45,0.0,17360.0,8.0,8.0,8.0,8.0,2000,8.625,8.6,8.4,8.35,11000,23000,27000,23800,1
23.77,1.821331943E9,21.3228,,-192.65,,,214.0,,,48,48,1,1,1999,1.273888127,0.190394969,0.493578443,1.059726547,2000,6,1,3,Health Care,Major Pharmaceuticals,male,male,Yes,No,No,Dec,101 - 500,1951 - 2000,0.1577,-0.1818,-0.1212,0.0702,3013.4,165.0,142.52,170.0,160.0,3205,160.0,170.0,160.0,135.0,4060,2117,2600,3085,0
23.84,,,5410.0,612.54,0.1132,0.24,3140.0,1722929.94,,50,50,16,16,2000,0.10782597,0.295597352,0.997750311,1.251170312,2016,9,23,4,Finance,Property-Casualty Insurers,male,male,No,No,No,Dec,1001 - 5000,1951 - 2000,0.0028,0.0,-0.0088,0.004,1478324.6,24.92,24.85,24.98,24.88,3053376,24.93,25.0,25.0,24.92,2308601,1296086,303699,429861,0
23.86,8.340521404E8,20.5418,485.26,18.58,0.0383,,3024.0,160469.58,1.72,52,52,1,1,1998,-1.959707654,-0.119775978,0.526864609,1.026015754,1999,7,29,3,Technology,EDP Services,male,male,Yes,No,No,Dec,1001 - 5000,1951 - 2000,0.0274,-0.1467,-0.2,0.2877,133320.0,9.375,9.125,12.0,9.375,414800,9.75,9.0,8.125,8.0,100200,28000,54200,69400,1
23.94,2.327676337E9,21.5681,303.6,30.93,0.1019,0.2,72.0,4216666.67,7.67,64,64,1,1,2010,0.347889601,0.480615171,1.017458753,1.424666524,2011,4,15,4,Consumer Services,Real Estate Investment Trusts,male,male,Yes,No,No,Dec,0 - 100,2001 - 2010,0.0208,-0.009,0.0408,0.0442,1371952.4,12.25,12.0,12.53,12.0,5296497,12.15,12.18,12.21,12.14,630420,225375,455978,251492,1
24.1,6.085132874E8,20.2265,927.4,26.8,0.0289,,8900.0,104202.25,0.66,57,54,27,27,1978,0.51096029,-0.612410372,-0.792604859,0.546793179,2005,5,6,4,Consumer Services,Clothing/Shoe/Accessory Stores,male,male,Yes,No,No,Jan,5001 - 10000,1951 - 2000,0.2132,-0.0551,0.1174,0.2244,1698395.0,12.435,10.25,12.575,10.275,6793424,12.255,12.05,12.125,11.75,805032,358766,282498,252255,1
24.2,1.018671218E9,20.7418,157.74,-19.63,-0.1244,0.72,330.0,478000.0,6.46,64,64,13,13,2000,0.058271622,0.579710159,1.055660733,1.286686159,2013,10,10,3,Health Care,Major Pharmaceuticals,male,male,Yes,Yes,Yes,Dec,101 - 500,1951 - 2000,0.0452,0.0176,0.0404,0.1004,1315131.8,24.99,23.91,26.4,24.0,5361700,26.1,25.38,25.01,25.43,549481,244457,322357,97664,0
24.36,,,5410.0,612.54,0.1132,0.24,3140.0,1722929.94,,50,50,17,17,2000,-0.109611368,1.012885472,1.477303104,1.451607924,2017,8,16,2,Finance,Property-Casualty Insurers,male,male,No,No,No,Dec,1001 - 5000,1951 - 2000,0.0028,0.0052,0.0237,0.0052,289537.4,24.85,24.78,24.99,24.86,444321,24.9,24.9,24.99,24.98,444674,127763,174781,256148,0
24.51,2.32845E7,16.9633,,,,,,,,,,,,,0.763536252,1.42988975,1.542325644,1.679790486,2014,9,8,0,,,,,,,,,,Unknown,0.0,8.0E-4,0.0048,0.0,440.2,25.03,25.03,25.03,25.03,0,25.03,25.03,25.03,25.05,0,500,1100,601,1
24.6,1.129654337E9,20.8452,1510.0,-145.35,-0.0963,0.19,2271.0,664905.33,0.75,50,44,14,14,1993,0.583631918,-0.583107699,-0.469219194,0.093995905,2007,12,11,1,Miscellaneous,Business Services,male,unknown,Yes,No,No,Dec,1001 - 5000,1951 - 2000,0.1405,0.0263,-0.0495,0.012,2370622.6,9.5,8.33,9.75,9.65,9547704,10.0,9.8926,10.0,9.75,1478707,296318,367331,163053,0
24.62,,,4430.0,105.85,0.0239,0.24,7570.0,585204.76,,,46,7,7,2009,0.647494276,1.139541485,1.116853581,1.046761782,2016,7,1,4,Finance,Property-Casualty Insurers,male,male,Yes,,sameYear,Dec,5001 - 10000,2001 - 2010,0.0193,-0.0012,0.0178,0.0153,353137.4,25.3,24.82,25.5,25.12,274992,25.3,25.3,25.3,25.27,0,494551,672023,324121,1
24.72,,,4430.0,105.85,0.0239,0.24,7570.0,585204.76,,,46,6,6,2009,0.0625337,0.77289734,0.999596227,1.456213048,2015,3,24,1,Finance,Property-Casualty Insurers,male,male,Yes,,No,Dec,5001 - 10000,2001 - 2010,0.0,0.0093,0.0065,0.0,953525.2,24.67,24.67,24.67,24.67,831700,24.81,24.84,24.92,24.9,1431911,1107767,753411,642837,1
24.8,2.086179472E8,19.156,71.68,8.09,0.1129,0.17,338.0,212071.01,2.91,57,57,12,12,1987,0.610852756,1.403717393,1.559724947,1.683824029,1999,12,2,3,Finance,Major Banks,male,male,Yes,No,No,Dec,101 - 500,1951 - 2000,0.0,0.0,0.0,0.0,48.6,14.8867,14.8867,14.8867,14.8867,243,14.8867,14.8867,14.8867,14.8867,0,0,0,0,1
24.8,4.818246399E9,22.2957,453.32,121.99,0.2691,0.2,80.0,5666500.0,10.63,60,60,3,3,2011,1.19298259,1.591090365,2.154714976,2.030346516,2014,11,18,1,Consumer Services,Real Estate Investment Trusts,male,male,Yes,Yes,Yes,Dec,0 - 100,2011 - present,0.013,0.0246,0.0549,0.0078,2638603.2,19.5,19.25,19.8,19.65,10252827,19.78,19.86,19.85,19.98,1367067,577367,283550,712205,1
24.87,2.957949263E8,19.5052,1.02,-21.56,-21.1373,1.55,13.0,78461.54,290.0,51,51,4,4,2002,-1.667499094,0.159671728,0.73910313,1.290200661,2006,4,12,2,Health Care,Major Pharmaceuticals,male,male,Yes,No,No,Dec,0 - 100,2001 - 2010,0.0497,-0.0589,-0.1109,0.0,5321.6,909.3,866.25,945.0,945.0,23207,892.5,892.5,896.7,855.75,1748,0,404,1249,0
24.93,,,1050.0,304.03,0.2896,0.15,3574.0,293788.47,,58,58,16,16,2001,0.884816697,1.243367346,1.807233661,1.810662603,2017,11,16,3,Finance,Major Banks,male,male,Yes,Yes,Yes,Dec,1001 - 5000,2001 - 2010,0.0164,0.0174,0.0252,0.0028,553099.0,25.36,24.95,25.4,25.33,1530000,25.75,25.5,25.7,25.8,619649,367777,148791,99278,0
24.99,8.722093741E9,22.8891,5030.0,306.2,0.0609,0.01,9381.0,536190.17,1.73,46,46,3,3,1996,0.050431577,-0.43674647,0.576373866,1.081637379,1999,6,25,4,Technology,Computer Communications Equipment,male,male,Yes,No,No,Dec,5001 - 10000,1951 - 2000,0.0519,0.4766,0.4754,0.0106,1.148206812E8,16.4791,15.6667,17.6666,17.5,272603088,16.5208,19.25,24.8333,24.3333,54997260,88380090,101116908,57006060,1
25.09,,,94.0,5.94,0.0632,0.1,,,,75,68,13,13,2003,1.525023027,1.132907775,1.094010134,0.843952686,2016,5,25,2,Consumer Services,Real Estate,male,male,Yes,Yes,Yes,Dec,,2001 - 2010,0.0101,0.0,0.0281,0.0081,26389.4,24.95,24.7,25.0,24.8,57304,24.9,25.0,25.0,24.95,40004,500,0,34139,1
25.3,,,414.42,30.83,0.0744,0.08,925.0,448021.62,,62,62,26,26,1987,-0.613172433,0.727888809,1.208882119,1.680773308,2013,4,19,4,Finance,Major Banks,male,male,Yes,Yes,Yes,Dec,501 - 1000,1951 - 2000,0.0069,0.0092,0.0413,0.0182,110773.6,24.92,24.75,25.35,24.9,159098,24.88,25.1,25.0,25.15,242779,25780,92880,33331,0
25.33,1.6725399E7,16.6324,,,,,,,,62,,,,,1.047581094,1.471339156,1.826689237,1.844608642,2014,7,14,0,Finance,Commercial Banks,male,male,,No,No,,,Unknown,0.0,-0.023,-0.0949,0.0,381.0,50.05,50.05,50.05,50.05,0,50.05,50.05,48.9,48.9,800,0,1105,0,0
25.35,,,,,,,,,,75,,,,,0.318622687,0.759653697,1.147295125,1.39971553,2015,5,11,0,,,male,male,,Yes,,,,Unknown,0.0,0.0198,0.0116,0.0,27046.4,24.76,24.76,25.0,25.0,31800,24.76,25.28,25.25,25.25,0,57912,30330,15190,1
25.45,5.218467426E9,22.3755,612.85,63.92,0.1043,0.33,270.0,2269814.81,8.52,59,59,6,6,2006,-0.288522654,-1.353233303,-0.389703275,0.401778223,2012,6,6,2,Consumer Services,Real Estate Investment Trusts,male,male,Yes,Yes,Yes,Dec,101 - 500,2001 - 2010,0.0092,0.006,-0.005,0.0153,197085.0,19.84,19.66,20.1,19.8,241799,19.78,19.7,19.9,19.96,220946,162111,198044,162525,1
25.5,1.285119599E9,20.9741,265.82,2.93,0.011,0.35,1211.0,219504.54,4.83,60,60,2,2,2013,1.64014993,1.231842616,1.480641472,1.606474431,2015,4,23,3,Consumer Services,Real Estate Investment Trusts,male,male,Yes,,,Dec,1001 - 5000,2011 - present,0.0236,0.0054,0.0508,0.0409,2577740.8,13.0,12.7,13.52,13.0,11165495,13.1,13.14,13.2,13.07,795288,292447,401473,234001,1
25.52,3.181194579E8,19.5779,99.11,11.92,0.1203,0.29,349.0,283982.81,3.21,52,52,13,13,1987,0.429562932,0.985557004,1.502872188,1.903900062,2000,1,7,4,Finance,Major Banks,unknown,unknown,Yes,No,No,Dec,101 - 500,1951 - 2000,0.0,0.0,0.0,0.0,1750.6,4.2265,4.2265,4.2265,4.2265,875,4.2265,4.2265,4.2265,4.2265,0,7878,0,0,0
25.6584,5.13168E7,17.7535,228.6,161.34,0.7058,1.94,7.0,3.265714286E7,0.22,52,50,3,3,2011,0.68552056,1.156276334,1.348694458,1.408543243,2014,5,19,0,Consumer Services,Real Estate Investment Trusts,male,male,Yes,No,No,Dec,0 - 100,2011 - present,0.0061,0.0028,0.0052,0.0069,190487.2,24.85,24.6996,24.87,24.7,576328,24.9,24.9,24.8801,24.92,223763,100250,35015,17080,1
25.66,,,50160.0,4910.0,0.0979,0.05,51504.0,973904.94,,52,,16,16,1991,-0.445838666,0.235146122,0.981216184,1.317931168,2007,7,10,1,Finance,Commercial Banks,male,,No,No,,Dec,>10000,1951 - 2000,0.0024,-0.0165,-0.0603,0.0012,123720.0,24.86,24.8,24.95,24.92,347700,24.55,24.5,24.48,24.45,101800,87000,27800,54300,0
25.7,3.082604747E8,19.5465,,,,,,,,53,53,,,,0.065693402,0.974372444,1.545037415,1.548796082,2010,11,24,2,,,male,male,,Yes,Yes,,,Unknown,0.004,-0.004,-0.0036,0.004,89608.0,25.0999,25.0,25.1,25.0,382445,25.0999,25.01,25.05,25.0,0,6340,23275,35980,0
25.72,3.03496E8,19.5309,,,,,,,,49,60,,,,0.556820125,0.489377745,1.057847226,1.224439824,2005,9,15,3,,,unknown,male,,Yes,No,,,Unknown,0.0013,-0.0142,-0.0283,0.0,18980.0,14.84,14.82,14.88,14.88,36300,14.99,14.87,14.8,14.63,18300,10300,12400,17600,1
25.85,3.355914727E8,19.6314,67.69,19.85,0.2932,,235.0,288042.55,4.96,63,63,4,4,1998,1.990296697,0.548344875,-0.537187478,-1.236237531,2002,10,21,0,Energy,Oilfield Services/Equipment,male,male,Yes,No,No,Dec,101 - 500,1951 - 2000,0.0706,-0.0967,-0.167,0.0,44420.0,4.55,4.25,5.0,5.0,121000,4.25,4.1,4.25,4.11,32800,35300,18300,14700,0
25.9,,,,,,,,,,,,,,,-1.189928178,-1.905054708,0.265639604,0.832652356,2016,10,11,1,,,,,,,,,,Unknown,0.0101,0.026,0.0294,0.0053,23768.0,25.0,24.75,25.0,24.87,76600,25.0,25.0,25.55,25.65,0,0,24575,17665,1
25.9,9.546976985E8,20.6769,1930.0,-35.19,-0.0182,,8700.0,221839.08,0.49,57,57,,,,0.512949597,0.166452393,0.016201251,0.816606718,2012,7,9,0,Consumer Services,Military/Government/Technical,female,female,Yes,No,No,Dec,5001 - 10000,<= 1900,0.0097,-0.1566,-0.1653,0.0,200306.6,20.75,20.55,22.5,22.5,122400,20.75,18.83,17.57,17.5,0,147700,526040,205393,0
25.92,,,1630.0,336.7,0.2066,0.12,5188.0,314186.58,,62,62,10,10,2006,-0.756388307,-1.222253703,0.237972803,0.804139705,2016,10,26,2,Finance,Savings Institutions,male,male,Yes,Yes,Yes,Dec,5001 - 10000,2001 - 2010,0.0061,-0.0099,-0.048,0.0069,624488.8,26.26,26.1,26.35,26.17,1631356,26.31,26.18,26.1,26.0,984948,428667,39123,38350,1
26.06,1.741418351E9,21.278,379.84,93.95,0.2473,0.06,1054.0,360379.51,4.58,61,61,0,0,2003,0.59389992,0.566436174,0.669576382,-0.645209885,2003,1,16,3,Finance,Savings Institutions,male,male,Yes,No,No,Dec,1001 - 5000,2001 - 2010,0.0333,0.0013,-0.0303,0.0167,5626960.0,15.5,15.0,15.5,15.25,23419300,15.85,15.85,15.56,15.52,2224700,0,1247400,1243400,1
26.12,1.306010448E7,16.3851,,,,,,,,,,,,,0.610572571,1.247672546,1.53630382,1.728039201,2016,8,16,1,,,,,,,,,,Unknown,0.0,-0.0016,-0.0549,0.0,24591.4,24.92,24.92,24.92,24.92,0,24.92,25.12,24.89,24.88,16715,55974,7554,42714,0
26.25,4.9875E8,20.0276,,,,,,,,56,56,,,,0.500005407,1.126637619,1.383899903,1.594998971,2014,9,10,2,Consumer Services,Farming/Seeds/Milling,male,male,,No,No,,,Unknown,0.0052,0.01,0.0269,0.0024,475632.6,24.95,24.82,24.98,24.92,965209,25.12,25.07,25.07,25.2,584259,507541,0,321154,1
26.26,,,61260.0,8380.0,0.1368,0.03,228687.0,267877.05,,46,56,49,49,1959,0.920493808,1.501738723,0.343706049,-0.506618311,2008,5,14,2,Finance,Savings Institutions,male,male,No,No,No,Dec,>10000,1951 - 2000,0.0093,0.0,-0.0038,0.0093,447498.2,26.09,25.85,26.25,26.01,379620,26.12,26.28,25.91,26.09,604832,415256,492782,345001,0
26.45,1.269307278E9,20.9617,215.43,42.47,0.1971,0.4,684.0,314956.14,5.89,50,50,,,,0.0,0.0,0.0,0.0,1996,7,3,2,Finance,Savings Institutions,male,male,Yes,No,No,Dec,501 - 1000,Unknown,0.0178,-0.0411,-0.0528,0.024,2094600.0,7.083,6.959,7.25,7.083,8223300,7.083,6.959,6.917,6.792,0,591900,825900,831900,1
26.5,5.031071375E8,20.0363,114.19,11.72,0.1026,0.13,486.0,234958.85,4.41,62,62,0,0,2012,-0.030180914,-0.147662604,-0.321717981,0.675380122,2012,7,11,2,Finance,Savings Institutions,female,female,Yes,No,No,Jun,101 - 500,2011 - present,0.0409,0.0256,0.0615,0.0507,1672153.2,11.7,11.24,11.82,11.25,6851645,11.93,12.0,11.93,12.0,712712,443644,99052,253713,1
26.61,1.30637737E9,20.9905,,,,,,,,57,39,,,,0.362160737,0.923911631,1.443605426,1.581288295,2004,2,27,4,,,unknown,male,,No,No,,,Unknown,0.0117,-0.0323,-0.04,0.0156,70900.0,25.99,25.69,26.1,25.7,72100,26.0,25.88,25.82,25.15,87200,90900,38300,66000,0
26.6102,6.386448E7,17.9723,,,,,,,,,,,,,-0.390398291,0.210468527,0.813420513,0.642116849,2016,6,14,1,,,,,,,,,,Unknown,0.0,0.0086,0.0462,0.0,1052.0,25.12,25.12,25.12,25.12,0,25.12,25.12,25.12,25.335,0,0,520,4740,1
26.65,5.450889464E8,20.1165,192.12,-2.36,-0.0123,,156.0,1231538.46,2.84,47,47,1,1,2010,-0.14481739,0.099686097,-0.214601474,-0.840161317,2011,12,15,3,Energy,Oil & Gas Production,male,male,Yes,No,No,Dec,101 - 500,2001 - 2010,0.0389,0.0125,0.0492,0.0,16287.6,1518.7113,1461.8015,1729.6124,1729.6124,56284,1517.5954,1468.4968,1509.7843,1537.6813,14461,3495,5389,1809,1
26.75,5.075716468E8,20.0451,968.22,35.03,0.0362,,9200.0,105241.3,0.52,59,59,51,51,1945,0.0,0.0,0.0,0.0,1996,10,11,4,Consumer Services,Other Specialty Stores,male,male,Yes,No,No,Jan,5001 - 10000,1901 - 1950,0.0813,0.0499,-0.0562,,2862235.8,3.951,3.654,4.099,,11561231,3.852,4.099,4.198,4.148,1183612,700143,664706,201487,0
26.76,2.345158386E9,21.5756,4290.0,28.36,0.0066,0.22,10576.0,405635.4,0.55,43,65,0,0,2016,-0.063932685,-0.750514987,0.647988253,1.045989207,2016,10,7,4,Consumer Durables,Automotive Aftermarket,male,male,Yes,Yes,Yes,Dec,>10000,2011 - present,0.0213,-0.0667,-0.0209,0.0272,2901223.4,22.5,22.03,24.35,23.75,11437686,22.26,21.7,21.4,21.0,946205,713714,742749,665763,1
26.77,5.004238385E9,22.3336,772.5,237.6,0.3076,0.32,593.0,1302698.15,6.48,63,61,1,1,2013,1.54121138,1.394326764,1.734950318,1.800572502,2014,11,5,2,Public Utilities,Natural Gas Distribution,male,male,Yes,sameYear,No,Dec,501 - 1000,2011 - present,0.0075,0.0121,0.0225,0.0097,6907576.6,28.03,27.82,30.77,30.5,30912742,28.25,28.07,28.3,28.37,1619222,566945,989553,449421,0
26.92,6.045074978E8,20.2199,,-91.76,,,38.0,,,48,,4,4,2013,0.466948805,1.511127051,1.709313549,2.144404107,2017,3,9,3,Health Care,Major Pharmaceuticals,unknown,,Yes,Yes,,Dec,0 - 100,2011 - present,0.0151,0.1179,0.1827,0.1153,45817.4,16.8,16.55,21.908,20.0,160300,19.25,19.25,18.3375,18.78,50859,0,6020,11908,1
27.03,,,858.87,-18.31,-0.0213,1.35,1864.0,460767.17,,34,34,1,1,2016,1.516558435,1.160790809,1.263619462,1.739724481,2017,4,28,4,Consumer Durables,Automotive Aftermarket,male,male,Yes,Yes,Yes,Dec,1001 - 5000,2011 - present,0.0374,-0.1009,-0.0333,0.0411,3755469.4,11.1,10.7,13.94,13.5,11297841,10.77,10.1,8.72,9.98,1291300,991549,3356488,1840169,1
27.06,4.787324203E9,22.2892,4380.0,389.9,0.089,0.08,19600.0,223469.39,1.09,59,59,82,82,1935,-0.391915834,0.673050027,1.147007556,1.698888313,2017,4,6,3,Transportation,Trucking Freight/Courier Services,male,male,Yes,Yes,Yes,Dec,>10000,1901 - 1950,0.0232,-0.0021,-5.0E-4,0.0129,5854597.6,19.0,18.57,19.74,19.5,16878321,19.0,19.31,18.69,18.96,2285396,4783249,1709800,3616222,1
27.25,1.195204348E8,18.599,31.93,2.59,0.0811,0.11,148.0,215743.24,3.74,58,58,1,1,2013,1.077820392,1.632976238,1.720933662,1.894214864,2014,1,15,2,Finance,Savings Institutions,male,male,Yes,,,Dec,101 - 500,2011 - present,0.0111,-0.0064,-0.0669,0.0231,388961.8,10.92,10.8,11.05,10.8,1610816,10.92,10.9,10.9,10.85,132608,123760,0,77625,1
27.29,2.1832E7,16.8989,,,,,,,,,,,,,-1.341689715,-1.931307584,-1.845104613,-1.851591694,2008,9,18,3,,,,,,,,,,Unknown,,0.0507,-0.3726,,1724.8,24.64,,,,0,26.12,27.15,26.22,25.89,520,2947,1450,3707,0
27.4,8.255147898E8,20.5315,242.67,-1.5,-0.0062,0.29,523.0,463996.18,3.4,47,47,14,14,2000,1.048647245,1.374169568,1.712106212,1.793758543,2014,7,18,4,Health Care,Medical Specialities,male,male,Yes,,,Dec,501 - 1000,1951 - 2000,0.0951,-0.064,-0.2061,0.0288,1160420.2,11.4,10.41,11.55,11.25,4233470,11.6,11.2,11.16,10.67,636699,509594,190278,232060,0
27.69,2.769E7,17.1366,366.13,86.44,0.2361,0.13,1782.0,205460.16,0.08,55,61,20,20,1984,0.362160737,0.923911631,1.443605426,1.581288295,2004,2,27,4,Finance,Major Banks,male,male,Yes,Yes,Yes,Dec,1001 - 5000,1951 - 2000,0.0,0.0019,0.0136,0.0019,6800.0,25.7,25.7,25.75,25.7,1400,25.7,25.65,25.69,25.75,1000,4800,21400,5400,1
27.835,1.182990284E7,16.2861,,,,,,,,,,,,,0.357261942,1.270366119,0.569544693,0.47014054,2015,11,23,0,,,,,,,,,,Unknown,0.0,0.004,-0.0277,0.0,620.0,24.8799,24.8799,24.8799,24.8799,0,24.8799,25.0,25.0,24.98,600,500,0,2000,1
27.95,8.200005099E8,20.5248,221.19,43.69,0.1975,0.21,855.0,258701.75,3.71,44,44,24,24,1973,-0.276453944,-0.506489584,-0.506489584,-0.506489584,1997,1,1,2,Finance,Major Banks,male,male,Yes,No,No,Dec,501 - 1000,1951 - 2000,0.0,-0.0348,0.0,0.0,6377.6,9.143,9.143,9.143,9.143,0,8.699,8.699,8.635,8.825,19687,0,389,11812,1
27.96,6.31896E8,20.2642,,,,,,,,,,,,,-1.734246429,-0.8804951,0.501102651,1.113381501,2014,1,31,4,,,,,,,,,,Unknown,0.0,0.0,0.0012,0.0,0.0,24.72,24.72,24.72,24.72,0,24.72,24.72,24.72,24.72,0,0,0,0,0
27.97,1.458103399E9,21.1004,1850.0,40.48,0.0219,0.12,21301.0,86850.38,0.79,48,48,8,8,1999,-2.44696782,-1.126213137,-1.501169482,-0.287298568,2007,11,9,4,Health Care,Hospital/Nursing Management,male,male,Yes,No,No,Dec,>10000,1951 - 2000,0.0746,0.0161,-0.005,0.024,649970.6,4.4026,4.0971,4.4626,4.3644,1966352,4.3999,4.5417,4.5281,4.4735,360307,117620,707582,97992,0
28.17,4.586188117E8,19.9437,258.98,37.06,0.1431,0.04,2659.0,97397.52,1.77,74,35,5,5,1991,0.0,0.0,0.0,0.0,1996,8,9,4,Consumer Services,Other Consumer Services,male,male,Yes,sameYear,No,Dec,1001 - 5000,1951 - 2000,0.1579,0.0076,0.0758,0.0175,429400.0,16.5,14.25,16.75,16.5,1601500,16.5,16.375,16.375,16.625,260900,162800,59500,62300,1
28.31,2.034450702E9,21.4335,626.26,224.44,0.3584,,1100.0,569327.27,3.25,46,46,19,19,1998,-0.803905822,-0.128656429,0.833775945,1.362039769,2017,5,18,3,Technology,EDP Services,unknown,unknown,Yes,,,Dec,1001 - 5000,1951 - 2000,0.2402,0.096,0.0267,0.2422,2267221.8,24.68,19.9,24.72,19.9,8692966,24.6,25.0,25.8,27.05,1295135,437533,368725,541750,1
28.35,1.017890052E9,20.741,302.94,46.9,0.1548,,797.0,380100.38,3.36,55,55,4,4,2010,0.154716145,0.678958668,1.134554337,1.392778621,2014,4,16,2,,,male,male,Yes,Yes,Yes,Dec,501 - 1000,2001 - 2010,0.0027,0.016,0.0491,0.0082,579005.0,29.33,29.25,30.24,30.0,2437464,29.44,29.44,29.31,29.8,259247,0,46130,152184,1
28.55,7.973605308E8,20.4968,221.99,46.46,0.2093,0.35,616.0,360373.38,3.59,51,51,7,7,1993,0.411288573,1.336755189,1.553504902,2.148802135,2000,4,11,1,Capital Goods,Electronic Components,male,male,No,No,No,Dec,501 - 1000,1951 - 2000,0.2447,-0.1795,-0.2023,0.2376,1221460.0,21.938,17.625,22.188,18.0,4895100,18.5,18.0,18.031,18.0,783800,143400,226700,58300,0
28.64,,,1780.0,255.0,0.1433,,4308.0,413184.77,,57,57,0,0,2013,1.812879565,2.012682757,1.80640219,1.929380357,2013,1,10,3,Consumer Services,Broadcasting,male,male,Yes,,,Dec,1001 - 5000,2011 - present,0.0763,0.0054,0.0153,0.0891,1.97506226E7,20.1595,18.7298,20.3987,18.7298,31294666,20.3672,20.3246,20.3802,20.2689,46621006,12517855,4162176,4157410,1
28.82,5.1876E8,20.067,7620.0,2170.0,0.2848,0.2,18125.0,420413.79,0.07,55,55,38,38,1975,0.996105098,1.40489011,1.826753378,1.818969691,2013,12,6,4,Finance,Major Banks,male,male,Yes,No,No,Dec,>10000,1951 - 2000,0.0056,-0.0176,0.0052,0.0036,554079.6,25.04,24.9,25.04,24.95,651190,24.95,24.92,24.75,24.6,833595,475561,488156,321896,1
28.96,6.516002896E7,17.9924,,,,,,,,,,,,,1.472140962,-0.285172202,-0.905834407,-0.84594065,2015,10,7,2,,,,,,,,,,Unknown,0.0,-0.0126,0.0323,0.0,63480.6,25.39,25.39,25.39,25.39,0,25.39,25.39,25.48,25.07,0,9898,131730,175775,0
29.02,1.1373025379E10,23.1545,1110.0,-111.7,-0.1006,0.31,1858.0,597416.58,10.25,34,46,11,11,2007,-3.055459771,-2.361762164,-0.800089392,0.32265232,2018,3,23,4,Technology,Computer Software: Prepackaged Software,male,male,Yes,Yes,Yes,Dec,1001 - 5000,2001 - 2010,0.023,0.0973,0.0154,0.0934,2.01837654E7,28.48,27.84,31.6,29.0,56108660,30.45,29.9,30.98,31.25,16985727,6910962,5113289,15800189,0
29.06,2.00795882E9,21.4204,,,,,,,,,,,,,1.548396828,2.054359659,1.850581693,1.556583088,2017,9,20,2,Consumer Services,Transportation Services,,,,,,,,Unknown,0.1387,0.0072,0.0157,0.1304,2903180.8,31.78,27.91,32.64,29.0,10174576,30.84,32.16,31.89,32.01,1572995,1396517,1005557,366259,0
29.08,9.21370371E8,20.6414,13.11,-79.26,-6.0458,,202.0,64900.99,70.28,45,,2,2,2012,-1.806218478,-1.909799609,0.014840043,0.782365824,2014,2,5,2,Health Care,Major Pharmaceuticals,male,,No,No,,Dec,101 - 500,2011 - present,0.0,0.0856,0.0527,0.0513,1200148.4,14.61,14.61,17.75,17.0,4689665,13.41,14.79,15.57,15.86,515345,194327,314762,286643,0
29.1,8.526135294E8,20.5638,159.75,38.62,0.2418,0.34,517.0,308994.2,5.34,57,57,0,0,2005,0.059981884,0.226646957,0.876221918,1.14449459,2005,10,3,0,Finance,Major Banks,male,male,Yes,No,No,Dec,501 - 1000,2001 - 2010,0.0522,-0.0289,-0.076,0.0435,48883.8,60.5,57.5,62.5,60.0,151388,60.5,59.25,59.55,58.75,72200,15540,2022,3269,0
29.12,1.758280772E9,21.2876,597.15,75.74,0.1268,,14.0,4.265357143E7,2.94,55,55,1,1,2009,-2.969416563,-0.484604932,0.467170122,1.058831724,2010,1,22,4,Consumer Services,Real Estate Investment Trusts,male,male,Yes,sameYear,sameYear,Dec,0 - 100,2001 - 2010,0.0405,0.0,0.0526,0.0027,799401.6,19.0,18.26,19.3,19.25,3492458,19.04,19.01,18.99,19.0,229100,153200,70800,51450,1
29.16,8.866129784E8,20.6029,,-42.43,,,31.0,,,,,8,8,2010,1.855945229,2.428793157,2.632459623,2.971076489,2018,1,26,4,Health Care,Major Pharmaceuticals,male,male,Yes,,,Dec,0 - 100,2001 - 2010,0.1015,0.0118,0.5488,0.1785,1146485.6,29.74,27.0,32.82,28.0,4365802,29.75,30.0,30.6,30.09,677728,212258,319805,156835,0
29.2,1.090386838E9,20.8098,489.16,59.85,0.1224,0.06,621.0,787697.26,2.23,48,48,1,1,2013,-1.806218478,-1.909799609,0.014840043,0.782365824,2014,2,5,2,Capital Goods,Building Materials,male,male,Yes,No,No,Dec,501 - 1000,2011 - present,0.085,0.1396,0.3055,0.0957,1817343.4,15.19,14.0,16.0,14.66,7478549,16.9,17.3,17.27,17.31,1120563,151513,229393,106699,1
29.22,1.044933995E9,20.7672,1220.0,-5.86,-0.0048,0.18,4500.0,271111.11,0.86,46,46,0,0,2015,1.233165331,0.903124474,0.190924664,0.16707584,2015,10,27,1,Technology,Diversified Commercial Services,male,male,Yes,sameYear,sameYear,Dec,1001 - 5000,2011 - present,0.0,6.0E-4,-0.0933,0.0189,315.6,18.0,18.0,19.36,19.02,1100,18.0,18.0,18.0,18.0101,0,0,0,478,0
29.39,1.858422572E9,21.343,333.33,-99.41,-0.2982,0.06,2400.0,138887.5,5.58,,,32,32,1985,1.577813412,1.666618391,2.12967206,1.840099084,2017,11,1,2,Technology,Computer Software: Prepackaged Software,,,Yes,,,Dec,1001 - 5000,1951 - 2000,0.1063,0.0655,0.2092,0.1136,2152893.6,18.31,16.55,18.98,17.1,7533536,17.41,19.37,18.97,19.51,952072,842709,427430,1008721,0
29.44,1.236480589E8,18.6329,,,,,,,,,,,,,1.797047307,1.575872029,0.828879518,0.932217149,2015,11,3,1,,,,,,,,,,Unknown,0.0,0.0,-0.0079,0.0,200.0,25.24,25.24,25.24,25.24,0,25.24,25.24,25.24,25.24,0,0,1000,0,0
29.45,9.26681681E8,20.6471,463.9,78.84,0.17,0.33,765.0,606405.23,2.0,64,70,2,2,2010,1.396477303,1.54873723,1.962436733,1.41220502,2012,2,21,1,Finance,Major Banks,male,male,Yes,Yes,Yes,Dec,501 - 1000,2001 - 2010,0.0,-0.0833,-0.15,0.0,115.2,10.9091,10.9091,10.9091,10.9091,136,10.9091,10.9091,10.9091,10.0,220,0,0,220,1
29.66,1.855909248E8,19.0391,45.74,8.2,0.1793,0.22,214.0,213738.32,4.06,55,55,1,1,1995,0.0,0.0,0.0,0.0,1996,8,5,0,Finance,Major Banks,male,male,Yes,No,No,Dec,101 - 500,1951 - 2000,0.0,0.0,0.0152,0.0114,1663.0,6.3492,6.3492,6.4214,6.3492,8315,6.3492,6.3492,6.3492,6.3492,0,0,0,0,1
29.72,2.177985887E9,21.5017,44.79,-607.7,-13.5678,,170.0,263470.59,48.63,59,52,4,4,1996,0.475259852,0.947399095,0.890462151,1.20697072,2000,8,8,1,Health Care,Major Pharmaceuticals,male,male,Yes,No,No,Dec,101 - 500,1951 - 2000,0.2091,-0.0894,0.0951,0.0313,1372959.8,21.688,17.938,22.25,21.688,5046900,23.938,20.75,21.0,19.75,779000,278600,255800,504499,1
29.7227,5944540.0,15.598,,,,,,,,,,,,,0.078351539,0.21976051,0.270577719,-0.084051546,2015,12,28,0,,,,,,,,,,Unknown,0.0,-0.0173,-0.1141,0.0,1829.4,25.43,25.43,25.43,25.43,0,25.43,25.16,24.99,24.99,947,1100,7100,0,0
29.74,,,,,,,,,,,,,,,0.078351539,0.21976051,0.270577719,-0.084051546,2015,12,28,0,,,,,,,,,,Unknown,0.0,-0.0155,-0.0571,0.0,1157.4,25.24,25.24,25.24,25.24,0,25.24,25.24,24.85,24.85,287,0,5500,0,1
29.98,5.27648E8,20.0839,,,,,,,,,,,,,-2.464933035,-1.467548687,-1.879479206,-0.593736519,2007,11,12,0,,,,,,,,,,Unknown,,0.0,0.0477,,0.0,48.18,,,,0,48.18,48.18,48.18,48.18,0,0,0,0,0
30.05,6.172985791E8,20.2409,1990.0,45.77,0.023,0.04,7600.0,261842.11,0.31,58,54,17,17,1993,1.615358224,1.847952851,1.404654898,1.467762607,2010,10,15,4,Capital Goods,Auto Parts:O.E.M.,male,unknown,Yes,No,No,Dec,5001 - 10000,1951 - 2000,0.018,-0.0023,0.0915,0.0149,786621.0,13.0,12.77,13.74,13.55,3436062,13.0,12.95,13.0,12.97,286297,109807,69295,31644,1
30.05,8.578780077E8,20.57,239.46,-4.0,-0.0167,0.16,941.0,254473.96,3.58,46,46,6,6,2005,-1.425144297,-2.484435186,-3.369208329,-0.955426173,2011,8,11,3,Technology,EDP Services,male,male,Yes,No,No,Dec,501 - 1000,2001 - 2010,0.1435,0.2583,0.0202,0.2407,775359.2,12.35,10.8,13.4,10.8,1201116,13.0,15.07,17.14,15.54,1673679,311133,403676,287192,0
30.05,2.186303466E9,21.5055,21230.0,2440.0,0.1149,0.4,,,0.1,61,,37,37,1979,-1.608840558,0.077614104,0.409107926,0.145541557,2016,5,19,3,Finance,Commercial Banks,male,male,No,Yes,,Dec,,1951 - 2000,0.0222,-0.0096,0.0565,0.0133,1923802.8,11.5,11.25,11.6492,11.5,7098505,11.5,11.2,11.52,11.39,1085822,511140,558141,365406,1
30.3,4.385324151E8,19.8989,4.79,-39.19,-8.1816,0.35,95.0,50421.05,91.55,53,53,18,18,1997,1.143176255,0.22996116,0.870044493,1.299121334,2015,2,3,1,Public Utilities,Telecommunications Equipment,male,male,Yes,Yes,Yes,Mar,0 - 100,1951 - 2000,0.0256,0.0992,0.2568,0.0256,35648.2,40.0,39.0,40.0,39.0,24710,41.0,42.0,43.0,43.97,782,409,940,151400,0
30.3122,1.242800503E8,18.638,,,,,,,,,,,,,1.311634052,1.42231382,0.681510874,0.739815084,2015,11,5,3,,,,,,,,,,Unknown,4.0E-4,0.0,-0.0072,4.0E-4,580.0,25.07,25.06,25.07,25.06,2900,25.07,25.07,25.07,25.07,0,0,0,0,0
30.41,4.744160371E9,22.2802,1770.0,78.6,0.0444,0.1,6200.0,285483.87,2.68,57,57,39,39,1961,-0.238555582,0.386292274,0.48317528,0.911802468,2000,8,4,4,Capital Goods,Biotechnology: Laboratory Analytical Instruments,male,male,Yes,Yes,Yes,Dec,5001 - 10000,1951 - 2000,0.2019,0.0731,1.0189,0.2459,2385759.8,23.063,19.188,25.188,20.47,9184300,23.875,25.0,25.375,24.75,1006599,483700,487200,767000,1
30.76,2.509409444E9,21.6433,351.58,88.5,0.2517,0.11,680.0,517029.41,7.14,54,54,14,14,2003,1.680241529,2.137342704,2.261975299,2.304730329,2017,12,15,4,Technology,Radio And Television Broadcasting And Communications Equipment,male,male,Yes,Yes,Yes,Dec,501 - 1000,2001 - 2010,0.0868,0.0903,0.4243,0.1162,957780.0,14.4,13.25,15.129,13.59,3320879,14.6,14.9,14.79,15.7,550910,465817,121603,329691,0
31.0,5.9252811E7,17.8973,20.79,3.65,0.1756,0.11,65.0,319846.15,2.85,77,49,0,0,2005,-1.903836828,-0.397771116,0.587860843,0.984948576,2005,1,21,4,Finance,Savings Institutions,male,male,Yes,No,No,Jun,0 - 100,2001 - 2010,0.0313,0.0101,0.002,0.0,69560.0,9.9,9.6,10.0,10.0,202300,10.05,10.1,10.1,10.0,46900,28900,44900,24800,1
31.05,3.7269954599E10,24.3415,7240.0,1470.0,0.203,0.4,2361.0,3066497.25,5.15,71,48,22,22,1985,-1.27044519,0.362849902,1.033707443,1.339858012,2007,6,22,4,Finance,Investment Managers,male,male,Yes,,No,Dec,1001 - 5000,1951 - 2000,0.0237,-0.1532,-0.2598,0.0409,4.17303826E7,34.3958,33.6011,37.2801,35.9066,115255478,31.8254,30.1674,29.3532,29.1275,36000234,30167256,18413230,8815715,0
31.2,4.962173736E8,20.0225,163.4,33.53,0.2052,0.09,656.0,249085.37,3.04,50,50,68,68,1931,0.050431577,-0.43674647,0.576373866,1.081637379,1999,6,25,4,Finance,Major Banks,male,male,Yes,No,No,Dec,501 - 1000,1901 - 1950,0.0714,-0.0417,-0.0375,0.0446,134880.0,15.0,14.0,15.625,15.0,384600,14.875,15.125,15.0,14.375,48100,56500,69100,116100,0
31.32,2.531149353E9,21.6519,1200.0,344.6,0.2872,0.42,260.0,4615384.62,2.11,49,56,,-10,2015,-2.134853753,-3.174089486,-1.001390985,-0.47840121,2005,10,12,2,Technology,Diversified Commercial Services,male,male,No,No,No,Dec,101 - 500,2011 - present,0.0141,0.0167,-0.0272,0.0141,963080.0,18.0,17.75,18.25,18.0,4243400,18.0,18.0,18.22,18.3,318500,123900,72800,56800,1
31.49,4.925175784E9,22.3176,705.71,68.22,0.0967,0.16,293.0,2408566.55,6.98,55,55,1,1,2009,-0.74049084,-1.349921074,-1.327344219,-0.115186568,2010,6,24,3,Finance,Real Estate,male,male,Yes,,,Dec,101 - 500,2001 - 2010,0.0199,-0.0086,-0.0718,0.0176,671143.4,17.4,17.06,17.8,17.5,2595006,17.61,17.45,17.33,17.25,233171,92513,290278,144749,0
31.6,3.078304836E8,19.5451,80.77,14.28,0.1768,0.26,126.0,641031.75,3.81,67,67,0,0,2011,-0.742883421,-0.98071315,-1.627022319,-1.774806107,2011,10,5,2,Finance,Major Banks,male,male,Yes,,,Dec,101 - 500,2011 - present,0.0039,-0.0097,-0.001,0.0097,669282.6,10.31,10.27,10.7,10.6,1991056,10.3,10.17,10.22,10.21,416363,259033,408512,271449,1
31.6,4.341798288E8,19.889,755.24,14.57,0.0193,,5600.0,134864.29,0.57,59,59,59,59,1946,2.064376582,0.239708874,0.004408811,0.857377044,2005,5,18,2,Consumer Services,Clothing/Shoe/Accessory Stores,male,male,Yes,No,No,Jan,5001 - 10000,1901 - 1950,0.0129,-0.0446,0.2006,0.0,940504.0,15.7,15.5,16.95,16.95,3856714,15.55,14.75,14.91,15.0,146176,500746,115604,83280,1
31.64,3.6386E8,19.7123,,,,,,,,,,,,,0.485089435,1.146828146,1.575677464,1.652124792,2010,12,1,2,,,,,,,,,,Unknown,,0.0113,0.0295,,4472.0,25.05,,,,0,25.05,25.04,25.05,25.334,5400,6750,1600,8610,0
31.75,4.545415725E7,17.6322,25.4,-3.1,-0.122,,161.0,157763.98,1.79,54,54,,-3,2003,1.304978709,-0.390154832,-0.464542167,-0.149836832,2000,10,31,1,Finance,Major Banks,male,male,Yes,No,No,Dec,101 - 500,2001 - 2010,0.0125,0.0,0.0308,0.0,137.4,162.0,160.0,162.0,162.0,687,162.0,162.0,162.0,162.0,0,0,0,0,0
31.75,4.148440078E8,19.8434,80.45,10.62,0.132,0.44,415.0,193855.42,5.16,54,54,8,8,1995,0.958464192,0.55925298,0.466579614,-0.750829471,2003,1,2,3,Finance,Major Banks,unknown,unknown,Yes,No,No,Dec,101 - 500,1951 - 2000,0.0,0.0,0.0,0.0,120.0,8.0,8.0,8.0,8.0,600,8.0,8.0,8.0,8.0,0,0,0,0,0
31.91,5.645663667E8,20.1516,,,,,,,,,,18,18,1999,0.81283096,1.31987452,1.861189473,1.817345163,2017,11,10,4,Technology,Computer Software: Prepackaged Software,,,,,,,,1951 - 2000,0.0311,-0.0562,-0.0019,0.0462,675410.6,21.19,20.55,22.0,21.05,2409304,20.3,20.09,20.04,20.0,419960,151333,146205,250251,0
32.3,7.15747974E8,20.3888,1560.0,50.9,0.0326,0.17,1926.0,809968.85,0.46,56,56,6,6,2007,0.864889886,1.708010557,1.837725911,2.210434397,2013,5,23,3,Capital Goods,Metal Fabrications,male,male,Yes,No,No,Dec,1001 - 5000,2001 - 2010,0.1532,-0.0362,-0.0096,0.1915,727595.4,13.55,11.75,14.0,11.75,2811046,12.96,12.96,13.5,13.06,450931,0,198103,177897,1
32.36,1.4956837336E10,23.4284,15090.0,113.3,0.0075,,37000.0,407837.84,0.99,52,54,,-14,2015,-2.395340802,-0.027483612,-0.642257101,-1.217914622,2001,6,14,3,Energy,Metal Fabrications,male,female,No,No,No,Dec,>10000,2011 - present,0.028,-0.0545,-0.1773,0.0397,8899881.2,5.2212,5.0788,5.3161,5.1144,26181203,5.1856,5.1025,4.9483,4.9364,5201267,3388577,4222448,5505911,0
33.0442,,,,,,,,,,,,,,,1.840506299,1.498255235,0.744785888,0.829993387,2015,11,2,0,,,,,,,,,,Unknown,0.0,-0.0025,-0.0057,0.0,8662.8,25.314,25.314,25.314,25.314,0,25.314,25.4433,25.19,25.2501,5514,18743,9914,9143,0
33.09,1.489056618E7,16.5162,,,,,,,,61,61,,,,1.906832458,1.639131468,1.841666337,2.660524108,2006,12,5,1,,,male,male,,Yes,Yes,,,Unknown,,-0.0035,-0.005,,14420.0,20.0,,,,0,19.95,19.89,19.88,19.93,0,11800,35200,25100,0
33.1,4.386667532E8,19.8993,147.17,27.86,0.1893,0.28,281.0,523736.65,2.98,69,69,6,6,2007,0.047169825,0.528701786,1.029867004,1.300359093,2013,10,4,4,Finance,Major Banks,male,male,Yes,,,Dec,101 - 500,2001 - 2010,0.0,0.0,0.0,0.0,1000.0,12.9,12.9,12.9,12.9,5000,12.9,12.9,12.9,12.9,0,0,0,0,0
33.25,9.46863309E8,20.6687,3690.0,42.51,0.0115,,1843.0,2002170.37,0.26,58,58,49,49,1947,0.0,0.0,0.0,0.0,1996,2,20,1,Consumer Services,Farming/Seeds/Milling,male,male,Yes,No,No,Dec,1001 - 5000,1901 - 1950,0.0376,-0.3226,-0.2581,0.1422,323940.0,5.1667,4.9793,5.875,5.1667,704100,5.25,4.8333,4.1667,3.5,299700,194700,131100,290100,0
33.29,3.577739385E9,21.998,792.46,97.39,0.1229,0.06,2100.0,377361.9,4.51,60,60,40,40,1958,1.969559963,1.981991233,2.569051261,1.978900199,1998,3,10,1,Miscellaneous,Business Services,unknown,unknown,No,No,No,Dec,1001 - 5000,1951 - 2000,0.0181,0.0799,0.1272,0.018,3388680.0,3.521,3.4583,3.5833,3.521,12505800,3.594,3.7293,3.625,3.8023,1705200,1165800,1142400,424200,1
33.31,1.176655564E9,20.8859,340.75,-3.86,-0.0113,0.04,863.0,394843.57,3.45,58,58,5,5,2000,0.339031409,0.366939808,0.941314727,1.185139368,2005,9,29,3,Health Care,Medical Specialities,female,female,Yes,No,No,Dec,501 - 1000,1951 - 2000,0.0,-0.1191,-0.234,0.0213,842821.4,11.75,11.75,12.25,12.0,2628289,11.55,11.69,11.55,10.35,210289,137422,228042,1010065,0
33.51,5.09352E8,20.0486,,,,,,,,,,,,,0.902053314,1.376268598,1.521877455,1.790838159,2014,1,22,2,,,,,,,,,,Unknown,0.0036,-0.0291,-0.0175,0.004,13084.0,25.1,25.01,25.11,25.01,24725,24.89,24.51,24.33,24.37,232,100,33498,6865,1
33.567,6.460118859E8,20.2863,305.02,-9.07,-0.0297,,1870.0,163112.3,2.12,65,62,31,31,1979,1.437745668,1.791492788,1.831377477,2.135095741,2010,12,16,3,Technology,Computer Software: Prepackaged Software,male,female,Yes,Yes,Yes,Jan,1001 - 5000,1951 - 2000,0.1438,0.0362,-0.0181,0.1972,42543.8,10.5,9.18,10.99,9.18,24741,9.88,11.12,9.94,10.88,56424,39418,63687,28449,1
33.61,9.589321162E9,22.9839,3850.0,188.55,0.049,0.1,28300.0,136042.4,2.49,57,57,45,45,1951,0.0,0.0,0.0,0.0,1996,2,1,3,Consumer Services,Real Estate Investment Trusts,male,male,Yes,No,No,Dec,>10000,1951 - 2000,0.0078,-0.0078,-0.0157,0.0078,3930531.4,2.8958,2.8733,2.9182,2.8958,13946377,2.9182,2.8733,2.8733,2.8733,3892550,923293,517888,372549,1
33.65,1.1990136773E10,23.2074,6570.0,429.0,0.0653,0.04,46000.0,142826.09,1.82,54,48,88,88,1923,1.522068625,1.643623821,1.712542948,2.196610292,2011,1,26,2,Miscellaneous,Business Services,male,male,Yes,No,No,Dec,>10000,1901 - 1950,0.0288,0.03,0.0664,0.0424,1.32478138E7,25.0,24.3,25.78,24.75,53157427,25.4,25.0,26.07,25.75,5809324,2611898,2505211,2155209,1
33.75,3.73239765E8,19.7377,86.06,14.44,0.1678,0.11,407.0,211449.63,4.34,51,55,85,85,1913,-0.100816344,0.646328473,1.200599101,1.7520049,1998,5,19,1,Finance,Major Banks,male,male,Yes,No,No,Dec,101 - 500,1901 - 1950,0.0,0.0351,0.0351,,41880.0,14.25,14.25,15.5,,154500,14.375,15.0,14.75,14.75,31100,13400,10400,0,0
34.0,1.604955992E9,21.1964,311.68,29.08,0.0933,0.07,194.0,1606597.94,5.15,79,79,1,1,2010,1.692499088,1.824305221,1.813735696,2.26366565,2011,1,13,3,Consumer Services,Real Estate Investment Trusts,male,male,Yes,No,No,Dec,101 - 500,2001 - 2010,0.0033,0.0,-5.0E-4,0.0222,3668980.0,21.25,21.18,22.0,21.53,15536889,21.31,21.31,21.37,21.25,1304772,0,493070,1010169,0
34.06,7.456862782E9,22.7324,2250.0,376.61,0.1674,0.3,438.0,5136986.3,3.31,47,47,,,,1.273464844,-0.182238085,0.506215567,0.907567912,2012,12,7,4,Public Utilities,Natural Gas Distribution,male,male,Yes,No,No,Dec,101 - 500,Unknown,0.037,-0.0125,0.1314,0.0574,2619088.6,28.0,27.0,28.73,27.18,11327046,27.75,27.83,28.0,27.65,693096,379621,456633,239047,1
34.07,2.21455E7,16.9131,,,,,,,,,,,,,0.731210322,0.472639868,-0.34861126,-1.09652165,2002,11,7,3,,,male,,,,,,,Unknown,,-0.0207,0.0017,,0.0,16.14,,,,,16.14,16.14,16.14,15.8067,,,,,0
34.43,2.989593052E9,21.8184,5990.0,234.4,0.0391,0.25,1440.0,4159722.22,0.5,,40,101,101,1906,-1.052664232,0.665446714,0.450626323,1.10594895,2007,10,23,1,Energy,Integrated oil Companies,male,male,Yes,No,No,Dec,1001 - 5000,1901 - 1950,0.01,0.1556,0.0746,0.0115,2447720.0,20.25,20.05,21.28,21.05,8970000,20.9,22.2,23.73,23.4,1125400,739200,960500,443500,1
34.85,3.194968995E9,21.8848,447.62,-110.17,-0.2461,0.33,3426.0,130653.82,7.14,46,,10,10,2000,-0.987991583,-0.196392,-0.818742275,-0.344808626,2010,8,12,3,Consumer Services,Transportation Services,female,male,No,,,Mar,1001 - 5000,1951 - 2000,0.2747,0.2397,0.3868,0.2318,1808948.6,26.45,20.75,26.81,22.0,5473976,25.12,24.67,31.95,32.79,1002930,449359,941727,1176751,1
35.0,2.10780633E9,21.4689,131.61,-17.5,-0.133,0.53,555.0,237135.14,16.02,,,20,20,1997,-1.837985413,0.610399988,1.159195242,1.704574356,2017,3,24,4,Technology,Computer Software: Prepackaged Software,male,male,Yes,Yes,Yes,Dec,501 - 1000,1951 - 2000,0.0313,-0.0303,-0.0045,0.0166,2156778.2,15.5,15.03,17.5,17.25,8660540,15.23,14.93,15.01,15.03,594154,821991,282430,424776,1
35.1,4.296802302E8,19.8786,5060.0,-8700.0,-1.7194,,,,0.08,70,55,,-14,2016,-0.102551898,-0.914921814,-1.280595164,-1.898605286,2002,10,11,4,Energy,Coal Mining,male,male,No,sameYear,No,Dec,,2011 - present,0.0211,-0.0134,-0.0144,5.0E-4,100756.0,97.0,95.0,100.05,100.0,421880,98.0,97.75,95.25,95.7,19500,13780,33200,15420,1
35.1,2.163198118E9,21.4949,950.53,31.81,0.0335,,4400.0,216029.55,2.28,52,52,37,37,1979,0.43005165,1.356186809,1.378119349,1.667050647,2016,8,4,3,Consumer Services,Home Furnishings,male,male,Yes,No,No,Jan,1001 - 5000,1951 - 2000,0.0352,0.0253,0.022,0.0159,2449935.0,15.0,14.49,16.48,16.25,8840659,15.31,15.0,15.21,15.38,2281012,376885,634858,116261,1
35.3,2.160728179E8,19.1911,49.5,7.09,0.1432,0.08,277.0,178700.36,4.37,51,51,6,6,1991,1.525429495,1.353926642,1.732994921,1.732994921,1997,5,7,2,Finance,Major Banks,male,male,Yes,No,No,Dec,101 - 500,1951 - 2000,0.0,-0.071,-0.0142,0.0,152.4,13.8105,13.8105,13.8105,13.8105,507,13.8105,13.8105,12.8295,12.8295,0,0,255,0,1
35.45,2.1097275122E10,23.7724,13200.0,1460.0,0.1106,0.04,53630.0,246130.9,1.6,54,54,,-2,1998,0.0,0.0,0.0,0.0,1996,6,11,1,Public Utilities,Telecommunications Equipment,male,male,No,No,No,Dec,>10000,1951 - 2000,0.0,0.0047,0.0047,0.0,3160.0,6.6875,6.6875,6.6875,6.6875,15000,6.6875,6.719,6.719,6.719,0,800,0,0,1
35.5999,,,,,,,,,,,,,,,-1.799363099,-0.173499765,0.680026999,1.197365278,2014,9,30,1,,,,,,,,,,Unknown,0.0,0.0,-0.0052,0.0,391.4,34.66,34.66,34.66,34.66,0,34.66,34.66,34.66,34.66,1957,0,0,0,1
35.72,2.464390882E9,21.6252,772.72,99.47,0.1287,,28.0,2.759714286E7,3.19,61,61,0,0,2009,-0.619289002,0.853670665,1.127652954,1.511871296,2009,12,9,2,Consumer Services,Real Estate Investment Trusts,male,male,Yes,sameYear,sameYear,Dec,0 - 100,2001 - 2010,0.0225,0.0269,0.0636,0.0225,965994.6,20.45,20.0,20.45,20.0,3412811,20.5,21.25,20.97,21.0,220103,578898,324498,293663,0
36.03,1.0214505E9,20.7445,,,,,,,,,,,,,1.411751658,1.825103611,1.63922353,1.886911397,2009,11,18,2,,,,,,,,,,Unknown,,0.0093,-0.0024,,15792.6,24.83,,,,0,24.83,24.83,25.26,25.06,0,10395,20826,47742,0
36.1398,,,,,,,,,,,,,,,-3.235985153,-2.930545852,-2.843570247,-0.359581905,2015,8,20,3,,,,,,,,,,Unknown,6.0E-4,-0.0484,-0.0248,6.0E-4,2308.0,34.7,34.68,34.7,34.68,10400,33.93,33.1399,33.19,33.02,100,150,100,790,0
36.2,9.13813252E7,18.3306,31.2,5.13,0.1644,0.03,121.0,257851.24,2.93,65,65,0,0,2012,0.791023361,1.483713702,1.310628681,1.337724353,2012,8,24,4,Finance,Savings Institutions,female,female,Yes,sameYear,sameYear,Dec,101 - 500,2011 - present,0.0,0.0338,0.004,0.0195,22609.2,10.06,10.06,10.296,10.1,53844,10.19,10.35,10.4,10.4,31714,17000,10488,0,1
36.29,1.032264078E9,20.755,,-60.12,,,44.0,,,53,53,9,9,2008,-1.161613199,-0.570556901,0.705925937,1.286795787,2017,5,17,2,Health Care,Major Pharmaceuticals,male,male,Yes,Yes,Yes,Dec,0 - 100,2001 - 2010,0.1236,0.0907,0.106,0.018,646756.8,15.0,13.35,15.24,15.0,2707317,16.6,16.52,16.57,16.36,316116,101137,66498,42716,1
36.3086,6343983.826,15.663,4870.0,40.23,0.0083,0.15,,,0.0,49,,12,12,1985,-0.30845239,0.815124403,1.051059183,1.478666116,1997,10,20,0,Technology,EDP Services,male,female,No,No,,Dec,,1951 - 2000,0.058,-0.1027,-0.1918,0.0,15679.8,36.5,34.5,36.5,36.5,1400,33.375,34.0,33.0,32.75,13300,13100,16299,34300,0
36.54,1.113847578E9,20.8311,1480.0,146.7,0.0991,0.24,1510.0,980132.45,0.75,40,45,0,0,2016,-1.205020054,0.007206285,0.732716879,1.103505422,2016,9,15,3,Basic Industries,Major Chemicals,female,male,Yes,,sameYear,Dec,1001 - 5000,2011 - present,0.3867,0.1659,-0.0907,0.4842,3258.6,16.64,12.0,17.81,12.0,4041,19.2007,20.15,19.5125,19.4,3402,2500,6211,139,1
36.5741,6.217604315E7,17.9455,,,,,,,,,,,,,-0.444151623,0.084395687,0.859166434,1.330048258,2011,4,19,1,,,,,,,,,,Unknown,,0.0044,-0.0059,,480.0,20.23,,,,0,20.23,20.42,20.42,20.32,1400,800,0,200,0
36.67,2.240537E9,21.53,,,,,,,,,,,,,-0.062379319,0.769469662,1.013045922,1.463986729,2015,3,19,3,,,,,,,,,,Unknown,0.0,-0.0167,0.014,0.0,120250.2,25.75,25.75,25.75,25.75,0,25.75,25.75,25.75,25.32,0,0,412648,188603,0
36.96,2.587207392E7,17.0687,,,,,,,,,,,,,1.433308297,1.151610032,1.468382763,1.657905317,2014,11,4,1,,,,,,,,,,Unknown,0.0,0.0,0.012,0.0,115.0,29.89,29.89,29.89,29.89,0,29.89,29.89,29.89,29.89,0,0,575,0,0
37.09,6.438151187E8,20.2829,1010.0,16.89,0.0167,0.05,2511.0,402230.19,0.64,65,65,0,0,1996,1.134244232,1.048560427,1.048560427,1.048560427,1996,12,27,4,Capital Goods,Industrial Machinery/Components,male,male,Yes,sameYear,sameYear,Dec,1001 - 5000,1951 - 2000,0.0,0.0667,-0.0667,0.0,1520.0,7.5,7.5,7.5,7.5,300,7.5,7.0,7.0,8.0,500,1300,0,5500,0
37.25,3.137333198E8,19.5641,95.18,15.23,0.16,0.3,206.0,462038.83,3.3,62,62,,-1,2005,1.572959974,1.515564158,2.072588152,2.742993572,2004,12,28,1,Finance,Major Banks,male,male,Yes,,,Dec,101 - 500,2001 - 2010,0.0,0.0,-0.0241,0.0,9450.0,9.6667,9.6667,9.6667,9.6667,47250,9.6667,9.6667,9.6667,9.6667,0,0,0,0,1
37.35,6.129541742E9,22.5364,2190.0,203.32,0.0928,0.12,6400.0,342187.5,2.8,54,54,16,16,1981,-2.161665216,-0.436506715,0.04457855,0.04457855,1997,3,27,3,Technology,Computer peripheral equipment,unknown,unknown,No,No,No,Mar,5001 - 10000,1951 - 2000,0.0117,0.0193,0.166,0.0353,306464.0,2.0235,2.0,2.094,2.0235,1065920,2.0235,2.0315,2.094,2.0625,0,159440,232400,74560,1
37.43,1.334279E9,21.0117,436.15,39.03,0.0895,0.04,2500.0,174460.0,3.06,60,60,24,24,1992,1.919854577,1.548822745,1.622240634,1.864461672,2016,8,11,3,Health Care,Biotechnology: Commercial Physical & Biological Resarch,male,male,Yes,,,Dec,1001 - 5000,1951 - 2000,0.0255,0.0126,0.0813,0.0218,1454592.6,27.79,27.1,28.74,28.15,5356266,28.04,29.22,29.32,28.14,472705,620686,315235,508071,1
37.91,4.129709208E9,22.1415,1130.0,193.0,0.1708,0.16,2200.0,513636.36,3.65,55,55,1,1,2015,-1.242391442,-0.234060759,0.551790973,0.990750008,2016,9,19,0,Basic Industries,Major Chemicals,male,male,Yes,,,Sep,1001 - 5000,2011 - present,0.0,-0.0785,-0.0998,0.0,414703.4,24.96,24.96,27.5,27.5,102275,24.26,24.0,23.2,23.0,283870,571114,572279,543979,1
37.98,1.4503286859E10,23.3976,7300.0,-237.0,-0.0325,0.01,31889.0,228919.06,1.99,54,54,155,155,1841,0.0,0.0,0.0,0.0,1996,10,29,1,Energy,Metal Fabrications,male,male,Yes,No,No,Dec,>10000,<= 1900,0.0063,0.0807,0.3664,,4198775.2,4.5345,4.5061,4.7314,,13505765,5.1257,5.2383,4.9567,4.9004,2779358,2770925,1622698,315130,1
38.13,4.610908037E9,22.2517,3700.0,-18.6,-0.005,,65200.0,56748.47,1.25,52,52,,-3,2016,-0.74990433,0.911617791,1.33027475,1.652329743,2013,8,14,2,Health Care,Medical/Nursing Services,male,male,Yes,No,No,Dec,>10000,2011 - present,0.0265,0.004,0.1245,0.018,6201405.4,25.15,24.5,25.69,25.25,27221523,25.5,25.7,25.25,25.25,1717690,815537,837461,414816,1
38.16,1.6691947582E10,23.5382,3700.0,595.58,0.161,0.07,15933.0,232222.43,4.51,59,58,143,143,1856,1.729357539,2.47953161,2.30171859,1.974456166,1999,11,16,1,Health Care,Industrial Specialties,male,male,No,No,No,Dec,>10000,<= 1900,0.0227,0.0167,-0.0259,0.0,41235.0,8.2502,8.067,8.2502,8.2502,116177,8.3878,8.4338,8.327,8.3878,51954,10636,15136,12272,0
38.38,3.509312145E8,19.6761,1820.0,62.99,0.0346,,1500.0,1213333.33,0.19,54,54,0,0,2004,2.4405324,1.769891044,2.303029956,2.818395488,2004,12,14,1,Capital Goods,Wholesale Distributors,male,male,Yes,No,No,Dec,1001 - 5000,2001 - 2010,0.0037,-0.0281,0.0141,0.0372,215425.4,119.4025,118.9602,123.8248,119.4025,711867,119.8447,119.4909,117.1913,116.0415,182483,42195,102695,37887,0
38.6,1.0595121116E10,23.0837,7670.0,603.0,0.0786,,24367.0,314769.98,1.38,70,57,,,,-1.280606862,-2.197868777,-0.677410242,-0.204250995,2005,10,14,4,Finance,Specialty Insurers,male,male,Yes,No,No,Dec,>10000,Unknown,0.0,-0.1538,-0.1635,0.0,1018727.0,15.425,15.425,15.425,15.425,674,13.7639,12.9926,13.2892,13.0519,365938,1901159,1894585,931279,0
38.69,9.188453279E9,22.9412,167150.0,8090.0,0.0484,0.19,5100.0,3.27745098E7,0.05,44,44,16,16,2000,1.866076425,2.722943228,1.686535593,1.815966223,2016,7,14,3,Technology,"Computer Software: Programming, Data Processing",male,male,No,Yes,Yes,Dec,5001 - 10000,1951 - 2000,0.0241,-0.0957,-0.0036,0.0613,1.00183346E7,41.58,40.6,44.49,42.0,28914657,39.65,40.65,36.53,37.6,10182267,3307326,5215706,2471717,0
38.78,7.195179617E9,22.6967,5120.0,167.0,0.0326,,11000.0,465454.55,1.41,55,55,,,,-0.48987853,0.118705813,0.87188395,1.435644929,2013,6,27,3,Consumer Services,Office Equipment/Supplies/Services,male,male,Yes,No,No,Jan,>10000,Unknown,0.0483,0.0386,0.1409,0.0702,1.35245918E7,18.66,17.8,19.25,18.0,29138493,18.79,18.92,19.11,19.38,32984990,2050840,2127750,1320886,1
38.8,3.424995194E9,21.9544,2840.0,199.84,0.0704,0.01,40600.0,69950.74,1.21,62,51,6,6,2005,0.227839701,0.763600531,-0.45196021,-0.741389694,2011,11,1,1,Health Care,Medical Specialities,male,unknown,Yes,sameYear,No,Dec,>10000,2001 - 2010,0.0345,0.0211,-0.0467,0.0,19523.6,9.0,8.7,10.0,10.0,1924,9.075,9.35,9.15,9.19,48725,14441,12123,20405,1
38.93,5.320300595E9,22.3948,796.45,67.5,0.0848,0.01,3183.0,250219.92,6.68,53,56,11,11,1993,-1.978134931,-2.293449645,-2.616188545,-0.598049162,2004,8,12,3,Consumer Services,Real Estate Investment Trusts,male,male,Yes,No,No,Dec,1001 - 5000,1951 - 2000,0.0,-0.0223,0.0331,0.0046,848000.0,17.5,17.5,17.58,17.5,2545100,17.51,17.5,17.34,17.11,593000,684700,295900,121300,1
39.25,1.853270861E9,21.3402,,,,,,,,64,,26,26,1991,1.866423581,2.527224108,2.390728959,2.627396526,2017,3,1,2,Finance,Investment Managers,male,,,Yes,,,,1951 - 2000,0.0158,0.0372,0.0316,0.0366,1745642.0,18.02,17.74,18.5,17.85,7162670,18.21,18.72,18.46,18.69,738219,415356,226336,185629,1
39.3,1.719548156E9,21.2653,,-119.49,,,185.0,,,46,46,2,2,2012,-1.956306265,-2.83598632,-1.839355216,-0.233526749,2014,10,16,3,Health Care,Biotechnology: Biological Products (No Diagnostic Substances),male,male,Yes,No,No,Dec,101 - 500,2011 - present,0.1025,0.2836,1.1587,0.1294,349298.6,10.65,9.66,11.25,10.0,1416103,12.0,14.35,13.85,13.67,133088,93558,52024,51720,1
39.46,1.995722844E9,21.4143,154.52,-96.36,-0.6236,,962.0,160623.7,12.92,50,50,10,10,2007,1.268339456,1.92664134,2.210564373,1.781636594,2017,10,19,3,Technology,Computer Software: Prepackaged Software,unknown,unknown,Yes,,,Jan,501 - 1000,2001 - 2010,0.1021,-0.0334,-0.0686,0.0344,3251336.6,32.07,29.1,34.0,33.0,11508466,30.68,30.5,30.57,31.0,2358653,749397,420725,1219442,0
39.57,2.231991395E9,21.5262,6310.0,-286.2,-0.0454,0.02,13489.0,467788.57,0.35,56,56,0,0,2005,1.314754092,1.653559052,1.034394335,1.220673189,2005,6,15,2,Consumer Non-Durables,Packaged Foods,male,male,Yes,No,No,Dec,>10000,2001 - 2010,0.082,0.1091,0.1102,0.0,429681.0,27.05,25.0,27.05,27.05,33000,32.16,30.31,30.0,30.0,2075899,13478,15860,10168,1
39.58,8.332461552E8,20.5408,125.66,28.57,0.2274,0.41,770.0,163194.81,6.63,57,57,16,16,1997,2.127421616,2.498152784,2.438672718,1.777195857,2013,10,22,1,Finance,Major Banks,male,male,Yes,Yes,Yes,Dec,501 - 1000,1951 - 2000,0.0256,-0.0823,-0.0823,0.0,11808.0,7.2646,7.0833,7.2917,7.2917,17760,7.2917,6.9062,6.7188,6.6667,960,2400,3360,34560,1
39.61,3.670215068E8,19.7209,51.6,12.6,0.2442,0.05,275.0,187636.36,7.11,68,68,21,21,1985,-0.990850224,-1.418911966,-0.537200083,0.613185613,2006,5,25,3,Finance,Savings Institutions,male,male,Yes,Yes,Yes,Dec,101 - 500,1951 - 2000,0.0,0.0,0.0195,0.0,160.0,11.525,11.525,11.525,11.525,400,11.525,11.525,11.525,11.525,0,0,0,400,0
39.6799,1984074.36,14.5007,,,,,,,,,,,,,1.31908501,1.602319348,1.96490772,1.246482079,2012,2,14,1,,,,,,,,,,Unknown,,0.0,0.0,,0.0,30.72,,,,0,30.72,30.72,30.72,30.72,0,0,0,0,0
39.75,6.211600729E9,22.5497,,,,,,,,60,,17,17,1995,-0.814286028,0.750258906,1.253664476,1.40645012,2012,4,12,3,Finance,Investment Managers,male,,,No,,,,1951 - 2000,0.0436,-0.0576,-0.0309,0.0382,2038131.6,42.39,40.62,42.55,41.0,7262541,41.5,40.0,39.7,39.95,1213655,1244211,362621,107630,0
40.18,3.51554247E9,21.9805,1850.0,179.55,0.0971,,6000.0,308333.33,1.9,50,48,166,166,1847,2.285287226,1.922629032,1.689737188,1.842493351,2013,1,4,4,Consumer Services,Broadcasting,male,male,Yes,No,No,Dec,5001 - 10000,<= 1900,0.0061,0.0129,0.0684,0.031,718365.6,45.4968,45.221,46.7401,45.3379,1559443,46.2727,45.8987,45.8987,46.0857,183345,838137,672831,338072,1
40.25,1.401002237E9,21.0605,9.82,-126.02,-12.833,,68.0,144411.76,142.67,58,,4,4,2006,-1.092523617,0.618883413,1.224656372,1.180512659,2010,11,23,1,Health Care,Major Pharmaceuticals,male,,Yes,Yes,,Dec,0 - 100,2001 - 2010,0.0392,-0.0201,0.3945,0.0914,259050.8,31.84,30.64,42.8,40.0,290686,31.76,31.76,32.0,31.2,319586,0,335276,349706,1
40.26,5.040680832E8,20.0382,395.21,-10.29,-0.026,,1124.0,351610.32,1.28,56,56,92,92,1912,1.399728494,1.125912481,0.775942809,0.735983053,2004,9,21,1,Capital Goods,Steel/Iron Ore,male,male,Yes,No,No,Sep,1001 - 5000,1901 - 1950,0.0,0.0,0.0,,20.0,13.5,13.5,13.5,,100,13.5,13.5,13.5,13.5,0,0,0,0,1
40.75,1.02E11,25.3482,35060.0,3790.0,0.1081,0.04,106566.0,328997.99,2.91,61,59,8,8,1994,-1.818666506,-2.189564447,-2.689056009,-2.634262741,2002,7,1,0,Health Care,Major Pharmaceuticals,male,male,No,No,No,Dec,>10000,1951 - 2000,0.0024,0.0212,-0.0081,0.0013,64980.0,29.77,29.7,30.54,30.5,196800,28.85,28.6,28.6,30.4,54500,61900,0,11700,0
40.85,5.426781568E8,20.112,125.3,17.63,0.1407,0.18,375.0,334133.33,4.33,76,61,7,7,2008,1.80150808,-0.053560779,-0.648376756,-0.580293248,2015,10,8,3,Finance,Major Banks,male,male,Yes,,No,Dec,101 - 500,2001 - 2010,0.0433,-0.0333,0.0056,0.0415,285188.2,23.12,22.16,23.47,22.55,1239681,22.52,22.2,22.3,22.35,84333,48297,32044,21586,1
40.88,2.292449426E8,19.2503,40.11,52.09,1.2987,30.1,,,5.72,49,49,14,14,1984,-1.951382281,-0.159379462,0.510088107,1.17864933,1998,7,31,4,,,male,male,Yes,No,No,Jun,,1951 - 2000,0.0,-0.113,-0.1652,0.0,13954.0,71.875,71.875,75.0,75.0,11330,68.125,66.25,65.625,63.75,21960,7660,15910,12910,1
41.07,5.475398147E9,22.4235,2080.0,109.8,0.0528,0.12,10800.0,192592.59,2.63,53,53,7,7,2007,-3.612448606,-0.179197965,0.661777887,1.159053656,2014,7,31,3,Health Care,Major Pharmaceuticals,male,male,Yes,No,No,Jun,>10000,2001 - 2010,0.0358,0.017,0.0755,0.0171,3781120.8,19.99,19.3,20.33,20.0,14208657,19.85,20.01,20.21,20.33,2125626,592817,1077591,900913,1
41.0727,1.848279715E7,16.7324,,,,,,,,,,,,,1.31908501,1.602319348,1.96490772,1.246482079,2012,2,14,1,,,,,,,,,,Unknown,,0.0,-0.004,,0.0,31.136,,,,0,31.136,31.136,31.136,31.136,0,0,0,0,0
41.14,1.1378209106E10,23.155,3540.0,11.0,0.0031,0.67,0.0,,3.21,48,,103,103,1905,-1.67942116,-1.851382271,-1.986423994,-1.694333575,2008,1,11,4,Consumer Services,Marine Transportation,male,female,No,,,Dec,0 - 100,1901 - 1950,0.021,0.0258,0.0031,0.0395,131549.8,12.9333,12.6667,13.1667,12.6667,62250,13.3667,13.3,13.2,13.2667,26250,125099,311100,133050,0
41.65,1.548341832E9,21.1605,1790.0,55.27,0.0309,0.09,8700.0,205747.13,0.86,60,60,1,1,1996,0.732016613,1.35444809,2.020296891,2.137063282,1997,6,27,4,Capital Goods,Engineering & Construction,male,male,Yes,No,No,Dec,5001 - 10000,1951 - 2000,0.0159,0.0234,0.1406,0.0079,859180.0,16.0,15.75,16.125,16.0,2807400,15.625,16.313,15.875,16.375,498600,530900,327200,131800,1
41.8,2.09000836E7,16.8553,,,,,,,,,,,,,0.575506314,1.157872356,1.263422386,1.497903879,2011,5,9,0,,,,,,,,,,Unknown,0.0,-0.0122,-0.0351,0.0,4508.0,30.2,30.2,30.2,30.2,0,30.2,29.98,30.19,29.831,1130,100,4015,17295,0
42.64,1.9707300621E10,23.7043,2890.0,-214.92,-0.0744,,37000.0,78108.11,6.82,48,51,4,4,1999,0.533387036,1.130826431,1.534699374,1.455489965,2003,12,9,1,Miscellaneous,Business Services,female,unknown,No,No,No,Dec,>10000,1951 - 2000,0.4141,0.0165,0.102,0.5559,3.44149216E7,2.1212,1.5,2.3344,1.5006,89558112,2.0319,2.1062,2.4556,2.1562,27408672,12267568,21148944,21691312,1
42.79,2.452680994E9,21.6204,481.99,-61.34,-0.1273,0.14,1891.0,254886.3,5.09,47,47,12,12,1999,-1.82132731,-0.726999075,0.553281999,1.145150735,2011,3,17,3,Technology,Computer Software: Prepackaged Software,male,male,Yes,Yes,Yes,Dec,1001 - 5000,1951 - 2000,0.0624,-0.0593,-0.054,0.1253,1808676.0,19.07,17.95,20.25,18.0,7364445,18.25,18.19,18.06,17.94,1010915,279908,137189,250923,1
42.87,2.22E11,26.1259,977440.0,343110.0,0.351,0.03,,,0.23,,,10,10,1987,1.538799145,2.119707146,1.427164711,1.819431919,1997,10,8,2,Technology,Semiconductors,male,male,No,No,,Dec,,1951 - 2000,0.053,0.1173,-0.0622,0.0024,7801132.6,5.4944,5.218,5.5069,5.4944,12263924,6.2568,6.5466,6.4012,6.1391,10307744,10779909,3076917,2577169,0
43.31,4.747897729E7,17.6758,906000.0,-74.83,-1.0E-4,,89.0,1.01797752809E10,0.0,,,16,16,2000,1.624319635,2.253326452,2.361577227,1.833835542,2016,12,15,3,Health Care,Major Pharmaceuticals,male,,No,Yes,,Dec,0 - 100,1951 - 2000,0.0864,0.3171,0.2893,0.0028,366866.8,11.7,10.77,14.05,14.02,1012134,14.01,14.11,14.52,15.41,552726,87249,76466,105759,1
44.41,1.776400888E8,18.9953,,,,,,,,,,,,,-0.444151623,0.084395687,0.859166434,1.330048258,2011,4,19,1,,,,,,,,,,Unknown,,0.009,-0.0156,,761.0,20.47,,,,0,20.47,20.47,20.47,20.6552,2085,0,0,1720,0
44.61,,,12510.0,3000.0,0.2398,0.1,16200.0,772222.22,,63,63,33,33,1983,2.043284825,1.539862696,1.704156428,1.886636816,2016,8,15,0,Public Utilities,Electric Utilities: Central,male,male,Yes,Yes,Yes,Dec,>10000,1951 - 2000,0.002,0.0035,-0.0026,0.0214,223520.4,50.76,50.66,52.0,50.9157,217460,50.9,51.49,51.24,50.94,88292,338450,97835,375565,0
44.65,1.769771332E9,21.2941,364.71,20.21,0.0554,,2167.0,168301.8,4.85,57,57,12,12,2000,-1.395246271,-1.056991379,0.521099791,0.933257234,2012,5,10,3,Miscellaneous,Business Services,male,male,Yes,No,No,Dec,1001 - 5000,1951 - 2000,0.2923,-0.15,-0.0151,0.2677,663459.6,12.6,9.75,12.6,9.99,3028607,10.94,10.53,10.66,10.71,100255,76555,30238,81643,1
44.66,,,,,,,,,,,,,,,-0.604541247,-1.179872291,-0.060127747,0.679458037,2015,7,7,1,,,,,,,,,,Unknown,0.0,0.0118,0.0138,0.0,4076.8,34.74,34.74,34.74,34.74,0,34.74,34.61,34.86,35.15,20000,134,100,150,1
44.88,5.427855777E9,22.4148,265.99,-114.4,-0.4301,1.68,1268.0,209771.29,20.41,51,51,6,6,1995,1.275869427,0.551305475,-0.454760245,-0.844183933,2001,1,31,2,Health Care,Biotechnology: Commercial Physical & Biological Resarch,male,male,Yes,No,No,Dec,1001 - 5000,1951 - 2000,0.0442,-0.0508,-0.2542,0.1593,1199160.0,14.75,14.125,17.0,14.75,4726700,15.0,14.375,14.0,14.0,497600,336900,189200,245400,0
44.93,2.95691411E9,21.8074,872.09,108.34,0.1242,0.26,1171.0,744739.54,3.39,57,56,43,43,1972,-1.032223885,-0.813015476,-0.620239137,0.524521016,2015,8,13,3,Finance,Investment Managers,male,male,Yes,Yes,Yes,Mar,1001 - 5000,1951 - 2000,0.0346,-0.0134,-0.0201,0.0162,1190135.6,22.4,21.65,23.1,22.75,4714933,22.75,22.45,22.5,22.1,667614,234138,248871,85122,1
45.09,1.788315662E9,21.3045,,,,,,,,57,,2,2,2014,-1.205020054,0.007206285,0.732716879,1.103505422,2016,9,15,3,Energy,Natural Gas Distribution,male,,,Yes,,,,2011 - present,0.0077,0.008,0.0977,0.0315,2218302.2,26.2,26.0,27.32,26.5,9496715,26.26,26.4,26.32,26.41,688654,549849,155095,201198,1
45.15,1.165060533E9,20.876,1190.0,83.43,0.0701,0.16,8200.0,145121.95,0.98,51,51,0,0,1999,1.604742483,2.289900663,2.191539821,1.716549085,1999,7,9,4,Finance,Finance Companies,male,male,Yes,No,No,Dec,5001 - 10000,1951 - 2000,0.0993,-0.0636,-0.311,0.0478,284220.0,9.344,8.5,9.75,9.344,1006200,8.875,8.781,9.0,8.75,143100,87600,113400,70800,0
45.83,2.305339652E9,21.5585,602.85,37.78,0.0627,0.08,33968.0,17747.59,3.82,51,,4,4,2002,0.669487122,-0.062355868,-0.480966178,0.319280837,2006,7,26,2,Miscellaneous,Business Services,unknown,male,No,No,,Mar,>10000,2001 - 2010,0.0,0.0159,0.098,0.0,1781600.0,24.5,24.5,24.5,24.5,6817900,24.3,24.7,25.1,24.89,737200,818200,286300,248400,1
45.91,2.214817307E9,21.5184,408.59,24.88,0.0609,0.51,1159.0,352536.67,5.42,49,49,17,17,1981,1.238122703,1.387186486,1.527373358,1.262949942,1998,1,30,4,Capital Goods,Electrical Products,male,male,Yes,No,No,Jun,1001 - 5000,1951 - 2000,0.0,0.0238,0.4465,0.012,1000480.0,5.25,5.25,5.313,5.25,3807200,5.25,5.375,5.375,5.375,434600,323600,260600,176400,1
46.16,1.2696429585E10,23.2646,1330.0,355.8,0.2675,0.09,1400.0,950000.0,9.55,47,47,6,6,2009,0.35453673,1.256160043,0.477076559,0.378934121,2015,11,19,3,Technology,"Computer Software: Programming, Data Processing",female,female,Yes,No,No,Dec,1001 - 5000,2001 - 2010,0.1671,-0.0224,-0.0312,0.1101,8181702.0,14.74,12.63,14.89,13.5,26921614,15.2,14.37,14.22,14.41,7389560,3233534,2253886,1109916,1
46.24,1.525195419E8,18.8428,5200.0,3260.0,0.6269,0.31,,,0.03,51,,111,111,1889,-0.091492543,-0.925330248,-1.305121682,-1.077141134,2000,11,15,2,Consumer Services,Building operators,male,,No,No,,Jun,,<= 1900,0.0,0.0,-0.0608,0.0,200.0,20.563,20.563,20.563,20.563,1000,20.563,20.563,20.563,20.563,0,0,0,0,0
46.55,,,3580.0,42.4,0.0118,0.01,,,,51,51,26,26,1989,-0.537583929,-1.579604449,-2.347965515,-1.650395095,2015,9,10,3,Basic Industries,Environmental Services,male,male,Yes,Yes,Yes,Dec,,1951 - 2000,0.0205,-0.0077,0.0467,0.0191,1144054.2,101.28,99.25,102.025,100.125,1570622,101.8,100.7,101.1672,100.5,1550014,1854902,365121,379612,0
48.0,7.155079824E9,22.6911,1050.0,182.3,0.1736,0.03,4430.0,237020.32,6.81,50,,,-2,2017,1.339289105,1.523651909,1.589346264,1.646850843,2015,5,20,2,Technology,Computer Software: Prepackaged Software,male,,Yes,No,,Dec,1001 - 5000,2011 - present,0.0379,0.0325,0.09,0.0421,3780554.2,27.11,26.12,27.35,26.25,16613857,27.73,28.36,28.36,27.99,1230411,547589,0,510914,1
48.07,1.230592096E9,20.9308,,,,,,,,,,,,,-2.302720252,0.57570626,1.07187483,1.52169253,2013,2,25,0,,,,,,,,,,Unknown,0.0,0.0,0.009,0.0,4953.0,50.05,50.05,50.05,50.05,0,50.05,50.05,50.0,50.05,0,5990,7210,11565,1
49.03,9.374235495E9,22.9612,1080.0,-94.42,-0.0874,0.27,3181.0,339515.88,8.68,41,52,,-3,2014,0.544510772,0.218468703,0.428425634,0.940314076,2011,7,20,2,Miscellaneous,Business Services,male,male,Yes,,,Dec,1001 - 5000,2011 - present,0.1006,0.0185,-0.3251,0.0923,4661323.2,11.9233,10.8333,20.0,19.0,17549817,11.0667,11.4233,11.8667,12.144,2935614,1130382,799857,890946,0
49.16,1.912324E9,21.3716,,,,,,,,,,,,,0.77112305,1.176899849,1.537402493,1.604902996,2012,10,18,3,,,,,,,,,,Unknown,,7.0E-4,0.0024,,2284.0,50.065,,,,0,50.065,50.065,50.0832,50.1,0,8900,250,2270,0
49.4408,2.831680141E9,21.7641,10290.0,-192.0,-0.0187,5.51,22615.0,455007.74,0.28,52,52,1,1,2015,2.175787437,2.640950615,2.25275629,1.733937709,2016,12,7,2,Consumer Services,Other Consumer Services,male,male,Yes,sameYear,sameYear,Dec,>10000,2011 - present,0.0,0.0,0.0,0.0,45.8,41.0,41.0,41.0,41.0,229,41.0,41.0,41.0,41.0,0,0,0,0,1
49.95,4.831437526E9,22.2984,635.98,107.35,0.1688,0.13,1500.0,423986.67,7.6,59,46,9,9,2003,1.801053976,1.897651686,1.002970933,1.223037174,2012,8,3,4,Health Care,Medical/Dental Instruments,male,male,Yes,No,No,Dec,1001 - 5000,2001 - 2010,0.0337,7.0E-4,0.1793,0.1187,881124.0,13.5,13.06,14.65,13.1,3890538,13.56,13.5,13.45,13.51,190398,64773,114512,145399,1
50.21,3.203398E9,21.8875,,,,,,,,,,,,,0.447875334,-0.399741912,-1.064604537,-1.681847826,2008,3,26,2,,,,,,,,,,Unknown,,0.018,0.0636,,280.0,50.45,,,,0,50.45,50.45,50.29,51.36,0,0,300,1100,0
50.7,2.264088099E8,19.2379,38.41,8.45,0.22,0.04,194.0,197989.69,5.89,54,54,18,18,1982,1.880978545,1.661853885,1.322855752,1.553341661,2000,7,13,3,Finance,Major Banks,male,male,Yes,No,No,Dec,101 - 500,1951 - 2000,0.0,-0.0082,0.2067,0.0,1170.0,10.083,10.083,10.083,10.083,2250,10.0,10.0,9.959,10.0,300,1650,1050,600,1
51.13,3.1337684271E10,24.1681,17780.0,1280.0,0.072,0.1,114000.0,155964.91,1.76,61,,0,0,1996,0.0,0.0,0.0,0.0,1996,9,17,1,Health Care,Hospital/Nursing Management,unknown,male,No,No,,Dec,>10000,1951 - 2000,0.0563,0.0473,0.2544,0.0125,5684200.0,10.5625,10.0,10.6875,10.5625,8822800,11.0625,11.125,11.125,11.0625,6311800,4334000,5842400,3110000,1
51.24,8.070301025E8,20.5089,,,,,,,,61,61,,,,1.324378761,-0.207049023,-0.389315302,0.5226751,2006,7,6,3,,,male,male,,Yes,Yes,,,Unknown,,-0.011,0.008,,52040.0,20.0,,,,0,20.0,19.8,19.85,19.78,0,0,248300,11900,0
51.29,5.572048662E8,20.1384,354.05,93.16,0.2631,0.55,1702.0,208019.98,1.57,53,,3,3,2007,1.365577441,1.797574067,0.935907779,1.101278941,2010,10,7,3,Technology,Semiconductors,unknown,,No,No,,Dec,1001 - 5000,2001 - 2010,0.0302,0.24,0.3893,0.0754,315471.8,51.25,49.75,53.65,49.9,769811,50.65,55.65,60.25,63.55,227059,142491,155388,282610,1
51.66,1.737600218E9,21.2758,295.4,18.85,0.0638,,706.0,418413.6,5.88,53,53,8,8,2004,-1.494847223,0.604610859,1.1441191,1.312063146,2012,10,10,2,Technology,Semiconductors,unknown,unknown,Yes,Yes,Yes,Jan,501 - 1000,2001 - 2010,0.01,-0.0083,0.3515,0.0233,893654.0,6.06,6.0,6.85,6.71,3566608,6.08,6.23,6.15,6.01,416644,155145,156970,172903,1
51.72,1.096464E9,20.8154,,,,,,,,,,,,,-1.173689738,-1.024864856,-1.104412141,-1.739590158,2009,1,21,2,,,,,,,,,,Unknown,,0.0042,-0.0122,,0.0,47.3,,,,0,47.3,47.3,47.5,47.5,0,0,0,0,0
52.03,1.851145349E9,21.3391,261.7,16.02,0.0612,0.21,1015.0,257832.51,7.07,46,46,15,15,1999,0.003491422,0.932609751,1.238402705,1.52262566,2014,9,24,2,Technology,Computer Software: Prepackaged Software,male,male,No,,,Dec,1001 - 5000,1951 - 2000,0.3531,0.0695,-0.0444,0.2233,1.04305192E7,29.93,22.12,30.19,25.25,21819852,31.39,29.8,27.39,32.01,16617398,4640752,2658183,6416411,1
52.26,7.995367198E9,22.8021,4960.0,1080.0,0.2177,,407.0,1.218673219E7,1.61,44,53,11,11,1995,1.730832689,1.678409958,1.980963643,2.790738866,2006,11,21,1,Technology,Diversified Commercial Services,male,male,No,No,,Dec,101 - 500,1951 - 2000,9.0E-4,-0.0074,-0.0126,0.0043,4356299.8,23.02,23.0,25.1,25.0,16000699,22.7,22.7,22.95,22.85,5185400,0,221300,374100,1
53.1,2.382216857E9,21.5913,607.05,84.17,0.1387,0.27,1007.0,602830.19,3.92,52,48,9,9,2006,-1.289472245,-0.239740993,0.37580483,0.967380229,2015,3,26,3,Technology,Semiconductors,male,female,No,Yes,Yes,Dec,1001 - 5000,2001 - 2010,0.0621,0.0744,0.1976,0.0944,1685130.6,20.7,19.49,21.89,20.05,6565708,21.07,22.07,21.93,22.24,934991,443342,274250,207362,1
53.44,1.2219736452E10,23.2263,5400.0,759.87,0.1407,0.11,31000.0,174193.55,2.26,62,62,3,3,2010,1.5391468,2.134142125,2.087646549,2.145675485,2013,1,18,4,Consumer Services,Marine Transportation,male,male,Yes,No,No,Dec,>10000,2001 - 2010,0.0261,0.1031,0.2211,0.0161,4383248.0,24.79,24.16,25.49,25.1,17763549,24.79,26.95,27.49,27.345,0,2071934,1572111,508646,1
53.89,1.03245399E9,20.7552,,,,,,,,57,,0,0,2015,-0.252205456,-1.402406603,-2.151486018,-1.761013571,2015,9,22,1,Finance,Investment Managers,male,,,,,,,2011 - present,0.0,-0.1015,-0.2356,0.0,35950.2,29.16,29.16,30.0,30.0,5269,28.75,27.98,27.5,26.2,200,80097,13326,80859,0
54.08,2.27136E8,19.2411,,,,,,,,,,,,,1.252849416,1.53537703,2.070481945,1.569347687,2010,4,7,2,,,,,,,,,,Unknown,0.0,0.0156,0.0125,0.0,910.0,25.7,25.7,25.95,25.95,2400,25.78,25.8286,25.96,26.1,200,250,200,1500,0
54.25,5.552623342E9,22.4375,1380.0,102.79,0.0745,0.32,5534.0,249367.55,4.02,51,46,17,17,2000,1.958526564,1.341526291,1.336172898,1.802004004,2017,4,27,3,Consumer Services,RETAIL: Building Materials,male,male,Yes,Yes,,Dec,5001 - 10000,1951 - 2000,0.0912,0.1345,0.19,0.0749,2343775.8,32.05,29.37,32.45,30.25,9423800,32.4,33.54,33.51,36.36,978693,330015,172205,814166,1
54.41,2.751686887E9,21.7355,55.51,-346.4,-6.2403,710.68,360.0,154194.44,49.57,54,54,2,2,2009,-0.344708653,0.885512337,-0.097441941,-0.485641046,2011,11,16,2,Health Care,Major Pharmaceuticals,male,male,Yes,Yes,Yes,Dec,101 - 500,2001 - 2010,0.022,-0.0016,0.0207,0.0277,490936.8,12.56,12.29,13.39,13.05,1912690,12.69,12.58,12.55,12.54,298722,77258,100305,65709,1
54.64,1.1369163524E10,23.1542,,,,,,,,,,,,,-0.437419138,0.994369624,1.398225485,1.856752877,2013,5,31,4,,,,,,,,,,Unknown,,-2.0E-4,-0.0177,,42701.0,50.3,,,,0,50.3,50.3,50.36,50.29,0,44301,62433,106771,0
54.65,2.874794719E9,21.7792,300.01,6.72,0.0224,0.3,2115.0,141848.7,9.58,45,45,1,1,2013,0.348189707,0.970999329,1.258803989,1.573894658,2014,3,19,2,Technology,Computer Software: Prepackaged Software,male,male,Yes,No,No,Jun,1001 - 5000,2011 - present,0.0021,-0.0096,-0.1876,0.0,2386217.4,24.04,23.99,31.0,31.0,9435344,25.991,26.01,24.35,23.81,1018165,613350,473545,390683,0
54.7,2.482374341E9,21.6325,683.68,-3.28,-0.0048,0.18,3516.0,194448.24,3.63,60,53,11,11,1999,0.968447154,0.105757349,-0.37800898,0.097850579,2010,7,29,3,Miscellaneous,Business Services,male,male,Yes,Yes,Yes,Dec,1001 - 5000,1951 - 2000,0.1367,-0.0196,-0.0215,0.1267,930397.4,10.23,9.0,10.49,9.35,4069441,10.06,10.5,10.17,10.03,264192,180081,94950,43323,1
55.09,9.609255598E8,20.6834,55.56,-108.53,-1.9534,,438.0,126849.32,17.3,61,,16,16,2001,1.63930179,2.155534046,2.42223508,1.885699184,2017,10,20,4,Health Care,Biotechnology: Biological Products (No Diagnostic Substances),male,male,No,Yes,,Dec,101 - 500,2001 - 2010,0.0,0.0856,0.0841,0.0,791386.4,19.5,19.5,19.5,19.5,1000,19.5,19.5,22.51,21.17,100,0,2853845,1101987,0
55.16,5.289651767E9,22.389,1890.0,384.05,0.2032,,2100.0,900000.0,2.8,69,69,0,0,2007,-0.63019919,-0.63835463,-0.602469294,-0.182504339,2007,12,31,0,Technology,Radio And Television Broadcasting And Communications Equipment,male,male,Yes,No,No,Dec,1001 - 5000,2001 - 2010,0.2553,0.872,0.5428,0.0,859915.8,18.83,15.0,18.83,18.83,24044,18.83,32.59,35.5,35.25,0,1854746,1211969,1208820,1
55.82,4.315044914E10,24.488,6650.0,728.5,0.1095,0.24,13140.0,506088.28,6.49,78,78,44,44,1952,0.0,0.0,0.0,0.0,1996,1,11,3,Basic Industries,Precious Metals,male,male,Yes,No,No,Dec,>10000,1951 - 2000,0.0,-0.0468,0.211,0.0,45238.6,2.6384,2.6384,2.6384,2.6384,9096,2.659,2.659,2.5148,2.5148,12734,0,187990,16373,0
56.85,6.767000524E9,22.6353,3140.0,532.05,0.1694,0.01,4900.0,640816.33,2.16,49,59,10,10,2003,1.291684384,1.601512295,1.913220062,2.253707557,2013,3,28,3,Consumer Non-Durables,Packaged Foods,male,male,Yes,No,No,Dec,1001 - 5000,2001 - 2010,0.0027,0.0905,0.0639,0.0253,6891500.4,22.21,22.15,22.82,22.26,24569030,22.21,23.2,23.39,24.22,0,3245629,5011319,1631524,1
57.7,1.840663697E9,21.3334,1460.0,66.68,0.0457,0.05,9700.0,150515.46,1.26,49,49,30,30,1970,-1.257510356,-1.536841515,-0.713326069,0.13505596,2000,9,29,4,Miscellaneous,Industrial Machinery/Components,male,male,Yes,No,No,Dec,5001 - 10000,1951 - 2000,0.1279,-0.0383,0.1148,,1071074.0,20.862,18.4963,20.862,,4164692,20.406,22.344,20.8055,20.064,394407,453070,244517,98684,1
57.98,1.4827652887E10,23.4198,10850.0,1040.0,0.0959,0.02,71000.0,152816.9,1.37,54,54,22,22,1976,-1.765810494,-1.564554558,-2.348921872,-0.956651508,1998,10,7,2,Consumer Services,Professional Services,male,male,No,No,No,Sep,>10000,1951 - 2000,0.0153,-0.1306,0.2362,0.0051,34960.0,6.219,6.125,6.25,6.219,39200,6.0,5.563,5.625,5.407,19400,88800,8800,18600,1
58.3,2.022155672E9,21.4274,521.29,39.81,0.0764,0.36,2034.0,256288.1,3.88,48,,42,42,1968,1.691215065,0.300472449,-0.101978188,0.361854874,2010,7,26,0,Miscellaneous,Industrial Machinery/Components,male,male,Yes,No,,Dec,1001 - 5000,1951 - 2000,0.0391,-0.0377,-0.0795,0.0391,27672.2,7.17,6.9,7.17,6.9,777,7.2,7.02,7.05,6.9,3131,23910,37970,72573,1
58.6,,,1680.0,194.13,0.1156,0.08,2744.0,612244.9,,55,55,132,132,1883,0.506545095,1.293698933,0.504526908,0.423745111,2015,11,18,2,Public Utilities,Electric Utilities: Central,male,unknown,Yes,No,No,Dec,1001 - 5000,<= 1900,0.0,0.0663,0.0561,0.0031,880403.2,49.0,49.0,50.25,50.1,2781050,50.625,51.925,52.286,52.25,858316,494550,175500,92600,1
58.65,9.865518846E8,20.7097,1340.0,26.14,0.0195,0.14,3070.0,436482.08,0.74,60,60,13,13,1997,1.615358224,1.847952851,1.404654898,1.467762607,2010,10,15,4,Capital Goods,Building Materials,male,male,Yes,No,No,Dec,1001 - 5000,1951 - 2000,0.3429,-0.2181,-0.1213,0.4286,68889.8,9.4,7.0,10.0,7.0,2800,8.75,8.25,7.1,7.35,63149,80835,32460,165205,1
60.06,,,12090.0,1100.0,0.091,,41933.0,288317.08,,64,44,120,120,1897,0.912472571,1.458695692,1.339307079,1.699712964,2017,5,11,3,Health Care,Medical/Dental Instruments,male,male,Yes,sameYear,sameYear,Sep,>10000,<= 1900,0.0398,-0.0023,0.0295,0.0129,5252174.4,52.2,50.2,52.4,51.75,18106399,52.6,52.55,52.18,52.08,2771062,2380114,1507223,1496074,1
60.25,1.86611602E9,21.3471,988.8,28.0,0.0283,0.15,4424.0,223508.14,1.89,53,53,14,14,1992,0.669487122,-0.062355868,-0.480966178,0.319280837,2006,7,26,2,Capital Goods,Metal Fabrications,male,male,Yes,No,No,Dec,1001 - 5000,1951 - 2000,0.0133,0.0526,-0.1691,0.0133,1222970.8,15.2,15.0,15.2,15.0,4702575,15.05,15.1,15.4,16.0,365542,424893,223249,398595,1
61.06,1.7574321989E10,23.5897,13480.0,2310.0,0.1714,0.08,15378.0,876576.93,1.3,55,55,122,122,1879,0.799423461,-0.486187428,-1.159882692,-1.506963509,2001,10,23,1,Finance,Accident &Health Insurance,male,male,Yes,No,No,Dec,>10000,<= 1900,0.0294,0.0095,0.0819,0.0436,9113620.0,21.0,20.4,21.39,20.5,32584000,22.15,21.95,21.5,21.2,5847500,2038800,3339100,1758700,1
61.325,7.052375E7,18.0715,,,,,,,,,,,,,1.252849416,1.53537703,2.070481945,1.569347687,2010,4,7,2,,,,,,,,,,Unknown,0.0,0.0163,0.023,0.0039,8336.0,25.8,25.8,25.92,25.82,3480,25.94,25.9,26.2,26.22,1100,10750,16350,10000,1
61.33,6.077079367E9,22.5278,,,,,,,,,,,,,0.89989621,1.401845254,1.735408465,1.515801744,2010,11,1,0,,,,,,,,,,Unknown,0.0062,0.0394,-0.0482,0.001,63410.2,50.23,49.92,50.44,50.39,19195,50.83,51.36,52.34,52.21,41188,76503,90657,89508,1
61.8,3.844172283E9,22.0698,1080.0,127.59,0.1181,,6700.0,161194.03,3.56,58,58,33,33,1982,1.39955559,1.177511352,1.251935111,1.334267195,2015,7,16,3,Consumer Services,Department/Specialty Retail Stores,male,male,Yes,Yes,Yes,Jan,5001 - 10000,1951 - 2000,0.0282,-0.0236,-0.0898,0.0151,2948903.4,21.15,20.57,22.99,22.68,12591082,20.04,20.2,20.0,20.65,1260506,485590,207677,199662,0
61.85,1.940926107E9,21.3864,1420.0,19.44,0.0137,0.07,1008.0,1408730.16,1.37,60,46,7,7,1996,-0.242236098,0.651553007,1.170092994,1.63660576,2003,7,31,3,Public Utilities,Telecommunications Equipment,male,male,Yes,Yes,No,Dec,1001 - 5000,1951 - 2000,0.0561,-0.052,0.0599,0.006,2443402.4,17.69,16.75,19.25,19.15,9178048,17.25,16.74,16.5,16.77,1564420,594990,534305,345249,0
62.22,6.669658403E9,22.6208,857.5,242.63,0.283,,207.0,4142512.08,7.78,44,52,25,25,1973,0.945308426,0.974842531,1.203742888,1.186732614,1998,1,21,2,Consumer Services,Real Estate Investment Trusts,male,male,Yes,No,No,Dec,101 - 500,1951 - 2000,0.0291,-0.0508,-0.0282,,201620.0,22.125,21.5,22.938,,363000,21.75,21.625,21.188,21.0,194700,155600,119500,175300,0
62.45,8.100688636E8,20.5126,1380.0,30.02,0.0218,0.07,29349.0,47020.34,0.59,59,59,33,33,1969,-2.475497265,-2.77864763,-3.289778105,-3.81026667,2002,7,19,4,Consumer Services,Restaurants,male,male,Yes,No,No,Dec,>10000,1951 - 2000,0.0243,0.045,-0.0148,0.0671,659358.4,12.22,11.93,13.06,12.26,2235500,12.9,13.099,12.9,12.77,215412,185780,593400,66700,1
62.85,2.957514601E9,21.8076,7680.0,163.46,0.0213,0.05,9100.0,843956.04,0.39,56,56,6,6,1993,1.224396295,1.520526075,1.753517833,1.882918571,1999,5,12,2,Consumer Non-Durables,Telecommunications Equipment,male,male,Yes,No,No,Dec,5001 - 10000,1951 - 2000,0.0191,-0.0188,-0.0031,0.0414,1123160.0,20.0,19.625,20.813,20.0,4504800,21.063,20.125,20.0,19.625,417900,308800,147400,236900,0
63.53,6.251225131E9,22.556,1540.0,317.68,0.2063,0.03,3400.0,452941.18,4.06,55,62,94,94,1902,0.0,0.0,0.0,0.0,1996,8,2,4,Consumer Services,Real Estate Investment Trusts,male,male,Yes,No,No,Dec,1001 - 5000,1901 - 1950,0.0946,0.0124,0.3827,0.0,1437990.0,13.5,12.333,13.5,13.5,5576850,13.5,13.417,13.75,13.667,757200,405300,171300,279300,1
63.81,3.757489626E9,22.047,1540.0,23.77,0.0154,0.11,4300.0,358139.53,2.44,62,59,10,10,1986,-1.75573617,-1.75573617,-1.75573617,-1.75573617,1996,12,3,1,Technology,Radio And Television Broadcasting And Communications Equipment,male,male,Yes,No,No,Mar,1001 - 5000,1951 - 2000,0.0,0.0173,0.0,0.0833,520480.0,4.5,4.5,4.875,4.5,1852800,4.5,4.5,4.578,4.578,369400,130600,161200,88400,1
63.81,4.054753743E9,22.1232,,,,,,,,,,1,1,1999,-0.501119456,0.418729352,0.567320848,0.977959136,2000,7,24,0,Finance,Commercial Banks,male,,,No,,,,1951 - 2000,0.0448,-0.0071,-0.1429,0.0746,88380.0,17.5,16.75,18.25,17.0,79500,17.5,17.5,17.5,17.375,126200,28900,61200,146100,0
64.35,1.198248094E9,20.9041,1230.0,62.88,0.0511,0.04,5500.0,223636.36,0.97,63,55,37,37,1969,1.996906364,2.011233753,2.050823331,1.996908542,2006,9,28,3,Consumer Services,Professional Services,unknown,male,Yes,No,No,Dec,5001 - 10000,1951 - 2000,0.0208,-0.0122,0.2065,0.1242,498591.4,12.25,12.0,13.49,12.0,1598489,12.65,12.65,12.17,12.1,206083,114790,375727,197868,1
64.8,1.840568184E9,21.3333,1750.0,160.3,0.0916,0.13,4900.0,357142.86,1.05,60,60,11,11,2005,0.647494276,1.139541485,1.116853581,1.046761782,2016,7,1,4,,,male,male,Yes,sameYear,sameYear,Dec,1001 - 5000,2001 - 2010,0.0169,-0.0971,0.0696,0.0185,1701323.0,33.05,32.5,35.0,34.4,2556111,33.05,31.05,30.09,29.84,0,2089179,1937332,1923993,1
64.84,6.710941297E8,20.3244,,,,,,,,,,,,,1.93453077,1.561036982,0.992707261,0.654431327,2016,4,14,3,,,,,,,,,,Unknown,4.0E-4,0.026,-0.018,0.0021,3598.6,51.19,51.17,51.28,51.17,11260,51.2799,51.2799,52.25,52.52,1000,0,2400,3333,1
65.5,9.968091955E9,23.0227,4490.0,552.5,0.1231,,13702.0,327689.39,2.22,58,52,9,9,2002,-0.14481739,0.099686097,-0.214601474,-0.840161317,2011,12,15,3,Consumer Non-Durables,Apparel,male,male,No,sameYear,No,Mar,>10000,2001 - 2010,0.0293,0.0971,0.0785,0.0098,1.07435652E7,24.2,23.51,25.23,25.0,42261341,24.1,24.88,25.45,26.55,3998809,3246130,1710133,2501413,1
66.01,6.162162682E9,22.5417,,,,,,,,57,47,1,1,2015,-1.840882557,-2.204132259,0.013503658,0.687999693,2016,10,17,0,Capital Goods,Auto Parts:O.E.M.,unknown,male,,sameYear,sameYear,,,2011 - present,0.0256,-0.0324,-0.0725,0.0707,1235292.8,49.35,48.12,54.0,50.6,2547887,49.23,49.34,49.34,47.75,836643,1568351,0,1223583,1
66.6,5.239549739E9,22.3795,501.53,-26.14,-0.0521,0.32,1352.0,370954.14,10.45,56,39,14,14,1999,0.466775318,0.671601714,1.118507443,1.364800194,2013,9,27,4,Technology,EDP Services,male,unknown,Yes,,No,Dec,1001 - 5000,1951 - 2000,0.0643,-0.0709,0.0192,0.1257,2106758.6,18.2,17.1,19.4,17.25,8160819,18.02,17.08,17.0,16.91,774915,610496,840828,146735,0
67.28,6.965151101E9,22.6642,1080.0,201.8,0.1869,0.05,2122.0,508953.82,6.45,51,51,40,40,1965,0.78016046,0.737885627,1.113380236,1.687751873,2005,2,17,3,Miscellaneous,Multi-Sector Companies,male,male,Yes,No,No,Sep,1001 - 5000,1951 - 2000,0.0611,-0.0374,-0.0148,0.107,5365640.0,24.3,22.9,25.45,23.0,21594800,24.57,24.57,23.55,23.39,2374200,0,1864500,994700,0
67.46,3.995875787E9,22.1085,545.53,44.38,0.0814,0.18,1680.0,324720.24,7.32,54,44,10,10,1999,-0.176268499,0.855184125,1.081496862,-0.29150016,2009,6,25,3,Technology,Computer Software: Prepackaged Software,male,male,Yes,Yes,Yes,Dec,1001 - 5000,1951 - 2000,0.0625,-0.0294,-0.0165,0.0625,2759543.6,8.5,8.0,9.5,9.0,11188210,8.155,8.5,8.19,8.25,944242,600532,590340,474394,0
67.53,6.728452575E9,22.6296,1690.0,147.84,0.0875,0.09,6100.0,277049.18,3.98,57,57,143,143,1867,0.168447366,-0.689746537,-0.910585159,-0.177351254,2010,7,12,0,Energy,Industrial Machinery/Components,male,male,Yes,No,No,Dec,5001 - 10000,<= 1900,0.1491,0.0995,0.1815,0.0,107951.8,14.3897,12.5221,18.6043,18.6043,194256,15.2269,16.0998,16.243,15.8208,182693,92376,20403,50031,1
67.96,3.565853045E9,21.9947,1540.0,163.0,0.1058,0.08,3500.0,440000.0,2.32,57,57,108,108,1906,0.906177021,1.533026124,1.649950376,1.855167455,2014,1,16,3,Public Utilities,Oil/Gas Transmission,male,male,Yes,,,Dec,1001 - 5000,1901 - 1950,0.0107,0.0151,-0.0178,0.0302,455827.2,33.1,32.75,34.0,33.01,786136,33.29,33.29,33.37,33.6,506795,0,597339,388866,1
68.45,2.3273E8,19.2654,,,,,,,,,,,,,-1.719451154,-1.6311551,0.28571537,0.132103373,2016,6,28,1,,,,,,,,,,Unknown,0.0,0.0,0.0,0.0,20.0,52.9,52.9,52.9,52.9,0,52.9,52.9,52.9,52.9,0,100,0,0,1
68.65,3.085286767E9,21.8499,650.52,540000.0,830.1051,0.09,2656.0,244924.7,4.74,75,75,10,10,1996,0.672168138,1.334757697,1.238156374,1.354789168,2006,9,22,4,Technology,Computer Software: Prepackaged Software,male,male,Yes,Yes,Yes,Mar,1001 - 5000,1951 - 2000,0.1533,-0.0118,0.1276,0.0773,2203357.0,17.0,14.74,17.14,16.0,8563810,16.5,16.25,16.25,16.8,1085759,707824,305372,354020,1
69.0375,1.0355625E8,18.4556,,,,,,,,49,,,,,1.268648126,1.665197837,2.033086924,2.140385469,2006,10,11,2,,,unknown,male,,sameYear,,,,Unknown,,0.021,0.0562,,2500.0,25.25,,,,0,25.48,25.48,26.15,25.78,10300,0,1900,300,0
70.65,1.0735054773E10,23.0968,15190.0,523.0,0.0344,0.09,8726.0,1740774.7,0.71,62,62,29,29,1984,-0.48987853,0.118705813,0.87188395,1.435644929,2013,6,27,3,Consumer Services,Catalog/Specialty Distribution,male,male,Yes,sameYear,sameYear,Dec,5001 - 10000,1951 - 2000,0.057,0.0386,0.1965,0.0639,1945129.4,18.37,17.38,18.75,17.64,8286728,18.62,18.34,19.22,19.08,717371,394118,223736,103694,1
70.8939,4.962573E7,17.72,,,,,,,,,,,,,0.813144723,1.224795652,1.598879451,1.390898479,2012,3,8,3,,,,,,,,,,Unknown,8.0E-4,0.0029,-0.0039,7.0E-4,59388.2,75.07,75.009,75.07,75.02,9135,75.18,75.22,75.34,75.29,9120,38246,59224,181216,1
70.9,2.971424601E9,21.8123,2370.0,160.21,0.0676,0.02,9400.0,252127.66,1.25,52,52,4,4,2000,-0.474212645,-0.747749003,-1.162144688,0.276793806,2004,7,30,4,Consumer Non-Durables,Telecommunications Equipment,male,male,Yes,No,No,Mar,5001 - 10000,1951 - 2000,0.0048,-0.0304,0.0024,0.0201,1377900.0,12.5,12.44,12.75,12.5,5524700,12.5,12.5,12.53,12.12,354000,372100,277800,360900,1
71.63,4.65595E7,17.6562,,,,,,,,,,,,,1.252849416,1.53537703,2.070481945,1.569347687,2010,4,7,2,,,,,,,,,,Unknown,8.0E-4,0.0335,0.0461,0.0,10470.0,25.4,25.38,25.42,25.42,2300,25.32,26.0,26.04,26.25,5100,16950,16000,12000,1
73.33,1.9320052709E10,23.6844,6010.0,748.71,0.1246,0.34,15283.0,393247.4,3.21,54,59,1,1,1997,-1.332299624,-0.07166869,0.878185645,1.48732277,1998,5,26,1,Public Utilities,Environmental Services,male,male,No,No,No,Dec,>10000,1951 - 2000,0.0619,0.012,0.2,0.0793,612866.0,2.963,2.7902,3.0124,2.7911,913275,2.8643,2.963,3.0,2.9985,995793,540675,409050,205537,1
73.4,3.044951804E9,21.8368,3300.0,82.89,0.0251,0.12,2900.0,1137931.03,0.92,60,68,11,11,1986,0.778572339,1.324174094,1.324174094,1.324174094,1997,1,29,2,Technology,Professional Services,male,male,Yes,No,No,Dec,1001 - 5000,1951 - 2000,0.0602,-0.0114,0.1364,,2530480.0,5.5,5.1875,5.75,,9702000,5.6565,5.4375,5.469,5.4375,1916000,585200,287200,162000,1
75.0,4.595437725E9,22.2483,2100.0,200.51,0.0955,0.04,6900.0,304347.83,2.19,56,56,126,126,1870,0.0,0.0,0.0,0.0,1996,3,14,3,Energy,Industrial Machinery/Components,male,male,Yes,No,No,Sep,5001 - 10000,<= 1900,0.0119,0.0,0.058,0.003,39360.0,3.5835,3.5415,3.594,3.5835,105600,3.573,3.5415,3.5415,3.5835,52800,7200,7200,24000,1
75.26,2.619286228E10,23.9888,6660.0,1040.0,0.1562,0.07,26000.0,256153.85,3.93,51,51,1,1,2015,-0.390398291,0.210468527,0.813420513,0.642116849,2016,6,14,1,Capital Goods,Industrial Machinery/Components,male,male,Yes,sameYear,sameYear,Dec,>10000,2011 - present,0.0433,0.065,0.0771,0.0433,420.0,46.95,45.0,46.95,45.0,200,47.0,47.0,50.0,50.0,1400,0,500,0,1
75.3,6.768119269E9,22.6355,161.63,-142.54,-0.8819,9.78,400.0,404075.0,41.87,58,,4,4,1992,0.0,0.0,0.0,0.0,1996,5,23,3,Health Care,Biotechnology: Biological Products (No Diagnostic Substances),male,male,Yes,No,,Dec,101 - 500,1951 - 2000,0.1364,-0.13,-0.2,0.0682,1127119.8,12.5,11.0,13.25,12.5,4194099,11.75,11.75,10.875,10.875,623500,0,592500,225500,0
77.52,3.6774776056E10,24.3281,67290.0,3430.0,0.051,0.2,43800.0,1536301.37,0.55,63,53,0,0,2011,-0.561422716,-1.459270302,-0.916718765,0.609116652,2011,6,23,3,Energy,Integrated oil Companies,male,male,Yes,No,No,Dec,>10000,2011 - present,0.0685,0.0274,0.0282,0.0274,3102963.2,19.5,18.25,19.5,19.0,5097542,18.625,18.825,19.35,20.035,1675312,895100,4151702,3695160,1
77.79,2.89514878E9,21.7863,12.07,-253.48,-21.0008,,315.0,38317.46,239.86,38,65,2,2,2013,-1.619735216,-1.765738655,-0.160989677,0.601845301,2015,1,30,4,Health Care,Biotechnology: Biological Products (No Diagnostic Substances),male,female,Yes,No,Yes,Dec,101 - 500,2011 - present,0.245,-0.149,0.1518,0.1693,1716192.0,50.0,40.16,51.9,45.1,7121164,46.0,45.98,43.21,42.55,733869,248248,275445,202234,1
77.85,2.425988013E9,21.6095,281.14,42.14,0.1499,0.02,53000.0,5304.53,8.63,47,47,0,0,2015,-2.048642316,-0.171183104,-0.339366379,-0.7128507,2015,12,14,0,Consumer Services,Professional Services,male,male,Yes,sameYear,sameYear,Sep,>10000,2011 - present,0.0,0.4096,0.3818,0.0,463514.8,11.89,11.89,13.0,13.0,19070,13.0,13.28,14.44,16.76,1174901,404360,148488,570755,1
78.12,1.669015286E9,21.2355,1310.0,539.8,0.4121,0.1,6000.0,218333.33,1.27,57,57,0,0,2002,0.161385183,-1.012334595,-1.385752788,-0.944071439,2002,5,24,4,Basic Industries,Metal Fabrications,male,male,Yes,No,No,Dec,5001 - 10000,2001 - 2010,0.0096,-0.0533,-0.3101,0.0,85140.0,8.45,8.37,8.45,8.45,63600,8.45,8.49,8.35,8.0,0,93800,120800,147500,0
78.27,3.140477303E9,21.8676,1860.0,54.6,0.0294,0.13,3800.0,489473.68,1.69,52,51,12,12,2004,-0.840508509,0.631836309,0.726467991,0.444241843,2016,5,12,3,Consumer Non-Durables,Farming/Seeds/Milling,male,male,Yes,Yes,,Dec,1001 - 5000,2001 - 2010,0.0463,0.0979,0.063,0.0522,1604858.8,26.67,25.49,26.97,25.64,6436989,28.2,28.7,27.96,29.28,884084,313599,157140,232482,1
79.5,1.30706109E8,18.6885,126.04,11.85,0.094,1.84,,,1.04,42,,5,5,2000,1.654678029,1.06501552,1.247347585,1.844549053,2005,2,8,1,Miscellaneous,Business Services,unknown,,No,No,,Dec,,1951 - 2000,0.0227,-0.0985,-0.108,8.0E-4,175551.0,100.72,98.48,110.16,110.08,667504,95.52,90.8,94.24,90.8,109065,63891,27144,10151,0
79.68,1.1673928115E10,23.1806,1490.0,204.87,0.1375,0.31,,,7.83,40,48,8,8,2005,1.024709045,1.774084343,2.140958985,1.688295436,2013,10,31,3,Technology,"Computer Software: Programming, Data Processing",unknown,unknown,No,,No,Dec,,2001 - 2010,0.1486,0.1036,0.3893,0.2762,5362451.4,24.12,21.0,27.0,21.2,20628489,25.0,24.58,27.38,26.62,2780259,1092277,1391622,919610,1
80.01,5.497660402E9,22.4276,5230.0,48.3,0.0092,0.04,11410.0,458369.85,1.05,50,50,0,0,2012,1.150560525,1.594718743,1.820201961,0.747535794,2012,1,27,4,Consumer Non-Durables,Packaged Foods,male,male,Yes,No,No,Sep,>10000,2011 - present,0.1736,0.0431,0.1742,0.1635,343394.2,26.7,22.75,27.5,23.78,707249,26.8,26.91,27.25,27.85,419170,118909,67849,403794,1
80.7,1.3624581E9,21.0326,979.9,79.7,0.0813,0.04,2612.0,375153.14,1.39,56,56,0,0,2004,1.371879936,2.45042312,2.718895964,2.375396239,2004,11,17,2,Basic Industries,Paper,male,male,Yes,No,No,Dec,1001 - 5000,2001 - 2010,0.6667,0.056,-0.0686,0.7143,213800.0,35.0,21.0,36.0,21.0,281600,37.95,36.31,36.96,36.96,303600,468800,7500,7500,1
81.1,1.131230649E9,20.8466,1320.0,50.56,0.0383,0.1,1173.0,1125319.69,0.86,56,56,6,6,1990,0.0,0.0,0.0,0.0,1996,11,15,4,Technology,Retail: Computer Software & Peripheral Equipment,male,male,Yes,No,No,Mar,1001 - 5000,1951 - 2000,0.0411,-0.0526,-0.0263,0.0822,638160.0,4.75,4.5625,5.125,4.75,2454800,4.625,4.5315,4.5625,4.5,289000,170400,87400,189200,1
81.35,4.630658391E9,22.256,1010.0,114.1,0.113,0.09,1987.0,508303.98,4.58,51,51,0,0,1996,0.0,0.0,0.0,0.0,1996,10,16,2,Consumer Services,Hotels/Resorts,male,male,Yes,No,No,Dec,1001 - 5000,1951 - 2000,0.1607,0.0077,-0.0692,0.0179,54468.8,6.8856,5.9322,6.9915,6.8856,46020,7.0975,7.3094,7.3623,6.9386,27848,93220,19824,85432,1
81.56,2.5501208523E10,23.962,,,,,,,,53,53,,,,0.831113713,1.378447014,1.625941563,1.637698511,2012,3,22,3,Miscellaneous,Business Services,male,male,,No,No,,,Unknown,0.0546,0.0282,0.0108,0.0541,4534589.6,19.5,18.49,20.0,19.0,17945991,19.7,20.25,20.35,20.05,1360793,1060023,1142029,1164112,1
82.76,6.613341089E9,22.6124,514.28,21.22,0.0413,0.21,1893.0,271674.59,12.86,42,42,11,11,2001,1.8488245,1.95569187,2.024820213,0.906145716,2012,1,25,2,Technology,Computer Software: Prepackaged Software,male,male,Yes,Yes,Yes,Jul,1001 - 5000,2001 - 2010,0.0407,0.0532,0.4013,0.076,1737059.4,17.12,16.45,18.0,16.75,7030831,17.43,17.83,18.05,18.03,809445,371700,266830,206491,1
83.33,1.5110757546E10,23.4387,,,,,,,,57,57,0,0,2014,1.433308297,1.151610032,1.468382763,1.657905317,2014,11,4,1,Consumer Services,Television Services,male,male,,sameYear,sameYear,,,2011 - present,6.0E-4,-0.0079,0.1516,0.0,1701842.6,47.03,47.0,49.26,49.26,99572,50.96,49.47,49.38,46.66,4654241,1415146,1176502,1163752,1
84.46,1.828804162E10,23.6295,,,,,,,,,,,,,0.768836034,1.29357661,1.398783313,1.721911894,2009,11,19,3,,,,,,,,,,Unknown,,0.0059,0.0114,,2660.2,75.16,,,,0,75.16,75.16,75.5,75.6,0,2334,4952,6015,0
86.02,4.931246261E9,22.3189,43.01,-314.67,-7.3162,,382.0,112591.62,114.65,59,59,6,6,2007,1.039196167,1.613120558,1.7388922,1.924562221,2013,7,24,2,Health Care,Major Pharmaceuticals,male,male,Yes,sameYear,sameYear,Dec,101 - 500,2001 - 2010,0.1517,-0.0697,-0.2075,0.1105,1467277.2,31.28,27.16,32.0,29.0,6203443,27.78,28.53,28.64,29.1,592688,313663,149326,77266,1
86.4,2.862677462E9,21.775,,,,,,,,,,,,,0.223371838,-0.383254524,-0.802662126,0.105946827,2006,7,24,0,Health Care,Biotechnology: Biological Products (No Diagnostic Substances),,,,,,,,Unknown,0.0,0.2162,0.6757,0.0,32600.0,1.85,1.85,2.0,2.0,60000,2.05,2.25,2.25,2.25,80000,23000,0,0,1
86.72,9.1056E7,18.327,,,,,,,,,,,,,-1.173689738,-1.024864856,-1.104412141,-1.739590158,2009,1,21,2,,,,,,,,,,Unknown,,0.0031,-0.0269,,0.0,96.6,,,,0,96.6,96.6,96.9,96.9,0,0,0,0,0
87.35,1.1012125578E10,23.1223,1100.0,478.04,0.4346,0.13,3380.0,325443.79,10.01,56,49,0,0,2004,-1.978134931,-2.293449645,-2.616188545,-0.598049162,2004,8,12,3,Consumer Services,Real Estate Investment Trusts,male,male,Yes,No,No,Dec,1001 - 5000,2001 - 2010,0.0,8.0E-4,0.0792,8.0E-4,991540.0,12.5,12.5,12.77,12.76,3796200,12.5,12.5,12.51,12.51,669300,188800,153600,149800,1
87.49,2.083129376E9,21.4571,10.0,-30.07,-3.007,,60.0,166666.67,208.31,40,40,12,12,2005,2.000942174,1.339305493,2.032312444,1.783184484,2017,1,26,3,Health Care,Major Pharmaceuticals,male,male,Yes,Yes,Yes,Dec,0 - 100,2001 - 2010,0.1206,-0.0224,0.3865,0.1134,764671.6,17.0,15.17,17.72,16.0,3318286,17.53,17.16,16.95,16.62,264068,86925,51614,102465,1
91.01,2.202832342E9,21.513,,,,,,,,,,,,,0.768836034,1.29357661,1.398783313,1.721911894,2009,11,19,3,,,,,,,,,,Unknown,,0.0064,-0.0027,,820.0,75.2611,,,,0,75.2611,75.2611,75.2611,75.74,0,100,0,4000,0
91.24,2.731593211E9,21.7282,326.67,-36.66,-0.1122,0.43,676.0,483239.64,8.36,38,38,8,8,2006,1.54857991,1.53215312,1.897270213,1.889580979,2014,11,6,3,Health Care,Medical/Dental Instruments,male,male,Yes,No,No,Dec,501 - 1000,2001 - 2010,0.0891,-0.0036,0.3863,0.1232,1287541.4,25.19,23.13,26.25,23.4,5642431,25.3,25.26,25.0,25.1,479349,118450,128742,68735,1
92.1,4.573790257E9,22.2436,953.56,197.06,0.2067,0.25,1564.0,609693.09,4.8,65,65,7,7,1996,-0.190201371,0.244029573,0.94807226,1.420543141,2003,8,13,2,Finance,Major Banks,unknown,unknown,Yes,No,No,Dec,1001 - 5000,1951 - 2000,0.0851,0.0259,0.0342,0.0452,1632139.0,11.99,11.05,12.3,11.8,6272846,12.5,12.46,12.6,12.3,829650,254600,255699,547900,1
93.55,4.038630398E9,22.1192,768.87,47.09,0.0612,0.1,1279.0,601149.34,5.25,50,50,4,4,1996,2.03021465,2.487408082,2.339633252,3.045980607,2000,3,24,4,Technology,Semiconductors,male,male,Yes,No,No,Dec,1001 - 5000,1951 - 2000,0.0955,0.1993,0.0879,0.1221,2453160.0,69.0,62.9844,76.6875,69.0,7419100,75.9375,87.0,93.125,82.75,1320900,1443000,1272700,810100,0
93.67,1.13E11,25.4507,2450200.0,58940.0,0.0241,0.23,446225.0,5490951.87,0.05,,53,0,0,2000,-1.834967205,-2.600301994,-2.81753695,-1.7688623,2000,10,18,2,Energy,Integrated oil Companies,,unknown,No,,No,Dec,>10000,1951 - 2000,0.0061,-0.0964,-0.0181,0.0119,3626662.0,15.9615,15.8654,16.0577,15.8692,15145260,15.5292,15.3846,14.9038,14.4231,1434680,263120,615940,674310,0
93.95,3.874837441E9,22.0778,1730.0,125.45,0.0725,0.19,1600.0,1081250.0,2.24,66,66,11,11,1995,0.292646725,0.255603069,-0.56546208,0.220821458,2006,8,11,4,Finance,Investment Managers,male,male,Yes,No,No,Dec,1001 - 5000,1951 - 2000,0.0226,0.163,0.07,0.0494,692500.0,24.85,24.3,26.2,25.0,2177600,25.6,26.61,28.25,28.9,425600,240500,392000,226800,1
96.47,1.1399117081E10,23.1568,918.91,296.18,0.3223,0.03,4097.0,224288.5,12.41,,,5,5,2008,-1.062303985,0.808660581,1.350926858,1.563225345,2013,12,11,2,Technology,EDP Services,unknown,unknown,No,No,No,Dec,1001 - 5000,2001 - 2010,0.1565,-0.0988,0.0988,0.0492,2635410.8,30.07,26.0,31.44,30.16,9782249,29.26,28.5,28.0,27.1,1520883,937882,418446,517594,1
97.62,1.3610454029E10,23.3341,14870.0,504.89,0.034,0.13,15074.0,986466.76,0.92,56,56,92,92,1905,0.669966322,1.383731571,1.248505116,1.639415846,1997,10,15,2,Transportation,Oil Refining/Marketing,male,male,Yes,No,No,Dec,>10000,1901 - 1950,0.0714,-0.0055,0.0112,0.012,9218800.0,5.625,5.25,5.688,5.625,29816800,5.688,5.594,5.532,5.594,7436400,3390400,3068000,2382400,1
98.47,1.1264799321E10,23.1449,1780.0,66.03,0.0371,0.26,3707.0,480172.65,6.33,60,47,4,4,1993,-0.831147841,-1.544376664,-0.663115158,-0.663115158,1997,4,15,1,Technology,Computer Software: Prepackaged Software,unknown,male,Yes,No,No,Mar,1001 - 5000,1951 - 2000,0.1463,0.0212,0.4468,0.0,544949.8,3.917,3.417,3.917,3.917,1785600,3.709,3.833,4.0,4.0,443700,252149,165900,77400,1
98.5,8.588634118E9,22.8737,683.07,98.98,0.1449,0.39,2125.0,321444.71,12.57,41,45,1,1,2013,-0.161522055,0.807294703,1.151664188,1.481175915,2014,4,4,4,Miscellaneous,Business Services,male,male,Yes,No,No,Dec,1001 - 5000,2011 - present,0.0,-0.0909,-0.0868,0.0241,2768429.2,34.0,34.0,40.8,39.98,10970081,34.8,35.99,35.31,30.91,1152126,510618,455261,754060,1
99.62,3.5005477279E10,24.2788,13110.0,1670.0,0.1274,0.07,78000.0,168076.92,2.67,48,,7,7,2000,0.446464495,1.080187899,1.678121987,1.659054921,2007,6,14,3,Consumer Non-Durables,Electronic Components,male,,No,Yes,,Sep,>10000,1951 - 2000,0.05,-0.0746,0.0041,0.0,1067800.0,38.85,37.0,39.26,39.26,662600,38.8,37.15,36.7,35.95,1150000,853600,951000,1721800,0
99.98,2.9994E7,17.2165,,,,,,,,,,,,,0.610119066,-0.548591332,-0.11614243,0.799026774,2018,4,20,4,,,,,,,,,,Unknown,0.0,,,0.0,25.0,99.98,99.98,99.98,99.98,125,,,,,,,,,0
101.23,1.3745369475E10,23.344,7710.0,769.0,0.0997,0.03,45000.0,171333.33,1.78,60,60,0,0,1996,-1.658612067,-1.658612067,-1.658612067,-1.658612067,1996,12,17,1,Health Care,Medical Specialities,male,male,Yes,No,No,Dec,>10000,1951 - 2000,0.0,0.0894,0.268,0.0714,655680.0,3.5,3.5,3.75,3.5,1272400,3.563,3.657,3.719,3.813,1186800,528800,233200,57200,1
101.6423,,,276.93,-2.96,-0.0107,,771.0,359182.88,,50,50,8,8,2005,1.765307226,2.509656665,2.215987933,2.518694988,2013,5,17,4,Technology,Diversified Commercial Services,female,female,Yes,No,No,Jun,501 - 1000,2001 - 2010,0.01,0.0099,0.0,0.2828,7212.0,101.0,100.0,129.28,101.0,10752,102.5,102.0,103.0,102.0,19105,4400,200,1603,1
102.95,1.6E11,25.7984,28690.0,6020.0,0.2098,0.07,80600.0,355955.33,5.58,60,53,161,161,1847,-1.723619129,-1.686157852,-1.996931165,-2.748643881,2008,3,17,0,Consumer Non-Durables,Farming/Seeds/Milling,male,male,Yes,No,No,Dec,>10000,<= 1900,0.003,-0.0049,-0.0281,0.0538,7360.0,49.39,49.24,52.65,50.0,19800,49.39,49.39,49.15,49.15,0,0,17000,0,1
103.47,4.150096751E9,22.1464,17050.0,298.38,0.0175,0.21,113600.0,150088.03,0.24,51,51,23,23,1980,0.723991133,1.239398928,1.597721856,1.507611601,2003,11,25,1,Technology,Retail: Computer Software & Peripheral Equipment,male,male,Yes,No,No,Nov,>10000,1951 - 2000,0.0179,-0.0141,-0.007,0.0108,1045040.0,14.2,13.95,14.3,14.15,3300800,14.25,14.25,14.25,14.0,854400,0,172200,897800,1
103.73,1.0829412E10,23.1055,,,,,,,,,,,,,-1.27473281,0.70136433,1.156636911,1.829050351,2007,1,5,4,,,,,,,,,,Unknown,,-7.0E-4,-6.0E-4,,60.0,100.25,,,,0,100.25,100.25,100.25,100.18,0,0,0,300,0
104.54,4.1154308738E10,24.4406,34500.0,4890.0,0.1417,0.18,13400.0,2574626.87,1.19,50,55,3,3,2007,-0.136076203,1.027013363,1.565740269,1.504655371,2010,4,28,2,Basic Industries,Major Chemicals,unknown,male,No,No,No,Dec,>10000,2001 - 2010,0.0138,-0.0227,-0.2205,0.0,4248282.6,22.0,21.7,22.25,22.25,5244395,23.0,22.3,22.8,21.5,8773506,1644399,3302650,2276463,1
105.24,8.692824E9,22.8858,,,,,,,,,52,,,,0.540471559,0.35599002,-0.598136007,-1.014969575,2001,2,5,0,,,,male,,,No,,,Unknown,,0.0139,-0.0483,,20160.0,33.22,,,,0,34.2533,33.7867,33.55,33.6833,0,0,0,100800,0
106.69,5.030374394E9,22.3388,3400.0,300.36,0.0883,0.06,20900.0,162679.43,1.48,56,54,138,138,1865,-0.037870205,0.739771476,1.107190129,1.451002048,2003,10,24,4,Consumer Non-Durables,Apparel,male,male,Yes,No,No,Dec,>10000,<= 1900,0.0534,0.1055,0.0402,0.0419,2627200.0,12.325,11.7,12.515,12.025,9031400,12.9,14.15,13.905,13.625,1400200,1478400,780800,445200,1
106.88,7.02736E9,22.6731,,,,,,,,,,,,,-1.27473281,0.70136433,1.156636911,1.829050351,2007,1,5,4,,,,,,,,,,Unknown,,6.0E-4,-0.0025,,20.0,100.19,,,,0,100.19,100.19,100.25,100.25,0,0,0,100,0
107.25,5.142554381E9,22.3608,1860.0,123.49,0.0664,0.11,11800.0,157627.12,2.76,67,48,53,53,1947,-0.170816406,-0.231448453,0.187628007,0.785391389,2000,6,23,4,Health Care,Biotechnology: Commercial Physical & Biological Resarch,male,male,Yes,No,No,Dec,>10000,1901 - 1950,0.1892,-0.0369,0.0995,0.223,2024059.8,22.0,18.5,23.625,19.5,7986500,21.875,21.563,21.563,21.188,1004999,421000,567500,140300,1
108.73,1.5059105E9,21.1327,,,,,,,,,,,,,-1.27473281,0.70136433,1.156636911,1.829050351,2007,1,5,4,,,,,,,,,,Unknown,,2.0E-4,-0.0036,,200.0,100.57,,,,0,100.57,100.57,100.59,100.59,0,0,0,1000,0
108.8,2.646466432E9,21.6965,5840.0,110.21,0.0189,0.21,10700.0,545794.39,0.45,64,,35,35,1969,1.798652155,2.587023024,2.503069276,1.932509113,2004,1,5,0,Health Care,Hospital/Nursing Management,male,male,Yes,No,No,Dec,>10000,1951 - 2000,0.0667,0.1395,0.0766,0.2,1111278.4,24.8,23.25,27.9,23.25,603100,27.0,27.05,27.4,28.26,2090132,956378,530785,1375997,1
108.9002,1.9057535E8,19.0656,,,,,,,,,,,,,1.710017735,1.898776365,0.521641129,0.813396795,2010,9,20,0,,,,,,,,,,Unknown,0.0,0.0191,0.0828,0.0,9106.6,51.23,51.23,51.23,51.23,0,51.23,51.23,50.5,52.21,0,10775,14200,20558,1
109.16,1.6574134162E10,23.5311,10060.0,377.96,0.0376,0.15,22615.0,444837.5,1.65,44,44,0,0,2005,1.841665206,1.931997096,2.206901249,1.675740208,2005,7,20,2,Consumer Services,Transportation Services,male,male,Yes,No,No,Dec,>10000,2001 - 2010,0.0013,0.0033,-0.0932,0.0,268960.8,22.4957,22.4675,25.8625,25.8625,689878,22.5897,23.3797,22.7966,22.5709,232165,120744,84144,217873,0
109.48,2.4343788764E10,23.9155,3530.0,443.3,0.1256,0.17,2525.0,1398019.8,6.9,55,50,4,4,1992,0.0,0.0,0.0,0.0,1996,2,28,2,Health Care,Major Pharmaceuticals,male,male,Yes,No,No,Dec,1001 - 5000,1951 - 2000,0.0735,0.0,-0.0411,0.0441,1050240.0,2.2812,2.125,2.375,2.2812,3051600,2.3125,2.3125,2.25,2.2812,453200,559200,0,1187200,1
111.6,4.224974785E9,22.1643,375.61,-39.71,-0.1057,0.39,2081.0,180494.95,11.25,49,51,9,9,2005,-2.233471945,-1.772239117,-0.30729462,0.634554609,2014,10,9,3,Technology,Computer Software: Prepackaged Software,male,unknown,Yes,sameYear,sameYear,Dec,1001 - 5000,2001 - 2010,0.0354,-0.0864,0.2056,0.0045,2160897.0,30.1,29.07,32.99,32.86,8259662,29.05,27.25,29.84,27.5,1619607,423131,228798,273287,1
111.78,1.116328271E10,23.1359,5080.0,818.0,0.161,,39200.0,129591.84,2.2,60,50,0,0,2006,0.273151022,-0.513551593,-0.890676829,0.082986266,2006,7,19,2,Consumer Services,Hotels/Resorts,male,male,Yes,sameYear,No,Dec,>10000,2001 - 2010,0.0015,0.0588,-0.1351,0.041,545040.0,32.5,32.45,33.83,32.5,601100,32.77,32.9,32.4,34.41,729700,495900,247500,651000,1
111.8,2.863092908E9,21.7752,507.18,86.7,0.1709,0.18,1179.0,430178.12,5.65,45,45,1,1,1999,0.673204048,1.447027094,1.594673139,2.200050196,2000,4,4,1,Technology,Semiconductors,male,male,Yes,No,No,Sep,1001 - 5000,1951 - 2000,0.0,0.3693,0.3125,0.0,193640.0,22.0,22.0,22.1875,22.1875,3000,22.0,22.0,32.25,30.125,3000,3000,450900,508300,1
112.27,1.1878166E10,23.198,,,,,,,,,,,,,-0.548633366,-1.343972903,-1.238480109,-0.619756142,2007,12,17,0,,,,,,,,,,Unknown,0.0,-7.0E-4,0.0096,0.0,14580.0,101.22,101.22,101.22,101.22,0,101.22,101.22,101.26,101.15,0,47900,1500,23500,0
114.4291,,,12750.0,1230.0,0.0965,0.12,57765.0,220721.89,,59,59,174,174,1843,0.70222066,1.286598127,1.273699151,1.651750487,2017,5,12,4,Capital Goods,Industrial Machinery/Components,male,male,Yes,Yes,Yes,Dec,>10000,<= 1900,0.0265,0.0034,0.0349,0.0059,1748205.4,102.65,100.0,103.625,103.03,6437104,103.0,103.45,102.6696,103.0,897372,349211,596167,461173,1
114.51,6.073591162E9,22.5272,1450.0,72.76,0.0502,0.25,25962.0,55850.86,4.19,56,56,19,19,1993,1.839695033,1.859752759,2.136146735,1.251811703,2012,2,8,2,Technology,EDP Services,male,male,Yes,Yes,Yes,Dec,>10000,1951 - 2000,0.0566,-0.04,0.0879,0.0981,910222.8,14.0,13.25,15.05,13.75,3336243,13.91,13.96,13.65,13.44,580536,336271,175907,122157,1
115.2,3.637691366E9,22.0146,1630.0,82.1,0.0504,0.21,5800.0,281034.48,2.23,51,51,0,0,2008,-0.437324982,-1.474208452,-1.822892968,-1.868894194,2008,7,18,4,Technology,Industrial Machinery/Components,male,male,Yes,No,No,Dec,5001 - 10000,2001 - 2010,0.0,-0.0643,-0.2029,0.0,30.2,14.0,14.0,14.5,14.5,52,13.5,13.5,13.5,13.1,24,0,50,25,0
120.15,1.313889752E9,20.9963,1520.0,45.38,0.0299,,2300.0,660869.57,0.86,59,60,1,1,2002,-1.524631113,-2.476796508,-1.831359019,-1.374598346,2003,2,12,2,Finance,Property-Casualty Insurers,male,male,Yes,No,No,Dec,1001 - 5000,2001 - 2010,0.0311,0.0075,0.0201,6.0E-4,1861443.0,15.9,15.42,16.01,16.0,6320700,16.0,16.18,16.18,16.02,1474600,915215,0,596700,1
122.82,8.53599E8,20.565,,,,,,,,,,,,,1.710017735,1.898776365,0.521641129,0.813396795,2010,9,20,0,,,,,,,,,,Unknown,,0.0103,0.039,,17360.0,51.48,,,,0,51.48,51.48,50.95,52.01,0,50200,13700,22900,0
122.93,1.2445292691E10,23.2446,1120.0,164.23,0.1466,0.23,323.0,3467492.26,11.11,55,69,3,3,1994,1.056295557,1.723404591,2.134238257,2.159844366,1997,5,28,2,Consumer Services,Real Estate Investment Trusts,male,male,Yes,No,No,Dec,101 - 500,1951 - 2000,0.0182,0.0536,0.0328,0.0182,525340.0,21.0,20.625,21.375,21.0,1862700,21.375,22.0,22.0,22.125,296800,220400,66800,180000,1
133.45,4.008060387E9,22.1116,21.3,-148.88,-6.9897,,59.0,361016.95,188.17,45,45,1,1,2013,-2.999129181,-0.348374573,0.553555911,1.093056169,2014,8,1,4,Health Care,Major Pharmaceuticals,male,male,Yes,Yes,Yes,Dec,0 - 100,2011 - present,0.022,0.0,8.0E-4,0.0275,625440.4,13.0,12.72,13.42,13.07,2625410,13.02,13.0,13.0001,13.0,163190,80253,97609,160740,0
133.86,7.174430435E9,22.6938,3300.0,406.1,0.1231,0.18,14631.0,225548.49,2.17,57,52,138,138,1869,1.577257478,1.955747502,1.696527049,1.756848961,2007,7,17,1,Capital Goods,Auto Manufacturing,male,male,Yes,No,No,Dec,>10000,<= 1900,0.067,-0.0875,-0.1438,0.0,539200.0,56.55,53.0,58.55,58.55,1465600,53.55,53.5,52.5,51.6,755100,152200,187500,135600,0
151.42,1.02E11,25.3482,36770.0,3450.0,0.0938,0.06,425000.0,86517.65,2.77,58,,12,12,1989,0.030476119,-0.94454422,-0.453419271,-1.047288082,2001,7,19,3,Miscellaneous,Business Services,male,,No,No,,Aug,>10000,1951 - 2000,0.0113,-0.0145,-0.0738,0.0127,1.16377E7,15.17,15.0,15.29,15.1,33703500,15.01,15.0,14.86,14.95,9238500,7501000,3537300,4208200,1
152.19,4.674436863E9,22.2654,2140.0,-71.71,-0.0335,0.19,11600.0,184482.76,2.18,54,54,10,10,1995,0.389713805,0.433284288,0.969350996,1.216195831,2005,9,30,4,Miscellaneous,Publishing,male,male,No,No,No,Jun,>10000,1951 - 2000,0.2698,-0.0623,0.1443,0.1424,1374499.0,15.25,12.01,15.71,14.0,5356823,14.75,14.0,14.21,14.3,730654,536376,134082,114560,1
155.25,9.601349776E9,22.9852,2090.0,420.76,0.2013,0.05,4366.0,478699.04,4.59,46,46,3,3,1996,0.11344058,0.334544419,0.997870135,1.339056488,1999,6,4,4,Technology,Computer Communications Equipment,unknown,unknown,Yes,No,No,Sep,1001 - 5000,1951 - 2000,0.4691,0.1555,1.4874,0.0957,2395320.0,7.4375,5.0625,7.922,7.4375,7386600,7.75,9.844,9.6875,8.594,1234600,1477200,1332600,545600,1
162.95,7.459515323E9,22.7328,,-270.12,,,257.0,,,64,64,4,4,2010,1.048647245,1.374169568,1.712106212,1.793758543,2014,7,18,4,Health Care,Major Pharmaceuticals,male,male,Yes,Yes,Yes,Dec,101 - 500,2001 - 2010,0.1533,-0.0983,-0.0937,0.1345,1299150.6,30.1,26.1,30.51,27.0,5817650,30.0,27.59,27.5,27.14,329565,228616,74063,45859,1
180.55,1.6700875E9,21.2361,,,,,,,,,52,,,,-2.267442421,-1.78099827,-1.052595849,-1.42022419,2001,7,10,1,,,,male,,,No,,,Unknown,,0.0425,0.1525,,52220.0,65.65,,,,0,65.65,65.65,72.65,68.44,0,0,201100,60000,0
189.02,1.7361162453E10,23.5775,1760.0,-216.6,-0.1231,0.28,4562.0,385795.7,9.86,51,55,7,7,2005,0.655516681,0.599181453,0.202814701,0.918004992,2012,7,20,4,Technology,Computer peripheral equipment,male,male,Yes,No,No,Jul,1001 - 5000,2001 - 2010,6.0E-4,0.127,0.2665,0.1303,1909710.6,53.13,53.1,62.07,55.15,7016057,51.51,55.5,58.95,59.88,788384,716703,599608,427801,1
196.97,7.031392711E9,22.6737,2600.0,227.2,0.0874,0.21,10340.0,251450.68,2.7,76,76,0,0,1999,0.836323972,1.61555558,1.665058004,1.684250874,1999,11,23,1,Capital Goods,Industrial Machinery/Components,male,male,Yes,No,No,Dec,>10000,1951 - 2000,0.0,0.0962,-0.0075,0.0,292280.0,8.438,8.438,8.438,8.438,0,10.5,10.5,10.5,9.25,917700,0,32700,511000,1
198.11,8.862491463E9,22.9051,17010.0,373.7,0.022,0.2,8900.0,1911235.96,0.52,58,48,2,2,2002,-0.552852298,0.304335471,0.045783705,0.890336399,2004,7,1,3,Health Care,Medical Specialities,male,male,Yes,No,No,Dec,5001 - 10000,2001 - 2010,0.0557,0.0292,0.0087,0.0481,1257800.0,19.53,18.5,20.19,19.3,5127600,20.45,20.45,20.0,20.1,571800,0,277300,312300,1
202.83,1.8215929451E10,23.6256,2250.0,740.2,0.329,0.23,7890.0,285171.1,8.1,61,47,10,10,2000,1.23598478,1.605806791,1.738662825,2.012417874,2010,12,15,2,Miscellaneous,Business Services,male,male,Yes,No,No,Dec,5001 - 10000,1951 - 2000,0.1122,0.0917,0.1354,0.1531,2144752.8,27.25,24.5,28.75,25.0,8926016,27.35,28.07,28.53,29.75,464557,185871,450785,696535,1
225.27,5.7635565132E10,24.7774,90110.0,3840.0,0.0426,0.06,56000.0,1609107.14,0.64,56,57,,-3,2004,-1.057137395,-0.775713159,-1.377380841,-1.697972865,2001,10,30,1,Health Care,Medical Specialities,female,male,Yes,No,No,Dec,>10000,2001 - 2010,0.0136,0.0487,0.1883,0.0099,1.34464E7,20.45,20.175,20.45,20.25,45387000,20.94,21.085,21.45,21.445,11104400,3901800,4075000,2763800,1
227.93,1.3815141359E10,23.349,5880.0,555.23,0.0944,,34700.0,169452.45,2.35,56,,17,17,1990,-1.254671062,0.537873786,0.285253872,0.993165317,2007,10,25,3,Consumer Services,Other Specialty Stores,female,female,Yes,No,,Jan,>10000,1951 - 2000,0.0322,0.1469,-0.1834,0.206,2126105.6,29.82,28.89,35.0,29.05,7487306,32.0,34.7,35.43,34.2,1625582,668513,455543,393584,0
291.21,4.9191176019E10,24.619,11760.0,-1960.0,-0.1667,0.68,37543.0,313240.82,4.18,45,51,7,7,2003,-2.027833413,-1.816929615,-1.992037911,-0.596785264,2010,6,29,1,Capital Goods,Auto Manufacturing,male,male,Yes,Yes,No,Dec,>10000,2001 - 2010,0.362,-0.1963,-0.1398,0.3421,9866050.8,23.89,17.54,25.0,19.0,18783276,23.83,21.96,19.2,19.2,17194394,8216789,5135795,0,1
326.6,9.09118861E9,22.9306,4480.0,176.25,0.0393,0.15,68890.0,65031.21,2.03,43,,13,13,1993,0.060053884,0.752980868,1.28962744,1.764879261,2006,1,26,3,Consumer Services,Restaurants,male,male,Yes,No,,Dec,>10000,1951 - 2000,0.1136,0.0582,0.0409,0.083,3363460.0,44.0,39.51,48.28,45.0,13213600,42.2,44.8,47.52,46.56,1150800,735600,1110600,606700,1
405.52,3.2128567757E10,24.193,4370.0,232.98,0.0533,0.21,7273.0,600852.47,7.35,61,61,2,2,1998,0.073313016,0.54807228,0.631392573,1.016338594,2000,8,11,4,Consumer Services,Real Estate Investment Trusts,male,male,Yes,No,No,Dec,5001 - 10000,1951 - 2000,0.0938,-0.0857,0.0666,0.1058,201454.2,421.3451,385.2234,449.4219,408.6528,789914,385.2234,389.2298,397.2746,385.2234,79963,48267,42031,47096,0
524.85,8.4914656961E10,25.1649,12650.0,4970.0,0.3929,0.13,13900.0,910071.94,6.71,64,59,1,1,1998,-1.226675384,-1.547999273,-1.650106171,0.195664408,1999,10,1,4,Finance,Investment Bankers/Brokers/Service,female,male,Yes,Yes,No,Dec,>10000,1951 - 2000,0.0089,0.0,0.0796,0.0179,877200.0,14.125,14.0,14.25,14.0,3162400,14.063,14.188,14.875,14.125,533400,270600,205400,214200,1
570.76,1.45260977E10,23.3992,2730.0,375.97,0.1377,0.09,15400.0,177272.73,5.32,50,50,6,6,1991,-0.236973776,-0.367543819,0.30183224,1.030347865,1997,11,14,4,Capital Goods,Biotechnology: Laboratory Analytical Instruments,male,male,Yes,No,No,Dec,>10000,1951 - 2000,0.0577,0.1008,0.1933,0.0267,692259.8,14.875,14.063,15.25,14.875,2233500,15.25,15.0,15.625,16.375,514900,257299,270100,185500,1
0.1819,1.692491315E7,16.6443,139.5,-151.88,-1.0887,,223.0,625560.54,0.12,46,46,1,1,1997,-2.016582744,-1.064327616,-0.727285214,0.663479553,1998,1,9,4,Consumer Services,Real Estate Investment Trusts,male,male,Yes,No,No,Dec,101 - 500,1951 - 2000,0.0,0.0083,0.0417,0.0125,50579.6,45.0,45.0,45.564,45.0,178266,45.189,45.75,46.5,45.375,61333,10333,0,2966,1
0.2298,1.159212955E8,18.5684,2090.0,-2970.0,-1.4211,,4328.0,482902.03,0.06,44,72,0,0,2005,-0.195013195,0.363075747,0.935013754,1.134447198,2005,9,1,3,Energy,Oil & Gas Production,male,male,No,No,sameYear,Dec,1001 - 5000,2001 - 2010,0.0,-0.0571,-0.0114,0.0,17410.0,8.75,8.75,8.75,8.75,1200,8.6,8.6,8.4,8.25,13250,0,39200,33400,1
0.3601,2.533133389E7,17.0476,54.4,-20.56,-0.3779,,158.0,344303.8,0.47,66,66,7,7,1996,-0.80005202,0.49619494,1.130002697,1.550234871,2003,7,24,3,Technology,EDP Services,male,male,Yes,No,No,Dec,101 - 500,1951 - 2000,0.0982,-0.0091,0.0777,0.0941,1786985.0,18.67,17.0,19.6,18.0,6518376,18.15,18.15,17.6,18.5,949885,669079,438960,358625,0
0.369,8378208.099,15.9411,27.54,-24.63,-0.8943,0.01,51.0,540000.0,0.3,56,55,6,6,2005,1.776033664,1.703028986,1.72850061,2.266120066,2011,2,9,2,Basic Industries,Major Chemicals,male,male,Yes,Yes,No,Dec,0 - 100,2001 - 2010,0.0593,0.0359,0.1527,0.1295,3847.8,4932.0,4656.0,5259.0,4656.0,15128,5049.0,5007.0,5160.0,5109.0,1218,597,1237,1059,0
0.5201,3.771074351E7,17.4455,139.92,-220.25,-1.5741,,327.0,427889.91,0.27,42,,,-9,2016,1.290837118,0.773198624,0.764291207,1.28081546,2007,9,25,1,Technology,Semiconductors,male,female,No,No,,Dec,101 - 500,2011 - present,0.0619,0.1833,0.4,0.4425,14188.0,30.0,28.25,50.0,37.5,31130,29.5,30.0,33.0,35.5,8730,10800,10980,9300,0
0.53,4980074.51,15.421,81.52,-26.18,-0.3211,0.07,,,0.06,55,,6,6,2007,-0.257927314,1.08985922,1.442689072,1.722661887,2013,8,12,0,Technology,EDP Services,male,male,No,No,No,Dec,,2001 - 2010,0.123,0.019,1.4448,0.1979,1196.0,26.25,23.375,28.0,23.375,3400,26.25,29.075,29.075,26.7475,0,2060,0,520,1
0.76,9.085600272E7,18.3248,463.05,-165.91,-0.3583,0.1,646.0,716795.67,0.2,50,58,1,1,2002,0.162477669,1.120051528,1.445651726,1.548706276,2003,11,10,0,Transportation,Marine Transportation,female,male,No,No,No,Dec,501 - 1000,2001 - 2010,0.0248,0.0,0.0,,6548.4,3.3,3.22,4.19,,32742,3.3,3.3,3.3,3.3,0,0,0,0,1
0.7805,1.358891164E7,16.4248,73.01,-25.23,-0.3456,,291.0,250893.47,0.19,45,38,4,4,2011,0.46294466,0.488998096,0.725619328,1.251377302,2015,4,8,2,Technology,EDP Services,unknown,unknown,No,sameYear,Yes,Dec,101 - 500,2011 - present,0.0669,-0.0092,-0.1998,0.0,218702.8,10.285,9.64,11.63,11.63,658217,10.5,10.6,10.56,10.19,247996,77576,65875,43850,0
0.84,6.025958148E7,17.9142,425000.0,-21.9,-1.0E-4,5.25,11.0,3.863636363636E10,0.0,,,5,5,2012,0.759590114,1.533516416,1.565732773,1.69922681,2017,6,15,3,Capital Goods,Auto Parts:O.E.M.,male,,Yes,Yes,,Dec,0 - 100,2011 - present,0.1103,0.4483,1.1214,0.0,149787.8,7.25,6.53,8.1,8.1,86108,9.6,10.1123,10.25,10.5,291841,220092,46196,104702,0
0.935,1.067972054E7,16.1839,,,,,,,,,,,,,-2.038561597,-0.173444039,0.457264081,1.105296186,2014,4,10,3,Health Care,Major Pharmaceuticals,female,female,,No,No,,,Unknown,0.0538,-0.0029,-0.0248,0.0862,25078.4,68.5,65.0,76.6,71.0,98476,68.5,70.5,65.6,68.3,15044,3682,3531,4659,0
0.9725,7.721753863E8,20.4647,508.05,-9.27,-0.0182,,,,1.52,57,57,11,11,1992,-0.860316666,-0.980491629,-0.11721444,-0.862257263,2003,1,23,3,Basic Industries,Precious Metals,male,male,No,No,No,Dec,,1951 - 2000,0.0066,-0.0395,-0.0592,0.0265,297940.0,1.52,1.51,1.65,1.61,647900,1.52,1.53,1.54,1.46,365700,178100,75000,223000,1
1.05,1.152893196E8,18.563,451.73,83.91,0.1858,,1145.0,394524.02,0.26,58,58,8,8,1998,1.572868639,1.877873069,2.17608475,2.173575631,2006,10,6,4,Transportation,Marine Transportation,male,male,No,,,Dec,1001 - 5000,1951 - 2000,0.0072,0.001,-0.0264,0.0217,1535480.0,20.85,20.7,21.45,21.0,6694200,20.92,21.0,20.94,20.87,302200,188400,149000,343600,1
1.06,1.974718202E7,16.7985,189.87,-2.25,-0.0119,,201.0,944626.87,0.1,50,50,20,20,1985,0.73708468,-0.441249779,-0.525138297,0.660554015,2005,5,4,2,Consumer Durables,Miscellaneous manufacturing industries,male,male,Yes,No,No,Dec,101 - 500,1951 - 2000,0.0,0.0,0.01,0.0,48540.0,5.0,5.0,5.0,5.0,10000,5.0,5.05,5.05,5.0,135500,500,2000,94700,1
1.1,2.82020365E7,17.1549,,-10.38,,,,,,,,9,9,2002,0.297015381,0.897117815,1.156914844,1.453301499,2011,5,6,4,Health Care,Major Pharmaceuticals,female,female,No,No,No,Mar,,2001 - 2010,0.0096,0.0,0.38,0.0479,400.0,10.974,10.87,11.391,10.87,2000,10.974,10.974,10.974,10.974,0,0,0,0,1
1.15,6.32680435E7,17.9629,158.99,-74.27,-0.4671,,9.0,1.766555556E7,0.4,55,,,-1,2007,1.003048207,1.572094347,1.696358426,1.733557678,2006,10,2,0,Transportation,Marine Transportation,male,male,No,No,,Dec,0 - 100,2001 - 2010,0.0042,0.0056,0.0098,0.0141,1000.0,7.13,7.1,7.2,7.1,100,7.15,7.2,7.19,7.17,500,1200,3100,100,1
1.16,1.167154764E7,16.2727,56.29,-28.43,-0.5051,0.05,218.0,258211.01,0.21,61,,8,8,2007,-0.071647768,0.737350876,1.022125777,1.353385207,2015,6,1,0,Basic Industries,Major Chemicals,male,male,No,,,Jun,101 - 500,2001 - 2010,0.0,0.9336,-0.6211,0.0,511.4,12.8,12.8,12.8,12.8,200,12.8,12.8,19.66,24.75,0,0,320,2037,0
1.16,3.58082778E7,17.3937,,-50.86,,,38.0,,,52,52,6,6,2009,-0.658896842,-1.275931083,-2.00925716,-1.946753611,2015,10,1,3,Health Care,Major Pharmaceuticals,male,male,Yes,,,Dec,0 - 100,2001 - 2010,0.1679,0.3748,0.6036,0.1652,538530.4,12.94,11.08,13.43,11.6,1830301,17.48,18.53,18.0,17.79,412715,219159,149816,80661,0
1.25,8101123.75,15.9075,526000.0,-4.06,0.0,0.61,10.0,5.26E10,0.0,59,,3,3,2007,1.15222706,-0.119834572,0.582623529,1.012272755,2010,2,24,2,Health Care,Major Pharmaceuticals,male,male,Yes,No,,Dec,0 - 100,2001 - 2010,0.0,0.2223,1.1556,0.0,364.0,1.6071,1.6071,1.6071,1.6071,1260,1.9643,1.9643,1.9643,1.9643,560,0,0,0,1
1.25,9466611.25,16.0633,8.51,-1.57,-0.1845,0.41,220.0,38681.82,1.11,63,63,4,4,2000,-1.972648189,-1.847287615,-2.12929754,0.010868234,2004,7,23,4,Capital Goods,Metal Fabrications,unknown,unknown,No,No,No,Dec,101 - 500,1951 - 2000,0.0,-0.0509,-0.0509,,0.4,262.7625,262.7625,262.7625,,1,262.7625,262.7625,249.375,249.375,0,0,1,0,0
1.25,1.792409125E7,16.7017,,,,,,,,,41,,,,1.098551427,1.4614811,1.930571492,1.919170512,2014,11,13,3,Public Utilities,Electric Utilities: Central,unknown,male,,,No,,,Unknown,0.1438,0.0164,-0.2197,0.1638,221607.6,9.15,8.0,9.82,8.51,338320,10.4,9.35,9.65,9.3,594218,89027,60534,25939,1
1.26,3.24135E7,17.2941,320.37,9.57,0.0299,,1159.0,276419.33,0.1,44,,10,10,2000,-0.097848426,-1.213350313,-0.930916032,0.198496527,2010,6,11,4,Consumer Non-Durables,Beverages (Production/Distribution),unknown,,No,sameYear,,Dec,1001 - 5000,1951 - 2000,0.0,-0.1317,-0.1929,0.07,560989.6,7.0,7.0,7.59,7.1,1449868,6.52,6.55,6.2,6.078,625570,254523,324865,150122,1
1.433,3.493883997E7,17.3691,,-26.83,,,16.0,,,54,54,14,14,2001,1.39955559,1.177511352,1.251935111,1.334267195,2015,7,16,3,Health Care,Major Pharmaceuticals,male,male,Yes,No,No,Dec,0 - 100,2001 - 2010,0.0188,0.16,0.2355,0.107,1427322.6,20.0,19.63,22.6,20.5,5424052,20.0,21.03,22.66,23.2,826423,352889,272984,260265,0
1.45,2.029437545E7,16.8259,1.21,-10.44,-8.6281,,19.0,63684.21,16.77,77,77,6,6,2007,2.012661839,1.795072155,2.268269291,1.9459282,2013,11,22,4,Energy,Industrial Machinery/Components,female,female,Yes,No,No,Dec,0 - 100,2001 - 2010,0.0388,0.2991,0.0093,0.0485,131699.2,5.35,5.15,5.5,5.25,240432,6.9,6.96,6.95,6.95,209209,170588,38267,0,1
1.47,1.277159079E7,16.3627,18.37,-3.26,-0.1775,,76.0,241710.53,0.7,46,60,2,2,2002,0.527420962,0.677354643,0.401095734,1.014244477,2004,6,25,4,Capital Goods,Electrical Products,male,male,Yes,No,No,Dec,0 - 100,2001 - 2010,0.1881,0.25,-0.0167,0.1881,200.0,2.4,2.02,2.4,2.02,500,2.4,2.02,2.02,3.0,0,250,0,250,1
1.47,7.949901414E7,18.1913,77.17,-23.92,-0.31,,168.0,459345.24,1.03,49,49,12,12,1988,-0.976207386,-0.118904051,0.214194637,0.771890277,2000,6,29,3,Energy,Industrial Machinery/Components,male,male,Yes,No,No,Mar,101 - 500,1951 - 2000,0.7523,6.0E-4,0.1674,0.8902,227278.0,959.38,547.5,1035.0,547.6,872320,901.26,781.26,781.26,960.0,139330,28965,0,95775,1
1.51,1.79173956E8,19.0039,174.86,13.27,0.0759,0.42,393.0,444936.39,1.02,54,54,17,17,1992,1.442689489,1.453899836,1.669694663,1.122097122,2009,9,9,2,Miscellaneous,Multi-Sector Companies,male,male,No,Yes,Yes,Dec,101 - 500,1951 - 2000,0.0,0.008,-0.1212,0.0,460.0,2.014,2.014,2.014,2.014,100,1.97,1.97,1.97,2.0301,1000,0,0,1200,1
1.5208,4852211.252,15.3949,119.48,-48.44,-0.4054,,,,0.04,57,,14,14,1993,-0.548633366,-1.343972903,-1.238480109,-0.619756142,2007,12,17,0,Capital Goods,Building Materials,unknown,unknown,No,No,,Dec,,1951 - 2000,0.0,-0.0056,-0.0111,0.0,3802.4,72.0,72.0,72.0,72.0,9425,71.6,71.92,71.92,71.6,37,9425,0,125,0
1.56,4.69818336E7,17.6653,58.93,-27.01,-0.4583,0.05,70.0,841857.14,0.8,39,39,0,0,2011,-0.14481739,0.099686097,-0.214601474,-0.840161317,2011,12,15,3,Energy,Oil & Gas Production,male,male,Yes,No,No,Dec,0 - 100,2011 - present,0.0464,0.0122,0.0748,0.0174,222741.4,18.05,17.25,18.05,17.75,678871,17.92,18.0,18.2,18.27,171350,100072,103009,60405,1
1.6,3.274266784E8,19.6068,5850.0,-2120.0,-0.3624,0.09,12979.0,450728.1,0.06,44,,,-8,2013,0.706604425,0.264085676,0.982280373,1.542683221,2005,2,9,2,Public Utilities,Telecommunications Equipment,male,,Yes,No,,Dec,>10000,2011 - present,0.0039,0.0124,0.0091,0.0131,1549387.2,24.7541,24.6571,25.4655,25.1421,5817332,25.0613,25.223,25.0936,25.0613,803904,564799,307138,253763,0
1.63,6540277.2,15.6935,192.65,-18.49,-0.096,0.03,300.0,642166.67,0.03,,53,4,4,2009,1.212896146,1.539903064,2.085357164,2.26831333,2013,2,15,4,Technology,Professional Services,,male,Yes,,No,Dec,101 - 500,2001 - 2010,0.0,1.0,1.0,0.0,4.8,37.5,37.5,37.5,37.5,10,37.5,37.5,37.5,75.0,0,0,0,14,1
1.66,1.48766544E7,16.5153,,-19.02,,,11.0,,,65,65,,-14,2014,0.073313016,0.54807228,0.631392573,1.016338594,2000,8,11,4,Health Care,Major Pharmaceuticals,unknown,unknown,Yes,No,No,Dec,0 - 100,2011 - present,0.018,0.0619,0.4956,0.1126,80.4,37629.0,36963.0,41625.0,37462.2336,231,37631.664,37962.0,37296.0,39960.0,66,55,35,15,1
1.7199,4058265.721,15.2163,2.98,-63.01,-21.1443,16.05,94.0,31702.13,1.36,40,,3,3,2012,-0.739144322,-1.794317277,-2.602505415,-1.826880102,2015,9,9,2,Technology,Electrical Products,male,,No,Yes,,Dec,0 - 100,2011 - present,0.0,-0.027,-0.027,0.0,3537.6,8.14,8.14,8.14,8.14,7416,7.92,7.92,7.92,7.92,10272,0,0,0,0
1.74,1.041543851E8,18.4614,7.96,-28.52,-3.5829,1.0,112.0,71071.43,13.08,54,54,16,16,1998,1.066632085,1.473405869,2.053397169,1.969182925,2014,11,19,2,Health Care,Biotechnology: Electromedical & Electrotherapeutic Apparatus,male,male,Yes,No,No,Dec,101 - 500,1951 - 2000,0.2327,-0.1032,-0.3385,0.3364,4661905.4,18.3226,14.8636,20.598,15.5976,5016154,21.6531,19.3961,17.9372,16.4325,7717770,9003226,767823,804554,0
1.79,8048536.31,15.901,21.54,-51000.0,-2367.688,,59.0,365084.75,0.37,50,50,6,6,2007,-2.746330115,-0.466452356,0.538866941,1.202137726,2013,6,20,3,Consumer Non-Durables,Beverages (Production/Distribution),male,male,Yes,Yes,Yes,Jun,0 - 100,2001 - 2010,0.0717,-0.0035,-0.0317,0.0094,137021.2,5.68,5.3,5.99,5.94,235203,5.9,5.8,5.81,5.66,261899,141137,21600,25267,0
1.83,1.159252369E8,18.5685,,,,,,,,,,,,,0.811008249,0.063207892,-0.658930792,-1.332167491,2002,10,29,1,Consumer Non-Durables,Apparel,,,,,,,,Unknown,0.0,1.0,8.9999,0.0,18.8,3.4688,3.4688,3.4688,3.4688,93,3.4688,3.4646,3.4688,6.9375,0,0,0,1,1
1.87,5.827022663E7,17.8806,456.72,-2.92,-0.0064,0.08,1500.0,304480.0,0.13,46,42,0,0,2003,2.096819627,-0.072612072,-0.250661065,-0.767508073,2003,3,17,0,Technology,Professional Services,male,male,Yes,No,No,Dec,1001 - 5000,2001 - 2010,0.0131,0.0341,0.7274,0.0,299800.0,4.255,4.2,4.5,4.5,152400,4.4,4.325,4.4,4.4,1012600,19800,139400,174800,1
1.94,2.673908421E8,19.4042,3.71,-32.24,-8.69,,66.0,56212.12,72.07,56,51,12,12,1995,-1.860728731,0.406906891,1.014769275,1.313614642,2007,6,12,1,Health Care,Major Pharmaceuticals,male,male,Yes,Yes,Yes,Dec,0 - 100,1951 - 2000,0.0,0.0,0.4286,0.0,100.0,5.25,5.25,5.25,5.25,500,5.25,5.25,5.25,5.25,0,0,0,0,0
1.95,1.02375E8,18.4442,28.8,24.34,0.8451,,,,3.55,,,0,0,2011,-1.425144297,-2.484435186,-3.369208329,-0.955426173,2011,8,11,3,Energy,Oil & Gas Production,,,Yes,,,Dec,,2011 - present,0.0251,0.045,0.0333,0.0057,3787047.2,18.0,17.56,18.1,18.0,12342594,18.02,18.47,18.81,18.81,1858854,2421590,1003757,1308441,1
1.975,4.218373468E7,17.5575,540000.0,-9.68,0.0,,18.0,3.0E10,0.0,65,,4,4,2008,0.035214918,0.719425636,1.16192844,1.392128266,2012,4,25,2,Capital Goods,Industrial Machinery/Components,male,male,Yes,No,No,Dec,0 - 100,2001 - 2010,0.05,0.2381,0.3143,0.0575,153600.6,4.2,4.0,4.34,4.11,499136,4.2,4.28,4.84,5.2,43093,30768,132069,62937,1
2.02,6.777946178E7,18.0318,,-13.09,,,19.0,,,70,70,2,2,2007,1.018583229,1.594992396,1.528662894,0.61107998,2009,8,20,3,Basic Industries,Precious Metals,male,male,Yes,No,No,Dec,0 - 100,2001 - 2010,0.375,0.0,0.0,0.375,698.0,3.9383,2.8642,3.9383,2.8642,2094,3.9383,3.9383,3.9383,3.9383,1396,0,0,0,1
2.03,1.983674405E8,19.1056,57.81,-176.61,-3.055,,,,3.43,51,,6,6,2005,0.012691362,0.675034441,1.068754287,1.413499756,2011,5,5,3,Technology,Computer Software: Prepackaged Software,unknown,male,No,No,No,Dec,,2001 - 2010,0.1205,-0.1398,-0.3097,0.0482,1825449.2,9.3,8.3,11.9,11.5,6221486,8.4,8.25,7.66,8.0,1678965,244612,376770,605413,0
2.125,1.325788945E8,18.7027,,,,,,,,,,14,14,2000,-0.233842136,0.651250134,1.147880053,1.461282788,2014,9,12,4,Health Care,Major Pharmaceuticals,male,,,Yes,,,,1951 - 2000,0.0124,0.0737,-0.0877,0.0089,902494.6,5.7,5.63,7.0,6.95,3576217,6.4,6.22,6.27,6.12,478887,163319,145346,148704,1
2.1287,3.269695546E7,17.3028,137.96,-40.78,-0.2956,0.09,297.0,464511.78,0.24,50,45,3,3,1996,1.481334032,1.990678311,1.835092906,2.084432227,1999,4,23,4,Finance,Finance: Consumer Services,male,male,Yes,No,No,Dec,101 - 500,1951 - 2000,0.1856,-0.0261,0.2957,0.2784,885940.0,14.375,12.125,16.0,12.625,3096600,14.125,14.0,13.063,14.0,395600,273000,456400,208100,1
2.15,6.473897895E7,17.9859,,-8.63,,,6.0,,,65,65,5,5,2003,-1.314242302,-1.438238633,-2.073569277,-2.788018946,2008,11,18,1,,,male,male,Yes,No,No,Dec,0 - 100,2001 - 2010,0.0,0.0,0.0,0.0,26.8,16.6972,16.6972,16.6972,16.6972,134,16.6972,16.6972,16.6972,16.6972,0,0,0,0,0
2.2,1.28589164E8,18.6721,,,,,,,,,,5,5,1997,-1.450616114,-2.215256364,-2.810311458,-3.488334785,2002,7,25,3,Health Care,Major Pharmaceuticals,,male,,,No,,,1951 - 2000,0.0,-0.0909,-0.0848,0.0,11720.0,3.3,3.3,3.8,3.8,19200,3.3,3.3,3.25,3.0,8300,6100,15500,9500,0
2.21,4.263403378E7,17.5682,,,,,,,,55,55,5,5,1995,0.475259852,0.947399095,0.890462151,1.20697072,2000,8,8,1,Technology,EDP Services,female,female,,No,No,,,1951 - 2000,0.0256,-0.0937,0.0,0.0892,1046460.0,10.0,9.75,10.75,9.88,4132700,10.063,9.625,9.094,9.063,686900,168400,115100,129200,0
2.29,3.006305336E8,19.5214,320.69,-79.32,-0.2473,0.08,1341.0,239142.43,0.94,63,,,-14,2016,0.820275907,-0.825323574,-1.470313547,-2.122817875,2002,8,9,4,Energy,Industrial Machinery/Components,female,male,No,No,No,Dec,1001 - 5000,2011 - present,0.0,-0.0732,0.0407,0.0,9.6,8.61,8.61,8.61,8.61,16,8.05,8.05,7.98,7.98,0,0,32,0,0
2.35,4.153561315E7,17.5421,,,,,,,,55,,13,13,2001,-0.258152733,-0.924030119,-0.431580553,0.589150051,2014,10,22,2,Health Care,Biotechnology: Biological Products (No Diagnostic Substances),male,,,Yes,,,,2001 - 2010,0.003,-0.003,0.0249,0.05,214084.0,10.03,10.0,12.0,11.5,679352,10.0,10.0,10.0,10.0,243543,39799,48696,59030,1
2.35,6.85244114E7,18.0427,613.11,-83.09,-0.1355,,751.0,816391.48,0.11,52,52,1,1,1995,0.0,0.0,0.0,0.0,1996,5,2,3,Consumer Non-Durables,Recreational Products/Toys,male,male,Yes,No,No,Dec,501 - 1000,1951 - 2000,0.1539,-0.0666,-0.0334,0.0385,324570.0,5.0,4.333,5.167,5.0,833100,5.0,4.667,4.833,4.667,482700,131100,76650,99300,1
2.35,1.69295175E8,18.9472,123.75,-64.59,-0.5219,0.63,286.0,432692.31,1.37,38,52,2,2,1997,0.140384661,-0.394233394,0.598829298,1.093958615,1999,6,24,3,Consumer Services,Advertising,male,male,Yes,No,No,Dec,101 - 500,1951 - 2000,0.0538,-0.1971,0.1533,0.2615,37976.0,342.5,325.0,427.5,342.5,2995,292.5,282.5,276.26,275.0,116550,31440,23295,15600,0
2.38,1.196062288E8,18.5997,155.55,-154.78,-0.995,,514.0,302626.46,0.77,54,54,7,7,2007,1.977727041,1.643319993,1.677663306,1.77917629,2014,4,2,2,Technology,"Computer Software: Programming, Data Processing",male,male,Yes,No,No,Dec,501 - 1000,2001 - 2010,0.1735,-0.0119,-0.2847,0.2161,2109594.0,20.09,17.12,21.2,17.5,8471172,19.85,19.0,19.41,19.85,1154105,477085,273042,172566,0
2.39,3.230836894E7,17.2908,,,,,,,,63,50,,,,-1.951382281,-0.159379462,0.510088107,1.17864933,1998,7,31,4,,,male,unknown,,No,No,,,Unknown,0.0155,-0.0555,-0.2613,0.0,8700.0,24.88,24.5,25.06,25.06,8200,24.81,23.88,23.62,23.5,3000,13700,11300,7300,0
2.4,1.221579696E8,18.6208,8.0,-51.51,-6.4388,,41.0,195121.95,15.27,49,,6,6,2005,1.941645593,1.764702081,1.779079649,2.320822999,2011,2,11,4,Health Care,Major Pharmaceuticals,male,,Yes,No,,Dec,0 - 100,2001 - 2010,0.0089,-0.1538,-0.3033,0.02,260422.8,4.55,4.51,5.09,5.0,1129118,4.38,4.31,4.24,3.85,66233,37331,9435,59997,0
2.4553,3.804086645E7,17.4542,,,,,,,,54,,6,6,2007,0.630582297,0.753407845,1.173932384,1.398009401,2013,9,25,2,Health Care,Major Pharmaceuticals,male,,,Yes,,,,2001 - 2010,0.1128,0.0307,-0.0383,0.0588,244452.2,11.74,10.55,11.77,11.15,747190,11.7,12.03,12.18,12.1,115786,179251,44515,135519,0
2.47,3.984738121E7,17.5006,34.75,-6.43,-0.185,,260.0,133653.85,1.15,44,44,4,4,2003,0.591587459,1.279146334,1.376285012,1.699763086,2007,10,15,0,Technology,"Computer Software: Programming, Data Processing",unknown,unknown,No,No,No,Dec,101 - 500,2001 - 2010,0.3333,0.0,0.0,0.3333,80.0,2.5,1.875,2.5,1.875,400,2.5,2.5,2.5,2.5,0,0,0,0,1
2.51,3.848757947E8,19.7684,49.17,-3.7,-0.0752,2.51,93.0,528709.68,7.83,58,58,2,2,1998,-0.639567504,-0.701088709,-0.0965507,0.511268137,2000,9,28,3,Health Care,Major Pharmaceuticals,male,male,Yes,Yes,Yes,Dec,0 - 100,1951 - 2000,0.0671,-0.0498,-0.0976,0.1296,3044760.0,14.406,13.5,18.5,16.75,9400000,15.0,14.625,14.188,13.688,3769400,589500,713400,751500,0
2.55,3.524015595E7,17.3777,,,,,,,,52,,1,1,1996,-0.682090391,0.382214498,0.70945596,0.70945596,1997,3,26,2,Basic Industries,Telecommunications Equipment,unknown,,,No,,,,1951 - 2000,0.0105,-0.0104,-0.0104,0.0211,196760.0,12.0,11.875,12.25,12.0,861300,11.875,11.875,12.0,11.875,61500,0,10000,51000,0
2.58,5.66406234E7,17.8522,18.9,-5.65,-0.2989,0.3,79.0,239240.51,3.0,53,53,20,20,1977,-2.484480107,0.083682645,0.901522237,1.258823225,1997,8,15,4,Capital Goods,Electrical Products,unknown,unknown,Yes,No,No,May,0 - 100,1951 - 2000,0.0442,0.2627,0.6441,0.0442,981380.0,14.75,14.125,15.375,14.75,2919400,15.0,16.5,17.75,18.625,512000,416300,427600,631600,0
2.64,1.138974566E8,18.5508,2340.0,13.7,0.0059,,,,0.05,50,,101,101,1895,0.0,0.0,0.0,0.0,1996,9,30,0,Basic Industries,Precious Metals,male,,No,No,,Jun,,<= 1900,0.0303,0.0294,0.0515,0.0,514.0,85.0,82.5,85.0,85.0,1030,85.0,87.5,88.75,87.5,1260,20,100,160,0
2.7,2.48151816E7,17.027,,,,,,,,47,,0,0,1996,0.25407035,0.25407035,0.25407035,0.25407035,1996,11,27,2,Consumer Services,Building operators,male,,,No,,,,1951 - 2000,0.2857,-0.1667,-0.0833,0.4643,311.8,270.0,210.0,367.5,270.0,570,270.0,247.5,206.28,225.0,0,136,313,540,1
2.7,2.351975454E8,19.2759,,-29.2,,,32.0,,,56,52,3,3,1993,0.0,0.0,0.0,0.0,1996,10,16,2,Health Care,Major Pharmaceuticals,male,male,Yes,No,No,Dec,0 - 100,1951 - 2000,0.0816,-0.0943,-0.0377,0.0816,596200.0,13.25,12.25,14.25,13.25,1689000,13.375,13.25,12.75,12.0,488100,177800,540200,85900,1
2.75,3.986591675E7,17.501,,,,,,,,57,53,,,,-0.544045942,0.006048614,0.864938809,1.178546288,2017,8,29,1,Consumer Durables,Telecommunications Equipment,male,male,,sameYear,sameYear,,,Unknown,0.5,-0.34,-0.3333,1.5,1131.0,3.0,2.0,5.0,2.0,700,3.0,2.5,1.98,1.98,0,586,4369,0,1
2.75,5.058702275E7,17.7392,31.71,-10.12,-0.3191,,94.0,337340.43,1.6,59,59,12,12,1989,1.085045575,0.603975221,-0.242104089,-0.974774093,2001,5,7,0,Miscellaneous,Multi-Sector Companies,male,male,Yes,No,No,Dec,0 - 100,1951 - 2000,0.0,0.0,0.3467,0.0,0.0,390.411,390.411,390.411,390.411,0,390.411,390.411,390.411,390.411,0,0,0,0,1
2.76,1.174536216E7,16.279,15000.0,-12.45,-8.0E-4,,15.0,1.0E9,0.0,63,63,1,1,2011,-1.395246271,-1.056991379,0.521099791,0.933257234,2012,5,10,3,Health Care,Major Pharmaceuticals,male,male,Yes,No,No,Dec,0 - 100,2011 - present,3.3333,0.0385,-0.3846,0.0,516.0,390.0,90.0,705.0,705.0,450,450.0,480.0,450.0,405.0,734,757,395,244,1
2.775,2.124053543E7,16.8714,64.09,-1.74,-0.0271,,356.0,180028.09,0.33,52,52,13,13,1983,0.0,0.0,0.0,0.0,1996,4,2,1,Basic Industries,Telecommunications Equipment,male,male,Yes,No,No,Oct,101 - 500,1951 - 2000,0.0971,0.1045,0.5415,0.0,31275.0,16.0,14.584,16.0,16.0,6225,17.336,16.664,16.664,17.672,47100,62025,0,41025,1
2.82,2.313187908E7,16.9567,5.34,-4.91,-0.9195,5.16,26.0,205384.62,4.33,66,,4,4,2006,-2.342525682,0.33569025,0.866165864,1.186610968,2010,5,5,2,Consumer Services,Movies/Entertainment,male,male,Yes,No,No,Dec,0 - 100,2001 - 2010,0.0417,-0.1,0.0,0.0417,13.2,150.0,144.0,150.0,144.0,66,150.0,135.0,135.0,135.0,0,0,0,0,0
2.83,1.398204516E7,16.4533,,-7.86,,,9.0,,,57,34,11,11,2004,0.176897015,0.435139693,0.786353511,1.166209894,2015,6,24,2,Health Care,Major Pharmaceuticals,male,male,Yes,Yes,Yes,Dec,0 - 100,2001 - 2010,0.1022,-0.1028,-0.2843,0.1044,40419.2,49.6,45.0,54.999,50.3,145619,47.8,46.9,44.1,44.5,26780,10051,7292,12354,0
2.87,1.257696222E8,18.65,,,,,,,,,,1,1,2003,0.109348313,-0.37093799,0.744808057,1.233688158,2004,3,31,2,Miscellaneous,Business Services,,,,,,,,2001 - 2010,0.184,0.2804,0.4752,0.2973,795033.2,8.88,7.5,9.75,7.52,2360484,9.5,10.35,11.99,11.37,414231,382054,437676,380721,1
2.9,1.72104995E7,16.661,10.69,-2.46,-0.2301,,135.0,79185.19,1.61,48,48,2,2,2002,1.086594456,0.382717891,1.007190925,1.385299753,2004,4,7,2,Technology,Computer Software: Prepackaged Software,male,male,No,No,No,Apr,101 - 500,2001 - 2010,1.1118,4.571,3.8747,0.0,987.8,17.95,8.5,17.95,17.95,3943,42.5,42.5,42.5,100.0,932,0,0,64,1
2.9,5.14748463E7,17.7566,8.76,-19.1,-2.1804,1.54,24.0,365000.0,5.88,53,53,11,11,2004,-1.619735216,-1.765738655,-0.160989677,0.601845301,2015,1,30,4,Health Care,Biotechnology: Biological Products (No Diagnostic Substances),male,male,Yes,Yes,Yes,Dec,0 - 100,2001 - 2010,0.0206,-0.0074,0.4287,0.0532,242034.6,9.4,9.21,10.49,10.0,998983,9.5,9.5,9.38,9.33,70949,51868,35243,53130,1
2.98,8.157588484E7,18.217,649.82,-4.48,-0.0069,,4300.0,151120.93,0.13,49,49,0,0,2013,2.145538238,2.402069474,2.240885219,1.712923923,2013,10,18,4,Consumer Durables,Miscellaneous manufacturing industries,male,male,Yes,No,No,Dec,1001 - 5000,2011 - present,0.0,0.0,0.0606,0.0,180.0,9.9,9.9,10.0,10.0,500,9.9,9.9,9.9,9.9,100,300,0,0,1
3.03,5.236552656E7,17.7738,17.7,-10.33,-0.5836,,30.0,590000.0,2.96,47,52,5,5,1999,1.790157374,0.424367536,0.198639565,0.527846112,2004,9,2,3,Miscellaneous,Business Services,male,male,Yes,No,No,Sep,0 - 100,1951 - 2000,0.0,0.0,5.0,0.0,80.0,12.5,12.5,12.5,12.5,400,12.5,12.5,12.5,12.5,0,0,0,0,1
3.03,8.372982012E7,18.2431,1590.0,-37.32,-0.0235,,14500.0,109655.17,0.05,66,66,13,13,1988,-2.33829719,-2.482489682,-1.819736767,-1.678462283,2001,8,30,3,Consumer Services,Clothing/Shoe/Accessory Stores,male,male,Yes,No,No,Jan,>10000,1951 - 2000,0.0,0.0,-0.2144,,20475.0,4.208,4.208,4.208,,102375,4.208,4.208,4.208,4.208,0,0,0,0,1
3.04,8.914461283E8,20.6084,1320.0,-132.04,-0.1,0.39,4851.0,272108.84,0.68,56,56,20,20,1985,1.900039273,0.564816927,0.681859183,1.131356331,2005,11,7,0,Energy,Oil & Gas Production,male,male,No,No,No,Dec,1001 - 5000,1951 - 2000,0.0307,-0.0687,0.147,0.0416,97415.8,26.6062,25.8148,26.8888,25.8148,175769,26.5685,25.6829,24.4958,24.7784,49037,94677,89901,77695,1
3.08,7.932323476E7,18.189,12.16,-74.95,-6.1637,,165.0,73696.97,6.52,47,47,6,6,2002,-0.598982797,-1.614899992,-2.250088352,-2.949480964,2008,10,29,2,Basic Industries,Agricultural Chemicals,male,male,No,Yes,Yes,Dec,101 - 500,2001 - 2010,0.0,0.0,-0.2102,0.0,500.0,3.4944,3.4944,3.4944,3.4944,2500,3.4944,3.4944,3.4944,3.4944,0,0,0,0,1
3.18,1.038536166E7,16.1559,38.22,-8.2,-0.2145,,232.0,164741.38,0.27,50,43,2,2,2004,1.547638655,1.633659215,1.726586349,2.49540946,2006,12,19,1,Capital Goods,Specialty Chemicals,unknown,unknown,No,No,No,Dec,101 - 500,2001 - 2010,0.3265,0.1362,0.2707,0.3169,541890.6,44.04,33.2,44.56,34.04,1147549,40.892,41.0,50.04,50.04,725267,248177,588460,0,0
3.249,1.586505512E8,18.8822,38.29,4.45,0.1162,0.8,98.0,390714.29,4.14,65,65,4,4,2003,1.06772975,1.626847073,2.32379016,1.832528466,2007,5,11,4,Energy,Metal Fabrications,male,male,Yes,No,No,Dec,0 - 100,2001 - 2010,0.0,0.0,5.0,0.0,140.0,0.25,0.25,0.25,0.25,200,0.25,0.25,0.25,0.25,0,0,500,0,1
3.27,5.75928423E7,17.8689,9.91,-34.77,-3.5086,1.92,137.0,72335.77,5.81,58,58,8,8,2008,0.258921318,-0.23525242,0.804698134,1.136330901,2016,10,6,3,Health Care,Medical/Dental Instruments,male,male,Yes,Yes,Yes,Dec,101 - 500,2001 - 2010,0.0345,-0.072,-0.39,0.0462,721491.8,15.0,14.5,15.88,15.21,2849372,15.0,15.0,14.9,13.92,320428,109546,155507,172606,0
3.27,2.099854273E8,19.1625,865000.0,-39.0,0.0,0.58,103.0,8.39805825243E9,0.0,56,52,,-13,2015,-0.658128685,-0.723776197,-1.293612576,-1.966277815,2002,9,4,2,Health Care,Biotechnology: Biological Products (No Diagnostic Substances),male,female,Yes,No,No,Dec,101 - 500,2011 - present,0.0,0.0,0.0,,28.0,0.8632,0.8632,0.8632,,28,0.8632,0.8632,0.8632,0.8632,28,28,28,28,1
3.28,9.3007024E7,18.3482,14.76,-18.96,-1.2846,1.88,98.0,150612.24,6.3,,54,18,18,1997,-1.429679341,-0.365350144,0.426520645,1.046146694,2015,5,6,2,Capital Goods,Biotechnology: Laboratory Analytical Instruments,male,male,Yes,No,No,Dec,0 - 100,1951 - 2000,0.2372,0.0174,0.2752,0.0081,266427.8,13.77,11.13,14.09,14.0,905963,13.94,14.28,14.64,14.01,157097,40933,90536,137610,0
3.38,7.958240285E8,20.4949,849.64,87.17,0.1026,0.41,136.0,6247352.94,0.94,57,57,,-4,2010,0.832025971,1.447235307,1.319632947,1.779613781,2006,3,27,0,Energy,Oil & Gas Production,male,male,No,No,No,Dec,101 - 500,2001 - 2010,0.0,-0.0074,0.0731,0.0166,195760.0,17.5,17.5,17.8,17.51,322500,17.69,17.54,17.67,17.37,179000,111600,248400,117300,1
3.4,9.49732846E7,18.3691,46.24,-38605.0,-834.8832,,198.0,233535.35,2.05,51,51,16,16,1990,0.025148337,-0.373275984,0.238127724,0.975291513,2006,6,2,4,Health Care,Biotechnology: Commercial Physical & Biological Resarch,male,male,Yes,No,No,Dec,101 - 500,1951 - 2000,0.0526,0.015,0.0,0.0,209042.4,6.0,5.7,6.0,6.0,674606,6.08,6.1,6.09,6.09,134208,89088,124180,23130,0
3.51,5.07470879E8,20.0449,,,,,,,,,,8,8,2006,1.477805418,2.149872033,2.310856115,1.879479853,2014,6,18,2,Energy,Coal Mining,male,,,No,,,,2001 - 2010,0.0133,0.0,0.0621,0.0107,3759968.0,19.0,18.75,20.2,20.0,16015429,19.12,19.57,19.2,19.0,806485,459118,567730,951078,0
3.55,8.05925686E7,18.2049,1720.0,-95.06,-0.0553,,2962.0,580688.72,0.05,44,44,0,0,2012,-1.826005174,0.44460616,1.033517722,1.242170216,2012,10,12,4,Consumer Services,Department/Specialty Retail Stores,male,male,Yes,No,No,Jan,1001 - 5000,2011 - present,0.0957,0.0062,0.1708,0.0132,153162.6,30.68,28.0,31.37,31.0,346424,30.25,30.26,30.54,30.87,144652,155623,85425,33689,1
3.55,3.080763002E9,21.8484,861.39,26.63,0.0309,0.16,1555.0,553948.55,3.58,47,,4,4,2007,0.029448834,0.187137821,-0.14567793,-0.776075699,2011,12,16,4,Technology,EDP Services,male,,Yes,No,,Dec,1001 - 5000,2001 - 2010,0.0556,-0.0032,-0.0663,0.0556,3.03308632E7,9.5,9.0,11.5,11.0,116826166,9.05,9.24,9.47,9.47,18404615,8366697,5069423,2987415,0
3.56,4.909043737E8,20.0118,,-85.24,,,88.0,,,62,53,8,8,1998,1.973452753,2.122935421,2.482116369,3.037070682,2006,10,26,3,Health Care,Major Pharmaceuticals,unknown,male,Yes,Yes,No,Dec,0 - 100,1951 - 2000,0.0681,0.1138,0.1461,0.0991,127612.4,12.39,11.6,12.75,11.6,361420,13.34,13.39,14.0,13.8,181436,53538,13422,28246,0
3.58,9.1186896E7,18.3284,101.74,-4.54,-0.0446,,138.0,737246.38,0.9,51,49,1,1,2005,0.025148337,-0.373275984,0.238127724,0.975291513,2006,6,2,4,Health Care,Medical/Dental Instruments,male,male,Yes,No,No,Dec,101 - 500,2001 - 2010,0.064,-0.0145,-0.2984,0.0,88094.6,107.76,101.28,108.0,108.0,357877,105.0,107.4,106.08,106.2,24214,44970,3770,9642,0
3.65,4.629044072E10,24.5582,3174800.0,603540.0,0.1901,0.03,59179.0,5.364740871E7,0.01,65,65,3,3,2003,1.442390368,1.594849965,2.021050685,2.712988537,2006,11,8,2,Finance,Major Banks,male,male,No,No,No,Mar,>10000,2001 - 2010,0.0068,7.0E-4,-0.0195,0.0,49060.0,14.9,14.8,15.35,15.35,108500,14.72,14.71,14.3,14.91,18200,66300,34500,17800,0
3.75,6.452979E7,17.9826,39.62,-39.92,-1.0076,0.22,161.0,246086.96,1.63,,,11,11,2004,-1.544462825,-0.728809467,0.163650146,0.843291485,2015,6,15,0,Health Care,Medical/Dental Instruments,male,male,Yes,No,No,Dec,101 - 500,2001 - 2010,0.1898,-0.008,-0.0684,0.1954,393427.8,14.92,12.54,15.2,12.75,1635962,14.6,14.85,14.75,14.8,154509,47623,75333,53712,0
3.96,3.794838102E8,19.7543,286.17,-45.19,-0.1579,,336.0,851696.43,1.33,45,45,6,6,2006,0.973317311,1.480865008,1.678535642,1.76782867,2012,3,30,4,Technology,Semiconductors,unknown,unknown,Yes,No,No,Dec,101 - 500,2001 - 2010,0.0397,0.0123,-0.0804,0.1048,1226110.2,7.34,7.06,8.24,7.5,5049113,7.81,7.64,7.45,7.43,495411,316629,165098,104300,0
4.0,4.60565676E8,19.948,268.03,209.1,0.7801,0.98,2322.0,115430.66,1.72,47,47,3,3,2011,-3.002387143,-1.2257156,0.146437725,0.887084774,2014,10,1,2,Capital Goods,Building Products,male,male,Yes,No,No,Dec,1001 - 5000,2011 - present,0.0,-0.1299,-0.143,0.1062,7882272.6,16.01,16.01,18.71,17.01,24800198,14.7,13.75,13.05,13.93,6265745,3092314,3151350,2101756,0
4.03,1.606380689E8,18.8947,154.31,-1.22,-0.0079,0.07,,,1.04,36,36,1,1,2004,-2.504035619,-2.902346589,-0.474435286,0.008628826,2005,10,6,3,Transportation,Marine Transportation,male,male,No,No,No,Dec,,2001 - 2010,0.0824,-0.0246,-0.0616,0.0024,1202237.2,13.8,12.75,14.59,14.56,5407936,13.7,13.58,13.57,13.46,443452,64070,45599,50129,1
4.07,6.005330991E7,17.9107,38.97,-4.45,-0.1142,,59.0,660508.47,1.54,58,58,1,1,2012,0.963436414,1.41974019,1.845794229,2.183310862,2013,3,22,4,Finance,Investment Managers,male,male,Yes,No,No,Dec,0 - 100,2011 - present,0.001,0.004,0.012,0.008,379336.8,10.02,10.01,10.1,10.02,1511224,10.04,10.03,10.06,10.06,103140,146200,46445,89675,1
4.1,2.038836971E8,19.1331,1290.0,23.8,0.0184,0.07,2461.0,524177.16,0.16,51,,22,22,1985,1.530095642,1.117356147,1.143188437,1.52553264,2007,9,27,3,Capital Goods,Containers/Packaging,unknown,unknown,No,No,,Dec,1001 - 5000,1951 - 2000,0.0,3.0,2.3333,0.0,185.0,3.723,3.723,3.723,3.723,402,3.723,3.723,3.723,14.892,0,0,0,523,1
4.107,8.849278153E7,18.2984,16.28,1.28,0.0786,,68.0,239411.76,5.44,53,53,10,10,1986,0.0,0.0,0.0,0.0,1996,8,9,4,Technology,Computer Software: Prepackaged Software,male,male,Yes,No,No,Dec,0 - 100,1951 - 2000,0.3721,-0.0847,0.0508,0.0233,567960.0,14.75,10.75,15.0,14.75,1492000,14.625,14.5,13.75,13.5,772300,153000,202300,220200,1
4.11,4.215084357E8,19.8594,42.88,-120.69,-2.8146,0.9,255.0,168156.86,9.83,64,51,6,6,1994,-0.047828744,0.151319474,0.931923051,1.362397765,2000,2,4,4,Health Care,Biotechnology: Biological Products (No Diagnostic Substances),unknown,female,Yes,Yes,No,Dec,101 - 500,1951 - 2000,0.5344,-0.2205,-0.2546,0.525,260856.2,368.25,240.0,384.0,258.0,881166,288.378,277.5,264.0,287.064,212966,114966,47983,47200,0
4.12,5.49439319E8,20.1244,1200.0,-127.97,-0.1066,,7600.0,157894.74,0.46,54,54,8,8,1988,0.0,0.0,0.0,0.0,1996,9,25,2,Finance,Finance: Consumer Services,male,male,Yes,No,No,Dec,5001 - 10000,1951 - 2000,0.0658,0.0123,0.284,0.0395,2346790.4,6.0981,5.7217,6.324,6.0981,9163416,6.2487,6.2867,6.1361,6.1734,910198,661811,853082,145445,1
4.16,7.988525376E7,18.1961,10080.0,-202.0,-0.02,,11906.0,846631.95,0.01,49,49,7,7,1992,-1.832711294,-1.200148216,-0.379552751,0.65437902,1999,8,6,4,Public Utilities,Telecommunications Equipment,male,male,No,No,No,Dec,>10000,1951 - 2000,0.0381,-0.3299,-0.0367,0.4293,1578340.0,11.938,11.5,16.875,11.938,5287900,8.3125,8.0,7.625,8.0,1292500,616600,336900,357800,0
4.2,1.092E8,18.5087,21.17,4.95,0.2338,0.32,405.0,52271.6,5.16,,,14,14,2003,1.363870757,1.939268388,2.131145993,2.254006957,2017,12,20,2,Consumer Durables,Miscellaneous manufacturing industries,,,No,,,Jun,101 - 500,2001 - 2010,0.0929,-0.0467,-0.2241,0.1093,95460.8,6.0,5.49,6.4,5.8,184391,5.7,5.85,5.85,5.72,170765,87314,0,34834,0
4.21,1.027342892E8,18.4477,,-613000.0,,,10.0,,,69,56,,-6,2014,2.124313563,0.457233847,-0.640081776,-1.221627205,2008,4,1,1,Health Care,Major Pharmaceuticals,male,male,Yes,No,No,Dec,0 - 100,2011 - present,0.3467,0.0,0.0,0.3467,133.2,3.03,2.25,3.03,2.25,666,3.03,3.03,3.03,3.03,0,0,0,0,1
4.21,1.610441407E8,18.8972,90.01,-24.3,-0.27,0.29,390.0,230794.87,1.79,58,58,3,3,2011,-1.162952139,-0.301137803,0.62798948,1.121717934,2014,8,8,4,Energy,Oil & Gas Production,male,male,Yes,No,No,Dec,101 - 500,2011 - present,0.0424,-0.0099,0.0262,0.0151,1179957.6,11.06,10.61,11.16,11.0,4121479,11.07,11.0,11.0,10.95,956844,172814,511433,137218,0
4.2108,3.208406007E7,17.2839,7.47,-146290.0,-19583.668,0.34,27.0,276666.67,4.3,59,59,25,25,1983,1.41961851,0.773418686,-0.562942137,-1.160986192,2008,4,7,0,Consumer Services,Real Estate Investment Trusts,male,male,Yes,No,No,Dec,0 - 100,1951 - 2000,0.0263,-0.0103,0.0051,0.0395,44854.6,3.9,3.8,3.95,3.8,18445,3.74,3.84,3.85,3.86,131718,36201,17709,20200,0
4.23,1.033810181E8,18.4539,,,,,,,,80,52,,,,0.0,0.0,0.0,0.0,1996,5,23,3,Finance,Finance: Consumer Services,male,male,,sameYear,No,,,Unknown,0.0957,0.0,0.0,0.0319,1040100.0,12.875,11.75,13.25,12.875,3379500,13.125,13.125,13.375,12.875,927200,0,498100,395700,1
4.34,4.176922378E9,22.1528,341030.0,32360.0,0.0949,0.04,,,0.01,,53,6,6,1996,0.975375745,-0.598187057,-0.953771723,-0.724167272,2002,5,23,3,Technology,Semiconductors,unknown,unknown,No,No,Yes,Dec,,1951 - 2000,0.0355,-0.0056,-0.2798,0.0254,4162107.4,8.9499,8.6431,9.0092,8.7899,11077411,9.4852,9.4852,9.4783,8.8994,4206643,0,2944691,2581792,0
4.37,1.348855562E7,16.4174,149.14,-3.25,-0.0218,,135.0,1104740.74,0.09,48,48,0,0,2010,1.772960494,1.987391917,0.973424764,1.18133345,2010,10,5,1,Consumer Durables,Telecommunications Equipment,unknown,unknown,Yes,No,No,Dec,101 - 500,2001 - 2010,0.0,0.75,1.0,0.0,5738.4,4.0,4.0,4.0,4.0,350,6.0,6.0,7.2,7.0,5431,19118,2418,1375,1
4.389,2.520556177E7,17.0426,77.13,467262.0,6058.1097,,74.0,1042297.3,0.33,54,54,34,34,1971,-0.168128059,-1.128973843,-1.25134392,0.314360883,2005,5,3,1,Consumer Non-Durables,Food Distributors,male,male,Yes,Yes,Yes,Oct,0 - 100,1951 - 2000,0.04,0.0481,-0.1058,0.06,64260.0,5.2,5.0,5.3,5.0,130700,5.25,5.25,5.25,5.45,46900,42900,32300,68500,1
4.4,1.392336176E8,18.7517,499.06,-19.35,-0.0388,0.08,5319.0,93825.91,0.28,51,45,4,4,1999,1.012015213,0.012865559,-0.224873966,-0.731123238,2003,3,24,0,Capital Goods,Auto Parts:O.E.M.,unknown,unknown,No,No,No,Dec,5001 - 10000,1951 - 2000,0.0,0.0,0.129,0.0,260.0,3.1,3.1,3.1,3.1,300,3.1,3.1,3.1,3.1,0,1000,0,0,1
4.44,2.02411124E8,19.1258,22.23,-85.07,-3.8268,0.2,393.0,56564.89,9.11,,45,2,2,2012,2.430185076,2.348984812,1.945095879,1.634867674,2014,5,27,1,Health Care,Biotechnology: In Vitro & In Vivo Diagnostic Substances,male,male,No,No,Yes,Mar,101 - 500,2011 - present,0.0329,0.1182,0.2121,0.1127,49285.2,6.6,6.39,8.11,7.39,45114,6.99,6.3,6.74,7.38,34110,89497,49941,27764,1
4.59,8.860958739E7,18.2998,,,,,,,,53,,,-1,2004,1.554306901,1.903388189,1.655793326,0.538137066,2003,5,13,1,Capital Goods,Auto Parts:O.E.M.,unknown,,,No,,,,2001 - 2010,0.0,0.0,0.0,0.0,0.0,5.997,5.997,5.997,5.997,0,5.997,5.997,5.997,5.997,0,0,0,0,0
4.6,1.630206512E8,18.9094,,-33.15,,,51.0,,,54,54,10,10,2005,1.505896558,1.117827181,1.173114629,1.564274041,2015,4,15,2,Health Care,Major Pharmaceuticals,male,male,Yes,,,Dec,0 - 100,2001 - 2010,0.0729,0.1772,-0.1075,0.1089,472279.0,23.25,21.67,25.36,23.0,1022880,22.71,26.18,31.5,27.37,244824,202416,563460,327815,0
4.74,4.655159972E8,19.9587,145.4,54.37,0.3739,0.13,,,3.2,72,49,1,1,1997,1.900286297,1.937952997,2.551992937,2.009704877,1998,3,12,3,Consumer Services,Real Estate Investment Trusts,male,male,Yes,No,No,Dec,,1951 - 2000,0.0515,-0.021,-0.0699,0.0,98800.0,8.938,8.5,8.938,8.938,364800,9.0,8.875,8.75,8.75,61500,52000,6100,9600,0
4.79,2.040559639E7,16.8313,5.06,-4.51,-0.8913,,8.0,632500.0,4.03,54,57,24,24,1993,0.515582655,1.322870285,1.473695664,1.649630501,2017,6,22,3,Consumer Services,RETAIL: Building Materials,male,male,Yes,Yes,No,Dec,0 - 100,1951 - 2000,0.0358,-0.0041,-0.1443,0.0926,152202.8,4.92,4.75,5.2,4.76,457971,4.95,4.85,4.8,4.9,80877,147869,30732,43565,0
4.85,7.717887935E7,18.1616,7.72,-13.61,-1.763,0.09,136.0,56764.71,10.0,55,45,,-1,2003,-1.662086296,-1.639453872,-1.62466712,-2.268071698,2002,9,27,4,Health Care,Hospital/Nursing Management,unknown,male,Yes,No,No,Dec,101 - 500,2001 - 2010,0.0478,0.0,-0.0821,,0.6,1315.2,1255.2,1315.2,,2,1315.2,1315.2,1315.2,1315.2,1,0,0,0,0
4.9,4.927470184E8,20.0155,176.49,-56.3,-0.319,0.08,884.0,199649.32,2.79,50,50,7,7,2007,0.710775275,1.602791492,1.817218609,1.647278105,2014,6,12,3,Technology,Computer Software: Prepackaged Software,male,male,Yes,No,No,Dec,501 - 1000,2001 - 2010,0.1303,-0.0953,-0.0449,0.1292,3043666.4,11.02,9.75,11.26,10.0,12544999,10.3,10.7,10.1,9.97,1085147,464382,625965,497839,0
4.92,4.964175696E7,17.7203,23.35,-6.66,-0.2852,,109.0,214220.18,2.13,48,48,2,2,2010,0.816670881,-0.481285621,0.347403561,0.774979679,2012,12,3,0,Technology,Advertising,male,male,Yes,No,No,Dec,101 - 500,2001 - 2010,0.0,0.0,-0.0099,0.0,1122.0,5.05,5.05,5.05,5.05,3600,5.05,5.95,5.05,5.05,750,40,420,800,0
4.95,1.977829277E8,19.1027,,-9.83,,,10.0,,,47,,8,8,2007,-1.383538718,-1.435445731,-0.007224794,0.705692148,2015,1,28,2,Health Care,Major Pharmaceuticals,male,,Yes,No,,Dec,0 - 100,2001 - 2010,0.0,-0.0358,0.0344,0.0,1040.0,1.395,1.395,1.395,1.395,1200,1.345,1.345,1.345,1.345,4000,0,0,0,0
4.97,2.20133484E9,21.5123,445.8,16.35,0.0367,,,,4.94,52,40,11,11,1999,1.403719214,1.351735327,0.177604603,0.423629664,2010,9,17,4,Technology,EDP Services,unknown,unknown,No,No,No,Dec,,1951 - 2000,0.1665,-0.0873,0.0249,0.1111,2.1380408E7,3.675,3.1505,3.7,3.35,68868500,3.34,3.4035,3.3405,3.354,19018160,10469160,6151580,2394640,1
4.99,2.126626074E8,19.1752,809.67,17.74,0.0219,,5000.0,161934.0,0.26,49,49,28,28,1986,0.280783946,0.743349225,1.190708883,1.41120442,2014,4,17,3,Consumer Services,Other Specialty Stores,male,male,Yes,No,No,Jan,1001 - 5000,1951 - 2000,0.0691,-0.0287,-0.0395,0.0603,1325856.4,9.75,9.12,10.05,9.5,5561366,9.75,9.5,9.66,9.47,0,490236,399351,178329,0
5.04,2.567033028E8,19.3634,,-20.58,,,11.0,,,,,3,3,2012,0.854753935,0.883439249,1.292742352,1.479009405,2015,4,29,2,Health Care,Major Pharmaceuticals,male,male,Yes,sameYear,sameYear,Dec,0 - 100,2011 - present,0.0914,0.0603,-0.0658,0.1194,160940.4,8.96,8.21,9.48,8.5,435200,8.8,9.1,9.49,9.5,110561,66436,55341,137164,0
5.07,1.79728889E8,19.007,,,,,,,,52,44,9,9,1991,0.753792992,-0.153763792,0.558492736,1.047472301,2000,3,3,4,Consumer Durables,Telecommunications Equipment,male,male,,No,No,,,1951 - 2000,0.6616,-0.1028,0.1459,0.7805,1264133.0,204.375,123.0,219.0,123.0,4287433,202.875,192.0,180.75,183.375,688500,382800,632566,329366,0
5.26,2.326271557E8,19.2649,1630.0,-46.91,-0.0288,0.05,3358.0,485407.98,0.14,54,54,15,15,1994,-0.552205557,0.631302242,1.237511208,1.45475967,2009,10,1,3,Capital Goods,Metal Fabrications,male,male,Yes,No,No,Dec,1001 - 5000,1951 - 2000,0.0072,-0.0286,0.0,0.0072,6343.8,7.0,6.95,7.0,6.95,3000,6.85,6.7,6.7,6.8,8200,5410,15009,100,0
5.44,6.724421536E7,18.0238,110000.0,-13.07,-1.0E-4,,16.0,6.875E9,0.0,54,54,15,15,2001,1.177481009,1.709649223,1.593778445,1.887415328,2016,8,5,4,Technology,Semiconductors,male,male,Yes,Yes,Yes,Dec,0 - 100,2001 - 2010,0.028,-0.0272,0.1448,0.0725,39887.2,8.08,7.86,8.7,8.13,139996,8.0,7.89,7.99,7.86,17820,17028,12115,12477,0
5.47,1.184385164E9,20.8925,,,,,,,,55,48,,,,1.582237592,0.872515381,1.205811536,1.493591151,2004,4,6,1,,,male,male,,No,No,,,Unknown,0.0,0.0127,-0.0973,0.002,4373114.6,15.0,15.0,15.44,15.41,16828419,15.0,15.25,15.25,15.19,2785034,1285829,0,966291,0
5.49,3.028651116E8,19.5288,52.52,-61.85,-1.1776,0.07,517.0,101586.07,5.77,55,55,0,0,2010,-1.030558404,-1.767048208,-1.076830639,0.226695339,2010,5,28,4,Health Care,Medical/Dental Instruments,male,male,Yes,No,No,Dec,501 - 1000,2001 - 2010,0.0,-0.0833,-0.2185,0.0,617387.0,5.4,5.4,6.0,6.0,397480,5.4,5.0,4.88,4.95,0,831085,873285,985085,0
5.54,2.54679545E8,19.3555,36.16,-8.24,-0.2279,0.59,39.0,927179.49,7.04,,,3,3,2004,0.240240768,0.981777473,1.210293661,1.822511883,2007,1,22,0,Consumer Non-Durables,Beverages (Production/Distribution),male,male,Yes,No,No,Dec,0 - 100,2001 - 2010,0.6625,-0.0451,0.6792,0.6667,4891.0,39.9,24.0,40.0,24.0,5025,31.8,35.8,40.0,38.1,3110,6800,4100,5420,0
5.54,2.975306306E8,19.511,,,,,,,,43,43,5,5,2010,2.068128629,1.50738047,1.530004661,1.782477335,2015,2,12,3,Health Care,Medical Specialities,male,male,,No,No,,,2001 - 2010,0.0277,0.2686,0.0082,0.0199,1518153.2,17.05,16.59,17.83,17.5,6712166,17.8,17.8,19.7,21.63,360167,0,240002,278431,0
5.62,1.538044733E8,18.8512,,,,,,,,,,,,,0.846747876,1.352885644,2.022905947,1.774044688,2007,5,25,4,,,,,,,,,,Unknown,0.0,0.007,0.0,0.0015,34360.0,20.0,20.0,20.06,20.03,78900,20.0,20.1,20.15,20.14,0,37800,28300,26800,0
5.65,1.475167936E8,18.8095,,,,,,,,,,,,,1.218119892,1.772708681,2.083615689,1.840388135,2014,6,25,2,,,,,,,,,,Unknown,0.0,-5.0E-4,0.0,0.0,183694.2,20.01,20.01,20.01,20.01,0,20.01,20.0,20.02,20.0,695659,121046,44675,57091,0
5.75,2.18607755E7,16.9002,,,,,,,,65,,6,6,1990,-1.579782765,-1.579782765,-1.579782765,-1.579782765,1996,12,11,2,Capital Goods,Metal Fabrications,male,unknown,,,,,,1951 - 2000,0.025,-0.0244,-0.0244,0.125,158160.0,5.125,5.0,5.75,5.125,483800,5.0,5.0,5.0,5.0,138300,60900,56700,51100,0
5.75,5.017475875E7,17.731,101.39,-2.7,-0.0266,,404.0,250965.35,0.49,53,53,1,1,2009,1.860214682,1.936268389,1.618451066,1.628455951,2010,1,8,4,Consumer Durables,Electrical Products,male,male,Yes,sameYear,sameYear,Dec,101 - 500,2001 - 2010,0.0,0.0,-0.0625,0.0,108.0,8.0,8.0,8.0,8.0,140,8.0,8.0,8.0,8.0,400,0,0,0,1
5.75,2.43620968E8,19.3111,,-52.08,,,97.0,,,54,57,11,11,2003,0.280783946,0.743349225,1.190708883,1.41120442,2014,4,17,3,Health Care,Major Pharmaceuticals,male,male,Yes,No,Yes,Dec,0 - 100,2001 - 2010,0.0127,0.0208,0.015,0.0203,225868.6,12.0,11.85,12.49,12.25,998686,12.0,12.1,12.32,12.25,0,51785,36878,41994,1
5.77,2.788574068E8,19.4462,819.93,14.95,0.0182,0.03,5100.0,160770.59,0.34,62,61,6,6,2007,1.069919255,1.843853129,2.216506069,1.722254717,2013,11,1,4,Consumer Services,Home Furnishings,female,female,Yes,No,No,Mar,5001 - 10000,2001 - 2010,0.1277,-0.0246,0.124,0.0623,3605727.2,36.2,32.1,37.0,35.0,14669627,35.35,35.35,35.9,35.31,1587958,337740,549572,883739,0
5.78,4.566348084E8,19.9394,426.1,2.5,0.0059,,572.0,744930.07,1.07,52,54,1,1,2006,1.437884985,1.884504364,1.477248354,1.974336585,2007,2,8,3,Consumer Services,Advertising,male,male,Yes,No,No,Dec,501 - 1000,2001 - 2010,0.0342,0.0125,0.0686,0.0403,7404451.4,25.67,24.82,26.5,25.5,28444700,26.001,26.0,25.72,25.99,3553300,2651266,1736985,636006,1
5.8,4.94179024E7,17.7158,96.09,-21.54,-0.2242,0.02,143.0,671958.04,0.51,54,50,6,6,2009,-1.032223885,-0.813015476,-0.620239137,0.524521016,2015,8,13,3,Finance,Property-Casualty Insurers,male,male,Yes,Yes,Yes,Dec,101 - 500,2001 - 2010,0.0872,-0.0123,-0.0746,0.0872,162849.0,10.6,9.75,10.6,9.75,523035,10.5,10.5,10.5,10.4701,114874,35464,21621,119251,0
5.81,9.628130974E8,20.6854,213.93,-29.91,-0.1398,3.0,,,4.5,44,,0,0,2017,0.884816697,1.243367346,1.807233661,1.810662603,2017,11,16,3,Technology,"Computer Software: Programming, Data Processing",unknown,,No,,,Dec,,2011 - present,0.05,-0.3155,-0.119,0.0225,4049391.4,8.4,8.0,8.43,8.25,8542824,7.2,7.4,6.6,5.75,2998206,802930,6021531,1881466,0
5.84,6.79046876E7,18.0336,41.59,-12.87,-0.3094,,116.0,358534.48,1.63,66,66,7,7,1989,0.0,0.0,0.0,0.0,1996,2,16,4,Health Care,Biotechnology: Electromedical & Electrotherapeutic Apparatus,male,male,Yes,No,No,Dec,101 - 500,1951 - 2000,0.025,-0.0244,-0.0244,0.075,570600.0,10.25,10.0,11.0,10.25,2256700,10.25,10.0,9.75,10.0,0,162200,147300,286800,0
5.85,1.888771014E8,19.0566,,-54.44,,,63.0,,,,,8,8,2008,-0.756388307,-1.222253703,0.237972803,0.804139705,2016,10,26,2,Health Care,Major Pharmaceuticals,male,male,Yes,,,Dec,0 - 100,2001 - 2010,0.0,0.0,0.0,0.0538,1003617.8,13.0,13.0,14.86,14.16,3885936,13.0,12.89,12.85,13.0,742119,148183,30810,211041,1
6.07,6.156896906E7,17.9357,14.42,-757416.0,-52525.3814,,117.0,123247.86,4.27,,,37,37,1979,2.175787437,2.640950615,2.25275629,1.733937709,2016,12,7,2,Miscellaneous,Industrial Machinery/Components,,,Yes,,,Dec,101 - 500,1951 - 2000,0.2694,-0.1189,-0.07,0.2327,343489.0,9.0,7.09,9.2,7.55,1180226,8.6,8.87,8.18,7.93,215154,127726,112870,81469,0
6.1,1.656637146E8,18.9255,478.4,10.54,0.022,,5600.0,85428.57,0.35,51,51,10,10,1999,1.221955943,0.987787166,0.074789869,-0.908597338,2009,4,15,2,Consumer Services,Other Consumer Services,male,male,Yes,sameYear,sameYear,Dec,5001 - 10000,1951 - 2000,0.1385,-0.009,-0.0793,0.121,1906520.4,11.1,9.75,11.68,10.5,7324263,12.05,12.01,11.65,11.0,1086442,332868,190275,598754,1
6.13,2.326821477E8,19.2652,326.23,-32.5,-0.0996,,939.0,347422.79,0.71,62,57,0,0,2004,0.988920926,0.634149151,0.344921721,0.525617348,2004,9,15,2,Consumer Services,Other Consumer Services,male,male,Yes,No,No,Dec,501 - 1000,2001 - 2010,0.0047,-0.0139,-0.0116,0.0047,502965.4,21.6,21.5,22.5,22.4,1875626,21.25,21.461,21.35,21.3,228283,125989,182721,102208,1
6.2,4.529677964E8,19.9313,,,,,,,,,,,,,-0.724947755,0.412817457,1.077364768,1.364417616,2007,6,27,2,,,male,male,,No,,,,Unknown,0.0356,0.0241,0.0027,0.0071,1109293.2,14.55,14.05,15.0,14.9,4497149,14.75,14.73,14.81,14.9,453878,367199,136961,91279,0
6.22,5.179233897E8,20.0653,307.82,-168.54,-0.5475,,39.0,7892820.51,1.68,55,39,0,0,2015,-0.215764279,0.077949738,0.590833684,1.058296255,2015,6,25,3,Transportation,Marine Transportation,male,male,Yes,sameYear,sameYear,Dec,0 - 100,2011 - present,0.0275,0.0481,0.074,0.0392,1891864.2,13.1,12.75,13.25,12.75,6825871,13.51,13.55,13.63,13.73,1501132,495095,318430,318793,0
6.24,2.222130706E8,19.2191,,,,,,,,33,,,,,0.638242447,0.956660425,1.288052487,1.408885355,2014,5,9,4,Consumer Services,Transportation Services,unknown,unknown,,,sameYear,,,Unknown,0.1819,0.0318,0.6187,0.1925,1588257.2,10.07,8.52,10.64,9.0,6222274,11.1,10.75,10.53,10.39,654045,507968,189371,367628,1
6.25,7.834250625E7,18.1766,854.04,-19.14,-0.0224,,448.0,1906339.29,0.09,,68,45,45,1951,0.0,0.0,0.0,0.0,1996,5,8,2,Finance,Commercial Banks,,male,No,,Yes,Dec,101 - 500,1951 - 2000,0.0,0.0,1.0669,0.0,33.4,5.8176,5.8176,5.8176,5.8176,167,5.8176,5.8176,5.8176,5.8176,0,0,0,0,1
6.27,4.436115915E8,19.9105,230.0,-20.94,-0.091,,837.0,274790.92,1.93,63,63,10,10,2004,0.572761293,1.085523431,1.319504883,1.60996497,2014,3,21,4,Technology,Computer Communications Equipment,male,male,Yes,sameYear,sameYear,Dec,501 - 1000,2001 - 2010,0.1937,-0.1209,-0.0907,0.1915,3136183.8,16.21,13.58,16.5,13.9,12704154,15.25,15.2,14.01,14.25,686804,685812,1171314,432835,0
6.27,4.625027253E8,19.9522,0.0,-7.46,,,17.0,0.0,,51,51,,,,0.0,0.0,0.0,0.0,1996,1,25,3,Health Care,Major Pharmaceuticals,male,male,Yes,No,No,Dec,0 - 100,Unknown,0.1952,0.1624,0.3021,0.2503,26716.2,43.2083,36.1527,52.2567,43.2083,51325,46.2177,50.2233,50.2233,50.2233,36295,19298,6594,20069,1
6.39,2.38206944E8,19.2887,1.92,-63.39,-33.0156,0.02,119.0,16134.45,124.07,50,50,8,8,2006,0.538121584,1.169474022,1.54940634,1.710590792,2014,7,25,4,Health Care,Major Pharmaceuticals,male,male,Yes,No,No,Dec,101 - 500,2001 - 2010,0.0428,-0.0221,0.1703,0.0198,501691.6,13.15,12.6105,13.25,13.0,1877770,12.84,12.9,12.94,12.86,292467,103283,80595,154343,1
6.43,3.462900355E8,19.6628,25.28,-17.65,-0.6982,3.34,68.0,371764.71,13.7,39,39,13,13,2001,1.090267827,1.300591831,1.938051166,2.018215144,2014,12,29,0,Health Care,Biotechnology: Commercial Physical & Biological Resarch,male,male,Yes,sameYear,sameYear,Dec,0 - 100,2001 - 2010,0.0,0.0577,0.0615,0.0,400.0,2.6,2.6,2.6,2.6,1000,2.6,2.6,2.6,2.75,0,0,0,1000,1
6.58,1.090445193E9,20.8099,327.47,-69.15,-0.2112,,,,3.33,57,57,29,29,1979,-1.504532645,-2.328596582,-2.966748259,-3.685119648,2008,10,27,0,Basic Industries,Precious Metals,male,male,No,Yes,Yes,Dec,,1951 - 2000,0.0629,0.6506,0.7986,0.0151,50517.0,0.71,0.668,0.739,0.7289,83035,0.8482,1.0088,1.0379,1.1719,40300,84550,22000,22700,1
6.7,9.51812653E7,18.3713,21.92,-19.1,-0.8714,,,,4.34,53,,,,,0.638242447,0.956660425,1.288052487,1.408885355,2014,5,9,4,,,male,,,,,Dec,,Unknown,0.0148,-0.0086,-0.0226,0.0202,69339.2,15.05,14.83,15.3,15.0,204513,15.0,15.0,15.0,14.92,32758,23325,38700,47400,0
6.71,2.017121503E9,21.4249,,,,,,,,,,8,8,2009,0.81283096,1.31987452,1.861189473,1.817345163,2017,11,10,4,Finance,Finance: Consumer Services,,,,,,,,2001 - 2010,0.0046,-0.0115,-0.4213,0.1022,3224140.0,13.08,13.02,14.63,13.3,9885748,13.15,13.0,12.7,12.93,2149587,2227059,917372,940934,0
6.73,1.903801513E8,19.0645,578.55,400000.0,691.3836,0.0,2625.0,220400.0,0.33,52,52,13,13,1994,-0.104823433,-0.922374597,-0.835776551,-0.315424472,2007,12,20,3,Basic Industries,Military/Government/Technical,male,male,Yes,No,No,Dec,1001 - 5000,1951 - 2000,0.0,-0.0348,-0.262,0.0316,65140.0,15.8,15.8,16.5,16.0,25800,15.25,15.25,15.25,15.25,295400,300,0,4200,0
6.73,7.34881179E8,20.4152,412.43,72.88,0.1767,,2400.0,171845.83,1.78,48,,2,2,2008,3.052206687,2.052442915,2.526716997,2.312830726,2010,11,4,3,Transportation,Marine Transportation,male,male,No,,,Dec,1001 - 5000,2001 - 2010,0.0304,-0.0886,0.011,0.0104,2212250.4,11.85,11.5,12.12,12.0,7605788,11.75,11.4,11.0,10.8,1046886,569123,1185627,653828,1
6.8,4.06964088E7,17.5217,38.15,294000.0,7706.422,0.18,30.0,1271666.67,1.07,58,58,2,2,2012,1.775529755,1.530043903,1.592935402,1.736183336,2014,4,1,1,Finance,Property-Casualty Insurers,male,male,Yes,Yes,Yes,Dec,0 - 100,2011 - present,0.0063,0.1245,0.1434,0.0633,227754.2,7.95,7.9,8.5,8.0,634106,8.16,8.39,8.69,8.94,228622,103968,111441,60634,1
6.84,5.802436775E8,20.179,1190.0,159.5,0.134,,3000.0,396666.67,0.49,55,,5,5,2012,1.972705977,2.15098631,1.571544597,1.780069437,2017,5,25,3,Consumer Services,Television Services,female,,Yes,sameYear,,Dec,1001 - 5000,2011 - present,0.0313,0.1133,0.0394,0.075,2414818.0,16.5,16.0,17.2,16.0,8612587,17.55,17.55,17.77,18.37,1730486,0,962955,768062,0
6.91,6.728949639E8,20.3271,1440.0,-68.36,-0.0475,,102.0,1.411764706E7,0.47,56,56,0,0,2003,0.841053505,0.700710976,1.018440324,1.554004701,2003,8,26,1,Consumer Services,Real Estate Investment Trusts,male,male,Yes,No,No,Dec,101 - 500,2001 - 2010,0.0,0.03,0.0411,0.0044,1828242.0,5.3857,5.3857,5.4096,5.3857,6217802,5.4455,5.5353,5.5473,5.5473,1717382,715561,490465,0,1
7.0,4.0235475E7,17.5103,74.99,-31.49,-0.4199,,433.0,173187.07,0.54,50,46,7,7,2006,0.963436414,1.41974019,1.845794229,2.183310862,2013,3,22,4,Technology,EDP Services,male,female,Yes,No,No,Dec,101 - 500,2001 - 2010,0.0,0.0105,-0.083,0.0584,368707.0,113.82,113.82,139.65,133.0,1571092,111.09,119.28,115.85,115.01,177740,49859,28974,15870,0
7.05,9.412139019E8,20.6627,,,,,,,,,57,0,0,2005,0.053094674,1.168196005,1.489999364,1.438814277,2005,8,9,1,Transportation,Marine Transportation,unknown,male,,No,No,,,2001 - 2010,0.0513,-0.0066,-0.0122,0.0188,3276940.0,21.3,20.26,21.48,21.1,14109300,21.3,21.5,21.27,21.16,1269400,694900,183200,127900,1
7.14,1.558026719E9,21.1667,,,,,,,,32,,15,15,2003,-3.055459771,-2.361762164,-0.800089392,0.32265232,2018,3,23,4,Consumer Services,Other Consumer Services,unknown,,No,Yes,,,,2001 - 2010,0.1078,-0.2523,-0.2784,0.0978,2633497.2,11.1,10.02,14.08,13.1,6915277,11.0,10.69,9.57,8.3,1853955,428319,2818232,1151703,0
7.17,8.324364264E7,18.2373,10.66,22.79,2.1379,0.31,32.0,333125.0,7.81,64,64,2,2,2015,-2.608749597,-0.684761407,0.46860531,1.057628226,2017,8,18,4,Consumer Services,Movies/Entertainment,male,male,Yes,sameYear,sameYear,Dec,0 - 100,2011 - present,0.0,0.2249,-0.2314,0.0281,247976.2,9.25,9.25,13.26,13.0,575951,10.19,10.43,11.55,11.33,208053,100937,169150,185790,0
7.2,5.55416208E8,20.1352,,,,,,,,39,57,0,0,2013,-1.70951898,0.637871919,1.221742511,1.488839923,2013,12,12,3,Transportation,Marine Transportation,male,male,,sameYear,sameYear,,,2011 - present,0.052,0.0095,0.0379,0.0277,209034.2,114.0,108.36,120.0,117.0,825685,117.0,116.28,115.92,115.08,137077,46960,9755,25694,0
7.21,1.041317444E8,18.4612,2.46,-10.48,-4.2602,2.83,14.0,175714.29,42.33,43,43,2,2,2002,0.508793147,0.0421634,0.790919559,1.280251213,2004,4,19,0,Health Care,Major Pharmaceuticals,male,male,No,No,No,Aug,0 - 100,2001 - 2010,0.5628,0.6998,0.0,0.5628,2298.2,15.0024,9.6,15.0024,9.6,183,25.5012,25.5012,25.5012,25.5012,11308,0,0,0,1
7.23,1.978528361E9,21.4056,,,,,,,,55,,43,43,1954,1.868729634,1.843840581,2.152618276,2.383035687,1997,7,30,2,Public Utilities,Electric Utilities: Central,male,,,No,,,,1951 - 2000,0.0405,-0.0325,-0.1299,0.0068,401972.0,19.25,18.5,19.375,19.25,257660,19.25,18.375,18.625,18.625,522100,602100,374200,253800,0
7.31,1.539963928E8,18.8524,,,,,,,,55,43,,,,2.351442055,2.234107619,1.681498384,1.748614522,2011,4,28,3,,,male,male,,No,No,,,Unknown,0.0174,-0.0555,-0.0651,0.0244,90988.8,14.6,14.35,14.85,14.5,106360,14.55,14.3612,14.22,13.79,245256,28290,27341,47697,1
7.37,2.850360176E8,19.4681,295.57,-39.65,-0.1341,,635.0,465464.57,0.96,,,3,3,2008,-1.796000804,-2.190915256,-1.398294858,0.456935572,2011,6,15,2,Energy,Oilfield Services/Equipment,,male,Yes,,No,Dec,501 - 1000,2001 - 2010,0.0,-0.0537,-0.0142,0.0084,298183.0,19.0,19.0,20.16,20.0,1215352,19.0,18.55,18.02,17.98,106317,68726,55790,44730,0
7.425,1.051515365E9,20.7735,1180.0,-107.31,-0.0909,0.06,3664.0,322052.4,0.89,55,55,2,2,2011,1.715706218,2.298229616,2.430951123,1.780191537,2013,10,25,4,Technology,Computer Software: Prepackaged Software,male,male,Yes,No,No,Dec,1001 - 5000,2011 - present,0.034,-0.024,0.1031,0.0561,3086265.6,11.25,10.88,11.64,11.03,12283788,11.56,11.65,11.4,10.98,1072345,544958,630287,899950,1
7.43,2.662327333E8,19.3999,93.49,1.69,0.0181,,274.0,341204.38,2.85,47,62,13,13,1987,-2.338347117,-0.915938862,-0.404628002,0.270112572,2000,7,28,4,Capital Goods,Electronic Components,male,unknown,No,No,No,Dec,101 - 500,1951 - 2000,0.3333,0.0625,0.4688,0.1111,1146700.0,6.0,4.5,7.0,6.5,4251900,6.063,6.375,6.625,6.375,876100,267400,239700,98400,1
7.49,1.086101007E8,18.5033,,-29.73,,,22.0,,,64,,3,3,2011,-3.612448606,-0.179197965,0.661777887,1.159053656,2014,7,31,3,Health Care,Biotechnology: Biological Products (No Diagnostic Substances),male,,Yes,Yes,,Dec,0 - 100,2011 - present,0.0342,0.1338,0.2841,0.0,427335.2,7.25,7.01,9.0,9.0,1774370,7.49,7.75,7.88,8.22,163642,72248,68386,58030,1
7.5,1.84294062E9,21.3346,,,,,,,,56,43,,,,0.154716145,0.678958668,1.134554337,1.392778621,2014,4,16,2,,,male,male,,Yes,No,,,Unknown,0.0438,0.0029,-0.0078,0.0356,3763237.0,10.25,9.82,10.3,9.95,8668373,10.21,10.21,10.29,10.28,3310523,0,4135019,2702270,1
7.54,1.367646142E8,18.7338,91.44,4.01,0.0439,,484.0,188925.62,1.5,52,60,5,5,1994,-1.293477881,-1.960062597,-2.076123407,-0.201610843,1999,10,19,1,Technology,Radio And Television Broadcasting And Communications Equipment,male,male,Yes,No,No,Dec,101 - 500,1951 - 2000,0.0867,0.1543,0.9149,0.2312,1673340.0,23.5,21.625,28.5,23.5,5250900,24.5,23.125,24.5,27.125,1477800,546900,654900,436200,1
7.7,1.222076317E8,18.6212,60.13,-10.17,-0.1691,,929.0,64725.51,2.03,,,11,11,2005,0.10782597,0.295597352,0.997750311,1.251170312,2016,9,23,4,Technology,Computer Software: Prepackaged Software,,,No,,,Dec,501 - 1000,2001 - 2010,0.0328,0.0635,0.0184,0.0951,1590171.2,15.75,15.25,16.7,15.25,5048137,15.92,16.64,16.99,16.75,973889,1091472,383028,454330,0
7.73,5.18882434E8,20.0672,,,,,,,,53,,,,,1.535380508,1.782569832,2.277230403,1.750906352,2007,4,24,1,,,male,,,No,,,,Unknown,0.0025,0.0374,0.0623,0.005,180660.0,20.05,20.0,20.1,20.0,288800,20.47,20.77,20.98,20.8,215300,150300,91800,157100,0
7.75,1.07307151E8,18.4912,1.73,-7.78,-4.4971,,38.0,45526.32,62.03,50,45,,-8,2017,1.429665272,1.56946026,1.934287653,1.670765455,2009,9,21,0,Health Care,Major Pharmaceuticals,male,male,Yes,No,No,Dec,0 - 100,2011 - present,0.0,0.0,0.0,0.0,5090.0,4.0E-4,4.0E-4,4.0E-4,4.0E-4,25450,4.0E-4,4.0E-4,4.0E-4,4.0E-4,0,0,0,0,0
7.81,5.904090477E8,20.1963,2140.0,19.37,0.0091,,16000.0,133750.0,0.28,49,49,30,30,1980,-0.999363518,-0.003358497,0.604648877,1.055674974,2010,5,13,3,Consumer Services,Clothing/Shoe/Accessory Stores,male,male,Yes,No,No,Jan,>10000,1951 - 2000,0.0152,-0.1134,-0.1636,0.0242,2640538.4,16.75,16.5,17.4,17.0,8791804,15.86,16.01,15.6,14.85,1719120,893047,765951,1032770,1
7.85,3.703912051E8,19.7301,,,,,,,,,,,,,-0.842700748,0.677449204,1.268996044,1.282221727,2010,11,29,0,Finance,Investment Bankers/Brokers/Service,,,,,,,,Unknown,,-0.2988,-0.3976,,0.0,2.80875E7,,,,0,2.80875E7,2.51725E7,2.16475E7,1.9695E7,0,0,0,0,0
7.95,1.47047183E8,18.8063,507.43,-9.79,-0.0193,,2900.0,174975.86,0.29,40,55,4,4,2010,1.504249056,1.447196968,1.742729225,1.827902391,2014,7,24,3,Consumer Services,Broadcasting,unknown,male,Yes,No,Yes,Dec,1001 - 5000,2001 - 2010,0.0322,0.0585,0.1122,0.0101,1561911.8,10.25,9.93,10.84,10.74,5550042,10.5,10.7,10.7,10.85,708423,1020216,99903,430975,1
7.97,1.08206291E9,20.8021,,,,,,,,,48,,,,-0.279447635,0.998067531,1.48622207,1.640934274,2003,6,25,2,,,female,male,,,sameYear,,,Unknown,,0.002,0.0,,0.0,15.0,,,,0,15.0,15.0,15.02,15.03,0,0,0,0,0
8.0,1.09531616E8,18.5117,19.2,23.58,1.2281,,,,5.7,56,58,1,1,2013,-1.069196879,-1.14618263,0.339400747,0.999427089,2014,2,6,3,,,male,male,Yes,sameYear,sameYear,Jun,,2011 - present,0.0367,-0.0101,-0.0215,0.0977,96655.8,15.81,15.25,16.79,15.3,232921,15.95,15.85,15.86,15.65,100653,39381,29252,81072,0
8.11,2.593981959E8,19.3739,,,,,,,,,47,,,,-1.83794966,-2.312811809,-2.829462917,-2.63010263,2002,6,26,2,,,,male,,,No,,,Unknown,7.0E-4,0.0033,0.002,0.0027,65260.0,15.01,15.0,15.04,15.0,87700,15.1,15.19,15.11,15.06,70900,49400,32400,85900,0
8.11,4.35946343E8,19.893,,,,,,,,69,,5,5,2010,1.469160399,1.262097345,0.533246131,0.578599772,2015,10,29,3,Consumer Durables,Home Furnishings,male,,Yes,No,,,,2001 - 2010,0.0,-0.0053,0.0263,0.0011,3000.0,9.5,9.5,9.76,9.75,12600,9.45,9.45,9.45,9.45,2400,0,0,0,1
8.37,2.294492624E8,19.2512,188.76,-253.12,-1.341,0.83,424.0,445188.68,1.22,58,58,9,9,1987,0.0,0.0,0.0,0.0,1996,4,23,1,Capital Goods,Industrial Machinery/Components,male,male,Yes,No,No,Dec,101 - 500,1951 - 2000,0.1369,0.0844,0.1326,,766170.0,13.833,12.167,14.0,,2517600,14.917,14.875,15.167,15.0,554100,481350,159600,118200,1
8.4,2.244645816E8,19.2292,276.93,-2.96,-0.0107,,771.0,359182.88,0.81,50,50,1,1,2005,-2.551745603,-3.104188463,-3.064967679,-0.766242624,2006,6,13,1,Technology,Diversified Commercial Services,female,female,Yes,No,No,Jun,501 - 1000,2001 - 2010,0.0136,-0.0201,-0.0228,0.0,83700.0,7.45,7.35,7.45,7.45,26000,7.34,7.34,7.32,7.3,312000,500,74200,5800,1
8.47,5.9736622465E10,24.8132,5012290.0,706520.0,0.141,0.07,77205.0,6.492183149E7,0.01,63,63,,-3,2002,-0.012395475,-0.140093952,0.280786774,0.858049566,1999,9,13,0,Finance,Commercial Banks,male,male,No,No,No,Mar,>10000,2001 - 2010,0.0,0.0,0.0483,0.0,4000.0,14.5,14.5,14.5,14.5,20000,14.5,14.5,14.5,14.5,0,0,0,0,0
8.51,2.32508935E8,19.2644,79.08,-12.98,-0.1641,0.08,692.0,114277.46,2.94,55,55,24,24,1990,0.572761293,1.085523431,1.319504883,1.60996497,2014,3,21,4,Technology,Computer Software: Prepackaged Software,male,male,Yes,,Yes,Dec,501 - 1000,1951 - 2000,0.0494,-0.1106,-0.1559,0.0247,1323112.0,17.0,16.2,17.9,17.5,5235127,16.75,15.5,15.0,15.12,424251,488116,316891,151175,0
8.62,5.536702546E8,20.1321,1580.0,-2.06,-0.0013,0.16,4729.0,334108.69,0.35,56,53,11,11,2005,-0.744016824,-1.239570909,0.312405803,0.846285612,2016,10,20,3,Capital Goods,Building Materials,male,male,Yes,sameYear,No,Dec,1001 - 5000,2001 - 2010,0.016,0.0176,0.0818,0.0142,2304121.8,16.5,16.24,16.84,16.61,8592319,17.0,17.1,16.87,16.79,1646640,557380,545917,178353,1
8.65,5.403614778E8,20.1077,363.66,73.39,0.2018,0.75,445.0,817213.48,1.49,54,54,1,1,2003,1.086594456,0.382717891,1.007190925,1.385299753,2004,4,7,2,Consumer Services,Real Estate Investment Trusts,male,male,Yes,Yes,Yes,Dec,101 - 500,2001 - 2010,0.0224,-0.0483,-0.0444,0.0274,1017680.0,20.5,20.05,20.6,20.05,3707500,20.43,20.43,19.52,19.51,301200,0,852900,226800,1
8.75,4.693853938E8,19.9669,104.09,-1.85,-0.0178,0.35,101.0,1030594.06,4.51,55,,7,7,1992,0.747210454,1.38538025,1.698067923,2.168223346,1999,1,19,1,Miscellaneous,Office Equipment/Supplies/Services,male,female,Yes,No,,Jun,101 - 500,1951 - 2000,0.0526,0.0,-0.2,,72.6,200.0,190.0,220.0,,77,220.0,215.0,220.0,200.0,164,51,34,37,1
8.76,6.90726E7,18.0507,90.29,5.34,0.0591,,306.0,295065.36,0.77,,,11,11,1985,0.0,0.0,0.0,0.0,1996,10,24,3,Finance,Finance Companies,male,male,Yes,No,No,Mar,101 - 500,1951 - 2000,0.0,0.0,-0.1,0.0,0.0,1.8164,1.8164,1.8164,1.8164,0,1.8164,1.8164,1.8164,1.8164,0,0,0,0,0
8.83,8.819587399E8,20.5977,24850.0,-594.6,-0.0239,0.06,,,0.04,54,,8,8,2005,2.472342506,1.834027635,1.984241403,1.793642807,2013,9,18,2,Transportation,Air Freight/Delivery Services,male,male,No,No,,Dec,,2001 - 2010,0.0988,0.0371,-0.015,0.1333,2444271.8,14.01,12.75,14.46,12.76,10060990,13.81,13.83,14.0,14.53,710355,459103,466632,524279,0
8.93,1.110094462E8,18.5251,359.25,71.12,0.198,,,,0.31,41,41,1,1,2015,1.128526828,1.294744063,1.07940584,0.823939632,2016,4,27,2,Finance,Investment Bankers/Brokers/Service,unknown,unknown,No,,,Dec,,2011 - present,0.009,0.0133,-0.0681,0.0149,784489.8,13.5,13.38,14.0,13.8,2419835,13.8,13.95,13.8,13.68,711182,320337,205116,265979,1
8.93,5.075130641E8,20.045,610.07,72.19,0.1183,0.03,5358.0,113861.52,0.83,48,50,8,8,1989,2.209097304,2.748395455,1.594269577,1.961223467,1997,10,7,1,Finance,Investment Bankers/Brokers/Service,male,unknown,No,No,No,Jun,5001 - 10000,1951 - 2000,2.395,0.1818,1.1364,0.3086,102939.2,16.5033,4.861,18.0036,16.5033,419016,20.104,18.3817,19.5039,19.5039,67153,22562,4966,999,1
9.01,1.404497361E8,18.7604,79.62,-22.44,-0.2818,,1177.0,67646.56,1.76,56,50,0,0,2005,1.657860477,2.030718258,2.312653205,1.814207663,2005,7,28,3,Consumer Services,Restaurants,male,female,Yes,No,No,Dec,1001 - 5000,2001 - 2010,0.0,-0.0014,0.0071,0.0,888.0,35.05,35.05,35.05,35.05,400,35.0,35.0,35.0,35.0,4000,0,0,40,1
9.01,1.506141874E8,18.8302,5.21,-27.24,-5.2284,0.13,43.0,121162.79,28.91,55,39,3,3,2013,0.196999502,1.233091702,0.481894265,0.115778506,2016,4,7,3,Health Care,Major Pharmaceuticals,male,male,Yes,No,Yes,Dec,0 - 100,2011 - present,0.0166,0.0307,-0.1182,0.0749,487585.4,9.77,9.61,10.72,10.0,1429297,11.99,10.42,9.65,10.07,561232,182555,193206,71637,0
9.01,5.7574066379E10,24.7763,255900.0,14660.0,0.0573,,98808.0,2589871.27,0.22,66,57,69,69,1943,2.944513855,1.713696484,1.941625073,1.804996512,2012,3,13,1,Finance,Major Banks,unknown,male,No,No,No,Dec,>10000,1901 - 1950,0.0057,0.0,-0.0892,0.0,46205.8,8.993,8.9418,9.1068,9.1068,101637,8.9759,8.8223,9.0215,8.993,22839,88987,1756,15810,0
9.0695,5.351639139E8,20.0981,,,,,,,,,77,,,,-0.724947755,0.412817457,1.077364768,1.364417616,2007,6,27,2,,,male,male,,,sameYear,,,Unknown,7.0E-4,0.0,0.0,7.0E-4,397400.0,15.01,15.0,15.01,15.0,1292400,15.0,15.0,15.01,15.01,304200,127700,125500,137200,0
9.21,1.681470805E8,18.9403,,,,,,,,,,,,,0.877497039,1.35766116,1.504022769,1.667515645,2017,6,28,2,,,,,,,,,,Unknown,0.0,0.001,0.011,0.004,216129.8,10.0,10.0,10.04,10.0,857302,10.0,10.02,10.01,10.01,154244,40963,28140,0,0
9.29,9.633115374E8,20.6859,820.27,82.2,0.1002,0.08,6914.0,118638.99,1.17,72,42,18,18,1978,0.0,0.0,0.0,0.0,1996,3,12,1,Finance,Real Estate,male,unknown,Yes,No,No,Dec,5001 - 10000,1951 - 2000,0.0083,-0.0082,0.0082,0.025,7256.4,98.6634,97.8506,101.1123,98.6634,10899,101.125,97.85,101.125,97.85,2513,13566,3832,5472,1
9.46,2.618889277E8,19.3834,,,,,,,,,,,,,-0.585884583,0.87567467,1.295735144,1.82604714,2017,3,28,1,,,,,,,,,,Unknown,0.0,0.0,0.008,0.0,451594.0,10.01,10.01,10.01,10.01,0,10.01,10.0,10.01,10.01,1683453,399643,127335,47539,0
9.49,2.047718985E8,19.1374,,,,,,,,51,44,,,,0.258921318,-0.23525242,0.804698134,1.136330901,2016,10,6,3,Finance,Business Services,male,unknown,,,,,,Unknown,0.0,0.001,0.0,0.0,41820.0,9.61,9.61,9.61,9.61,200000,9.61,9.61,9.61,9.62,0,0,0,9100,1
9.5,1.5676596E7,16.5677,157790.0,3170.0,0.0201,0.12,3104.0,5.083440722E7,0.0,66,66,7,7,1992,-2.170367536,-1.103585731,-0.253610602,0.707910119,1999,8,4,2,Technology,"Computer Software: Programming, Data Processing",male,male,No,No,No,Mar,1001 - 5000,1951 - 2000,0.3219,0.1158,0.6487,,3824040.0,31.313,23.688,32.0,,11639400,29.5,28.5,35.0,34.938,2936600,692400,2894000,957800,1
9.5466,8.230773983E7,18.226,,,,,,,,,,,,,-0.900557483,-1.918659791,-1.8238949,-2.555109563,2016,1,27,2,,,,,,,,,,Unknown,0.0,0.002,0.004,0.001,133976.8,10.0,10.0,10.01,10.0,552984,10.0,10.02,10.02,10.02,73500,21303,14192,7905,1
9.62,2.05090223E8,19.139,231.32,-28.16,-0.1217,,747.0,309665.33,0.89,40,40,14,14,1999,1.452763443,2.145838638,2.227506138,2.2417956,2013,1,22,1,Transportation,Transportation Services,male,male,Yes,No,No,Dec,501 - 1000,1951 - 2000,0.5042,0.0886,0.1629,0.5575,52460.4,18.05,12.0,18.69,12.0,65250,18.86,19.11,19.5,19.65,84000,39650,10100,63302,1
9.65,,,,-30682.0,,,3.0,,,47,,1,1,2017,0.67530971,0.086603367,0.88057429,1.474474388,2018,3,6,1,Finance,Business Services,male,,Yes,,,Dec,0 - 100,2011 - present,0.0,0.0,0.0,0.0,1000.0,9.65,9.65,9.65,9.65,5000,9.65,9.65,9.65,9.65,0,0,0,0,0
9.67,1.153438857E8,18.5634,,-777471.0,,,,,,52,41,0,0,2017,1.869258037,2.484951584,2.298232892,1.778274247,2017,10,6,4,Finance,Business Services,male,unknown,Yes,,,Dec,,2011 - present,0.0,0.0,-0.0051,0.0,108619.8,9.8,9.8,9.95,9.95,31100,9.8,9.85,9.8,9.8,0,9800,500399,1800,0
9.7,4.21616029E7,17.557,,-81018.0,,,3.0,,,50,,0,0,2017,0.620071689,1.488202376,1.937634011,1.689246824,2017,10,25,2,Finance,Business Services,male,male,Yes,,,Dec,0 - 100,2011 - present,0.001,-0.0021,0.0,0.0,339739.2,9.58,9.57,9.63,9.63,665297,9.55,9.54,9.58,9.56,1000799,17000,1000,14600,0
9.71,3.729532543E8,19.737,,,,,,,,,52,,,,2.054833058,2.045716788,2.103776646,1.674098486,2003,12,1,0,,,male,male,,,No,,,Unknown,0.0076,-0.0423,-0.0528,0.0046,36940.0,13.25,13.15,13.26,13.2,40900,13.24,13.22,12.9,12.69,49700,54500,0,39600,1
9.73,,,,,,,,,,,,,,,0.319873242,-0.775977256,-1.414017121,-2.086269896,2008,12,11,3,Finance,Business Services,,,,,,,,Unknown,0.0,-0.2667,0.16,0.0,10604.0,1.5,1.5,1.5,1.5,500,1.25,1.15,1.36,1.1,2071,5728,12477,32244,1
9.8,9.578707533E9,22.9828,,,,,,,,,43,7,7,1993,-0.372574937,0.237094619,0.489436229,0.965788104,2000,6,30,4,Public Utilities,Telecommunications Equipment,,male,,,No,,,1951 - 2000,0.0229,0.0084,0.0029,0.0163,1.47592E7,2.2376,2.1876,2.4876,2.452,54904000,2.2688,2.2688,2.2564,2.2564,8339000,0,7871000,2682000,1
9.83,2.884610158E8,19.4801,,,,,,,,,,,,,-0.522465009,0.642922501,-0.078089593,-0.257809187,2015,11,12,3,,,,,,,,,,Unknown,0.0,0.007,0.014,0.0,146486.2,10.0,10.0,10.0,10.0,0,10.01,10.06,10.12,10.07,470721,113733,68114,79863,1
9.84,7.94334E7,18.1904,,,,,,,,45,45,,,,0.290741978,-1.05624793,-1.665880751,-2.360931355,2002,8,13,1,,,male,male,,No,No,,,Unknown,0.0328,0.023,-0.0618,0.0401,38320.0,5.66,5.48,5.7,5.48,17700,5.6,5.68,5.55,5.79,6600,8900,27300,131100,0
9.91,2.655219994E8,19.3972,,,,,,,,53,53,,,,1.083374136,1.524238382,1.899198533,2.231884177,2013,3,26,1,,,male,male,,Yes,Yes,,,Unknown,0.0,0.0145,0.014,0.001,194447.8,20.0,20.0,20.02,20.0,617274,20.25,20.2,20.2,20.29,246444,83857,0,24664,0
9.95,,,,,,,,,,55,,,,,0.439902281,1.250016781,0.612367281,0.508755086,2015,11,25,2,Consumer Durables,Automotive Aftermarket,male,,,,,,,Unknown,0.0,0.004,0.001,0.0,150364.4,9.9,9.9,9.97,9.97,646862,9.9,9.92,9.92,9.9399,0,87436,9600,7924,1
9.95,1.273053745E7,16.3595,,-34.8,,,8.0,,,55,,2,2,2014,1.389414776,1.188614642,1.082172006,1.218268763,2016,11,18,4,Health Care,Major Pharmaceuticals,male,male,Yes,,sameYear,Dec,0 - 100,2011 - present,0.0854,0.0778,0.0733,0.0738,85463.6,5.59,5.1501,5.8999,5.52,122578,5.65,5.67,6.025,6.025,132163,89889,82688,0,1
9.99,1.880170747E8,19.052,,,,,,,,,39,,,,0.599147965,0.678166665,0.823806785,1.199415927,2000,7,3,0,,,,female,,,,,,Unknown,0.038,0.0325,0.0122,0.0549,39320.0,15.375,14.8125,15.625,14.8125,40200,15.375,15.8125,16.75,15.875,0,49500,59800,47100,0
10.02,1.358849575E8,18.7273,,-32.01,,,22.0,,,59,59,8,8,2007,0.173426929,-0.064559349,0.23961738,0.835616727,2015,8,5,2,Health Care,Major Pharmaceuticals,male,female,Yes,Yes,Yes,Dec,0 - 100,2001 - 2010,0.0484,0.8295,0.8486,0.2742,583915.2,16.25,15.5,22.25,18.0,1535500,19.32,24.54,35.14,29.73,331792,269397,539255,243632,0
10.03,1.176561628E8,18.5833,,,,,,,,48,,0,0,2017,1.684559418,2.30863138,1.82410899,1.861291263,2017,6,5,0,Energy,Oilfield Services/Equipment,male,,,,,,,2011 - present,0.0128,-0.0032,0.0021,0.0064,15849.8,9.51,9.39,9.51,9.45,10435,9.55,9.48,9.48,9.48,1100,27592,13663,26459,1
10.05,,,,-693.0,,,2.0,,,,,1,1,2017,-0.301085269,0.381155216,1.068094654,1.66216864,2018,2,16,4,Finance,Business Services,,,Yes,,,Dec,0 - 100,2011 - present,0.0,0.0,0.019,0.004,802546.6,10.0,10.0,10.04,10.0,3758331,10.0,10.0,10.0,10.0,0,157867,50315,46220,0
10.1,2.4366856E8,19.3113,171.93,400000.0,2326.5282,0.05,1580.0,108816.46,1.42,54,54,61,61,1937,1.674498694,1.83287178,2.424581545,2.339353871,1998,4,3,4,Consumer Services,Hotels/Resorts,male,male,Yes,No,No,Dec,1001 - 5000,1901 - 1950,0.0221,-0.0755,-0.0432,0.0074,1201600.0,17.375,17.0,17.5,17.375,4690800,17.0,16.0,16.25,16.063,512000,462500,204400,138300,0
10.11,,,,-5881.0,,,3.0,,,,,1,1,2017,-0.024149485,-0.812580425,-0.220710474,0.730799964,2018,4,13,4,,,,,Yes,,,Dec,0 - 100,2011 - present,0.004,0.003,,0.005,1820379.8,10.12,10.08,10.15,10.1,6643697,10.11,10.11,10.14,10.15,855039,566260,925400,111503,0
10.25,,,,,,,,,,42,38,,,,-2.871355545,-1.324670239,-0.193859272,0.595753276,2018,2,8,3,Finance,Business Services,male,male,,Yes,Yes,,,Unknown,0.0,0.0,0.013,0.001,654878.2,10.0,10.0,10.01,10.0,2607473,9.99,10.0,10.02,10.0,268533,324270,49208,24907,0
10.26,7.069447492E8,20.3765,143.9,6.91,0.048,0.29,105.0,1370476.19,4.91,58,60,0,0,2007,-1.254671062,0.537873786,0.285253872,0.993165317,2007,10,25,3,Finance,Investment Managers,male,male,Yes,sameYear,No,Dec,101 - 500,2001 - 2010,0.0172,-0.0353,-0.3171,0.0886,1312145.0,20.09,19.75,22.25,20.5,5461225,19.6,19.62,19.44,19.38,595900,225700,130800,147100,0
10.35,2.43527427E7,17.0082,,-434279.0,,,,,,29,,1,1,2015,0.995646269,1.738417827,2.108682212,1.739792171,2016,12,23,4,Finance,Business Services,male,,Yes,Yes,,Dec,,2011 - present,0.004,0.0,0.0209,0.004,9265.2,10.04,9.9999,10.04,10.0,46326,10.04,10.04,10.04,10.04,0,0,0,0,1
10.42,,,,-59192.0,,,1.0,,,,,1,1,2016,1.293160569,1.83091003,1.854597114,1.708864215,2017,7,27,3,Finance,Business Services,,,Yes,,,Mar,0 - 100,2011 - present,0.002,0.001,0.0192,0.004,403894.6,10.04,10.02,10.08,10.04,1348759,10.07,10.0499,10.05,10.05,96527,68000,310587,195600,1
10.45,4.012814839E8,19.8102,,,,,,,,55,55,,,,0.546332708,-0.555253777,-0.35056166,0.572615552,2012,6,27,2,,,female,female,,No,No,,,Unknown,0.0,0.015,0.025,0.0065,424704.6,20.0,20.0,20.13,20.0,1719338,20.0,20.08,20.2,20.3,169748,91034,84749,58654,1
10.4599,,,,-81018.0,,,3.0,,,50,,0,0,2017,2.157197034,2.683269316,2.409176365,1.817071286,2017,10,5,3,Finance,Business Services,male,male,Yes,,,Dec,0 - 100,2011 - present,0.0059,-0.0039,-0.0079,0.005,458440.6,10.15,10.09,10.15,10.1,1973325,10.12,10.12,10.11,10.11,44390,136268,84362,53858,0
10.47,1.206427737E8,18.6083,4.59,9.59,2.0893,,,,26.28,64,62,0,0,2010,0.943845756,1.422800389,1.707210295,1.502101776,2010,10,29,4,,,male,male,Yes,sameYear,sameYear,Dec,,2001 - 2010,0.0318,-0.0372,-0.05,0.0033,796487.4,15.59,15.11,16.05,16.0,2113238,14.95,14.72,15.3,15.01,598660,523306,443169,304064,1
10.48,2.773790122E8,19.4409,,,,,,,,,,,,,1.583061731,0.35714459,-0.467607844,-0.582473114,2011,10,14,4,Finance,Investment Bankers/Brokers/Service,,,,,,,,Unknown,,-0.1016,0.2693,,11491.4,473.5,,,,0,473.5,503.5,450.14,425.401,323,6327,10746,40061,0
10.5,,,,-584277.0,,,2.0,,,58,58,2,2,2014,1.844094971,0.448474032,0.04601437,-0.557089994,2016,3,3,3,Public Utilities,Natural Gas Distribution,male,male,Yes,Yes,Yes,Dec,0 - 100,2011 - present,0.001,0.005,0.006,0.005,237733.8,9.95,9.94,10.0,9.95,656410,9.98,9.98,9.96,10.0,461250,2600,1339,67070,1
10.53,3.527194223E9,21.9838,,,,,,,,,,,-3,2009,2.284692845,1.76718175,1.822232525,2.618719423,2006,12,14,3,,,male,male,,No,No,,,2001 - 2010,0.0182,-0.0036,-0.0564,0.0,388379.8,28.0,27.5,28.95,28.95,1195900,28.3,28.0,28.2,27.9,360100,144200,126599,115100,0
10.58,,,,1.42,,,3.0,,,53,62,1,1,2016,1.163320477,1.247644076,1.947963893,1.631585775,2017,1,13,4,Finance,Business Services,male,male,Yes,Yes,Yes,Dec,0 - 100,2011 - present,0.0099,0.0117,0.001,0.0167,577608.0,10.25,10.15,10.33,10.16,2085144,10.25,10.36,10.36,10.37,0,603631,15023,184242,1
10.62,1.342994453E9,21.0182,,,,,,,,54,54,,,,1.448283649,1.483584414,1.687543072,0.921345716,2003,5,29,3,,,male,male,,No,No,,,Unknown,0.0013,-0.0013,-7.0E-4,0.0013,28740.0,15.02,15.0,15.02,15.0,0,15.02,15.0,15.01,15.0,40500,28500,31000,43700,0
10.69,1.690592927E8,18.9458,579.55,7.53,0.013,,2521.0,229888.93,0.29,74,62,52,52,1949,-1.423222668,-1.871826285,-2.015592481,-2.47837261,2001,1,2,1,Transportation,Transportation Services,male,male,Yes,No,No,Dec,1001 - 5000,1901 - 1950,0.0,0.0111,-0.0222,0.0,17.2,11.25,11.25,11.75,11.75,15,11.25,11.25,11.25,11.375,0,0,0,71,1
10.7,1.858854611E8,19.0406,,-93823.0,,,2.0,,,50,,1,1,2014,-0.166408249,0.578732103,0.873972078,1.248665826,2015,6,11,3,Finance,Business Services,male,male,Yes,sameYear,,Nov,0 - 100,2011 - present,0.0089,-0.0069,-0.0138,0.0089,210599.2,10.15,10.06,10.15,10.06,713300,10.1,10.08,10.08,10.08,273490,65296,0,910,0
10.7,1.875217158E8,19.0494,160.09,-11.03,-0.0689,,604.0,265049.67,1.17,56,56,14,14,1982,0.0,0.0,0.0,0.0,1996,4,2,1,Technology,Radio And Television Broadcasting And Communications Equipment,male,male,Yes,No,No,Dec,501 - 1000,1951 - 2000,0.1635,0.0908,0.3222,0.0288,90520.0,7.563,6.5,7.75,7.563,301900,7.875,8.625,8.625,8.25,50300,61800,0,38600,1
10.72,2.702773568E8,19.415,52.31,105.2,2.0111,,,,5.17,52,48,1,1,2010,0.692505316,1.404542234,1.596994364,2.058403842,2011,1,20,3,,,male,male,Yes,Yes,Yes,Mar,,2001 - 2010,0.0103,0.0152,0.0152,0.0,30925.2,19.7,19.5,19.9,19.9,106650,19.98,19.98,19.9,20.0,8318,12807,15952,10899,0
10.75,,,,,,,,,,,,,,,1.679711079,2.017813307,1.783037221,1.519042652,2017,9,15,4,Finance,Business Services,,,,,,,,Unknown,0.006,0.0039,0.0217,0.0109,114022.2,10.13,10.07,10.18,10.07,406423,10.1689,10.15,10.18,10.17,89571,41342,21785,10990,1
10.89,8.1659003145E10,25.1258,89870.0,8920.0,0.0993,,,,0.91,57,52,24,24,1985,0.502997785,1.097302439,1.571015388,1.827500324,2009,10,7,2,Finance,Commercial Banks,male,male,No,No,No,Dec,,1951 - 2000,0.0164,0.0146,-0.0584,0.0578,4.51628702E7,13.01,12.8,14.04,13.3,143028566,13.0,13.11,13.03,13.2,42838733,17363116,12990257,9593679,0
10.9,1.156455305E9,20.8686,,,,,,,,,64,,,,-1.951382281,-0.159379462,0.510088107,1.17864933,1998,7,31,4,,,,male,,,No,,,Unknown,0.0,-0.0065,0.0195,0.0065,3980.0,9.625,9.625,9.6875,9.625,2500,9.6875,9.5625,9.5625,9.5625,1000,6100,2600,7700,1
10.93,8.532547411E9,22.8672,4510.0,406.0,0.09,,32500.0,138769.23,1.89,,,152,152,1844,0.0,0.0,0.0,0.0,1996,1,11,3,Consumer Services,Books,,male,No,,No,Dec,>10000,<= 1900,0.0,0.0,0.1315,0.0394,130.8,8.72,8.72,9.064,8.72,654,8.72,8.72,8.72,8.72,0,0,0,0,1
11.0,1.15792589E8,18.5673,,-42.45,,,16.0,,,52,52,6,6,2008,-1.444639866,-0.430971927,0.685971397,1.237677865,2014,1,30,3,Health Care,Biotechnology: Biological Products (No Diagnostic Substances),male,male,Yes,No,No,Dec,0 - 100,2001 - 2010,0.0062,-0.0587,0.533,0.0308,34959.2,122.7,121.95,152.25,148.5,117304,127.05,120.0,112.5,115.5,18826,7859,25248,5559,1
11.2,2.261545238E9,21.5393,21960.0,853.0,0.0388,,2791.0,7868147.62,0.1,,,63,63,1946,0.62797211,1.159789583,1.646566578,1.738317014,2009,9,30,2,Energy,Oil & Gas Production,male,,No,No,,Dec,1001 - 5000,1901 - 1950,0.0598,0.024,-0.0463,0.0663,1908838.0,8.955,8.45,9.205,8.645,7459476,9.02,8.825,8.88,9.17,969908,569218,277030,268558,0
11.26,1.936120191E9,21.384,1740.0,25.17,0.0145,0.12,,,1.11,53,,0,0,2015,0.078351539,0.21976051,0.270577719,-0.084051546,2015,12,28,0,Capital Goods,Metal Fabrications,male,male,No,sameYear,,Dec,,2011 - present,0.0518,-0.0709,-0.3103,0.0182,3974081.8,11.57,11.0,12.69,12.49,1314592,11.48,10.99,10.75,10.75,3883494,3098922,11573401,0,0
11.3,2.573162437E8,19.3658,,,,,,,,54,54,,,,-0.931364617,0.628901836,1.220499761,1.622743877,2003,7,17,3,,,female,female,,No,No,,,Unknown,,0.0,0.0,,0.0,15.0,,,,0,15.04,15.06,15.06,15.0,0,0,0,0,0
11.4,3.947097354E8,19.7937,798.83,18.85,0.0236,0.46,176.0,4538806.82,0.49,43,43,15,15,1999,-0.623396478,0.900178883,1.367437264,1.593315783,2014,7,29,1,Public Utilities,Power Generation,male,male,Yes,sameYear,sameYear,Dec,101 - 500,1951 - 2000,0.0113,-0.0207,-0.0067,0.0215,1208587.6,8.935,8.835,9.19,9.0,5253192,8.655,8.565,8.595,8.75,367560,182410,122536,117240,0
11.44,1.206841407E8,18.6087,,,,,,,,63,63,,,,-1.4493832,-1.426316075,-1.541969022,-2.194920479,2002,9,25,2,,,male,male,,No,No,,,Unknown,,7.0E-4,7.0E-4,,0.0,15.0,,,,0,15.0,15.0,15.01,15.01,0,0,0,0,0
11.45,5.13072794E8,20.0559,783.1,-87.8,-0.1121,0.03,1800.0,435055.56,0.66,54,54,0,0,1999,-1.692448069,-1.775967281,-1.710605515,0.211217433,1999,9,28,1,Basic Industries,Specialty Chemicals,female,female,Yes,No,No,Nov,1001 - 5000,1951 - 2000,0.0,0.0417,-0.1874,0.0556,99620.0,9.0,9.0,9.5,9.0,1300,9.5,8.9375,8.5,9.375,8500,40300,306900,141100,0
11.56,4.216492891E8,19.8597,106.15,5.76,0.0543,0.46,17.0,6244117.65,3.97,42,46,1,1,2013,-0.892814416,0.122916496,0.663722024,1.19071017,2014,4,15,1,Consumer Services,Real Estate Investment Trusts,male,male,No,sameYear,,Dec,0 - 100,2011 - present,0.0122,0.0105,0.0048,0.0073,112153.4,12.4,12.25,12.59,12.5,379110,12.32,12.4,12.4,12.53,71239,16638,0,93780,1
11.57,3.37298139E8,19.6365,,,,,,,,,55,,,,-1.81321615,-0.150799534,0.640790033,1.210487596,2003,9,26,4,,,,female,,,No,,,Unknown,0.0033,-0.0027,0.0286,0.0047,29800.0,15.05,15.0,15.07,15.0,0,15.01,15.01,15.01,15.01,0,66800,28900,53300,1
11.6,7.99376822E8,20.4993,,,,,,,,54,54,,,,1.665834374,0.857264217,0.632551499,1.115016492,2005,5,26,3,,,male,male,,No,No,,,Unknown,0.0,4.0E-4,0.0,4.0E-4,143460.0,25.0,25.0,25.01,25.0,652400,25.02,25.02,25.01,25.01,18600,0,15200,31100,0
11.66,4.215885795E8,19.8595,865.05,37.51,0.0434,0.04,1800.0,480583.33,0.49,59,59,2,2,1999,1.242291856,-0.219748909,-0.94232978,-1.334931847,2001,10,25,3,Technology,Professional Services,male,male,Yes,No,No,Dec,1001 - 5000,1951 - 2000,0.0864,0.001,0.2175,0.056,2783220.0,20.37,18.75,20.55,19.5,9764700,21.1,20.25,20.0,20.39,1491100,488500,1883000,288800,1
11.72,8.683850085E8,20.5821,,,,,,,,,63,,,,-1.660232915,0.034208465,0.786465465,1.205730954,2007,6,26,1,,,male,male,,,No,,,Unknown,,0.0,0.0,,228480.0,20.0,,,,0,20.0,20.05,20.0,20.0,524300,259700,110800,247600,0
11.74,2.904261628E8,19.4869,,,,,,,,54,54,,,,1.74054037,1.559132989,2.126921545,2.765143485,2004,12,23,3,,,female,female,,No,No,,,Unknown,0.0,0.0,0.0,5.0E-4,75040.0,20.0,20.0,20.01,20.0,183100,20.0,20.0,20.01,20.0,0,123100,35900,33100,0
11.75,1.58049982E9,21.181,5910.0,-34.97,-0.0059,0.13,11653.0,507165.54,0.27,,,3,3,2010,0.864889886,1.708010557,1.837725911,2.210434397,2013,5,23,3,Basic Industries,Metal Fabrications,unknown,male,No,No,No,Dec,>10000,2001 - 2010,0.0958,0.0069,0.064,0.0867,2729178.4,14.53,13.26,14.65,13.5,9415870,14.82,14.82,14.85,14.63,2020496,0,1747486,462040,1
11.84,6.696862064E8,20.3223,181.75,69.38,0.3817,0.2,266.0,683270.68,3.68,62,62,26,26,1991,1.732566878,1.971342869,2.189004343,2.200056299,2017,12,8,4,Finance,Major Banks,male,male,Yes,Yes,Yes,Dec,101 - 500,1951 - 2000,0.0217,0.0213,0.0204,0.0096,1414159.0,11.75,11.5,11.93,11.82,5072817,12.06,11.82,12.01,12.0,839842,593522,274169,290445,0
11.96,1.84798744E9,21.3374,,,,,,,,,77,,,,-0.855265654,-1.33492163,0.367667604,1.016545065,2004,3,26,4,,,male,male,,,Yes,,,Unknown,0.0,0.0133,-0.0133,7.0E-4,222179.8,15.0,15.0,15.01,15.0,387800,15.04,15.04,15.05,15.2,251699,144700,157600,169100,0
11.99,1.743076345E8,18.9763,131.81,-32.12,-0.2437,0.02,327.0,403088.69,1.32,,,0,0,2015,-0.507646079,0.087744748,0.607763414,1.087686447,2015,6,17,2,Health Care,Medical/Dental Instruments,male,male,Yes,sameYear,sameYear,Dec,101 - 500,2011 - present,0.0526,0.05,-0.1255,0.0526,386.0,20.0,19.0,20.0,19.0,730,20.0,20.9999,20.9999,20.9999,0,1000,200,0,0
12.11,1.1783418561E10,23.19,5140.0,1070.0,0.2082,0.22,2107.0,2439487.42,2.29,56,56,,-1,2002,-2.025265001,-1.85909883,-1.335022171,-1.428564118,2001,8,21,1,Energy,Oil & Gas Production,male,male,No,No,No,Dec,1001 - 5000,2001 - 2010,0.0113,0.028,0.1034,0.003,104795.6,6.2076,6.138,6.2744,6.2557,90444,6.3066,6.352,6.5153,6.3815,103899,94181,223121,12333,1
12.16,7.078027136E7,18.0751,23.71,1.42,0.0599,0.05,105.0,225809.52,2.99,50,50,1,1,2005,-0.44394522,0.516083484,1.081664735,1.587123836,2006,1,24,1,Finance,Savings Institutions,male,male,Yes,No,No,Sep,101 - 500,2001 - 2010,0.029,-0.0141,-0.0047,0.0174,123414.4,10.65,10.35,10.68,10.5,436608,10.65,10.65,10.65,10.5,51134,41037,36190,52103,1
12.16,3.542855034E8,19.6856,576.9,14.7,0.0255,,4700.0,122744.68,0.61,62,62,30,30,1982,-1.175952179,-0.457207069,0.724209358,1.080729543,2012,5,4,4,Consumer Services,Clothing/Shoe/Accessory Stores,male,male,Yes,No,No,Jan,1001 - 5000,1951 - 2000,0.0,0.0351,-0.0756,0.0291,2160255.8,16.81,16.81,19.29,18.8,9219787,17.05,17.0,16.85,17.4,586636,502272,292205,200379,0
12.17,3.180686577E8,19.5778,,,,,,,,53,53,,,,-1.951382281,-0.159379462,0.510088107,1.17864933,1998,7,31,4,,,male,male,,,,,,Unknown,0.0125,-0.0494,-0.0782,0.0083,16380.0,15.1875,15.0,15.25,15.125,16500,15.125,14.875,14.4375,14.4375,16800,13000,18600,17000,0
12.22,1.949555704E8,19.0883,,,,,,,,59,59,,,,-2.417939238,-2.343177067,-0.156305586,0.354289879,2012,11,8,3,,,male,male,,sameYear,sameYear,,,Unknown,0.0053,0.0013,0.0033,0.0167,125550.2,15.08,15.0,15.25,15.0,416074,15.17,15.24,15.22,15.1,46800,40330,53957,70590,0
12.22,2.174580858E9,21.5001,1810.0,-201.14,-0.1111,0.17,8900.0,203370.79,1.2,59,51,13,13,1986,-0.676914237,0.3354064,0.908095029,1.192028224,1999,7,23,4,Technology,EDP Services,male,male,Yes,No,No,Dec,5001 - 10000,1951 - 2000,0.0972,-0.1899,-0.2152,0.1667,2424280.0,19.75,18.0,21.5,18.5,9011600,16.875,16.375,16.375,16.0,1504400,757200,445300,402900,1
12.28,3.802380796E8,19.7563,286.07,-6.36,-0.0222,1.01,625.0,457712.0,1.33,43,43,6,6,2004,2.715363061,2.056566571,2.554695274,2.394455156,2010,11,5,4,Consumer Non-Durables,Food Distributors,male,male,Yes,No,No,Dec,501 - 1000,2001 - 2010,0.0157,0.017,-0.051,0.0,902573.6,12.95,12.75,15.0,15.0,3770424,13.35,13.25,13.52,13.17,331718,134284,196501,79941,1
12.28,4.014360981E8,19.8106,911000.0,-58.13,-1.0E-4,9.59,37.0,2.462162162162E10,0.0,53,53,10,10,2004,-1.734246429,-0.8804951,0.501102651,1.113381501,2014,1,31,4,Health Care,Major Pharmaceuticals,male,male,Yes,,,Dec,0 - 100,2001 - 2010,0.1465,-0.096,0.4624,0.2247,541157.0,12.91,11.26,14.15,11.62,2016169,12.63,11.74,10.6,11.67,230365,186155,217239,55857,1
12.36,3.534826018E8,19.6833,97.54,30.41,0.3118,0.19,1000.0,97540.0,3.62,47,47,15,15,1997,0.634141247,1.031009076,1.277660046,1.505282177,2012,4,26,3,Consumer Services,Real Estate Investment Trusts,male,male,Yes,No,No,Dec,501 - 1000,1951 - 2000,0.0033,-0.0089,-0.0711,0.0111,837544.2,18.0,17.94,18.2,18.0,3160539,17.82,17.98,18.0,17.84,558864,235911,91100,141307,0
12.36,5.798033976E8,20.1782,,,,,,,,,48,,,,1.003167136,-0.334388999,0.416381758,0.840327977,2012,12,6,3,,,female,male,,,Yes,,,Unknown,0.0027,-0.0027,0.0081,0.0034,443334.2,14.88,14.84,14.95,14.9,1488704,14.89,14.9,14.85,14.84,249309,124051,163573,191034,0
12.39,1.228410317E9,20.929,319.3,11.92,0.0373,0.23,0.0,,3.85,,55,0,0,2009,1.398334168,1.339899426,1.446262965,-0.33381122,2009,6,3,2,Finance,Real Estate,female,male,Yes,,No,Dec,0 - 100,2001 - 2010,0.0183,-0.0334,0.0493,0.0131,1163242.0,19.47,19.12,19.65,19.4,3998452,19.15,19.5,19.33,18.82,434220,401924,139905,841709,1
12.48,2.461225728E7,17.0188,152.06,6.5,0.0427,0.93,1211.0,125565.65,0.16,33,33,1,1,1996,-0.79510449,0.470990866,0.927501074,1.382147035,1997,10,23,3,Finance,Finance/Investors Services,male,male,Yes,No,No,Sep,1001 - 5000,1951 - 2000,0.0,0.1875,0.0,0.0,28.2,380.0,380.0,380.0,380.0,5,380.0,356.25,451.25,451.25,47,42,3,44,0
12.4998,1.637116806E8,18.9136,,,,,,,,,48,,,,1.17347659,1.590036632,2.153708692,2.258028655,2013,2,7,3,,,female,male,,,Yes,,,Unknown,0.0,0.0013,0.0081,0.0,284429.8,14.85,14.85,14.85,14.85,0,14.85,14.9,14.87,14.87,1119520,177462,98700,26467,0
12.642,8849425.284,15.9959,,,,,,,,,,,,,1.773141657,1.585948894,1.872212829,1.380696603,2010,3,11,3,,,,,,,,,,Unknown,,0.0246,0.0629,,1947.2,30.45,,,,0,30.45,29.84,30.6499,31.2,3225,1000,100,5411,0
12.66,1.750058075E9,21.2829,335.38,84.09,0.2507,0.03,708.0,473700.56,5.22,56,56,,-11,2010,0.403399555,1.280425066,1.157017523,1.755136303,1999,4,1,3,Finance,Savings Institutions,male,male,Yes,No,No,Sep,501 - 1000,2001 - 2010,0.023,-0.0868,-0.0097,0.0296,2658307.8,4.2934,4.1967,4.4175,4.2934,6667049,4.2934,4.0036,4.0036,3.9206,0,3107154,1274010,2243326,1
12.68,5.338082192E7,17.793,,,,,,,,54,54,,,,-0.464711256,0.575890366,1.144124259,1.59794697,2003,7,30,2,,,male,male,,No,No,,,Unknown,0.0,0.0,0.0,0.0,2660.0,15.0,15.0,15.0,15.0,0,15.0,15.01,15.0,15.0,0,2900,6600,3800,0
12.7,1.956118262E8,19.0916,36.51,-318000.0,-8709.9425,0.33,191.0,191151.83,5.36,,,19,19,1998,1.985828122,1.713652098,2.190134705,1.90549595,2017,11,3,4,Technology,Industrial Machinery/Components,male,male,Yes,Yes,Yes,Dec,101 - 500,1951 - 2000,0.0307,-0.0742,0.1223,0.0535,155976.6,6.05,5.87,8.4839,8.17,523518,5.6,5.6,5.6,5.601,70651,32567,118463,34684,0
12.91,3.39244264E9,21.9448,,,,,,,,,48,,,,1.969275209,1.321768825,0.205066201,-0.769166573,2002,11,22,4,,,male,male,,,No,,,Unknown,0.0,7.0E-4,7.0E-4,0.0067,53620.0,15.0,15.0,15.1,15.0,110000,15.0,15.0,15.01,15.01,86100,36000,36000,0,0
13.01,8.45022918E7,18.2523,,,,,,,,54,54,,,,-1.037092759,-1.907429389,-1.244353759,-0.678987924,2005,10,27,3,,,male,male,,No,No,,,Unknown,0.0,0.001,0.0,5.0E-4,73460.0,20.0,20.0,20.01,20.0,144000,20.0,20.01,20.0,20.02,68300,108900,30200,15900,0
13.02,4.834490312E8,19.9965,,-66.93,,,38.0,,,64,38,5,5,2012,2.000942174,1.339305493,2.032312444,1.783184484,2017,1,26,3,Health Care,Major Pharmaceuticals,male,male,No,,Yes,Dec,0 - 100,2011 - present,0.1022,-0.03,0.1373,0.0199,820931.0,11.65,10.57,13.5,13.29,3305134,11.68,11.76,11.66,11.3,331337,195080,133109,139995,0
13.2,2.04779124E7,16.8349,,,,,,,,,48,,,,0.644133191,0.962581376,0.199755187,-0.835317246,2009,4,28,1,,,male,male,,,Yes,,,Unknown,0.0556,0.0,0.0033,0.0035,37290.0,15.0,14.21,15.0,14.95,105450,15.0,14.98,14.99,15.0,44250,13700,17100,5950,1
13.21,1.828679587E8,19.0243,,,,,,,,,48,,,,1.1173399,1.689067251,2.051166695,1.85609229,2004,1,27,1,,,male,male,,,Yes,,,Unknown,,5.0E-4,5.0E-4,,96340.0,20.0,,,,0,20.0,20.0,20.01,20.01,347400,90400,18100,25800,0
13.25,1.383039346E9,21.0475,150.44,18.6,0.1236,0.09,466.0,322832.62,9.19,51,51,,-9,2014,0.550320333,0.613524725,1.03692353,1.61090126,2005,2,24,3,Finance,Savings Institutions,male,male,Yes,No,No,Jun,101 - 500,2011 - present,0.0355,0.0035,-0.0228,0.0227,2063015.2,8.2512,7.9687,8.4975,8.3164,5993263,8.1933,8.1788,8.273,8.2802,1398800,1420231,676242,826540,1
13.26,,,9130.0,-1810.0,-0.1982,0.03,22700.0,402202.64,,53,53,80,80,1935,-1.355301476,-0.107005804,0.456023719,1.025167706,2015,6,5,4,Public Utilities,Telecommunications Equipment,male,male,Yes,sameYear,sameYear,Dec,>10000,1901 - 1950,0.0,0.0102,-0.0154,0.0095,3113844.4,99.58,99.58,101.85,100.9,11584223,100.98,99.75,100.25,100.6,1988362,1236740,538294,221603,0
13.33,3.325844064E8,19.6224,,,,,,,,55,,,,,0.26901697,1.040024962,1.528454534,1.52228358,2009,9,25,4,,,male,,,,,,,Unknown,7.0E-4,0.004,0.0,7.0E-4,75254.2,15.01,15.0,15.01,15.0,259558,15.0,15.0,15.0,15.07,19333,26305,42625,28450,0
13.34,3.561377399E8,19.6908,,,,,,,,60,60,,,,0.50437503,-0.441983246,-0.150770058,0.821258903,2004,5,25,1,,,male,male,,No,No,,,Unknown,,5.0E-4,5.0E-4,,77600.0,20.0,,,,0,20.01,20.01,20.01,20.01,217900,89600,80500,0,0
13.4,2.503465988E8,19.3384,93.11,28.61,0.3073,0.29,,,2.69,56,53,,,,2.06119335,1.743941873,1.66897006,1.883841692,2015,2,13,4,Consumer Services,Real Estate Investment Trusts,male,male,Yes,,,Dec,,Unknown,0.0,0.0086,0.0129,0.0,314508.2,14.0,14.0,14.25,14.25,1315226,14.0,14.0,14.0,14.12,0,196194,35044,26077,0
13.44,9.958857216E7,18.4166,42.45,37.49,0.8832,0.05,217.0,195622.12,2.35,55,55,18,18,1988,0.672168138,1.334757697,1.238156374,1.354789168,2006,9,22,4,Finance,Major Banks,male,male,Yes,No,No,Dec,101 - 500,1951 - 2000,0.011,0.0052,-0.0226,0.011,51613.8,99.3413,98.2615,105.8201,104.7403,220022,100.3779,99.6869,99.9892,99.8596,21129,10249,5315,1354,0
13.45,5.40164105E8,20.1074,193.29,-22.4,-0.1159,0.01,611.0,316350.25,2.79,54,54,7,7,1991,1.948915636,2.01626308,2.682217611,2.28847267,1998,3,24,1,Technology,EDP Services,male,male,Yes,No,No,Dec,501 - 1000,1951 - 2000,0.1,-0.1364,0.0115,0.0,2280.0,5.5,5.0,5.5,5.5,5400,4.0,5.0,4.75,4.75,5100,500,400,0,0
13.46,3.91071874E8,19.7844,68.88,16.89,0.2452,0.3,114.0,604210.53,5.68,,,13,13,2005,0.692038994,0.272621513,0.999774803,1.540292935,2018,3,14,2,Finance,Major Banks,,,Yes,,,Dec,101 - 500,2001 - 2010,0.0016,0.0135,0.0674,0.023,673049.2,12.62,12.6,13.0,12.71,2694312,13.02,12.86,12.75,12.79,299336,177129,98112,96357,0
13.46,6.59463663E9,22.6095,2.338727E7,476740.0,0.0204,0.03,,,0.0,65,52,18,18,1981,-1.792118594,-0.199903378,0.641939142,1.187041271,1999,5,26,2,Public Utilities,Telecommunications Equipment,unknown,unknown,No,,No,Dec,,1951 - 2000,0.0083,0.1278,0.233,0.0021,3539040.0,30.313,30.063,30.375,30.313,10920500,30.375,31.813,31.813,34.188,3543200,1046200,0,2185300,1
13.52,1.752709005E8,18.9818,,-27.68,,,21.0,,,56,,14,14,2002,-0.898715066,0.626085814,0.624406278,0.343506398,2016,5,6,4,Health Care,Major Pharmaceuticals,male,,Yes,Yes,,Dec,0 - 100,2001 - 2010,0.0364,-0.0225,0.009,0.0439,72036.8,11.1,10.71,11.75,11.28,97513,10.86,10.7,10.6,10.85,75304,43531,72757,71079,0
13.62,4.118192722E9,22.1387,917.32,126.74,0.1382,0.1,1910.0,480272.25,4.49,61,,,-8,2013,-2.134853753,-3.174089486,-1.001390985,-0.47840121,2005,10,12,2,Finance,Major Banks,male,,Yes,,,Dec,1001 - 5000,2011 - present,0.0,0.007,0.052,0.01,6830049.4,3.9216,3.9216,4.2353,4.1961,20866012,3.9098,3.9451,3.9412,3.949,2843675,5126499,2732725,2581336,1
13.81,1.402865635E9,21.0618,9220.0,34.7,0.0038,,22000.0,419090.91,0.15,56,55,2,2,2000,0.058342141,-0.899602233,0.078193815,-0.714580784,2002,2,13,2,Consumer Services,Electronics Distribution,male,male,Yes,No,No,Jan,>10000,1951 - 2000,0.0524,-0.0498,0.0458,0.045,5161080.0,10.05,9.55,10.055,9.625,19054000,10.0,9.95,9.95,9.55,2801400,2097400,0,1852600,1
13.8576,1.212459349E8,18.6133,,,,,,,,54,54,,,,0.811008249,0.063207892,-0.658930792,-1.332167491,2002,10,29,1,,,male,male,,No,No,,,Unknown,0.0,0.0,0.0,7.0E-4,5840.0,15.0,15.0,15.01,15.0,0,15.0,15.0,15.02,15.0,0,5600,13200,10400,0
13.93,6.726236735E8,20.3267,64.83,-53.48,-0.8249,0.56,173.0,374739.88,10.38,58,58,15,15,1994,0.972577685,1.258716338,1.666042315,1.908286896,2009,10,8,3,Health Care,Major Pharmaceuticals,male,male,Yes,No,No,Dec,101 - 500,1951 - 2000,0.0738,-0.1478,-0.2325,0.0295,790867.6,8.73,8.13,9.49,9.25,2964360,8.46,8.41,7.47,7.44,289769,70319,389381,240509,0
14.05,2.585290904E8,19.3705,204.89,-16.18,-0.079,,503.0,407335.98,1.26,53,53,10,10,2000,1.23598478,1.605806791,1.738662825,2.012417874,2010,12,15,2,Consumer Services,Telecommunications Equipment,male,male,Yes,No,No,Dec,501 - 1000,1951 - 2000,0.1246,0.0916,0.1434,0.0538,498250.8,12.55,11.16,12.6,12.0,2098470,12.6,12.75,13.05,13.7,178891,23287,105133,85473,1
14.05,6.976222334E8,20.3632,1.61,-128.98,-80.1118,9.42,154.0,10454.55,433.31,53,46,5,5,2008,1.035393677,1.854273101,2.252402536,1.760779258,2013,11,6,2,Health Care,Major Pharmaceuticals,male,female,Yes,,sameYear,Dec,101 - 500,2001 - 2010,0.0282,-0.0031,0.0037,0.0788,1373453.6,16.05,15.61,19.09,17.86,5951101,15.98,16.24,16.07,16.0,246625,502716,58893,107933,1
14.08,4.873228237E8,20.0044,267.32,18.71,0.07,0.11,891.0,300022.45,1.82,73,73,0,0,2001,-1.718754843,-2.469440335,-2.012528838,-2.49736907,2001,2,28,2,Capital Goods,Marine Transportation,male,male,Yes,sameYear,sameYear,Dec,501 - 1000,2001 - 2010,0.0,-0.2824,-0.391,0.0,77625.0,2.0444,2.0444,2.0444,2.0444,450,1.867,1.8,1.605,1.467,34425,25650,53100,274500,0
14.16,1.600311261E9,21.1935,692.49,-16.82,-0.0243,1.29,5100.0,135782.35,2.31,47,47,1,1,2016,-0.187678102,0.210248273,0.896195541,1.471382417,2017,4,21,4,Energy,Oilfield Services/Equipment,female,female,Yes,sameYear,sameYear,Dec,5001 - 10000,2011 - present,0.0014,0.1213,0.1412,0.0171,1105714.2,14.02,14.0,15.14,14.9,3662578,15.28,15.82,16.0,15.72,584747,565858,394776,320612,1
14.2,4.722454808E8,19.973,,,,,,,,,54,,,,0.634141247,1.031009076,1.277660046,1.505282177,2012,4,26,3,,,male,male,,,No,,,Unknown,0.0045,0.003,-5.0E-4,0.0025,369108.4,19.99,19.9,20.0,19.95,1537481,20.02,20.08,20.03,20.0499,88026,57479,89194,73362,1
14.25,3.938831385E8,19.7916,104.58,22.71,0.2172,0.09,445.0,235011.24,3.77,,52,16,16,1983,1.729062137,1.555640573,2.081270504,2.444273651,1999,12,31,4,Finance,Major Banks,male,male,Yes,,No,Dec,101 - 500,1951 - 2000,0.0572,-0.0091,-0.0271,0.0,2567.4,12.568,11.888,12.568,12.568,11036,12.568,12.568,12.679,12.454,0,0,1126,675,0
14.28,1.211803228E8,18.6128,,,,,,,,,77,,,,-1.037092759,-1.907429389,-1.244353759,-0.678987924,2005,10,27,3,,,,male,,,No,,,Unknown,0.0,7.0E-4,-0.1033,7.0E-4,113120.0,15.0,15.0,15.01,15.0,380700,15.01,15.0,15.01,15.01,55700,77400,28400,23400,0
14.29,8.409272882E8,20.55,155.3,67.93,0.4374,0.17,,,5.41,50,46,0,0,2012,0.261431589,1.15095726,1.503826714,1.600392179,2012,4,4,2,,,male,unknown,Yes,Yes,No,Dec,,2011 - present,0.0312,-0.0034,0.011,0.0213,378872.2,14.55,14.11,14.55,14.25,1661262,14.7,14.7,14.5,14.5,148015,0,44659,40425,1
14.3,5.5055E8,20.1264,946.12,16.75,0.0177,0.14,748.0,1264866.31,0.58,64,64,0,0,2002,1.07972004,0.512258064,-0.409832309,-1.14158849,2002,11,1,4,Energy,Oil Refining/Marketing,male,male,Yes,sameYear,sameYear,Dec,501 - 1000,2001 - 2010,0.0793,-0.0028,0.0277,0.0,251500.0,17.7,16.4,19.0,19.0,862800,17.869,17.71,17.64,17.65,182600,64900,52000,95200,1
14.35,2.690561745E9,21.713,4380.0,85.42,0.0195,0.03,65000.0,67384.62,0.61,52,48,28,28,1989,0.47264006,0.927638642,1.565133963,1.576359323,2017,2,1,2,Consumer Services,Other Consumer Services,male,male,Yes,,Yes,Dec,>10000,1951 - 2000,0.0932,0.0121,-0.0204,0.0677,2950133.8,13.25,12.12,13.32,12.5,10698096,13.0,13.27,13.38,13.41,1666475,1202120,724204,459774,1
14.5,1.886606731E9,21.358,776.19,223.9,0.2885,0.07,1340.0,579246.27,2.43,52,52,0,0,2015,-0.028863387,1.015270581,0.500959558,0.351055985,2015,11,30,0,Consumer Non-Durables,Packaged Foods,male,male,Yes,No,No,Dec,1001 - 5000,2011 - present,0.0,0.0,0.0204,0.0,20.0,9.8,9.8,9.8,9.8,100,9.8,9.8,9.8,9.8,0,0,0,0,1
14.55,9.539874534E8,20.6762,182.74,22.05,0.1207,0.48,299.0,611170.57,5.22,63,39,2,2,2011,0.980282696,1.744924917,2.162538509,1.736846919,2013,11,8,4,Finance,Property-Casualty Insurers,male,male,Yes,No,No,Dec,101 - 500,2011 - present,0.0558,-0.0043,-0.0643,0.0377,403323.8,14.0,13.26,14.5,14.0,1552294,14.04,14.0,14.0,13.94,82256,154776,172849,54444,0
14.58,1.7890178202E10,23.6075,824.95,-3450.0,-4.1821,1.04,3069.0,268800.91,21.69,26,36,6,6,2011,1.350584393,2.133472478,2.143025761,2.445809348,2017,3,2,3,Technology,"Computer Software: Programming, Data Processing",male,male,Yes,Yes,Yes,Dec,1001 - 5000,2011 - present,0.0417,-0.0682,-0.0919,0.0872,1.11959035E8,24.48,23.5,26.05,24.0,217048865,27.09,23.77,21.44,22.81,148166400,72902994,71857792,49819124,0
14.59,5.720677576E8,20.1648,290.67,27.67,0.0952,0.47,,,1.97,71,59,2,2,2009,1.399702129,1.363360351,1.394081241,1.695892637,2011,4,1,4,Consumer Services,Real Estate Investment Trusts,male,male,Yes,No,No,Dec,,2001 - 2010,0.0718,0.0151,-0.0173,0.0,89791.8,9.85,9.19,10.0,10.0,149189,9.95,9.91,10.0,9.999,163500,17685,37683,80902,0
14.59,6.257833667E8,20.2545,2060.0,82.48,0.04,0.48,3782.0,544685.35,0.3,,,1,1,2016,2.342954469,1.72329227,1.965026762,1.926616759,2017,2,10,4,Consumer Services,RETAIL: Building Materials,male,,Yes,Yes,,Dec,1001 - 5000,2011 - present,0.0251,0.0039,0.0277,0.0132,1309473.6,15.5,15.12,16.0,15.8,5375531,16.0,16.0,15.82,15.56,567301,285541,218521,100474,0
14.6,5.203718422E8,20.0701,357.3,47.06,0.1317,,476.0,750630.25,1.46,57,57,32,32,1984,-0.344890132,-0.574121971,0.620129842,1.033398253,2016,10,4,1,Energy,Oil & Gas Production,male,male,Yes,No,No,Dec,101 - 500,1951 - 2000,0.0763,0.1062,0.1954,0.0,568622.0,19.5,18.1178,25.0,25.0,61122,21.1,21.52,21.27,21.57,1156272,574211,384243,667262,1
14.63,8.887141556E8,20.6053,,,,,,,,55,55,,,,1.225787936,2.147783039,2.421294389,1.685411279,1998,2,17,1,,,female,female,,No,No,,,Unknown,0.0074,0.0148,0.0517,0.0186,10080.0,16.9375,16.8125,17.125,16.8125,15000,17.25,17.375,17.125,17.1875,14500,9300,2100,9500,0
14.7,1.522658899E9,21.1437,380.88,101.21,0.2657,,11.0,3.462545455E7,4.0,50,,1,1,2003,0.535264101,0.36073159,0.066928767,0.922737762,2004,6,14,0,Transportation,Marine Transportation,male,male,No,No,,Dec,0 - 100,2001 - 2010,0.0476,0.1184,0.3182,0.0303,293080.0,12.1,11.55,12.1,11.75,2700,13.95,14.15,15.0281,13.5323,19600,132000,568900,742200,1
14.745,9.485499786E7,18.3679,,,,,,,,54,54,,,,-1.057137395,-0.775713159,-1.377380841,-1.697972865,2001,10,30,1,,,male,male,,No,No,,,Unknown,0.0,0.0013,0.0,0.0,21540.0,15.0,15.0,15.0,15.0,47500,15.0,15.0,15.0,15.02,44400,2100,5600,8100,0
14.8,4.35969224E8,19.8931,752.8,-60.88,-0.0809,0.5,1124.0,669750.89,0.58,51,51,88,88,1918,-0.826923926,-1.312303938,-1.810469895,-0.416832116,2006,7,13,3,Finance,Investment Bankers/Brokers/Service,male,male,Yes,No,No,Dec,1001 - 5000,1901 - 1950,0.0475,-0.0019,-0.1373,0.0231,500293.0,63.52,60.64,65.4,64.0,1922381,64.0,63.2,63.2,63.4,428787,62059,49051,39187,1
14.89,2.385629045E8,19.2901,,,,,,,,,48,,,,1.057642014,0.179274311,0.766682216,1.263650225,2007,3,27,1,,,female,male,,,Yes,,,Unknown,,5.0E-4,0.0,,66360.0,20.0,,,,0,20.0,20.02,20.01,20.01,283700,18500,23100,6500,0
15.02,3.118702813E9,21.8607,150.85,-116.82,-0.7744,0.09,209.0,721770.33,20.67,50,,2,2,1998,-0.957901065,-1.265849292,-1.741124319,-1.55478328,2000,11,17,4,Health Care,Major Pharmaceuticals,male,male,Yes,No,,Jun,101 - 500,1951 - 2000,0.1111,-0.0429,0.1429,0.0715,936380.0,8.75,7.875,9.313,8.75,3980300,8.75,8.188,8.375,8.375,193700,201400,306500,0,1
15.06,2.737432842E9,21.7303,346.69,38.15,0.11,0.42,63.0,5503015.87,7.9,51,51,0,0,2013,1.56365632,1.942889451,1.943020326,2.050978692,2013,7,19,4,Consumer Services,Real Estate Investment Trusts,male,male,Yes,sameYear,sameYear,Dec,0 - 100,2011 - present,0.0,0.0122,-9.0E-4,0.0148,407367.4,11.5,11.5,11.67,11.5,1628232,11.62,11.75,11.65,11.64,299417,61867,28839,18482,1
15.08,3.051683502E8,19.5364,,,,,,,,54,54,,,,-1.81321615,-0.150799534,0.640790033,1.210487596,2003,9,26,4,,,male,male,,No,No,,,Unknown,0.0,7.0E-4,0.0013,0.0033,0.0,15.0,15.0,15.05,15.0,0,15.01,15.01,15.01,15.01,0,0,0,0,0
15.09,3.013950448E8,19.5239,,,,,,,,52,52,,,,1.171885257,-0.241465259,-0.493591143,0.240789593,2004,8,26,3,,,male,male,,No,No,,,Unknown,,0.0,0.0,,101220.0,20.0,,,,0,20.0,20.0,20.0,20.0,368300,37800,42500,57500,0
15.1,2.911080529E8,19.4892,,,,,,,,61,61,,,,-1.66903707,-0.330049082,0.554614265,1.081547034,2010,1,27,2,,,male,male,,Yes,Yes,,,Unknown,0.0,0.0,0.0,5.0E-4,179534.8,20.0,20.0,20.01,20.0,448690,20.0,20.0,20.0,20.0,60238,177700,176750,34296,0
15.14,4.252226713E9,22.1707,428.89,87.98,0.2051,0.04,,,9.91,63,63,10,10,1997,1.694313629,1.879994284,2.351329524,1.771997557,2007,4,23,0,Finance,Savings Institutions,male,male,Yes,Yes,Yes,Sep,,1951 - 2000,0.0034,0.0085,0.0458,0.0077,5570812.0,11.79,11.75,12.6,12.51,15230229,11.88,11.88,11.87,11.89,4414646,3502420,2138477,2568288,1
15.17,4.542983717E8,19.9343,53.63,63.65,1.1868,1.93,,,8.47,52,52,0,0,2010,1.266920124,1.70575714,0.661146189,0.899353837,2010,9,28,1,,,male,male,Yes,No,No,Oct,,2001 - 2010,0.0,0.0,0.006,5.0E-4,171768.4,20.0,20.0,20.01,20.0,579620,20.01,20.11,20.15,20.0,68439,87485,50217,73081,0
15.19,3.044644866E8,19.5341,,,,,,,,57,57,,,,-1.661007687,-2.203838407,-0.920100492,-1.103801315,2003,1,28,1,,,female,female,,,,,,Unknown,,0.0,0.0,,0.0,10.62,,,,0,10.62,10.62,10.62,10.62,0,0,0,0,0
15.2,6.05928088E8,20.2223,,,,,,,,,61,,,,0.527420962,0.677354643,0.401095734,1.014244477,2004,6,25,4,,,,unknown,,,Yes,,,Unknown,0.0,0.0,0.0,0.0015,140560.0,20.0,20.0,20.03,20.0,334800,20.0,20.0,20.01,20.0,90900,49900,124900,102300,0
15.2,1.406168416E9,21.0641,1800.0,-40.4,-0.0224,0.07,9641.0,186702.62,0.78,48,62,1,1,2017,0.658289185,1.546198702,1.960099322,2.435961844,2018,2,1,3,Consumer Services,Department/Specialty Retail Stores,male,male,No,Yes,Yes,Dec,5001 - 10000,2011 - present,0.0092,-0.0102,-0.1477,0.0017,4292538.8,17.6,17.44,17.98,17.95,14084880,18.0,17.36,17.33,17.42,3937709,1322526,1568687,548892,0
15.35,3.07282087E8,19.5433,171.18,-15.31,-0.0894,,587.0,291618.4,1.8,57,57,0,0,2004,1.371879936,2.45042312,2.718895964,2.375396239,2004,11,17,2,Public Utilities,Telecommunications Equipment,male,male,Yes,sameYear,sameYear,Dec,501 - 1000,2001 - 2010,0.0167,0.0,-0.0764,0.0343,219063.4,37.05,36.44,38.0,36.75,322188,37.05,37.14,37.25,37.05,344927,249870,57191,121141,0
15.35,7.110313103E8,20.3822,158.54,49.14,0.31,,245.0,647102.04,4.48,71,71,9,9,1998,2.251448488,1.812600248,1.497185837,2.080629013,2007,1,24,2,Finance,Major Banks,male,male,Yes,Yes,Yes,Jun,101 - 500,1951 - 2000,0.0733,-0.0338,-0.0288,0.0672,932982.6,15.97,14.88,16.0,15.0,3104299,15.9,15.85,15.52,15.43,582263,320848,306445,351058,1
15.41,2.704491368E8,19.4156,,,,,,,,50,,,,,-0.301289599,-0.778362585,-1.423518477,-1.314806703,2011,9,27,1,,,male,,,No,,,,Unknown,0.0,0.0,0.013,0.0,399067.8,20.0,20.0,20.0,20.0,0,20.0,20.0,20.0,20.0,1798653,55117,30266,111303,1
15.44,1.456221438E8,18.7965,,,,,,,,,,4,4,1997,-1.727027323,-0.197410994,-0.71574664,-1.256823863,2001,6,19,1,Technology,Semiconductors,,,,,,,,1951 - 2000,0.0,-0.4664,-0.397,0.0,2140.0,20.24,20.24,21.08,21.08,1750,10.4,12.0,12.0,10.8,5200,2625,775,350,0
15.45,3.671318316E9,22.0238,1070.0,101.56,0.0949,0.02,550.0,1945454.55,3.43,,61,1,1,1998,0.16417721,-0.524116517,-0.562224626,0.532570126,1999,10,7,3,Consumer Services,Real Estate Investment Trusts,,male,Yes,,No,Dec,501 - 1000,1951 - 2000,0.072,-0.0858,-0.2649,0.012,24264.8,15.8768,14.8104,16.0545,15.8768,5591,16.0545,15.8768,15.4621,14.515,4747,4220,5908,100858,0
15.48,6.183689438E9,22.5452,1330.0,-11.0,-0.0083,0.48,650.0,2046153.85,4.65,58,45,0,0,2011,0.41586039,0.619496747,0.098915803,-0.514331059,2011,12,12,0,Energy,Oil & Gas Production,male,male,Yes,No,No,Dec,501 - 1000,2011 - present,0.0742,-0.0868,-0.134,0.0513,913060.8,19.25,17.92,23.42,22.5,988483,18.5,18.07,18.01,17.58,758724,616853,1695710,505534,0
15.56,4.387920934E8,19.8995,737.4,7.12,0.0097,0.07,,,0.6,51,51,15,15,1986,0.899560073,-0.359955896,-0.99066273,-1.575819637,2001,4,24,1,Finance,Property-Casualty Insurers,male,male,Yes,No,No,Dec,,1951 - 2000,0.0345,0.2,0.2106,0.0345,5865.4,5.9063,5.7094,5.9063,5.7094,531,6.1875,6.8906,8.077,7.0873,5333,7288,3020,13155,1
15.6,1.177693327E9,20.8868,226.89,23.11,0.1019,0.13,779.0,291258.02,5.19,58,58,,-7,2014,1.728880834,2.012742085,1.733922114,1.772691265,2007,7,16,0,Finance,Savings Institutions,male,male,Yes,No,No,Dec,501 - 1000,2011 - present,0.0066,0.0119,-0.0445,0.0404,747968.0,9.21,9.15,9.69,9.32,1750978,9.5095,9.55,9.6,9.32,894110,516319,340264,238169,1
15.68,3.4591198517E10,24.2669,13640.0,178.0,0.013,0.05,10897.0,1251720.66,2.54,56,48,5,5,2006,1.941645593,1.764702081,1.779079649,2.320822999,2011,2,11,4,Public Utilities,Natural Gas Distribution,male,female,Yes,No,No,Dec,>10000,2001 - 2010,0.0098,-0.0161,-0.0306,0.0143,1.38291442E7,31.05,30.75,32.14,31.7,50613513,30.7,30.94,30.72,30.55,6276284,4337802,4627489,3290633,0
15.7,4.947927848E8,20.0196,583.41,18.65,0.032,,2569.0,227096.15,0.85,54,54,4,4,1996,-1.594005775,-1.765972208,-2.096155294,-2.338282852,2000,12,15,4,Miscellaneous,Business Services,female,female,Yes,No,No,May,1001 - 5000,1951 - 2000,0.1907,0.0391,0.3048,0.2143,2472880.0,8.0,6.719,8.25,6.81,9348400,8.125,8.219,8.375,8.313,1833400,346800,666200,169600,1
15.7,1.623976192E9,21.2081,2660.0,124.21,0.0467,0.05,29000.0,91724.14,0.61,54,54,22,22,1978,-1.863576191,-1.146885782,-0.432982453,0.385053512,2000,9,21,3,Technology,Electrical Products,male,male,Yes,No,No,Dec,>10000,1951 - 2000,0.0602,0.0507,-0.1642,0.2152,3524039.8,20.938,19.75,24.0,19.75,11769800,21.125,23.125,23.5,22.0,2215400,2082599,875900,676500,0
15.8,1.675534384E8,18.9368,23.08,499764.0,21653.5529,,83.0,278072.29,7.26,62,62,22,22,1992,1.312488589,1.520817352,1.833710718,1.859870547,2014,7,16,2,Health Care,Medical/Dental Instruments,male,male,Yes,No,No,Dec,0 - 100,1951 - 2000,0.2469,-0.1162,0.1111,0.1599,224464.6,9.9,7.94,11.27,10.0,902726,9.0,8.8,8.79,8.75,144401,22404,40061,12731,1
15.81,1.1277648314E10,23.1461,1930.0,467.53,0.2422,0.31,,,5.84,45,45,1,1,2015,-1.203343353,-1.512118544,0.09303142,0.726550231,2016,10,27,3,Transportation,Trucking Freight/Courier Services,unknown,unknown,No,Yes,Yes,Dec,,2011 - present,0.0042,-0.0344,-0.0754,0.003,1.70977716E7,16.57,16.5,18.45,18.4,55321114,16.99,16.93,16.0,16.0,12646761,3226590,9863256,4431137,0
15.85,9.530688054E8,20.6752,218.88,-18.19,-0.0831,,981.0,223119.27,4.35,48,48,5,5,1995,0.896819885,1.700033902,1.876487139,2.47530319,2000,4,7,4,Technology,Computer Software: Prepackaged Software,male,female,Yes,No,No,Dec,501 - 1000,1951 - 2000,0.1429,-0.2,-0.225,0.2571,908520.0,10.0,8.75,11.0,8.75,3105200,9.0,8.25,8.063,8.0,805800,382500,141800,107300,0
15.89,1.435445078E9,21.0847,,,,,,,,49,,4,4,2009,-0.613172433,0.727888809,1.208882119,1.680773308,2013,4,19,4,Consumer Services,Services-Misc. Amusement & Recreation,male,,,No,,,,2001 - 2010,0.1077,-0.0095,0.1599,0.1358,5106545.0,33.52,30.26,34.67,30.56,21676769,32.92,32.85,32.47,33.2,1611625,821855,702875,719601,1
15.95,4.113705332E8,19.835,,,,,,,,,45,,,,-0.73843243,-1.49340399,-1.33624842,0.21048732,2005,4,27,2,,,,male,,,No,,,Unknown,0.0,0.0,0.0,5.0E-4,114980.0,20.0,20.0,20.01,20.0,268600,20.01,20.0,20.01,20.0,139700,86800,39700,40100,0
15.975,6.810129161E9,22.6417,,,,,,,,44,50,,,,1.644190739,1.733375256,1.074028245,0.865761251,2004,10,5,1,,,unknown,male,,No,No,,,Unknown,0.0027,0.022,0.0153,0.0127,1246706.0,15.02,14.98,15.19,15.0,4235227,15.0,15.15,15.3,15.35,532596,798194,465758,201755,1
16.0,1.876E9,21.3524,194.77,25.23,0.1295,0.22,,,9.63,43,32,1,1,2016,-0.803905822,-0.128656429,0.833775945,1.362039769,2017,5,18,3,Consumer Services,Other Consumer Services,unknown,unknown,No,Yes,sameYear,Aug,,2011 - present,0.2701,-0.1366,-0.0888,0.2872,1423188.6,13.4,10.55,14.03,11.0,5471226,12.72,13.1,12.5,11.57,679126,244238,211066,510287,1
16.05,1.104734661E9,20.8229,1020.0,10.24,0.01,,4382.0,232770.42,1.08,50,50,4,4,2002,-0.99319301,0.09244987,0.880537889,1.387969239,2006,2,8,2,Consumer Non-Durables,Shoe Manufacturing,male,male,Yes,No,No,Dec,1001 - 5000,2001 - 2010,0.0146,-0.0263,-0.0911,0.0888,6866312.0,14.275,14.07,16.25,15.0,23813956,13.5,13.275,13.85,13.9,4462890,1800254,1701826,2552634,1
16.2,3.76359615E8,19.7461,,,,,,,,,,,,,1.545017738,1.744409193,2.418466915,2.177281388,2014,11,24,0,,,,,,,,,,Unknown,0.0057,-0.0049,-0.0511,0.0049,53558.0,18.39,18.285,18.39,18.3,9700,18.25,18.29,18.29,18.3,33977,139216,0,84897,0
16.2,4.016273868E8,19.811,51.4,18.77,0.3652,0.26,30.0,1713333.33,7.81,57,52,4,4,2010,1.026675165,1.423175943,1.920728879,1.908269285,2014,11,14,4,Consumer Services,Real Estate,male,male,Yes,,,Dec,0 - 100,2001 - 2010,0.0606,-0.0026,-0.0328,0.0604,158531.2,19.09,18.0,19.09,18.002,605694,19.05,19.0,19.25,19.04,47044,48113,33126,58679,0
16.2,9.440370455E9,22.9683,8140.000000000001,-738.0,-0.0907,,26000.0,313076.92,1.16,56,,1,1,2012,-0.78126773,0.602393128,1.151440929,1.654844649,2013,6,19,2,Consumer Services,Newspapers/Magazines,male,male,Yes,sameYear,,Jun,>10000,2011 - present,0.0381,0.0084,0.0316,0.0541,2309881.6,15.53,14.96,16.03,15.22,7716950,15.44,15.8,15.52,15.66,1874512,635301,758286,564359,1
16.44,2.889821835E9,21.7845,936.66,-10.95,-0.0117,0.26,654.0,1432201.83,3.09,46,46,0,0,2015,1.088284089,0.87476832,1.119322157,1.454826833,2015,4,20,0,Consumer Services,Real Estate Investment Trusts,male,male,Yes,sameYear,sameYear,Dec,501 - 1000,2011 - present,0.1122,-0.0476,-0.1056,0.0752,506237.8,30.03,27.0,30.03,28.0,35105,30.05,30.27,30.15,28.6,49417,218257,307908,1920502,0
16.45,6.239210614E8,20.2515,331.38,123.39,0.3724,0.1,483.0,686086.96,1.88,57,57,8,8,2007,-0.215764279,0.077949738,0.590833684,1.058296255,2015,6,25,3,Health Care,Biotechnology: In Vitro & In Vivo Diagnostic Substances,female,female,Yes,sameYear,sameYear,Dec,101 - 500,2001 - 2010,0.134,-0.0665,0.0591,0.1792,516077.6,6.77,5.97,7.19,6.12,2066942,6.43,6.15,6.19,6.32,306285,120116,21459,65586,0
16.61,5.019646726E9,22.3366,705.61,63.55,0.0901,0.05,831.0,849109.51,7.11,54,52,2,2,2011,0.355810657,0.693012035,1.124760296,1.353120394,2013,10,2,2,Consumer Services,Real Estate Investment Trusts,male,male,Yes,No,No,Dec,501 - 1000,2011 - present,0.0038,0.0137,0.0641,0.0337,7499998.2,13.1,13.05,13.49,13.05,28047413,13.2,13.15,13.29,13.28,3345558,1327623,1846347,2933050,1
16.74,2.126341584E8,19.1751,,,,,,,,54,54,,,,1.598584875,1.66554752,1.721298639,2.210508747,2011,1,27,3,,,male,male,,,,,,Unknown,0.0,0.0,0.0,0.001,137850.8,20.0,20.0,20.02,20.0,571460,20.02,20.0,20.0,20.0,55950,5442,35052,21350,0
16.7902,4.029648E7,17.5118,,,,,,,,,,,,,0.755753352,0.966878004,1.419278399,1.491106477,2014,4,29,1,,,,,,,,,,Unknown,0.0,0.025,-0.0047,0.0,119865.4,25.429,25.429,25.429,25.429,0,25.429,25.429,25.4,26.065,0,597095,554,1678,0
16.88,1.283964034E8,18.6706,,,,,,,,,61,,,,-0.972951859,-0.134815168,0.726449545,1.335609987,2013,6,26,2,,,,unknown,,,,,,Unknown,0.001,0.0325,0.0,0.005,72787.6,20.02,20.0,20.1,20.0,239950,20.15,20.1,20.39,20.67,34300,16996,25470,47222,0
16.9,8.215356682E8,20.5267,1340.0,-68.55,-0.0512,0.17,10600.0,126415.09,0.61,47,63,11,11,2004,-0.658896842,-1.275931083,-2.00925716,-1.946753611,2015,10,1,3,Health Care,Hospital/Nursing Management,male,male,Yes,No,,Dec,>10000,2001 - 2010,0.0684,0.032,-0.0685,0.0855,2213887.8,18.11,16.95,19.0,17.55,8800490,18.43,18.79,18.96,18.69,967311,395697,414407,491534,1
16.93,1.819710384E8,19.0194,49.85,8.48,0.1701,0.13,72.0,692361.11,3.65,59,59,0,0,2007,1.341189433,1.649747915,1.855528393,1.997845687,2007,10,10,2,Finance,Major Banks,male,male,Yes,No,No,Dec,0 - 100,2001 - 2010,0.0245,-0.0153,-0.0878,0.0175,1457004.8,11.73,11.45,11.75,11.55,5551533,11.69,11.7,11.51,11.55,700557,241800,380869,410265,0
16.94,1.710202771E8,18.9573,,,,,,,,,48,,,,-1.146028784,0.101870277,0.665324434,1.15837853,2011,5,26,3,,,female,male,,,,,,Unknown,0.0025,0.005,0.0101,0.0035,197540.0,19.9,19.85,19.97,19.9,670100,19.98,19.98,20.02,20.0,139600,0,143700,34300,0
16.95,2.63963384E8,19.3913,27.75,14.81,0.5337,0.16,,,9.51,,44,0,0,2011,-0.501232097,0.807571973,1.252613656,1.771957502,2011,2,24,3,,,male,male,Yes,,sameYear,Dec,,2011 - present,0.0025,0.0,5.0E-4,5.0E-4,201722.0,20.0,19.95,20.01,20.0,761700,20.0,20.01,20.01,20.0,26715,98010,63860,58325,0
16.99,1.384168385E9,21.0484,745.89,87.11,0.1168,0.68,249.0,2995542.17,1.86,61,61,4,4,1993,1.769366389,1.772363458,2.042923545,2.312700695,1997,8,6,2,Energy,Oil & Gas Production,male,male,Yes,Yes,Yes,Dec,101 - 500,1951 - 2000,0.043,-0.0619,-0.0825,0.0645,544840.0,12.125,11.625,12.875,12.125,1723100,11.625,11.625,11.313,11.375,562400,162900,90100,185700,0
17.0,982430.0,13.7978,11210.0,-948.07,-0.0846,0.06,486.0,2.306584362E7,0.0,48,48,10,10,2003,1.486699608,2.227855421,2.01167155,2.358240078,2013,5,16,3,,,male,male,No,Yes,Yes,Mar,101 - 500,2001 - 2010,0.0119,0.0241,-0.1767,0.0425,171681.8,8.095,8.0,9.0,8.66,368449,8.33,8.4,8.425,8.29,464565,11064,4061,10270,0
17.01,4.87571255E8,20.0049,141.28,7.14,0.0505,0.31,,,3.45,46,,19,19,1998,1.146209121,1.711219125,1.707321515,1.493409049,2017,9,27,2,Consumer Services,Other Consumer Services,unknown,unknown,No,,,Dec,,1951 - 2000,0.0792,0.1367,-0.0745,0.145,2573817.2,25.9,24.0,27.6,24.12,7568404,24.95,28.5,31.14,29.44,1933669,904006,1287453,1175554,0
17.04,2.733080702E8,19.4261,,,,,,,,55,55,,,,0.206233193,1.126275293,1.432038259,1.927444178,2011,2,25,4,,,male,male,,Yes,Yes,,,Unknown,0.0,-0.0102,-0.0179,0.0051,503312.0,19.6,19.6,19.8,19.7,1894321,19.58,19.36,19.36,19.4,213126,227720,127758,53635,0
17.04,1.381344533E9,21.0463,,,,,,,,,47,,,,-1.032929496,0.227661356,-0.061599176,-0.948328678,2002,12,24,1,,,,male,,,No,,,Unknown,0.0,0.0,0.0233,7.0E-4,197660.0,15.0,15.0,15.01,15.0,681400,15.0,15.0,15.01,15.0,0,0,112600,194300,1
17.05,2.954085387E8,19.5039,,,,,,,,71,62,1,1,1996,1.609698121,1.818381989,2.4699927,2.538866085,1997,6,18,2,Technology,EDP Services,male,male,,No,No,,,1951 - 2000,0.0476,-0.0455,0.0115,0.0,313999.8,1.375,1.3125,1.4375,1.4375,840400,1.4375,1.422,1.4375,1.3125,373200,198000,95600,62799,0
17.11,1.925643667E9,21.3785,254.26,38.16,0.1501,0.15,73.0,3483013.7,7.57,59,59,0,0,2007,-0.463088215,0.859908393,0.741667722,1.281369614,2007,10,30,1,Consumer Services,Real Estate Investment Trusts,male,male,Yes,No,No,Dec,0 - 100,2001 - 2010,0.0055,0.0,-0.0033,0.0066,620720.0,9.13,9.08,9.14,9.08,1554600,9.13,9.13,9.13,9.13,590000,10000,852900,96100,1
17.2,1.021523704E9,20.7446,1340.0,-915000.0,-682.8358,0.07,10516.0,127424.88,0.76,50,,1,1,2013,-1.889577916,-1.809222147,0.075474564,0.824639864,2014,2,4,1,Consumer Services,Newspapers/Magazines,male,male,Yes,,,Dec,>10000,2011 - present,0.0145,0.3495,0.4238,0.0966,587365.0,10.5,10.35,11.6,10.6,1539284,12.29,13.89,14.0,14.17,747949,296330,267779,85483,1
17.28,4.49889863E8,19.9245,,,,,,,,,,,,,-1.173088567,-1.81828532,-0.178021372,0.797001751,2010,2,9,1,,,,,,,,,,Unknown,,-0.0083,-0.1946,,330.4,4926.72,,,,0,4926.72,4926.72,4885.76,4885.76,0,823,829,0,0
17.29,1.282743371E8,18.6697,,,,,,,,,42,,,,1.424721628,1.303533796,1.59482667,1.605531035,2013,9,20,4,,,male,male,,,No,,,Unknown,0.0,0.002,0.0,0.005,82007.4,20.0,20.0,20.1,20.0,357970,20.0,20.03,20.0,20.04,31440,2850,11600,6177,0
17.39,3.163241E8,19.5723,24.23,-1.82,-0.0751,0.12,,,13.06,55,,0,0,2017,0.515582655,1.322870285,1.473695664,1.649630501,2017,6,22,3,Consumer Services,Real Estate,male,male,Yes,Yes,,Dec,,2011 - present,0.027,0.0132,0.0395,0.0103,964636.6,19.0,18.5,19.19,19.0,3224319,19.29,19.25,19.15,19.25,711553,458189,245087,184035,0
17.4,1.404442166E9,21.0629,,,,,,,,55,,9,9,2003,0.973317311,1.480865008,1.678535642,1.76782867,2012,3,30,4,Consumer Services,Marine Transportation,male,male,,No,,,,2001 - 2010,0.0114,-0.0919,-0.054,0.0685,3512703.8,12.41,12.27,13.34,12.5,12595738,12.49,11.8,11.16,11.27,993886,1425923,1842698,705274,0
17.5,2.2262562E8,19.221,,,,,,,,,54,1,1,2012,0.047169825,0.528701786,1.029867004,1.300359093,2013,10,4,4,Consumer Services,Real Estate Investment Trusts,,male,,,Yes,,,2011 - present,0.0244,-0.0508,-0.0335,0.0388,1455126.6,18.5,18.06,19.2,18.5,5532565,18.1,17.56,17.42,17.56,526822,712670,102741,400835,1
17.525,1.128709419E9,20.8443,698.77,-150.42,-0.2153,0.28,1800.0,388205.56,1.62,55,55,3,3,2009,2.474793349,1.768693032,1.954946139,1.867536801,2012,3,15,3,Technology,Semiconductors,male,male,Yes,sameYear,sameYear,Sep,1001 - 5000,2001 - 2010,0.0816,0.0302,0.0219,0.1053,1002090.6,20.55,19.0,21.1,19.1,4202453,21.75,22.0,21.5,21.17,277097,216053,102681,212169,0
17.56,2.7274274936E10,24.0292,28940.0,436.0,0.0151,,66000.0,438484.85,0.94,50,50,0,0,2015,1.380240831,0.340934287,-0.302245406,-0.357924023,2015,10,19,0,Technology,Computer Manufacturing,male,male,Yes,No,No,Oct,>10000,2011 - present,0.0042,0.0272,-0.1915,0.0,879214.4,9.5613,9.5209,10.6879,10.6879,2737599,9.7462,9.5209,9.7924,9.8213,1228324,136047,190402,103700,1
17.59,1.724236478E9,21.2681,390.5,-18.01,-0.0461,0.1,210.0,1859523.81,4.42,66,66,1,1,2012,0.466775318,0.671601714,1.118507443,1.364800194,2013,9,27,4,Public Utilities,Electric Utilities: Central,male,male,Yes,,,Dec,101 - 500,2011 - present,0.0117,-0.0095,-0.0047,0.0087,2668527.2,23.27,23.0,24.3,24.1,10124125,23.4,23.15,23.225,23.05,791726,888461,1014057,524267,1
17.66,1.128877884E8,18.5419,72.06,3.03,0.042,,,,1.57,61,,13,13,2004,1.741553136,1.636502708,2.136303956,1.924799171,2017,11,7,1,,,male,,Yes,Yes,,Dec,,2001 - 2010,0.058,0.0038,-0.0274,0.0536,155631.6,18.25,17.25,18.4238,17.5,648234,17.9,18.05,18.25,18.32,77703,28022,19182,5017,0
17.66,3.043154953E8,19.5336,,,,,,,,60,60,,,,-1.011870414,-1.414925953,-2.168060605,-1.90589586,2015,9,25,4,,,male,male,,sameYear,sameYear,,,Unknown,5.0E-4,-5.0E-4,-5.0E-4,0.0125,341446.6,20.01,20.0,20.25,20.0,1483893,20.0,20.0049,20.0,20.0,83394,46131,61990,31825,0
17.7,8.106190599E8,20.5133,228.6,161.34,0.7058,1.94,7.0,3.265714286E7,3.55,52,50,0,0,2011,-3.218816622,-3.67179406,-4.39736777,-0.612391086,2011,8,4,3,Consumer Services,Real Estate Investment Trusts,male,male,Yes,No,No,Dec,0 - 100,2011 - present,0.0,0.0456,-0.0196,0.0152,1365065.8,18.41,18.41,19.28,19.0,2772502,18.63,18.05,19.4,19.25,3010398,562283,276271,203875,1
17.7,8.618659584E8,20.5746,2530.0,69.32,0.0274,0.14,,,0.34,59,59,14,14,1993,0.888591356,-0.103359615,0.551896642,1.155390933,2007,3,29,3,Technology,Computer Manufacturing,male,male,Yes,Yes,Yes,Jun,,1951 - 2000,0.0115,0.1598,0.1632,0.0531,1674746.4,8.76,8.66,9.31,8.85,6074952,8.99,10.38,10.58,10.16,419477,748779,835653,294871,1
17.74,4.086392076E9,22.1309,1240.0,182.49,0.1472,0.19,56.0,2.214285714E7,3.3,44,53,8,8,2007,1.828972514,1.793684303,1.753180488,1.720375377,2015,5,18,0,Consumer Services,Real Estate Investment Trusts,male,male,Yes,sameYear,,Dec,0 - 100,2001 - 2010,0.057,0.0117,0.0444,0.0,1244623.2,18.0,17.03,18.0,18.0,2197490,18.8,18.61,18.25,18.21,1978735,717649,792997,536245,1
17.75,8.087151873E8,20.511,963.3,49.15,0.051,0.16,4180.0,230454.55,0.84,,,4,4,2013,1.35551158,1.704588772,2.022316101,2.082769122,2017,12,7,3,Finance,Finance: Consumer Services,,,Yes,,,Dec,1001 - 5000,2011 - present,0.0121,-0.0268,-0.0049,0.0135,692648.2,14.2,14.03,14.99,14.8,2553054,14.2,13.84,13.71,13.82,205871,450169,149958,104189,0
17.78,5.494285278E8,20.1244,1.68,-68.52,-40.7857,,96.0,17500.0,327.04,47,47,3,3,2012,1.472140962,-0.285172202,-0.905834407,-0.84594065,2015,10,7,2,Health Care,Major Pharmaceuticals,male,male,Yes,Yes,Yes,Dec,0 - 100,2011 - present,0.0045,0.1276,0.3484,0.0036,367807.2,11.05,11.0,11.98,11.94,1158745,11.05,12.5,13.6,12.46,125072,161882,325176,68161,1
17.79,3.917917673E8,19.7862,,,,,,,,,,3,3,2014,0.593510149,1.383744786,1.698148945,1.583718822,2017,8,8,1,Consumer Services,Professional Services,unknown,,,,,,,2011 - present,0.0696,-0.0033,0.0016,0.0,90939.2,12.3,11.5,13.0,13.0,154596,11.98,11.13,12.09,12.2592,99678,54568,66861,78993,1
17.79,4.894343171E8,20.0088,182.22,72.55,0.3981,,67.0,2719701.49,2.69,,,,,,1.152819351,1.673390147,1.658368705,1.478709929,2017,9,21,3,Energy,Oil & Gas Production,,,Yes,,,Dec,0 - 100,Unknown,0.0152,0.0113,-0.0209,0.0067,1118307.4,16.75,16.5,16.86,16.75,3904393,16.75,16.9,16.91,16.94,938942,218652,264245,265305,1
17.82,3.458791967E8,19.6616,1.47,-52.24,-35.5374,,40.0,36750.0,235.29,,41,13,13,2003,-1.608840558,0.077614104,0.409107926,0.145541557,2016,5,19,3,Health Care,Major Pharmaceuticals,male,male,No,,sameYear,Dec,0 - 100,2001 - 2010,0.0319,0.0179,-0.1514,0.1012,259485.2,10.04,9.73,10.735,9.75,1030450,10.0,10.01,10.16,10.22,196453,49187,13608,7728,1
17.89,7.984503969E8,20.4982,201.63,2.05,0.0102,0.97,363.0,555454.55,3.96,53,57,5,5,2012,1.516558435,1.160790809,1.263619462,1.739724481,2017,4,28,4,Energy,Oilfield Services/Equipment,male,male,Yes,Yes,Yes,Dec,101 - 500,2011 - present,0.0395,0.001,0.3513,0.0156,1092285.4,20.01,19.25,20.3,20.0,4577678,20.45,20.51,20.71,20.03,191186,110934,300906,280723,1
18.0,8.50921578E8,20.5618,67.4,3.39,0.0503,2.71,266.0,253383.46,12.62,52,,0,0,2017,0.70222066,1.286598127,1.273699151,1.651750487,2017,5,12,4,Energy,Metal Fabrications,male,male,Yes,sameYear,,Dec,101 - 500,2011 - present,0.05,0.039,-0.1368,0.0236,1145512.8,11.55,11.0,12.4699,12.21,4329499,11.75,12.03,12.04,12.0,575131,247386,263422,312126,1
18.05,6.504383996E9,22.5957,6470.0,63.99,0.0099,0.07,63220.0,102341.03,1.01,57,51,105,105,1901,1.893563827,2.120994965,0.673761588,1.047573965,2006,8,16,2,Consumer Services,Clothing/Shoe/Accessory Stores,male,male,Yes,No,No,Dec,>10000,1901 - 1950,0.0,-0.0231,0.1564,0.0,551600.0,4.875,4.875,5.25,5.25,55600,4.5,4.5625,4.745,4.7625,1796400,442000,13600,450400,1
18.23,6.747448607E9,22.6324,187.61,42.66,0.2274,8.99,140.0,1340071.43,35.97,61,48,1,1,2016,1.35217191,1.995367206,2.225260095,1.785791126,2017,10,18,2,Consumer Services,Real Estate Investment Trusts,male,male,Yes,,,Dec,101 - 500,2011 - present,0.0,0.0081,0.0,0.0011,1844296.4,18.5,18.5,18.52,18.5,8227501,18.5,18.0,18.0,18.65,550484,155577,349,287571,0
18.25,2.780921495E8,19.4435,,,,,,,,54,54,,,,-1.657842579,-2.349098157,-1.618377031,-0.011405871,2010,5,26,2,,,male,male,,sameYear,sameYear,,,Unknown,0.0,0.0,5.0E-4,5.0E-4,82681.0,20.0,20.0,20.01,20.0,261400,20.0,20.01,20.01,20.0,66660,42700,0,42645,0
18.28,4.770584612E8,19.9831,,,,,,,,,,,,,-0.04772792,-0.012444347,0.86519928,1.108522973,2012,11,6,1,,,,,,,,,,Unknown,,-0.0025,-0.004,,306139.0,20.11,,,,0,20.11,20.09,20.1,20.06,1511900,1940,9555,7300,0
18.425,2.493502602E8,19.3344,37.23,2.9,0.0779,0.26,214.0,173971.96,6.7,48,48,12,12,1985,1.007723119,1.009525896,1.116246473,1.567973527,1997,9,24,2,Technology,Computer peripheral equipment,male,male,No,No,No,Dec,101 - 500,1951 - 2000,0.0115,0.0682,-0.1193,0.0805,139845.0,44.0,43.5,47.5,44.0,524350,44.0,45.5,45.0,47.0,84050,34350,14275,42200,0
18.52,8.874809928E8,20.6039,209.11,-22.79,-0.109,,94.0,2224574.47,4.24,49,54,12,12,2002,1.292072658,1.373824635,1.371199465,1.686518789,2014,2,27,3,Consumer Services,Real Estate Investment Trusts,male,male,Yes,No,No,Dec,0 - 100,2001 - 2010,0.0,0.0,0.0,0.0,133.2,12.0,12.0,12.0,12.0,666,12.0,12.0,12.0,12.0,0,0,0,0,1
18.62,1.758272542E9,21.2876,,-88.19,,,130.0,,,,,4,4,2013,1.732566878,1.971342869,2.189004343,2.200056299,2017,12,8,4,Health Care,Biotechnology: Biological Products (No Diagnostic Substances),male,male,Yes,Yes,Yes,Dec,101 - 500,2011 - present,0.0905,-0.1147,-0.2168,0.0712,1213214.0,21.45,19.67,22.95,21.55,3907938,20.99,20.16,20.04,18.99,401054,209124,217906,1330048,0
18.63,1.784450722E9,21.3024,280.22,9.95,0.0355,0.05,426.0,657793.43,6.37,58,58,15,15,1998,1.311820243,1.815509356,1.759254056,1.894851758,2013,1,15,1,Public Utilities,Natural Gas Distribution,male,male,Yes,Yes,Yes,Dec,101 - 500,1951 - 2000,0.0115,-0.0114,0.0483,0.0247,2432069.2,17.6,17.4,17.93,17.5,9229831,17.57,17.5,17.4,17.4,1699360,665872,565283,0,1
18.64,2.036877873E9,21.4347,1470.0,200.7,0.1365,1.76,2400.0,612500.0,1.39,44,44,16,16,2002,-0.741275202,0.835779785,1.417851536,1.972859147,2018,2,2,4,Energy,Oilfield Services/Equipment,male,female,Yes,Yes,Yes,Dec,1001 - 5000,2001 - 2010,0.1232,-0.1422,-0.0374,0.109,4130746.0,20.61,18.35,21.0,19.0,12802100,19.89,20.04,19.14,17.68,1880510,1112276,1272494,3586350,0
18.67,3.702531112E10,24.3349,56390.0,2100.0,0.0372,0.09,34300.0,1644023.32,0.66,48,48,0,0,1999,-2.283068992,-2.030849963,-1.886637812,0.178314674,1999,9,24,4,Finance,Life Insurance,male,male,No,No,No,Dec,>10000,1951 - 2000,0.0317,-0.0256,-0.0256,0.0106,9811640.0,6.0938,5.9063,6.1563,6.0938,36196600,5.9375,5.875,5.9065,5.9375,4570800,4021200,2679600,1590000,1
18.75,1.259919281E9,20.9543,3370.0,57.43,0.017,0.09,9100.0,370329.67,0.37,58,58,,-2,2015,0.221499958,1.181129966,1.498045102,1.762276655,2013,8,9,4,Consumer Services,RETAIL: Building Materials,male,male,Yes,No,No,Dec,5001 - 10000,2011 - present,0.0126,-0.0291,-0.0638,0.0519,871316.4,14.43,14.25,15.5,14.76,3484875,14.6,14.3,14.02,14.01,346685,211704,199734,113584,1
18.9,2.407088502E8,19.2991,65.55,11.26,0.1718,0.15,346.0,189450.87,3.67,70,70,1,1,1996,-0.276453944,-0.506489584,-0.506489584,-0.506489584,1997,1,1,2,Finance,Major Banks,male,male,Yes,No,No,Dec,101 - 500,1951 - 2000,0.0,0.0,0.0,0.0,0.0,11.0,11.0,11.0,11.0,0,11.0,11.0,11.0,11.0,0,0,0,0,1
18.96,7.29385967E8,20.4077,924.35,75.09,0.0812,0.64,2747.0,336494.36,0.79,46,46,2,2,2002,-0.874823578,-1.232892548,0.405136775,1.036555148,2004,3,25,3,Technology,Semiconductors,female,female,Yes,No,No,Dec,1001 - 5000,2001 - 2010,0.0714,-0.0333,0.0667,0.1371,829058.0,7.5,7.0,7.97,7.01,2764005,7.45,7.25,7.3,7.25,475528,119190,205237,581330,0
18.96,2.651775557E9,21.6985,1450.0,134.0,0.0924,,5400.0,268518.52,1.83,47,47,1,1,2015,1.021744703,-0.727010033,-0.941162672,-1.622126083,2016,2,18,3,Technology,Industrial Machinery/Components,male,male,Yes,,,Dec,5001 - 10000,2011 - present,0.138,-0.0165,0.174,0.1075,241815.6,12.7,11.16,12.7,11.5,7310,12.26,12.7,12.92,12.49,5500,8200,950792,237276,1
19.38,,,,,,,,,,,,,,,0.751346915,1.621534738,2.020967164,2.481360148,2018,1,31,2,Consumer Services,Real Estate Investment Trusts,,,,,,,,Unknown,0.0,-0.0735,0.0235,0.0,689639.6,20.4,20.4,20.4,20.4,0,20.4,19.5,18.45,18.9,1078207,946902,658495,764594,0
19.42,4.087790819E9,22.1313,6020.0,177.0,0.0294,,90000.0,66888.89,0.68,48,41,,-1,2017,2.240340486,2.750209713,2.680581069,1.974279767,2016,12,13,1,Miscellaneous,Business Services,male,male,Yes,sameYear,No,Dec,>10000,2011 - present,0.0631,-0.0675,-0.1613,0.0804,621324.2,16.0,15.05,16.26,15.05,104373,15.18,14.3,15.2,14.92,838249,666093,1204878,293028,1
19.45,6.4246473826E10,24.886,1021630.0,29330.0,0.0287,0.05,,,0.06,52,,1,1,2000,-0.067764431,0.030860992,-0.772747416,-1.217068269,2001,2,7,2,Public Utilities,Telecommunications Equipment,male,male,No,Yes,No,Dec,,1951 - 2000,0.0,0.0266,-0.151,0.0,34080.0,3.521,3.521,3.521,3.521,600,3.625,3.7085,3.8335,3.6145,28200,6000,106200,29400,0
19.57,4.966408062E7,17.7208,18.45,6.58,0.3566,0.86,11.0,1677272.73,2.69,38,38,4,4,2005,0.859709911,1.42340515,1.418580926,1.710443315,2009,12,2,2,Basic Industries,Precious Metals,male,male,Yes,sameYear,sameYear,Jul,0 - 100,2001 - 2010,0.0714,0.05,0.0,0.0,44.4,120.0,112.0,120.0,120.0,59,122.0,128.0,120.0,126.0,102,36,5,20,0
19.59,4.061610176E8,19.8223,,-50.55,,,47.0,,,52,52,7,7,2010,1.293160569,1.83091003,1.854597114,1.708864215,2017,7,27,3,Health Care,Major Pharmaceuticals,male,male,Yes,,,Dec,0 - 100,2001 - 2010,0.0405,0.0322,0.24,0.1165,635159.4,19.25,18.5,21.2049,19.05,2438916,19.54,20.46,20.69,19.87,307318,224808,76665,128090,1
19.63,2.249980275E9,21.5342,7030.0,38.78,0.0055,0.11,15000.0,468666.67,0.32,48,48,7,7,1998,1.575930254,1.709041953,1.361730802,1.342754681,2005,6,22,2,Consumer Services,RETAIL: Building Materials,male,male,Yes,No,No,Dec,>10000,1951 - 2000,0.0362,0.0356,0.0758,0.0154,2328503.2,14.1462,13.6515,15.3465,15.1357,9239830,14.1554,14.0638,13.9263,14.6501,1157395,434595,241252,569444,1
19.64,9.008665119E8,20.6189,298.86,29.24,0.0978,0.02,45.0,6641333.33,3.01,61,61,1,1,2009,0.799875856,1.400462381,1.934731238,1.594828335,2010,4,16,4,Consumer Services,Real Estate Investment Trusts,male,male,Yes,,,Dec,0 - 100,2001 - 2010,0.0179,-0.0254,-0.0293,0.0194,611282.4,20.5,20.14,20.64,20.25,2368400,20.2,20.0,19.84,19.98,247563,150910,233740,55799,0
19.6623,,,,,,,,,,,,,,,1.778692057,2.260880678,1.445295107,1.487532576,2016,7,11,0,,,,,,,,,,Unknown,0.0,-0.002,0.0144,0.0,398244.0,15.28,15.28,15.28,15.28,0,15.28,15.2768,15.3698,15.2501,1000,1421,2014,1986785,1
19.7,8.355529632E8,20.5436,9870.0,94.07,0.0095,0.01,9750.0,1012307.69,0.08,50,50,0,0,1997,-0.650296965,-0.595189817,0.216344518,0.980997612,1997,11,11,1,Consumer Durables,Automotive Aftermarket,unknown,unknown,Yes,No,No,Dec,5001 - 10000,1951 - 2000,0.0053,-0.0414,-0.1036,0.0155,1306519.8,6.032,6.0,6.125,6.032,4525000,5.782,5.907,5.969,5.782,893000,507600,500399,106600,1
19.85,1.073090841E9,20.7938,208.17,42.95,0.2063,0.27,538.0,386933.09,5.15,69,69,,-6,2014,-1.290935874,-2.174193345,-2.631397169,-2.749244444,2008,1,23,2,Finance,Major Banks,male,male,Yes,No,No,Dec,501 - 1000,2011 - present,0.1693,-0.0125,-0.0042,0.1815,374005.0,3.9209,3.3532,3.9618,3.3532,1227138,3.9005,3.9046,3.9128,3.8719,239735,363244,6855,33053,1
19.89,5.704547054E9,22.4645,960.4,81.0,0.0843,0.08,1135.0,846167.4,5.94,56,35,2,2,2011,1.315754459,1.998941795,1.929864796,2.035689639,2013,8,1,3,Consumer Services,Real Estate Investment Trusts,male,male,Yes,Yes,No,Dec,1001 - 5000,2011 - present,0.0065,0.0032,0.0192,0.0742,4952071.0,15.6,15.5,16.74,15.59,21094670,15.83,15.66,15.78,15.65,2114578,736358,414151,400598,1
19.95,4.864746054E8,20.0027,,,,,,,,,77,,,,-0.994336791,-0.087842341,0.449291687,1.026732661,2015,3,27,4,,,male,male,,,sameYear,,,Unknown,0.0,0.0076,0.022,0.0076,422446.2,25.0,25.0,25.2,25.01,1922069,25.01,25.01,25.01,25.19,53764,81886,17920,36592,0
19.97,5.815929201E8,20.1813,290.1,-106.09,-0.3657,,1577.0,183956.88,2.0,47,47,17,17,1999,1.535785456,0.980480538,0.980289167,1.179270353,2016,11,16,2,Consumer Services,Marine Transportation,female,female,Yes,sameYear,sameYear,Dec,1001 - 5000,1951 - 2000,0.1,0.5616,0.396,0.0956,2200.2,9.9,9.0,9.9,9.04,2588,15.3143,13.95,14.06,15.46,7416,697,200,100,1
19.97,1.432368719E9,21.0826,1290.0,-238.39,-0.1848,0.49,,,1.11,42,38,5,5,2005,-0.905552198,0.695654975,1.283420514,1.181941697,2010,11,17,2,Technology,EDP Services,unknown,unknown,No,No,Yes,Dec,,2001 - 2010,0.0375,-0.0329,-0.2964,0.1317,3288455.8,12.45,12.0,13.58,12.0,12327033,12.2,12.05,12.0,12.04,1323846,1157937,495438,1138025,0
20.0,1.57073664E9,21.1748,796.62,146.83,0.1843,0.03,111.0,7176756.76,1.97,56,59,2,2,2004,0.604374162,0.331354039,-0.350065353,0.372002238,2006,8,8,1,Technology,Diversified Commercial Services,male,male,Yes,No,Yes,Dec,101 - 500,2001 - 2010,0.0095,0.0508,0.1034,0.0205,1354800.0,26.6,26.35,27.99,27.45,5475000,26.38,26.33,27.05,27.95,327900,362900,271800,336400,1
20.12,7.928100896E7,18.1885,26.08,3.92,0.1503,0.06,101.0,258217.82,3.04,60,60,0,0,2011,1.560542032,0.875257121,1.202283234,1.18249256,2011,7,8,4,Finance,Savings Institutions,male,male,Yes,No,No,Jun,101 - 500,2011 - present,0.021,-0.0094,-0.0574,0.0044,161856.8,11.67,11.43,11.7,11.65,584643,11.65,11.7,11.59,11.56,129267,41558,25844,27972,0
20.13,8.81631899E8,20.5973,,,,,,,,49,49,5,5,2010,-1.619735216,-1.765738655,-0.160989677,0.601845301,2015,1,30,4,Consumer Services,Real Estate Investment Trusts,male,male,,Yes,Yes,,,2001 - 2010,0.0114,-0.0049,0.0195,0.0129,3132863.4,26.6,26.3,27.44,27.1,13924943,26.75,26.4,26.41,26.47,699094,495444,416726,128110,1
20.13,1.887773988E9,21.3587,318.5,-443.54,-1.3926,,10.0,3.185E7,5.93,59,49,0,0,2016,-0.744016824,-1.239570909,0.312405803,0.846285612,2016,10,20,3,Consumer Services,Real Estate Investment Trusts,male,male,Yes,sameYear,sameYear,Dec,0 - 100,2011 - present,0.0,-0.1579,-0.2111,0.0,32632.0,19.0,19.0,24.05,24.05,9721,16.48,17.0,16.35,16.0,101740,1395,8510,41794,0
20.15,8.442992662E8,20.554,254.81,91.38,0.3586,0.36,39.0,6533589.74,3.31,65,39,1,1,2013,0.638242447,0.956660425,1.288052487,1.408885355,2014,5,9,4,Energy,Natural Gas Distribution,male,male,Yes,Yes,No,Dec,0 - 100,2011 - present,0.0348,-0.0271,0.0408,0.0112,2136843.2,27.68,26.75,28.3,28.0,9633912,27.8,27.92,27.36,26.93,380514,200899,239495,229396,0
20.15,3.850866742E9,22.0716,1280.0,78.85,0.0616,0.01,8400.0,152380.95,3.01,58,58,0,0,2013,1.422759803,1.803782796,2.246129661,1.81013482,2013,11,13,2,Consumer Services,Hotels/Resorts,male,male,Yes,No,No,Dec,5001 - 10000,2011 - present,0.0781,-0.0193,0.0373,0.0524,5649790.0,23.87,22.14,23.91,22.75,23364523,23.5,23.85,23.8,23.41,1993425,1355897,1094026,441079,1
20.2,1.304461298E9,20.9891,2270.0,31.37,0.0138,0.18,7800.0,291025.64,0.57,64,64,7,7,2010,1.666177893,1.269088406,1.94739674,1.755958999,2017,1,27,4,Capital Goods,Auto Manufacturing,male,male,Yes,Yes,Yes,Oct,5001 - 10000,2001 - 2010,0.0204,0.0,0.1096,0.0024,2199349.0,25.0,24.5,25.81,25.75,8868629,25.65,25.24,25.25,25.0,837246,462074,551113,277683,1
20.25,1.500165704E9,21.1288,,,,,,,,46,49,39,39,1975,-2.568110643,-2.473114241,-0.802190531,0.353818492,2014,10,10,4,Health Care,Medical/Nursing Services,male,male,,No,No,,,1951 - 2000,0.0652,0.1742,0.3483,0.1117,2065163.0,16.02,15.04,17.75,16.07,8050530,16.02,15.72,16.25,18.81,843955,510204,501314,419812,1
20.27,5.736754185E8,20.1676,700.97,-2.18,-0.0031,0.01,6000.0,116828.33,0.82,57,57,31,31,1978,0.972577685,1.258716338,1.666042315,1.908286896,2009,10,8,3,Consumer Services,Military/Government/Technical,male,male,Yes,No,No,Dec,5001 - 10000,1951 - 2000,0.0228,0.0548,-0.0119,0.0634,1550567.6,12.58,12.3,13.08,12.3,6391377,12.65,12.7,12.85,13.27,634427,388625,217631,120778,0
20.29,2.405250293E9,21.6009,1770.0,178.04,0.1006,,12875.0,137475.73,1.36,47,47,14,14,1983,1.773031528,1.596533486,2.227608179,2.379525283,1997,7,15,1,Consumer Services,Real Estate Investment Trusts,male,male,Yes,No,No,Dec,>10000,1951 - 2000,0.0312,0.0476,0.0476,0.0402,953486.2,91.6667,88.89,95.2367,91.6667,3190793,92.0633,95.6333,96.43,96.0333,758615,350689,291973,175361,1
20.6,2.132269373E9,21.4805,167.93,-47.16,-0.2808,,933.0,179989.28,12.7,,,11,11,2007,0.031796902,-0.734112486,-0.113986323,0.794603351,2018,4,12,3,,,male,male,Yes,Yes,,Jan,501 - 1000,2001 - 2010,0.046,-0.022,,0.0968,3582693.2,20.0,19.12,21.85,20.0,13102419,20.6,20.6,19.55,19.56,1864667,907867,1152504,886009,0
20.84,3.785608924E8,19.7519,45.04,3.23,0.0717,0.1,,,8.4,,,1,1,2016,-0.187678102,0.210248273,0.896195541,1.471382417,2017,4,21,4,Finance,Banks,,,Yes,,,Jun,,2011 - present,0.0444,-0.0134,-0.0061,0.0533,1207430.8,16.46,15.76,16.64,15.8,4725234,16.54,16.5,16.35,16.24,391809,237964,387919,294228,1
20.93,2.384358849E9,21.5922,397.54,66.92,0.1683,0.25,120.0,3312833.33,6.0,49,50,1,1,2014,-0.904352493,0.079096795,0.481317123,1.075931114,2015,1,5,0,Finance,Real Estate,male,male,Yes,Yes,sameYear,Dec,101 - 500,2011 - present,0.0,0.071,0.0549,0.0,31806.4,22.4,22.4,22.4,22.4,150,22.4,23.2499,23.0,23.99,0,350,40852,117680,1
20.95,3.656534019E8,19.7172,336817.0,-25.49,-1.0E-4,,125.0,2.694536E9,0.0,50,,,-2,2009,1.932379171,1.574101553,2.311346554,1.948121888,2007,6,4,0,Health Care,Biotechnology: Biological Products (No Diagnostic Substances),unknown,unknown,Yes,No,,Dec,101 - 500,2001 - 2010,1.5,-0.44,-0.7,0.0,843.0,25.0,10.0,125.0,125.0,325,14.0,20.0,18.0,14.0,488,637,1196,1569,0
21.03,1.875550939E9,21.3522,3350.0,325.0,0.097,0.05,8200.0,408536.59,0.56,57,57,0,0,2000,0.960769641,1.017794123,0.917618434,1.261086745,2000,7,10,0,Capital Goods,Auto Parts:O.E.M.,male,male,Yes,No,No,Sep,5001 - 10000,1951 - 2000,0.0492,-0.0794,0.0289,0.0417,116820.0,17.3125,16.5,18.0,17.3125,78700,17.188,16.688,16.25,15.938,87600,146700,122300,148800,0
21.16,8.791907633E8,20.5945,,,,,,,,,64,,,,1.225787936,2.147783039,2.421294389,1.685411279,1998,2,17,1,,,male,male,,,No,,,Unknown,0.0037,0.0,0.0037,0.0074,14460.0,17.0,16.9375,17.1875,17.0625,13800,17.1875,17.0,17.0625,17.0,8200,15100,19000,16200,0
21.23,1.100906808E9,20.8194,961.33,324.96,0.338,0.11,4200.0,228888.1,1.15,52,52,0,0,2014,0.782979236,1.727515014,1.940345693,1.702934702,2014,6,16,0,Basic Industries,Major Chemicals,male,male,Yes,sameYear,sameYear,Dec,1001 - 5000,2011 - present,0.0558,-0.0578,0.0467,0.0714,166549.4,40.65,38.5,41.25,38.5,524921,40.0,40.2,39.09,38.3,183813,25592,13171,85250,0
21.37,2.5644E7,17.0598,,,,,,,,,,,,,-0.805317122,0.835995632,1.364993241,1.580598369,2013,12,16,0,,,,,,,,,,Unknown,0.0,-0.0032,-0.0028,0.0,280.0,25.079,25.079,25.079,25.079,0,25.079,25.079,25.079,25.0,0,0,200,1200,0
21.38,3.950900573E9,22.0972,655.78,-128.73,-0.1963,0.08,,,6.02,56,56,0,0,2015,-0.856831642,-0.028148341,0.655548832,1.157180393,2015,5,7,3,Public Utilities,Natural Gas Distribution,male,male,Yes,sameYear,sameYear,Dec,,2011 - present,0.0555,-0.0028,-0.011,0.0449,6123425.8,31.75,30.08,32.25,30.9,26875856,31.64,31.5,31.5,31.66,1882117,554206,935688,369262,0
21.48,2.96424E8,19.5073,,,,,,,,,,,,,-0.054299271,-0.481559915,-0.412402983,0.009943979,2007,12,27,3,,,,,,,,,,Unknown,,-0.0056,-0.1,,27120.0,25.11,,,,0,25.22,25.34,25.34,24.97,55000,49000,0,31600,0
21.58,9.959658355E8,20.7192,15690.0,33.5,0.0021,0.08,8413.0,1864970.88,0.06,58,47,117,117,1888,-0.809017258,-1.112294643,-0.237801399,0.649339568,2005,4,13,2,Consumer Non-Durables,Food Distributors,male,male,Yes,No,No,Dec,5001 - 10000,<= 1900,0.0396,0.1905,0.0286,0.0,3391.2,6.5625,6.3125,6.5625,6.5625,1224,6.75,6.75,6.75,7.8125,1976,0,0,13756,1
21.6,6.94050552E8,20.3581,1410.0,28.2,0.02,,5000.0,282000.0,0.49,60,60,51,51,1963,1.001225048,1.298116713,1.439835639,1.68019674,2014,3,20,3,Consumer Services,Clothing/Shoe/Accessory Stores,male,male,Yes,No,No,Jan,1001 - 5000,1951 - 2000,0.1858,-0.0925,-0.2209,0.2124,189104.4,33.5,28.25,35.0,29.0,571205,30.5,30.72,30.85,30.4,152915,11133,69673,140596,1
21.87,1.358114097E9,21.0294,,,,,,,,,,0,0,2016,-1.203343353,-1.512118544,0.09303142,0.726550231,2016,10,27,3,Health Care,Major Pharmaceuticals,male,,,,,,,2011 - present,0.0,-0.1674,-0.1018,0.0377,1402007.4,13.26,13.26,15.5,15.0,5822306,13.0,12.11,11.66,11.04,325217,363118,145978,353418,0
21.87,2.704139507E9,21.718,2260.0,146.24,0.0647,0.04,18512.0,122082.97,1.2,67,49,17,17,1984,-1.423222668,-1.871826285,-2.015592481,-2.47837261,2001,1,2,1,Consumer Services,Real Estate Investment Trusts,male,male,Yes,,No,Dec,>10000,1951 - 2000,0.0085,0.1596,0.2167,0.0085,159660.0,1.6529,1.6389,1.6529,1.6389,42750,1.7363,1.7778,1.8334,1.9167,154350,198000,160200,243000,1
21.93,4.387441941E9,22.202,2080.0,304.0,0.1462,0.08,5600.0,371428.57,2.11,56,55,150,150,1866,0.10782597,0.295597352,0.997750311,1.251170312,2016,9,23,4,Basic Industries,Major Chemicals,male,male,Yes,sameYear,sameYear,Sep,5001 - 10000,<= 1900,0.0,0.0173,-0.0662,0.0177,9394565.4,23.1,23.1,24.51,24.1,35297138,23.98,23.68,23.85,23.5,3002690,3980349,1805513,2887137,0
21.97,,,48.06,-47.67,-0.9919,,93.0,516774.19,,63,63,14,14,2002,1.479208487,1.123939605,1.087837508,0.839264542,2016,5,26,3,Health Care,Major Pharmaceuticals,unknown,unknown,Yes,Yes,Yes,Dec,0 - 100,2001 - 2010,0.185,0.0941,0.5218,0.2665,598672.4,13.07,11.03,14.0,11.06,2045999,14.28,14.28,13.85,14.3,356586,0,352110,238667,1
21.99,2.418081928E9,21.6062,255.07,-20.28,-0.0795,0.0,893.0,285632.7,9.48,56,56,8,8,2005,1.422759803,1.803782796,2.246129661,1.81013482,2013,11,13,2,Consumer Services,Other Consumer Services,male,male,Yes,Yes,Yes,Dec,501 - 1000,2001 - 2010,0.0189,-0.0992,-0.1136,0.0263,4754206.2,9.68,9.5,11.25,11.0,17261676,8.88,9.13,9.0,8.72,3125275,1987579,724615,671886,0
22.07,1.279620586E8,18.6672,59.66,3.41,0.0572,0.09,349.0,170945.56,2.14,58,58,6,6,1992,1.848374375,1.927722935,2.579333445,2.083566015,1998,3,17,1,Finance,Major Banks,male,male,Yes,No,No,Dec,101 - 500,1951 - 2000,0.0,0.0,0.0,0.0,0.0,8.525,8.525,8.525,8.525,,8.525,8.525,8.525,8.525,,,,,0
22.3,5.011357287E9,22.335,747.11,93.03,0.1245,0.4,2076.0,359879.58,6.71,61,61,,-14,2013,1.692742263,1.830325816,2.130202489,2.607240662,1999,1,8,4,Finance,Major Banks,male,male,Yes,No,No,Dec,1001 - 5000,2011 - present,0.1162,-0.0052,0.0155,,697505.6,2.708,2.426,2.792,,863796,2.722,2.679,2.708,2.694,1042401,774713,711774,94844,1
22.52,3.463231894E8,19.6629,37.83,87.31,2.308,,,,9.15,,47,0,0,2009,1.217792562,1.642465542,1.545573783,1.808504692,2009,11,25,2,,,male,male,Yes,,No,Dec,,2001 - 2010,5.0E-4,0.0045,0.041,5.0E-4,53538.4,20.01,20.0,20.01,20.0,169383,20.0,20.01,20.0,20.1,0,43375,27401,27533,0
22.53,1.286780267E9,20.9754,,,,,,,,52,,,,,-1.094821681,-0.708694622,-1.129565992,-0.834217305,2010,8,27,4,,,male,,,No,,,,Unknown,0.0,5.0E-4,0.005,5.0E-4,244452.0,20.0,20.0,20.01,20.0,793312,20.0,20.0,20.0,20.01,88321,158960,82986,98681,0
22.55,1.68526196E9,21.2452,668.06,125.53,0.1879,,5412.0,123440.5,2.52,41,,32,32,1985,0.210460004,1.083844034,1.669143726,1.735614335,2017,11,17,4,Finance,Real Estate,male,,Yes,sameYear,,Dec,5001 - 10000,1951 - 2000,0.04,0.0938,0.2231,0.052,805954.2,13.0,12.5,13.2,12.55,2954367,13.29,13.85,14.22,14.22,600319,212683,262402,0,0
22.67,2267022.67,14.634,,,,,,,,,,,,,1.63954474,1.917030937,1.42041684,1.235048574,2016,6,8,2,,,,,,,,,,Unknown,0.0,-0.009,0.0416,0.0,2675.4,25.12,25.12,25.12,25.12,0,25.12,25.15,25.14,24.8942,2501,6245,228,4403,0
22.69,2.331390693E8,19.2671,,,,,,,,57,57,60,60,1955,1.09489262,1.434683667,1.533886071,1.632116784,2015,5,22,4,,,male,male,Yes,sameYear,sameYear,,,1951 - 2000,0.0048,-4.0E-4,-0.002,0.0012,288346.4,24.98,24.86,24.98,24.95,1279826,24.98,25.0,24.95,24.97,0,68601,58767,34538,0
22.76,2.519793694E9,21.6474,1870.0,-173.83,-0.093,,5600.0,333928.57,1.35,50,53,3,3,2002,-0.563705547,-1.373225055,-1.384388991,0.218243418,2005,4,29,4,Miscellaneous,Office Equipment/Supplies/Services,male,male,Yes,No,No,Oct,5001 - 10000,2001 - 2010,0.0238,0.1647,0.2,0.0524,1257960.0,10.75,10.5,11.3,10.75,4604800,11.16,12.2,12.03,12.52,498600,571100,336600,278700,1
22.85,1.402828108E9,21.0618,131.85,71.39,0.5414,0.1,342.0,385526.32,10.64,40,40,0,0,2015,1.469160399,1.262097345,0.533246131,0.578599772,2015,10,29,3,Consumer Services,Real Estate Investment Trusts,male,male,Yes,sameYear,sameYear,Dec,101 - 500,2011 - present,0.0876,0.1663,0.12,0.0286,32251.4,17.5,16.09,18.0,17.54,25300,17.75,19.56,20.02,20.41,8550,66552,11144,49711,1
22.92,2.63112134E8,19.3881,46.22,7.25,0.1569,0.03,168.0,275119.05,5.69,63,,0,0,2006,2.136642033,1.773449982,2.062190226,2.857660711,2006,11,16,3,Finance,Major Banks,unknown,male,Yes,No,,Dec,101 - 500,2001 - 2010,0.0,0.0,0.0,0.0,40.0,13.0,13.0,13.0,13.0,100,13.0,13.0,13.0,13.0,0,100,0,0,0
22.92,5.42457106E8,20.1116,266.69,-3.49,-0.0131,0.33,1312.0,203269.82,2.03,46,,7,7,2010,1.801742,1.983058996,1.886872976,1.749859861,2017,7,21,4,Health Care,Other Pharmaceuticals,unknown,,Yes,Yes,,Dec,1001 - 5000,2001 - 2010,0.1802,-0.0395,-0.0309,0.1184,1389268.8,23.32,19.7601,23.34,21.0,4339199,22.2,21.88,23.64,22.4,1202739,279328,643094,481984,1
23.12,9.686911005E8,20.6915,272.27,181.15,0.6653,,19.0,1.433E7,3.56,60,60,,-1,2008,0.539036918,-0.649781297,-0.627071198,0.016176079,2007,12,3,0,Consumer Services,Real Estate Investment Trusts,male,male,Yes,No,No,Dec,0 - 100,2001 - 2010,0.0078,-0.0011,-0.0055,0.0,15854.8,72.8,72.24,73.2,73.2,51950,73.2,72.8,72.0,72.72,6625,9587,11100,12,1
23.22,1.183024634E9,20.8913,,,,,,,,57,57,,,,2.132466697,1.601460347,1.125669556,0.809090334,2016,4,18,0,Consumer Services,Broadcasting,male,male,,,,,,Unknown,0.0203,-0.1144,-0.1196,0.0,848309.4,17.6417,17.2914,24.8864,24.8864,589050,16.1301,15.9273,16.1485,15.6231,1458125,1061377,716738,416257,0
23.35,1.095436459E9,20.8144,588.29,-223.36,-0.3797,0.13,484.0,1215475.21,1.86,62,62,11,11,1995,-0.705070361,0.11251105,0.903406129,1.403122349,2006,2,10,4,Health Care,Biotechnology: Biological Products (No Diagnostic Substances),male,male,Yes,,,Dec,101 - 500,1951 - 2000,0.1016,-0.0655,-0.0997,0.1607,349993.6,6.72,6.1,7.48,6.5,932539,6.0,6.0,6.04,6.28,643741,96542,41904,35242,0
23.4,1.1762420296E10,23.1882,6900.0,-225.0,-0.0326,0.06,7000.0,985714.29,1.7,57,57,,-3,2008,-0.835060288,0.566830864,0.428825754,0.817781311,2005,7,6,2,Consumer Services,Television Services,male,male,Yes,No,No,Dec,5001 - 10000,2001 - 2010,0.0978,-0.0947,-0.2024,0.0985,2490531.4,8.2681,7.5312,8.3191,7.5775,1618488,7.6702,7.0909,7.1141,7.4848,3467160,4486486,1524346,1356177,0
23.55,5.352275382E8,20.0982,2850.0,25.5,0.0089,0.2,880.0,3238636.36,0.19,51,51,2,2,2011,1.715706218,2.298229616,2.430951123,1.780191537,2013,10,25,4,Energy,Oil Refining/Marketing,male,male,Yes,,,Dec,501 - 1000,2011 - present,0.0236,-0.022,-0.0439,0.0456,1368511.8,17.75,17.34,18.29,17.5,5919756,17.45,17.5,17.51,17.36,581584,123666,148763,68790,1
23.65,2.197859585E9,21.5107,4210.0,100.24,0.0238,,94000.0,44787.23,0.52,53,59,6,6,2006,1.761445114,2.092651532,1.30437344,1.333707805,2012,8,8,2,Consumer Services,Restaurants,female,male,Yes,sameYear,sameYear,Dec,>10000,2001 - 2010,0.0726,0.0419,0.1168,0.1279,2891455.2,12.41,11.57,13.08,11.6,10940397,13.49,12.86,12.91,12.93,1560978,1070519,395048,490334,1
23.67,2.421441E9,21.6076,,,,,,,,,,,,,0.506072955,1.211364916,1.442232699,1.457951268,2010,1,20,2,,,,,,,,,,Unknown,,0.0,-0.0382,,0.0,22.5,,,,0,22.5,22.5,22.5,22.5,0,0,0,0,0
23.88,1.814045394E8,19.0162,,-29.73,,,,,,48,,9,9,2008,1.222265002,1.756528682,1.742966545,1.509248604,2017,9,28,3,Health Care,Major Pharmaceuticals,male,,No,,,Dec,,2001 - 2010,0.0767,0.1591,-0.226,0.0953,545280.4,16.15,15.0,16.93,15.5,1869522,18.37,18.05,18.61,18.72,413339,105878,217497,120166,0
24.05,6.878096297E8,20.349,1300.0,14.37,0.0111,0.09,1994.0,651955.87,0.53,57,57,26,26,1985,-1.512443994,-0.662617633,-0.71499002,0.607869043,2011,7,28,3,Consumer Non-Durables,Food Distributors,male,male,Yes,Yes,Yes,Dec,1001 - 5000,1951 - 2000,0.0769,0.0571,-0.1457,0.0923,1548608.8,17.5,16.25,18.5,17.0,6574029,17.75,18.0,18.01,18.5,550783,196646,292699,128887,1
24.06,,,51.4,18.77,0.3652,0.26,30.0,1713333.33,,57,52,6,6,2010,1.177481009,1.709649223,1.593778445,1.887415328,2016,8,5,4,Consumer Services,Real Estate,male,male,Yes,,,Dec,0 - 100,2001 - 2010,0.0068,0.006,0.0199,0.0116,151082.6,25.15,24.98,25.29,25.0,390615,25.24,25.25,25.25,25.3,107047,105150,87190,65411,1
24.09,2.322121824E7,16.9606,,,,,,,,,,,,,1.583061731,0.35714459,-0.467607844,-0.582473114,2011,10,14,4,Finance,Investment Bankers/Brokers/Service,,,,,,,,Unknown,,0.1108,-0.2996,,20367.4,52.0,,,,0,52.648,49.54,55.6092,57.76,2375,19731,18830,60901,0
24.11,5.728821945E8,20.1662,,-147.69,,,242.0,,,61,,12,12,2002,-0.258152733,-0.924030119,-0.431580553,0.589150051,2014,10,22,2,Health Care,Biotechnology: Biological Products (No Diagnostic Substances),unknown,,No,Yes,,Dec,101 - 500,2001 - 2010,0.0315,0.1135,0.1083,0.0359,408982.2,22.9,22.2,24.0,23.202,1239722,28.5,27.0,26.51,25.5,175095,177993,252741,199360,1
24.15,2.05275E8,19.1399,,,,,,,,,,,,,-1.062303985,0.808660581,1.350926858,1.563225345,2013,12,11,2,,,,,,,,,,Unknown,0.0,0.0012,0.0212,0.0,3943.0,25.04,25.04,25.04,25.04,0,25.04,25.02,25.05,25.07,3265,1665,1600,13185,1
24.24,7.869349956E8,20.4837,264.13,14.64,0.0554,,959.0,275422.31,2.98,54,54,1,1,2010,0.012691362,0.675034441,1.068754287,1.413499756,2011,5,5,3,Energy,Industrial Machinery/Components,male,male,Yes,No,No,Mar,501 - 1000,2001 - 2010,0.0487,0.0505,0.0122,0.0931,1248772.2,12.28,11.71,13.14,12.05,5757009,12.8,12.77,12.95,12.9,308945,93833,65374,18700,1
24.32,4.300592179E8,19.8794,173.78,-32.9,-0.1893,,1818.0,95588.56,2.47,,,3,3,2014,2.192151771,2.560522151,1.889500571,1.91063944,2017,6,2,4,Transportation,Marine Transportation,,,Yes,,,Dec,1001 - 5000,2011 - present,0.0158,-0.1457,-0.0112,0.2662,910550.8,20.59,20.27,30.395,25.0,1667671,20.59,19.67,17.36,17.59,948676,752066,506212,678129,0
24.68,5.400345562E8,20.1071,,,,,,,,,,,,,1.996906364,2.011233753,2.050823331,1.996908542,2006,9,28,3,,,,,,,,,,Unknown,0.004,0.0,0.0154,0.096,41560.0,20.08,20.0,22.25,20.33,207800,20.08,20.08,20.08,20.08,0,0,0,0,1
25.05,1.0707854338E10,23.0942,5540.0,810.7,0.1463,0.42,34000.0,162941.18,1.93,60,,1,1,1999,-0.321797228,0.441078966,0.660836253,1.237767169,2000,4,28,4,Technology,Semiconductors,male,,Yes,No,,Dec,>10000,1951 - 2000,0.0969,-0.0143,-0.1795,0.125,6024580.0,21.938,20.0,26.5,24.0,18666600,25.0,23.125,22.5,21.625,6435700,2051300,1734800,1234500,0
25.292,,,,,,,,,,75,,,,,-0.031878028,0.303117393,0.999289792,1.253485115,2016,9,21,2,,,male,male,,Yes,,,,Unknown,0.0089,0.0116,0.0164,0.0105,41736.8,24.97,24.75,25.27,25.01,40442,25.19,25.25,25.25,25.26,91235,3539,0,73468,1
25.36,7.33481574E8,20.4133,363.64,77.81,0.214,0.03,159.0,2287044.03,2.02,75,62,23,23,1976,0.487703677,1.013227523,1.327798096,1.895530418,1999,2,11,3,Finance,Investment Bankers/Brokers/Service,male,male,Yes,No,No,Dec,101 - 500,1951 - 2000,0.0107,-0.0176,-0.1018,0.0532,2579480.4,9.5906,9.4894,10.0951,9.5906,10465396,9.4221,9.4221,9.4221,9.4221,1926252,0,379269,126485,0
25.431,,,6420.0,221.32,0.0345,,40000.0,160500.0,,73,66,60,60,1938,-2.159607125,-2.738625899,-3.225448287,-0.502601797,1998,9,1,1,Consumer Services,Department/Specialty Retail Stores,male,male,Yes,Yes,Yes,Jan,>10000,1901 - 1950,0.0025,0.005,0.0025,0.0025,11580.0,24.875,24.8125,24.875,24.8125,12900,24.9375,24.9375,25.0,25.0,24700,18300,2000,0,1
25.45,,,1590.0,771.0,0.4849,,56.0,2.839285714E7,,53,51,9,9,2008,-2.893165172,-0.432228097,0.583381931,1.105234783,2017,8,17,3,Consumer Services,Real Estate Investment Trusts,male,male,Yes,No,No,Dec,0 - 100,2001 - 2010,0.004,0.0048,0.0172,0.0044,623239.6,24.95,24.85,25.05,24.94,1800549,24.98,24.95,25.01,25.07,507495,186774,384988,236392,1
25.51,8.4557890674E10,25.1607,497770.0,37940.0,0.0762,0.3,20245.0,2.458730551E7,0.17,62,62,29,29,1972,-2.061572411,-0.258957304,-0.789783445,-1.302254647,2001,6,18,0,Energy,Integrated oil Companies,male,male,No,No,No,Dec,>10000,1951 - 2000,0.0,0.0054,-0.0817,0.0027,2345640.0,7.47,7.47,7.5,7.48,7577000,7.62,7.64,7.57,7.51,1444200,663000,1033700,1010300,0
25.7,3.690183973E9,22.0289,2800.0,1260.0,0.45,0.08,5737.0,488059.96,1.32,57,57,5,5,1992,1.413317909,1.882865564,1.882865564,1.882865564,1997,2,7,4,Public Utilities,Telecommunications Equipment,male,male,Yes,No,No,Oct,5001 - 10000,1951 - 2000,0.1746,0.0608,0.1081,0.0437,647719.0,129.5,110.25,134.316,129.5,2095056,120.75,114.625,121.191,137.375,601885,191256,149371,201027,1
25.71,9.412769087E8,20.6627,,,,,,,,,,,,,-0.132794435,0.792128111,1.129971319,1.733731209,2007,1,26,4,,,,,,,,,,Unknown,0.0,0.005,0.0075,0.0,19132.4,20.0,20.0,20.1,20.1,19330,20.0,20.1,20.02,20.1,10546,39109,8396,18281,0
25.8,1.711073621E9,21.2604,393.94,-14.47,-0.0367,0.08,3800.0,103668.42,4.34,54,49,7,7,1998,-1.037092759,-1.907429389,-1.244353759,-0.678987924,2005,10,27,3,Health Care,Biotechnology: Electromedical & Electrotherapeutic Apparatus,male,male,Yes,No,No,Dec,1001 - 5000,1951 - 2000,0.176,0.0782,0.1267,0.18,328232.0,11.76,10.0,12.0,10.2,907842,11.1,11.35,11.95,12.68,188502,78153,327742,138921,1
26.0,,,181.06,37.99,0.2098,0.26,230.0,787217.39,,70,70,12,12,2006,-0.735292682,-0.389035181,0.581912167,1.239564457,2018,3,19,0,Finance,Major Banks,male,male,Yes,Yes,Yes,Dec,101 - 500,2001 - 2010,0.0012,0.0198,0.0297,0.0111,115099.8,25.25,25.22,25.5,25.22,88062,25.29,25.49,25.5,25.75,205859,187312,39625,54641,0
26.0,4.96600052E8,20.0233,,,,,,,,,,,,,-0.604541247,-1.179872291,-0.060127747,0.679458037,2015,7,7,1,,,,,,,,,,Unknown,0.032,0.017,-0.0115,0.0026,148614.2,20.02,19.4,20.05,20.0,81249,19.8,20.04,20.31,20.36,111571,249536,155719,144996,0
26.1122,3.002903E7,17.2177,94.0,5.94,0.0632,0.1,,,0.32,75,68,3,3,2003,1.759478738,2.013721476,2.376341597,2.880133764,2006,10,25,2,Consumer Services,Real Estate,male,male,Yes,Yes,No,Dec,,2001 - 2010,0.02,0.0,0.0059,0.02,3360.0,25.5,25.0,25.5,25.0,7900,25.11,25.51,25.4,25.5,800,3300,3000,1800,1
26.22,6.389245026E7,17.9727,4.03,-15.71,-3.8983,0.26,42.0,95952.38,15.85,62,62,13,13,2002,1.560979368,1.533679107,1.59325998,1.627248229,2015,5,15,4,Basic Industries,Agricultural Chemicals,male,male,Yes,No,No,Dec,0 - 100,2001 - 2010,0.034,0.0808,0.1959,0.0297,18632.8,146.0,141.2,154.0,149.8,64936,149.0,156.0,155.8,157.8,12199,5007,5809,5213,0
26.24,,,61260.0,8380.0,0.1368,0.03,228687.0,267877.05,,46,56,51,51,1959,1.213817637,-0.658688468,-0.430610639,0.429774399,2010,6,21,0,Finance,Savings Institutions,male,male,No,No,No,Dec,>10000,1951 - 2000,0.004,0.0052,0.0229,0.0093,4108217.4,24.9,24.8,25.15,24.92,5392709,24.9,24.9,24.99,25.03,4761871,4212875,4774287,1399345,1
26.45,5.526549492E8,20.1302,142.82,53.37,0.3737,0.08,2.0,7.141E7,3.87,,55,1,1,2014,-0.062379319,0.769469662,1.013045922,1.463986729,2015,3,19,3,Consumer Services,Real Estate Investment Trusts,,male,Yes,,sameYear,Dec,0 - 100,2011 - present,0.0,-0.0724,-0.0379,0.0,10533.6,14.5,14.5,15.5,15.5,300,14.5,13.75,13.08,13.45,664,11122,9367,31215,0
26.59,2.1183962557E10,23.7765,,,,,,,,57,,50,50,1966,1.488465579,0.9595681,0.356407541,-0.195539998,2016,3,14,0,Finance,Major Banks,male,,,Yes,,,,1951 - 2000,0.0,0.0235,0.0304,0.0,1779202.2,24.67,24.67,24.67,24.67,15000,24.89,24.98,25.1,25.25,4604977,2266336,1410978,598720,1
26.87,8.584712691E8,20.5707,604.96,65.66,0.1085,,,,1.42,45,,9,9,1998,0.557220201,1.261674035,1.261751252,1.621900842,2007,10,31,2,Finance,Specialty Insurers,unknown,,No,No,,Dec,,1951 - 2000,0.0524,-0.1483,-0.2685,0.1556,3266039.0,25.29,24.03,28.74,25.0,10278674,23.9,24.6,22.9,21.54,3265673,711681,1253938,820229,0
26.89,1.071797082E9,20.7926,154.94,-59.73,-0.3855,0.16,173.0,895606.94,6.92,65,65,,-5,2008,-0.074386906,0.73857104,1.259620477,1.693827609,2003,7,23,2,Health Care,Major Pharmaceuticals,male,male,Yes,No,No,Dec,101 - 500,2001 - 2010,0.2727,-0.0714,0.0714,0.2727,9.2,630.0,495.0,630.0,495.0,30,585.0,585.0,585.0,585.0,13,3,0,0,0
27.05,,,,,,,,,,,,,,,-0.419619438,-1.044530707,-0.369649532,0.637899573,2018,4,11,2,Finance,Major Banks,,,,,,,,Unknown,0.0,0.1441,,0.0,10254.0,25.26,25.26,25.26,25.26,501,27.5,27.85,27.05,28.9,11137,21447,100,18085,0
27.2,1.536986864E8,18.8505,45.66,18.97,0.4155,,216.0,211388.89,3.37,54,54,0,0,1996,0.0,0.0,0.0,0.0,1996,8,30,4,Finance,Real Estate,male,male,Yes,No,No,Dec,101 - 500,1951 - 2000,0.0,-0.0504,-0.0084,0.0504,12131.8,74.375,74.375,78.125,74.375,8820,74.375,70.625,70.625,70.625,0,22900,16379,12560,1
27.2,7.328096976E8,20.4124,540.04,68.95,0.1277,,2419.0,223249.28,1.36,57,57,91,91,1921,1.192471147,1.566794052,1.925906573,1.130615198,2012,2,10,4,Finance,Major Banks,male,male,Yes,No,No,Dec,1001 - 5000,1901 - 1950,0.0591,0.0471,0.1106,0.0441,606278.4,12.0,11.33,12.25,11.75,2473232,12.6925,12.4875,12.525,12.565,332392,65748,155220,4800,1
27.21,5.367361882E8,20.101,497.3,40.8,0.082,0.05,476.0,1044747.9,1.08,48,48,0,0,2013,1.678464151,0.88894859,1.252393103,1.464788317,2013,9,13,4,Basic Industries,Mining & Quarrying of Nonmetallic Minerals (No Fuels),male,male,Yes,sameYear,sameYear,Dec,101 - 500,2011 - present,0.0135,0.0167,0.1061,0.0265,1053500.6,18.0,17.76,18.72,18.25,4273683,18.06,18.2,18.39,18.3,388958,174081,226274,204507,1
27.35,4.5948E8,19.9456,,,,,,,,56,56,,,,1.395186403,1.84041524,1.690381827,1.86235741,2014,3,6,3,Consumer Services,Farming/Seeds/Milling,male,male,,No,No,,,Unknown,0.0095,0.0235,0.0502,0.0123,686644.0,25.5,25.26,25.68,25.37,2229918,25.62,25.51,25.69,26.1,581085,139604,154128,328485,1
27.42,6.0324E7,17.9152,,,,,,,,,,,,,1.077657716,-0.143242107,-0.757790687,-0.759960638,2015,10,13,1,,,,,,,,,,Unknown,0.0,0.0841,0.2057,0.0,109553.4,25.0899,25.0899,25.0899,25.0899,45913,25.0899,29.0,26.98,27.2,45913,134930,212580,108431,0
27.7,1.973115292E9,21.4029,3880.0,-191.9,-0.0495,0.54,954.0,4067085.95,0.51,62,62,0,0,2001,-0.291878524,-1.147453758,-0.576839385,-1.11920124,2001,7,26,3,Consumer Services,Other Consumer Services,male,male,Yes,No,No,Dec,501 - 1000,2001 - 2010,0.0217,-0.0098,0.1277,0.0217,45606.4,56.1749,54.9797,56.7964,55.6012,118054,57.3941,57.3701,56.414,55.6251,39239,19578,19159,32002,1
27.85,6.562653094E8,20.3021,2920.0,54.49,0.0187,,3613.0,808192.64,0.22,52,52,8,8,1999,1.750233592,0.113944994,0.21206105,0.687005596,2007,12,7,4,Finance,Accident &Health Insurance,male,male,No,No,No,Dec,1001 - 5000,1951 - 2000,0.025,0.2145,0.2436,0.0744,929627.0,15.15,14.78,15.9,14.8,2544700,15.87,17.41,18.08,18.4,223000,1202200,457635,220600,1
27.97,,,59.0,3.29,0.0558,0.04,321.0,183800.62,,53,,15,15,1983,-2.204118741,0.43735471,1.141926145,1.644101812,1998,4,28,1,Finance,Major Banks,male,,Yes,Yes,,Dec,101 - 500,1951 - 2000,0.0082,0.015,0.015,0.0101,14940.0,25.0,24.7969,25.25,25.0,7700,25.625,25.5,25.625,25.375,49300,5600,100,12000,1
28.11,5.837997521E8,20.1851,97.95,-18.73,-0.1912,0.31,375.0,261200.0,5.96,51,,4,4,2010,1.54857991,1.53215312,1.897270213,1.889580979,2014,11,6,3,Technology,Computer Software: Prepackaged Software,male,male,Yes,,,Dec,101 - 500,2001 - 2010,0.0135,0.1303,0.0964,0.0364,640119.6,9.75,9.62,11.35,11.0,2617636,10.81,11.29,11.19,11.02,369656,116595,52880,43831,0
28.13,2.782003834E9,21.7464,11720.0,212.0,0.0181,,6513.0,1799477.97,0.24,46,46,0,0,2012,1.437410879,1.842195898,2.077598536,1.752898129,2012,9,20,3,Energy,Oil Refining/Marketing,male,male,Yes,No,No,Dec,5001 - 10000,2011 - present,0.0173,0.0175,0.1004,0.0182,1232740.2,22.91,22.52,23.81,23.4,4901187,23.08,23.03,23.09,23.31,630949,291457,252757,87351,1
28.18,2.3565525E9,21.5805,493.41,102.35,0.2074,0.18,1206.0,409129.35,4.78,58,51,8,8,2009,-2.157590049,-0.158066832,0.731500188,1.345382588,2017,4,13,3,Finance,Major Banks,male,male,Yes,Yes,Yes,Dec,1001 - 5000,2001 - 2010,0.0023,0.0339,0.0432,0.0088,1310116.4,21.55,21.5,22.24,22.05,5392979,21.55,22.25,22.25,22.28,0,530725,398638,228240,1
28.53,2.239325178E9,21.5294,157.78,40.3,0.2554,0.27,98.0,1610000.0,14.19,54,,0,0,2013,1.56365632,1.942889451,1.943020326,2.050978692,2013,7,19,4,Consumer Services,Real Estate Investment Trusts,male,unknown,Yes,sameYear,,Dec,0 - 100,2011 - present,0.0029,-7.0E-4,-0.0121,0.0036,2569054.8,14.04,14.0,14.8,14.75,10649577,14.0,14.09,14.02,14.03,872587,608337,105534,609239,0
28.7,8.578279899E8,20.5699,696.96,57.39,0.0823,0.28,606.0,1150099.01,1.23,52,52,28,28,1971,0.17895856500000001,-0.604607728,-0.690251323,0.46628522,1999,10,12,1,Consumer Services,Catalog/Specialty Distribution,female,female,Yes,No,No,Dec,501 - 1000,1951 - 2000,0.0,0.1496,0.2934,0.0,13080.0,10.438,10.438,10.5,10.5,8300,11.0,11.25,11.0,12.0,29300,14500,7000,6300,1
28.93,6.813015579E8,20.3395,,,,,,,,,,,,,-1.058537405,-0.297825077,0.727394501,1.255584871,2011,4,18,0,,,,,,,,,,Unknown,,0.0315,-0.0336,,3501.4,29.49,,,,0,29.49,30.15,30.42,30.42,483,4630,12394,0,0
28.97,3.222280201E9,21.8934,1930.0,121.83,0.0631,0.19,6000.0,321666.67,1.67,61,61,1,1,2014,-1.187303204,0.221642649,0.669637767,1.198591885,2015,3,12,3,Basic Industries,Mining & Quarrying of Nonmetallic Minerals (No Fuels),male,male,Yes,No,No,Dec,5001 - 10000,2011 - present,0.0672,0.0234,0.0114,0.0422,3492235.8,20.4353,19.1489,20.4547,19.6459,14613558,20.4645,20.5619,21.1954,20.9128,1099348,506292,806501,435480,1
29.08,3.061221211E9,21.8421,454.36,159.99,0.3521,0.13,,,6.74,57,57,0,0,2004,-2.686903135,-0.779738019,-1.092224512,0.50658069,2004,7,8,3,Energy,Natural Gas Distribution,male,male,Yes,No,No,Dec,,2001 - 2010,0.0536,0.0183,0.0591,0.0828,1381560.0,12.275,11.65,12.715,11.75,4917400,12.755,12.75,12.575,12.5,714200,448200,386600,441400,1
29.1,1.990826303E9,21.4118,1640.0,321.04,0.1958,0.69,6274.0,261396.24,1.21,60,,20,20,1997,0.781406504,1.21280167,1.901856514,1.600606883,2017,1,12,3,Energy,Oilfield Services/Equipment,male,,Yes,Yes,,Dec,5001 - 10000,1951 - 2000,0.0156,0.0384,0.1509,0.0234,759430.8,39.1,38.5,39.5,38.6,647878,39.9,39.9,40.35,40.6,700490,0,990000,1458786,0
29.17,7.348049598E8,20.4151,129.34,27.57,0.2132,0.05,462.0,279956.71,5.68,62,62,10,10,2007,1.820486991,1.646150842,2.152393626,1.950620086,2017,11,8,2,Finance,Major Banks,male,male,Yes,Yes,Yes,Dec,101 - 500,2001 - 2010,0.0555,-0.0082,0.0031,0.0676,273864.8,28.71,27.2,29.84,28.0,1062305,28.49,29.12,28.75,28.475,200059,57573,9996,39391,0
29.25,7.131920153E8,20.3853,538.08,50.98,0.0947,0.2,,,1.33,48,63,0,0,2012,-1.035651983,-0.624985189,0.601223438,0.916886497,2012,11,2,4,Energy,Natural Gas Distribution,male,male,Yes,sameYear,No,Dec,,2011 - present,0.0,-0.0049,0.0045,0.0282,1571919.2,22.35,22.35,23.74,23.11,6563915,22.7,22.5,22.68,22.24,887769,115948,229394,62570,1
29.34,1.258651702E9,20.9533,1590.0,32.22,0.0203,0.09,55000.0,28909.09,0.79,54,54,19,19,1977,0.0,0.0,0.0,0.0,1996,4,30,1,Technology,EDP Services,male,male,Yes,No,No,Dec,>10000,1951 - 2000,0.1545,0.0281,0.3239,0.065,2442105.0,15.778,13.667,16.667,15.778,7740000,16.111,17.222,16.555,16.222,1579500,1676925,406125,807975,1
29.35,2.253302137E9,21.5357,306.67,34.72,0.1132,,,,7.35,48,,18,18,1981,0.035526631,1.093064023,1.467380382,1.951368317,1999,1,27,2,Technology,Computer Software: Prepackaged Software,male,unknown,No,No,No,Jan,,1951 - 2000,0.2131,-0.027,-0.2499,0.0164,1774920.0,9.25,7.625,9.375,9.25,5972200,9.0,8.813,9.5,9.0,1445700,805300,393000,258400,0
29.38,9.254623494E9,22.9484,967.04,106.77,0.1104,1.11,460.0,2102260.87,9.57,39,34,6,6,2008,2.033450949,1.891292648,1.700261793,1.536192706,2014,5,23,4,Energy,Oil & Gas Production,male,male,Yes,No,No,Dec,101 - 500,2001 - 2010,0.0477,0.0761,0.0464,0.016,5686421.2,22.2,21.19,22.64,22.3,22290720,22.2,22.68,23.33,23.89,0,2196847,2235952,1708587,0
29.39,3.524279925E9,21.9829,441.23,81.72,0.1852,0.21,744.0,593051.08,7.99,48,48,10,10,2005,1.286732003,1.041818266,1.162632333,1.533910198,2015,4,16,3,Miscellaneous,Business Services,male,male,Yes,No,No,Dec,501 - 1000,2001 - 2010,0.0631,-0.1627,-0.3133,0.1697,6086668.2,30.0,28.22,35.74,30.95,19763334,27.58,24.9,25.75,25.12,3965469,3076216,2185407,1442915,0
29.4,4.141280766E8,19.8417,276.93,-17.1,-0.0617,0.04,2000.0,138465.0,1.5,51,51,23,23,1979,-0.161815811,-1.129924269,-1.583351009,-1.013388966,2002,5,21,1,Technology,EDP Services,unknown,unknown,Yes,No,No,Dec,1001 - 5000,1951 - 2000,0.0646,0.0419,0.1203,0.0,439300.0,18.12,17.02,18.41,18.41,1682900,18.25,18.55,18.88,18.88,304500,183100,26000,0,1
29.9,2.152050168E9,21.4897,1080.0,-110.9,-0.1027,,2500.0,432000.0,1.99,62,62,1,1,2015,-0.649461355,-1.725737662,-1.573594522,-2.282821182,2016,1,26,1,Basic Industries,Major Chemicals,male,male,Yes,sameYear,sameYear,Dec,1001 - 5000,2011 - present,0.0,-0.04,-0.15,0.0,285.8,20.0,20.0,20.0,20.0,219,20.0,18.75,19.2,19.2,0,610,600,0,1
29.97,5.844368182E8,20.1862,382.33,73.95,0.1934,0.47,3054.0,125189.91,1.53,54,54,16,16,1997,0.761732428,0.926397583,1.286165325,1.443671542,2013,9,26,3,Technology,Semiconductors,unknown,unknown,Yes,No,No,Dec,1001 - 5000,1951 - 2000,0.063,0.001,0.2661,0.0096,291153.6,9.96,9.37,10.09,10.0,948999,10.1,10.0,10.0,9.97,253329,84885,74509,94046,1
29.97,6.917941174E9,22.6574,1780.0,255.0,0.1433,,4308.0,413184.77,3.89,57,57,1,1,2013,0.368853378,1.291650994,1.723812499,1.762753824,2014,7,8,1,Consumer Services,Broadcasting,male,male,Yes,,,Dec,1001 - 5000,2011 - present,0.0045,0.0,0.0411,0.0,834000.0,24.6231,24.5125,26.2278,26.2278,129138,24.9662,24.2746,24.4295,24.6231,8848,609109,1442533,1980372,1
30.17,1.125608397E9,20.8416,1420.0,97.12,0.0684,0.45,10541.0,134712.08,0.79,50,64,11,11,1999,-0.594628805,-1.24938414,-1.239756127,-0.083561402,2010,6,25,4,Public Utilities,Telecommunications Equipment,male,male,No,No,No,Jun,>10000,1951 - 2000,0.0327,-0.0074,-0.0233,0.0,784881.6,10.75,10.41,10.95,10.95,3161210,10.76,10.76,10.7,10.67,120240,270100,180831,192027,1
30.42,3.01795299E8,19.5253,22.33,-88.1,-3.9454,,135.0,165407.41,13.52,52,,16,16,1999,-1.204429566,-0.107447693,0.467355781,1.040222212,2015,3,25,2,Health Care,Biotechnology: Biological Products (No Diagnostic Substances),male,female,No,Yes,No,Dec,101 - 500,1951 - 2000,0.0301,-0.1201,-0.2036,0.0063,1446118.0,39.3,38.15,42.04,41.8,4185663,37.35,35.0,35.2,34.58,1400743,938360,306418,399406,0
30.74,,,10970.0,-464.0,-0.0423,0.3,4400.0,2493181.82,,61,61,56,56,1959,-1.355301476,-0.107005804,0.456023719,1.025167706,2015,6,5,4,Energy,Oil & Gas Production,unknown,unknown,Yes,Yes,Yes,Dec,1001 - 5000,1951 - 2000,0.0182,-0.001,0.0107,0.0274,1141372.4,50.25,49.35,51.1,49.75,4358662,50.8045,50.5,50.5,50.2,424100,359900,0,564200,0
30.79,1.328350185E9,21.0072,348.2,-74.9,-0.2151,0.31,616.0,565259.74,3.81,55,55,10,10,2000,1.232075218,1.520699408,2.09193727,2.007989821,2010,11,11,3,Technology,Semiconductors,unknown,unknown,Yes,No,No,Dec,501 - 1000,1951 - 2000,0.0387,0.0458,0.2556,0.0815,1304235.2,15.3,14.73,16.2,15.0,5252322,15.63,15.84,15.9,16.0,439804,238035,316510,274505,1
30.83,1.567792626E9,21.1729,,,,,,,,,47,,,,-1.023906738,-1.892447918,-0.222572963,0.42968984,2012,5,25,4,,,,male,,,No,,,Unknown,0.0016,0.034,0.0344,0.0,530399.6,25.0,24.96,25.0,25.0,1904078,25.0,25.45,25.3,25.85,0,358743,139579,249598,1
30.84,8.41932E8,20.5512,,,,,,,,,43,,,,0.969172757,1.597599317,2.069755126,2.353091885,2005,12,6,1,,,male,male,,,No,,,Unknown,0.0137,-6.0E-4,-0.0064,0.0137,1134640.0,15.51,15.3,15.51,15.3,1157200,15.26,15.23,15.44,15.5,589700,592500,2376000,957800,1
31.08,1.087806216E7,16.2023,,,,,,,,,,,,,-1.058537405,-0.297825077,0.727394501,1.255584871,2011,4,18,0,,,,,,,,,,Unknown,,0.0,-0.0771,,107.0,30.85,,,,0,30.85,30.85,30.85,30.85,0,0,535,0,0
31.12,1.215532418E9,20.9184,248.5,45.35,0.1825,0.22,829.0,299758.75,4.89,64,64,,-1,2010,1.974025142,1.497052411,1.329642125,1.593484411,2009,12,23,2,Finance,Major Banks,unknown,unknown,Yes,No,No,Dec,501 - 1000,2001 - 2010,0.0,0.0,0.0,0.0,1000.0,14.0,14.0,14.0,14.0,5000,14.0,14.0,14.0,14.0,0,0,0,0,1
31.13,4.45531595E8,19.9148,,,,,,,,,53,,,,-1.951382281,-0.159379462,0.510088107,1.17864933,1998,7,31,4,,,,male,,,No,,,Unknown,0.0189,-0.0741,-0.1481,0.0,65320.0,6.75,6.625,6.75,6.75,96400,6.5,6.5625,6.625,6.25,48200,22000,93000,67000,1
31.365,4168408.5,15.243,,,,,,,,62,,,,,1.335753565,1.081010087,0.10907981,0.547953367,2010,8,9,0,Finance,Commercial Banks,male,male,,No,No,,,Unknown,,-0.0235,0.0,,11700.0,49.7,,,,0,49.7,48.63,48.65,48.53,26300,6000,6200,20000,0
31.55,3.740919152E9,22.0426,6520.0,237.0,0.0363,,34000.0,191764.71,0.57,54,54,112,112,1884,-1.579782765,-1.579782765,-1.579782765,-1.579782765,1996,12,11,2,Miscellaneous,Office Equipment/Supplies/Services,male,male,Yes,No,No,Dec,>10000,<= 1900,0.17,0.0311,-0.0484,0.0202,3749100.8,8.6035,7.3532,8.7521,8.6035,6361034,9.5857,9.288,9.0798,8.8712,6153185,2088992,884725,3257568,1
32.09,7.577622852E8,20.4459,208.43,15.96,0.0766,0.08,840.0,248130.95,3.64,65,46,28,28,1988,0.737097536,0.792035352,0.900924898,0.644566931,2016,5,24,1,Finance,Major Banks,male,male,Yes,Yes,Yes,Dec,501 - 1000,1951 - 2000,0.0158,0.0237,0.0046,0.0056,487593.0,21.9,21.56,22.18,22.06,1775310,22.01,22.08,22.42,22.42,313335,142631,206689,0,1
32.16,6.178242678E9,22.5443,2730.0,263.11,0.0964,0.07,78000.0,35000.0,2.26,55,55,10,10,1997,-1.403064446,-2.006145662,-0.112534216,0.679255071,2007,8,2,3,Consumer Services,Professional Services,unknown,unknown,No,No,No,Dec,>10000,1951 - 2000,0.2289,-0.0149,-0.0239,0.2274,4586280.0,16.75,13.63,17.1,14.0,18495200,15.75,16.187,17.0,16.5,1704500,852900,621900,1256900,1
32.25,1.184626318E9,20.8927,262000.0,-120.59,-5.0E-4,,134.0,1.9552238806E9,0.0,55,55,15,15,1999,-1.069196879,-1.14618263,0.339400747,0.999427089,2014,2,6,3,Health Care,Major Pharmaceuticals,unknown,unknown,Yes,,,Dec,101 - 500,1951 - 2000,0.2786,0.003,0.2186,0.2936,1213386.2,26.85,21.0,27.166,21.0,5044547,28.0,27.12,26.6,26.93,662434,104902,111849,143199,1
32.5697,3257002.57,14.9963,,,,,,,,,,,,,1.63954474,1.917030937,1.42041684,1.235048574,2016,6,8,2,,,,,,,,,,Unknown,0.0,-0.0479,-0.0148,0.0,3304.4,25.07,25.07,25.07,25.07,0,25.07,24.57,24.33,23.87,4001,3760,3153,5608,0
32.6,6.44837617E8,20.2845,167.95,20.12,0.1198,0.09,480.0,349895.83,3.84,54,54,8,8,1988,-0.283159436,-0.517832306,-0.517832306,-0.517832306,1996,12,31,1,Finance,Major Banks,male,male,Yes,No,No,Dec,101 - 500,1951 - 2000,0.0,0.0167,0.0167,0.0,8640.0,4.4443,4.4443,4.4443,4.4443,0,4.4443,4.4817,4.463,4.5183,0,5400,18900,18900,1
32.72,1.799603272E7,16.7057,,,,,,,,,,,,,1.616939375,1.431312274,0.746365438,0.227463588,2016,3,21,0,,,,,,,,,,Unknown,0.0,-0.0013,0.0272,0.0,41040.0,25.02,25.02,25.02,25.02,0,25.02,24.9875,24.9875,24.9875,202000,3200,0,0,1
32.84,3.6991023946E10,24.3339,17260.0,-73.0,-0.0042,0.75,64000.0,269687.5,2.14,44,44,1,1,2016,-0.125892849,0.982869736,1.304868472,1.540862219,2017,7,5,2,Energy,Metal Fabrications,male,male,Yes,sameYear,sameYear,Dec,>10000,2011 - present,0.0,0.0027,-0.051,5.0E-4,4923977.8,37.25,37.25,40.82,40.8,5882416,37.01,37.91,37.23,37.35,5133756,6085969,4721508,2796240,0
33.12,4.113601108E9,22.1376,1790.0,168.0,0.0939,0.32,11600.0,154310.34,2.3,63,63,0,0,2008,1.114744568,-0.45999335,-0.881141522,-1.276944264,2008,8,12,1,Finance,Real Estate,male,male,Yes,sameYear,sameYear,Dec,>10000,2001 - 2010,0.0154,-0.0114,-0.0394,0.0385,272078.2,13.2,13.0,13.5,13.0,98100,13.0,13.0,13.2,13.05,552968,295109,144739,269475,0
33.23,1.171544917E8,18.579,6.42,-131000.0,-20404.9844,19.0,6.0,1070000.0,18.25,60,,0,0,2016,0.595105996,1.206152698,1.11668375,1.23585199,2016,12,1,3,Finance,Real Estate,male,,Yes,sameYear,,Dec,0 - 100,2011 - present,0.0079,-0.118,-0.0653,0.0142,599656.8,19.15,19.0,20.52,20.25,1191226,18.45,15.4,16.65,16.89,299436,916976,346182,244464,0
33.24,2.433380603E9,21.6125,422.0,219.0,0.519,0.18,,,5.77,,44,1,1,1998,-3.092318573,-0.735822343,0.300845902,1.006113684,1999,5,25,1,Public Utilities,Natural Gas Distribution,male,male,Yes,,No,Dec,,1951 - 2000,0.0092,-0.0031,0.0,0.0214,918600.0,20.563,20.375,21.0,20.563,3513000,20.5,20.563,20.5,20.5,551300,335000,193700,0,0
34.02,,,50.8,11.01,0.2167,0.06,146.0,347945.21,,,,9,9,2007,1.99861701,2.684655158,1.600956519,1.67853609,2016,7,12,1,,,male,,Yes,Yes,,Dec,101 - 500,2001 - 2010,0.0,0.0,0.0088,0.0,400.0,28.25,28.25,28.25,28.25,2000,28.25,28.25,28.25,28.25,0,0,0,0,1
34.23,4.03914E9,22.1193,544.44,-73.41,-0.1348,0.14,1020.0,533764.71,7.42,,,1,1,2016,-2.629435351,0.276376977,0.858861667,1.316270015,2017,7,6,3,Consumer Services,Real Estate Investment Trusts,unknown,male,Yes,,,Dec,1001 - 5000,2011 - present,0.0601,0.0864,0.0842,0.0333,9155.6,31.8128,30.01,32.0,31.0,1650,34.65,33.15,34.88,34.5616,700,16505,3600,23323,1
34.25,1.282612803E9,20.9722,307.6,16.49,0.0536,0.39,,,4.17,43,43,60,60,1957,1.074313668,1.583844975,1.744298389,2.208031094,2017,3,16,3,Consumer Non-Durables,Apparel,male,male,No,,,Mar,,1951 - 2000,0.0145,-0.0019,0.0044,0.0252,7452994.4,16.08,15.85,18.4,18.0,22813258,17.23,17.1,16.52,16.05,9365950,2252253,1785613,1047898,1
34.39,4.910702511E9,22.3147,1320.0,319.65,0.2422,1.4,,,3.72,35,32,3,3,2011,-1.415000148,0.651402566,1.11516473,1.487820513,2014,12,11,3,Technology,Computer Software: Prepackaged Software,male,unknown,No,Yes,No,Dec,,2011 - present,0.2333,-0.2192,-0.2902,0.2246,6437219.4,17.02,13.8,17.5,14.4,19850705,15.15,14.46,13.92,13.29,6049406,2894916,1443883,1947187,0
34.4,1.125781452E9,20.8417,286.78,-15.96,-0.0557,0.38,1600.0,179237.5,3.93,53,53,,-5,2013,-1.012335175,-1.256109353,-1.671293568,-2.376453793,2008,3,19,2,Health Care,Medical Specialities,male,male,Yes,No,No,Dec,1001 - 5000,2011 - present,0.0011,-0.0085,0.1299,0.0368,387142.8,17.7,17.68,18.65,18.0,1584063,18.02,18.02,18.06,17.55,142063,0,71994,137594,1
34.46,1.615652172E9,21.203,13.73,-120.32,-8.7633,1.27,112.0,122589.29,117.67,49,49,3,3,2013,-0.103527316,-1.300379828,-1.313660722,-2.011240971,2016,2,3,2,Health Care,Biotechnology: Biological Products (No Diagnostic Substances),female,female,Yes,Yes,Yes,Dec,101 - 500,2011 - present,0.1375,-0.2962,0.7527,0.055,1192855.0,18.2,16.0,18.88,18.0,4157947,18.5,17.6,15.85,12.81,469941,220160,372112,744115,1
34.61,1.6503233877E10,23.5268,13970.0,-1720.0,-0.1231,,15617.0,894538.0,1.18,61,61,1,1,1996,-0.783014752,-0.726208735,0.16241656,0.950824404,1997,11,10,0,Public Utilities,Electric Utilities: Central,male,male,Yes,No,No,Dec,>10000,1951 - 2000,0.0025,0.0322,0.0844,0.0224,841480.0,25.188,25.125,25.75,25.188,947000,25.313,25.625,25.875,26.0,514200,343600,1007700,1394900,1
34.94,3.146231349E8,19.5669,,,,,,,,54,54,,,,-1.308859983,-1.309582707,-0.035402366,0.715781705,2005,3,28,0,,,male,male,,No,No,,,Unknown,,0.0,0.002,,171580.0,25.0,,,,0,25.0,25.0,25.01,25.0,807900,18300,21400,10300,0
35.05,1.162273001E9,20.8736,500.97,-20.29,-0.0405,0.31,1726.0,290249.13,2.32,61,61,14,14,1987,-0.2316863,-1.052913022,-0.507499222,-1.079688941,2001,7,20,4,Health Care,Biotechnology: Electromedical & Electrotherapeutic Apparatus,male,male,Yes,No,No,Dec,1001 - 5000,1951 - 2000,0.2576,-0.0311,0.0243,0.0783,957060.0,14.45,11.49,15.35,14.45,3390900,15.5,14.75,14.15,14.0,607000,305500,424800,57100,0
35.65,4.509725E9,22.2295,5500.0,368.6,0.067,0.16,7100.0,774647.89,0.82,49,49,134,134,1883,-0.37634027,0.772575805,1.216036135,1.756170508,2017,4,3,0,Energy,Coal Mining,male,male,Yes,Yes,Yes,Dec,5001 - 10000,<= 1900,0.0323,-0.1106,-0.1694,0.0489,1787620.2,31.0,30.03,31.4999,30.03,15515,27.25,28.0,27.55,27.57,3711275,3178535,1614392,418384,0
35.78,4.163018743E8,19.8469,120.71,19.39,0.1606,0.13,482.0,250435.68,3.45,59,70,9,9,1996,1.468042679,1.274144927,1.300888692,1.884725216,2005,2,14,0,Finance,Major Banks,male,male,Yes,No,sameYear,Dec,101 - 500,1951 - 2000,0.1081,-0.0488,-0.2468,0.3622,6445.8,19.0685,17.2082,23.4403,17.2082,23361,18.6034,19.5336,18.6034,18.1384,1988,1032,4343,1505,0
35.98,3.5104015125E10,24.2816,1070.0,295.34,0.276,,,,32.81,54,45,0,0,2010,0.968447154,0.105757349,-0.37800898,0.097850579,2010,7,29,3,Public Utilities,Natural Gas Distribution,male,female,Yes,No,No,Dec,,2001 - 2010,0.0541,0.0433,0.0424,0.0405,3296589.6,21.1018,20.0185,21.7707,20.9605,12026841,21.5728,21.7424,22.0156,22.0156,2002933,820476,551178,1081520,1
36.15,1.848110657E9,21.3374,447.38,1.28,0.0029,0.11,818.0,546919.32,4.13,47,60,0,0,2013,-2.053080614,-0.989042807,0.197525876,0.944951219,2013,10,9,2,Consumer Services,Real Estate Investment Trusts,male,male,Yes,sameYear,No,Dec,501 - 1000,2011 - present,0.0,0.0362,0.0048,0.0195,1273502.4,21.0,21.0,22.81,22.4,5399535,21.19,21.8,21.6,21.76,507213,245253,139337,76174,1
36.3,6.831283787E9,22.6448,1030.0,1.61,0.0016,0.46,560.0,1839285.71,6.63,51,48,7,7,2008,1.286732003,1.041818266,1.162632333,1.533910198,2015,4,16,3,Finance,Investment Bankers/Brokers/Service,male,male,Yes,Yes,Yes,Dec,501 - 1000,2001 - 2010,0.0086,-0.0167,-0.0095,0.0282,4737739.8,22.18,21.99,23.67,23.05,15680086,22.66,22.96,22.35,21.81,3868850,1960780,1242621,936362,1
36.35,8.077191008E8,20.5097,87.51,17.03,0.1946,0.2,313.0,279584.66,9.23,60,51,3,3,1999,1.07972004,0.512258064,-0.409832309,-1.14158849,2002,11,1,4,Technology,Semiconductors,male,male,Yes,No,No,Dec,101 - 500,1951 - 2000,0.0333,-0.1176,0.3302,0.2255,425580.0,5.27,5.1,6.25,5.1,358700,5.11,4.6,4.739,4.65,413600,675200,353200,327200,1
37.48,1.702306406E9,21.2552,13.48,-108.45,-8.0453,,139.0,96978.42,126.28,47,47,10,10,2003,2.020427436,1.676649704,1.881732238,1.744141247,2013,9,19,3,Health Care,Biotechnology: Biological Products (No Diagnostic Substances),male,male,Yes,No,No,Dec,101 - 500,2001 - 2010,0.0805,0.1291,0.1031,0.1243,2487171.8,19.99,18.5,20.8,18.5,5488861,20.99,20.03,21.7,22.57,5816822,334680,453397,342099,1
37.75,6.2665E8,20.2559,,,,,,,,,,,,,-2.265693073,-3.08659031,-1.845176749,-0.226442112,2014,10,15,2,,,,,,,,,,Unknown,0.0,0.0123,-0.0119,0.0,2315.8,50.4099,50.4099,50.4099,50.4099,0,50.4099,50.77,50.55,51.03,201,9031,2051,296,0
38.0,1.882029306E9,21.3556,611.99,66.39,0.1085,0.11,1066.0,574099.44,3.08,59,59,98,98,1902,0.957913569,1.285730832,1.786561301,2.182194868,2000,1,3,0,Public Utilities,Telecommunications Equipment,male,male,Yes,No,No,Dec,1001 - 5000,1901 - 1950,0.0,-0.0222,0.1852,0.0,20400.0,2.8125,2.8125,2.8125,2.8125,30000,2.7708,2.7708,2.7708,2.75,67200,0,0,4800,1
38.08,1.468533418E9,21.1075,27.52,-153.24,-5.5683,25.08,125.0,220160.0,53.36,48,48,0,0,2012,0.919426797,0.384101453,0.694546281,1.105390522,2012,12,21,4,Health Care,Major Pharmaceuticals,male,male,No,No,No,Dec,101 - 500,2011 - present,0.0909,-0.0417,-0.1472,0.003,122960.2,7.2,6.6,8.1,8.08,68615,6.8,9.03,6.8,6.9,130663,0,256359,159164,1
38.27,1.495985207E9,21.1261,4710.0,172.13,0.0365,0.12,6825.0,690109.89,0.32,58,58,31,31,1965,0.0,0.0,0.0,0.0,1996,6,7,4,Consumer Durables,Automotive Aftermarket,unknown,unknown,Yes,No,No,Dec,5001 - 10000,1951 - 2000,0.1429,-0.0179,-0.1429,0.0,839819.8,4.6667,4.0833,4.6667,4.6667,2060099,4.4167,4.625,4.5,4.5833,839700,650700,383700,264900,0
38.69,3.0013562443E10,24.1249,17490.0,,,,,,1.72,,,7,7,1996,-0.931364617,0.628901836,1.220499761,1.622743877,2003,7,17,3,Public Utilities,Telecommunications Equipment,unknown,,No,No,,Mar,,1951 - 2000,0.0077,0.0418,-0.0321,0.0098,5504579.6,10.9229,10.8392,10.9457,10.8392,10302990,11.646,11.3568,11.5014,11.3796,11340462,3297787,1189999,1391660,1
39.16,1.830264192E9,21.3277,380.46,91.94,0.2417,0.08,303.0,1255643.56,4.81,64,54,18,18,1986,-1.699118669,-2.125650317,-2.474204695,-0.576532127,2004,8,13,4,Finance,Investment Managers,male,male,Yes,,,Dec,101 - 500,1951 - 2000,0.0,0.0885,0.1846,0.0146,548680.0,13.0,13.0,13.3,13.11,1693000,13.05,13.1,13.75,14.15,335200,149900,285600,279700,1
39.17,2.24342873E9,21.5313,10290.0,-192.0,-0.0187,5.51,22615.0,455007.74,0.22,52,52,1,1,2015,-2.356889675,-2.829547295,-1.030233792,0.170913387,2016,11,4,4,Consumer Services,Other Consumer Services,male,male,Yes,sameYear,sameYear,Dec,>10000,2011 - present,0.0227,-0.0511,-0.0456,0.0227,939076.0,45.0,44.0,45.0,44.0,11214,43.21,43.78,43.6,42.7,2115852,1213972,786426,567916,1
39.17,3.8838875504E10,24.3827,52970.0,1900.0,0.0359,0.65,80750.0,655975.23,0.73,51,36,0,0,1997,-0.901727655,0.820309317,1.368592232,1.690112849,1997,8,12,1,Consumer Services,Building operators,unknown,unknown,No,No,No,Dec,>10000,1951 - 2000,0.0074,-0.0221,-0.0183,,46913.2,3.109,3.0863,3.1321,,27338,3.0978,3.052,3.0863,3.0404,48663,24605,82563,51397,1
39.55,1.49898455E7,16.5229,,,,,,,,,,,,,1.583061731,0.35714459,-0.467607844,-0.582473114,2011,10,14,4,Finance,Investment Bankers/Brokers/Service,,,,,,,,Unknown,,0.0915,-0.202,,380.0,50.94,,,,0,50.94,54.2,51.83,55.6,200,300,200,1200,0
39.8,1.044826137E9,20.7671,197.02,36.22,0.1838,0.36,821.0,239975.64,5.3,39,39,4,4,2010,1.415863496,1.503259783,1.888408889,1.882982581,2014,11,7,4,Finance,Major Banks,male,male,Yes,,,Dec,501 - 1000,2001 - 2010,0.0625,-0.0063,0.1247,0.0475,354265.4,12.75,12.0,12.75,12.18,1377356,12.82,12.72,12.74,12.67,227724,77874,45970,42403,1
39.9,1.234216765E9,20.9337,,134.47,,,21.0,,,,58,0,0,2005,1.38104482,1.790028167,2.060588735,1.661225013,2005,7,27,2,Technology,Radio And Television Broadcasting And Communications Equipment,male,male,Yes,,No,Dec,0 - 100,2001 - 2010,0.0,0.0436,-0.0091,0.0364,70073.8,27.5,27.5,28.5,27.5,62975,27.6,27.6,28.5,28.7,63000,0,160595,63799,0
39.99,3.782430956E8,19.751,244.7,-6.41,-0.0262,,410.0,596829.27,1.55,54,54,2,2,2006,-2.798628431,-2.626887943,-2.223003405,-2.066200293,2008,9,15,0,Finance,Property-Casualty Insurers,unknown,unknown,Yes,No,No,Dec,101 - 500,2001 - 2010,0.1091,0.0246,-0.2426,0.0,6204.0,6.1,5.5,6.95,6.95,5200,6.09,5.45,6.2,6.25,8400,9300,5120,3000,0
40.02,1.564393206E9,21.1708,4710.0,172.13,0.0365,0.12,6825.0,690109.89,0.33,58,58,37,37,1965,-2.282993059,-2.479493498,-2.97856264,-3.180868144,2002,7,10,2,Consumer Durables,Automotive Aftermarket,unknown,unknown,Yes,No,No,Dec,5001 - 10000,1951 - 2000,0.0,-0.1383,-0.3417,0.0,6300.0,4.0,4.0,4.0,4.0,2700,4.0,3.9667,3.4334,3.4467,0,600,8550,19650,0
40.2,5.700401406E8,20.1612,,,,,,,,62,,,,,1.333179283,1.715625755,1.877015056,1.585862965,2003,12,16,1,Finance,Property-Casualty Insurers,female,male,,No,,,,Unknown,0.0324,-0.0286,0.0543,0.0295,475029.4,35.0,33.9,35.0,34.0,2078996,34.4,34.2,34.24,34.0,130607,106385,33610,25549,0
40.27,2.789183559E9,21.749,452.01,189.29,0.4188,0.25,,,6.17,59,53,0,0,2013,-1.062303985,0.808660581,1.350926858,1.563225345,2013,12,11,2,Energy,Natural Gas Distribution,male,male,Yes,No,sameYear,Dec,,2011 - present,0.0182,0.0461,0.1418,0.0124,2588035.2,28.0,27.5,28.59,28.25,11119408,28.51,28.2,28.95,29.29,865775,256568,286799,411626,1
40.55,7.781395857E9,22.775,4560.0,193.76,0.0425,,20000.0,228000.0,1.71,,46,37,37,1976,1.715706218,2.298229616,2.430951123,1.780191537,2013,10,25,4,Technology,Radio And Television Broadcasting And Communications Equipment,,male,Yes,,No,Dec,>10000,1951 - 2000,0.0183,0.0193,0.034,0.0279,5320248.8,14.99,14.72,15.42,15.01,21874424,14.88,15.25,15.43,15.28,1480130,1190891,1549084,506715,1
40.61,1.36326308E8,18.7306,32.8,7.44,0.2268,0.05,206.0,159223.3,4.16,58,58,1,1,1998,0.981165218,1.313606166,1.667875716,2.06023383,1999,1,4,0,Finance,Savings Institutions,male,male,Yes,No,No,Dec,101 - 500,1951 - 2000,0.0,0.0649,0.0779,0.0,154.0,8.75,8.75,8.75,8.75,0,9.0909,9.0909,9.0909,9.3182,0,0,0,770,1
40.9,7.886038612E8,20.4858,100.87,17.18,0.1703,0.13,423.0,238463.36,7.82,52,53,23,23,1983,1.351698649,1.814790956,2.194893513,2.532660585,2006,10,19,3,Health Care,Medical/Dental Instruments,male,male,Yes,No,No,Dec,101 - 500,1951 - 2000,0.0231,-0.0081,-0.0242,0.0297,579604.6,6.2,6.06,6.68,6.5,2185606,6.5,6.5,6.35,6.15,405836,167972,87716,50893,1
40.91,4.946511679E9,22.3219,2160.0,-67.0,-0.031,,10615.0,203485.63,2.29,69,69,28,28,1979,0.721989159,-0.501415191,-0.306009925,0.533446197,2007,9,12,2,Technology,Computer Manufacturing,male,male,Yes,No,No,Dec,>10000,1951 - 2000,0.0,-0.0212,0.0413,0.0,181580.0,25.9,25.9,30.0,30.0,265700,25.7,25.89,25.95,25.35,86400,2900,31700,521200,0
41.0442,,,,,,,,,,,,,,,-3.235985153,-2.930545852,-2.843570247,-0.359581905,2015,8,20,3,,,,,,,,,,Unknown,0.0,-0.0467,-0.0055,0.0015,463.2,34.44,34.44,34.51,34.46,1500,33.53,33.0699,33.3,32.83,366,150,100,200,0
41.05,1.89820282E9,21.3642,301.12,60.1,0.1996,0.62,846.0,355933.81,6.3,57,57,0,0,1997,0.943752555,1.480477542,2.153368251,2.253775483,1997,6,25,2,Finance,Major Banks,male,male,Yes,No,No,Dec,501 - 1000,1951 - 2000,0.0385,0.0093,0.3611,0.0577,150528.0,67.5,65.0,71.25,67.5,624920,67.5,66.875,67.5,68.125,83200,33720,4480,6320,1
41.14,5.717799209E9,22.4668,1560.0,-19.0,-0.0122,0.05,3228.0,483271.38,3.67,54,54,0,0,2011,0.968024976,1.249967964,0.476629456,-0.115989876,2011,12,7,2,Technology,"Computer Software: Programming, Data Processing",male,male,Yes,sameYear,sameYear,Dec,1001 - 5000,2011 - present,0.1437,0.0018,-0.0645,0.0108,739016.4,27.45,24.0,27.76,27.5,1413628,26.55,27.91,27.45,27.5,719530,716180,393301,452443,1
41.47,9.306852581E9,22.954,1.16851E7,1345080.0,0.1151,0.06,,,0.0,,,104,104,1899,-1.232928237,0.384800792,0.838383942,1.350751088,2003,9,29,0,Finance,Commercial Banks,unknown,male,No,No,,Dec,,<= 1900,0.0,-0.0154,0.0154,0.0,860.0,16.25,16.25,16.25,16.25,100,16.25,16.25,16.25,16.0,100,0,300,3800,1
42.07,2.235449147E9,21.5277,281.8,93.09,0.3303,0.23,434.0,649308.76,7.93,61,61,7,7,2007,0.98926151,1.379956356,1.497220023,1.483451848,2014,5,14,2,Finance,Major Banks,male,male,Yes,Yes,Yes,Dec,101 - 500,2001 - 2010,0.0198,-0.052,0.0176,0.0226,1106472.0,14.1667,13.8917,15.48,15.1667,2797896,13.9,13.7833,13.4917,13.43,967806,536190,574950,655518,1
42.78,2.061979359E9,21.4469,412.01,89.18,0.2165,0.13,869.0,474119.68,5.0,60,60,54,54,1952,1.153988711,1.613873335,1.768435255,1.799436709,2006,10,3,1,Finance,Savings Institutions,male,male,Yes,No,No,Dec,501 - 1000,1951 - 2000,0.0519,0.0174,0.0274,0.0316,1996960.0,10.7071,10.1786,11.0357,10.7143,7095900,11.0,11.0,10.9214,10.8929,1232960,573172,466694,616074,1
43.41,2.358695547E9,21.5814,2750.0,151.4,0.0551,,7000.0,392857.14,0.86,58,58,11,11,1992,2.025643464,2.275796228,2.242723969,1.739120665,2003,12,18,3,Consumer Durables,Home Furnishings,male,male,Yes,No,No,Dec,5001 - 10000,1951 - 2000,0.1071,-0.0387,0.1548,0.1186,1869619.8,15.5,14.0,15.66,14.0,7715200,15.25,15.36,15.24,14.9,1015099,233100,238300,146400,1
43.64,2.57476E9,21.669,,,,,,,,,52,,,,1.880171074,0.36804679,0.497211245,0.918617279,2007,12,10,0,,,,male,,,No,,,Unknown,,0.0022,-0.0224,,1000.0,50.01,,,,0,50.01,50.01,50.05,50.12,0,2200,700,2100,0
43.7,3.198829206E9,21.8861,655.78,286.17,0.4364,0.08,,,4.88,56,56,0,0,2013,1.828259252,2.505873769,2.079673501,2.424160053,2013,5,14,1,Public Utilities,Natural Gas Distribution,male,male,Yes,sameYear,sameYear,Dec,,2011 - present,0.0,0.0353,-0.0135,0.0302,2358841.2,21.5,21.5,22.65,22.0,10305957,22.15,22.21,22.23,22.26,670606,341145,258137,218361,1
43.95,7.940867981E8,20.4927,337.67,15.14,0.0448,0.04,1392.0,242579.02,2.35,63,63,13,13,1983,0.25407035,0.25407035,0.25407035,0.25407035,1996,11,27,2,Consumer Services,Diversified Commercial Services,male,male,Yes,No,No,Dec,1001 - 5000,1951 - 2000,0.0476,-0.0455,0.0114,0.0179,1071880.0,11.0,10.5,11.188,11.0,4362800,11.0,10.688,10.375,10.5,0,298400,487200,211000,1
43.95,2.617815561E9,21.6856,2630.0,-267.7,-0.1018,,1334.0,1971514.24,1.0,66,57,1,1,2002,1.638821989,1.817335102,1.974953367,1.626908558,2003,12,4,3,Finance,Property-Casualty Insurers,male,male,No,Yes,No,Dec,1001 - 5000,2001 - 2010,0.0021,-0.0125,0.0316,0.0313,1734980.0,24.05,24.0,25.75,25.0,6085900,24.52,24.3,23.9,23.75,837700,334600,745100,671600,0
44.15,3.801654646E9,22.0587,21390.0,613.5,0.0287,0.06,26000.0,822692.31,0.18,57,57,6,6,1992,-1.951382281,-0.159379462,0.510088107,1.17864933,1998,7,31,4,Consumer Durables,Automotive Aftermarket,male,male,Yes,No,No,Dec,>10000,1951 - 2000,0.0,-0.1094,-0.2278,0.0,156240.0,10.5625,10.5625,11.6875,11.6875,60600,10.719,10.0315,9.125,9.4065,63600,156200,282200,218600,0
44.47,6.909269658E8,20.3535,174.42,28.36,0.1626,0.03,636.0,274245.28,3.96,56,56,13,13,1984,2.209097304,2.748395455,1.594269577,1.961223467,1997,10,7,1,Finance,Major Banks,male,male,Yes,No,No,Dec,501 - 1000,1951 - 2000,0.0536,0.1695,0.3337,0.0089,17280.0,9.8333,9.3333,9.9167,9.8333,24300,11.1147,11.2187,11.3333,11.5,39600,1350,18900,2250,1
44.4729,1.556560395E7,16.5606,,,,,,,,,,,,,0.891859769,1.411243301,1.804064671,1.131671785,2012,2,15,2,,,,,,,,,,Unknown,,0.0,-0.0101,,20.0,30.75,,,,0,30.75,30.75,30.75,30.75,100,0,0,0,0
44.53,2.244716466E9,21.5318,9270.0,130.16,0.014,0.1,9700.0,955670.1,0.24,57,57,0,0,1996,0.0,0.0,0.0,0.0,1996,11,1,4,Consumer Non-Durables,Food Distributors,male,male,Yes,No,No,Jul,5001 - 10000,1951 - 2000,0.0189,0.0,0.0,0.0377,1002440.0,6.75,6.625,7.0,6.75,3783600,6.75,6.75,6.75,6.75,529600,358000,182200,158800,1
44.6,7.683296858E8,20.4597,129.78,20.07,0.1546,0.47,433.0,299722.86,5.92,54,54,2,2,2013,-0.062379319,0.769469662,1.013045922,1.463986729,2015,3,19,3,Finance,Major Banks,male,male,Yes,No,No,Dec,101 - 500,2011 - present,0.0297,0.0417,0.0417,0.06,143712.2,21.12,20.51,22.45,21.22,588736,21.7,21.39,22.3,22.0,33810,13514,43841,38660,1
44.6,1.012464199E9,20.7357,474.93,54.61,0.115,0.14,1664.0,285414.66,2.13,60,60,6,6,2004,-2.342525682,0.33569025,0.866165864,1.186610968,2010,5,5,2,Capital Goods,Construction/Ag Equipment/Trucks,male,male,Yes,No,No,Dec,1001 - 5000,2001 - 2010,0.0329,0.0186,0.0204,0.064,735024.4,11.29,10.93,11.95,11.25,2975015,11.49,11.5,11.55,11.5,467880,119925,61160,51142,1
44.65,1.567215E9,21.1726,,,,,,,,49,,11,11,2003,1.048647245,1.374169568,1.712106212,1.793758543,2014,7,18,4,Technology,EDP Services,male,male,,Yes,Yes,,,2001 - 2010,0.0227,-0.0231,0.0809,0.0036,965762.8,11.25,11.0,12.99,12.95,4147881,11.51,11.44,11.02,10.99,256102,185358,100116,139357,1
44.67,2.51770068E9,21.6466,2120.0,130.32,0.0615,0.03,6400.0,331250.0,1.19,61,61,40,40,1969,1.442689489,1.453899836,1.669694663,1.122097122,2009,9,9,2,Technology,Radio And Television Broadcasting And Communications Equipment,male,male,No,No,No,Dec,5001 - 10000,1951 - 2000,0.0017,0.0,0.0075,0.0017,40.0,28.549,28.5,28.549,28.5,200,28.549,28.549,28.549,28.549,0,0,0,0,1
45.45,2.6361E8,19.39,,,,,,,,49,60,,,,0.452084546,1.35863639,1.867299866,2.179981631,2004,12,8,2,,,unknown,male,,Yes,No,,,Unknown,,-0.0089,-0.0598,,98840.0,14.55,,,,0,14.54,14.52,14.38,14.42,224700,137500,76900,55100,0
45.47,1.8297377312E10,23.63,,,,,,,,51,,36,36,1960,0.0,0.0,0.0,0.0,1996,6,7,4,Consumer Services,Television Services,male,,,No,,,,1951 - 2000,0.0,0.0,0.0,0.0,0.0,4.9375,4.9375,4.9375,4.9375,,4.9375,4.9375,4.9375,4.9375,,,,,0
45.55,9.614285872E8,20.6839,1480.0,29.9,0.0202,0.04,1800.0,822222.22,0.65,48,48,,,,0.406217541,1.098728743,1.483991224,1.932368783,2006,2,1,2,Basic Industries,Forest Products,male,male,Yes,No,No,Dec,1001 - 5000,Unknown,0.0862,0.0794,0.1937,0.1166,1334620.0,15.75,14.5,16.29,14.6,5037000,16.15,16.95,17.25,17.0,751000,289000,267500,328600,1
45.55,1.338412276E9,21.0147,876.74,51.43,0.0587,0.24,4580.0,191427.95,1.53,57,57,2,2,2004,2.113994285,1.769966469,1.814615489,2.607972714,2006,12,15,4,Capital Goods,Industrial Machinery/Components,male,male,Yes,No,No,Dec,1001 - 5000,2001 - 2010,0.0696,0.0182,-0.0259,0.0591,1237867.8,14.29,13.36,14.29,13.5,5134619,13.99,13.8,13.75,14.55,425813,288968,155302,184637,1
45.6,7.52400912E7,18.1362,,,,,,,,,,,,,0.064051684,-0.583615223,-0.091147618,0.784553402,2014,10,21,1,,,,,,,,,,Unknown,0.0,0.0,0.0366,0.0,32.6,30.8405,30.8405,30.8405,30.8405,0,30.8405,30.8405,30.8405,30.8405,0,0,0,163,1
46.06,1.765257653E9,21.2916,613.89,30.72,0.05,0.21,,,2.88,48,52,8,8,2007,1.531353802,1.700840661,1.701428078,1.714825554,2015,5,21,3,Consumer Services,Catalog/Specialty Distribution,unknown,unknown,No,,Yes,Dec,,2001 - 2010,0.1311,0.1724,0.158,0.0693,4255536.2,10.44,9.23,10.89,10.25,9467872,11.08,11.08,12.78,12.24,2806632,0,4898883,4104294,0
46.18,1.554987922E9,21.1647,789.58,61.36,0.0777,0.04,3373.0,234088.35,1.97,48,48,2,2,1994,0.0,0.0,0.0,0.0,1996,2,28,2,Technology,EDP Services,male,male,Yes,No,No,Dec,1001 - 5000,1951 - 2000,0.122,-0.0489,-0.0217,0.038,1879560.0,11.5,10.25,11.89,11.5,6837600,11.0,10.813,10.375,10.938,1587200,452600,0,520400,1
46.88,1.92E11,25.9808,,,,,,,,57,50,0,0,1997,0.723169421,1.371671582,1.278104116,1.619873794,1997,10,22,2,Public Utilities,Telecommunications Equipment,unknown,unknown,,No,No,,,1951 - 2000,0.0274,0.1964,0.2187,0.0345,1.837744E7,7.0,6.813,7.235,7.0,48774000,6.906,7.266,6.953,8.375,12562400,13475200,8487600,8588000,1
47.05,1.623163082E9,21.2076,1720.0,48.8,0.0284,0.03,1774.0,969560.32,0.94,53,53,16,16,1986,-2.442617594,-1.60458184,-0.456138462,-1.008083354,2002,1,29,1,Technology,Semiconductors,male,male,Yes,No,No,Jun,1001 - 5000,1951 - 2000,0.0667,0.0107,-0.0389,0.0928,3010350.0,8.74,8.1933,9.0933,8.3333,10903050,8.78,8.6533,8.7793,8.8334,1657950,1156050,771600,563100,0
47.3,1.64632801E9,21.2218,321.72,22.87,0.0711,0.22,1020.0,315411.76,5.12,56,56,9,9,2002,-0.211611681,0.871024687,-0.254384318,-0.59336005,2011,11,9,2,Technology,Computer Software: Prepackaged Software,male,male,Yes,No,No,Dec,1001 - 5000,2001 - 2010,0.0909,0.0683,0.14,0.0964,820315.2,24.0,22.0,25.12,23.0,3310021,25.0,26.4,25.65,25.64,400791,165715,55498,169551,1
47.61,1.843787709E9,21.3351,609.48,94.96,0.1558,0.18,982.0,620651.73,3.03,58,56,1,1,2006,1.790299713,1.592051675,1.393502817,1.948783759,2007,1,31,2,Consumer Services,Real Estate,male,female,Yes,No,No,Dec,501 - 1000,2001 - 2010,0.0326,0.1011,-0.0053,0.058,2645120.0,18.7,18.11,19.2,18.15,9132800,20.8,20.9712,20.0,20.59,1877600,1070900,530000,614300,0
47.81,7.622075305E9,22.7543,803.71,230.98,0.2874,1.27,180.0,4465055.56,9.48,57,47,4,4,2010,0.389263529,1.281202034,1.510698116,1.770830982,2014,1,17,4,Energy,Oil & Gas Production,male,male,Yes,Yes,No,Dec,101 - 500,2001 - 2010,0.008,0.0174,0.2104,0.0165,3169445.6,20.15,19.99,20.83,20.5,13000333,20.15,20.28,20.9,20.5,0,1743106,730214,373575,1
47.85,1.105203604E9,20.8233,236.93,48.19,0.2034,0.33,635.0,373118.11,4.66,50,50,10,10,1988,-0.52255036,-1.485129935,-2.006677355,-0.154425915,1998,9,8,1,Finance,Major Banks,male,male,Yes,No,No,Dec,501 - 1000,1951 - 2000,0.0,0.0,0.0252,0.0,120.0,29.75,29.75,29.75,29.75,600,29.75,29.75,29.75,29.75,0,0,0,0,1
48.0188,3.361316E7,17.3304,,,,,,,,,,,,,-0.805317122,0.835995632,1.364993241,1.580598369,2013,12,16,0,,,,,,,,,,Unknown,0.0,-0.0034,-0.0012,0.0,240.0,50.07,50.07,50.07,50.07,0,50.07,50.07,50.07,49.8999,0,0,1000,200,0
48.37,1.423511832E9,21.0764,855.0,11.86,0.0139,0.43,17750.0,48169.01,1.66,51,56,11,11,1996,-2.221012213,-3.442841492,-0.955795274,0.141561315,2007,8,3,4,Technology,EDP Services,male,male,Yes,Yes,No,Mar,>10000,1951 - 2000,0.0,0.1636,0.1956,0.0211,598857.4,11.86,11.86,13.75,13.5,2263471,12.4,12.74,13.3,13.8,199639,172170,213889,145118,1
48.39,2.732227924E9,21.7284,,,,,,,,43,,5,5,2005,1.627033972,1.681561831,2.232383842,2.148456549,2010,11,10,2,Finance,Investment Managers,unknown,male,,Yes,No,,,2001 - 2010,0.1381,-0.0306,0.1257,0.1566,2639690.8,15.99,14.05,17.2,15.0,9275158,15.5,16.55,16.5,15.5,1282847,1060408,924800,655241,1
48.4562,9.206687691E7,18.338,,,,,,,,62,62,,,,1.437884985,1.884504364,1.477248354,1.974336585,2007,2,8,3,,,male,male,,,,,,Unknown,,0.0,-0.0355,,0.0,20.0,,,,0,20.0,20.0,20.0,20.0,0,0,0,0,0
48.6,1.1421E8,18.5535,,,,,,,,,,,,,1.31908501,1.602319348,1.96490772,1.246482079,2012,2,14,1,,,,,,,,,,Unknown,,0.0,0.002,,40.0,50.0,,,,0,50.0,50.0,50.0,50.0,0,0,200,0,0
49.29,3.4503E7,17.3566,,,,,,,,,,,,,1.85198689,1.867987003,2.17050176,1.941321142,2014,7,1,1,,,,,,,,,,Unknown,0.0,0.0015,-0.01,0.0,1481.2,34.92,34.92,34.92,34.92,0,34.92,35.07,35.07,34.972,2774,632,0,4000,1
49.61,9.48512794E9,22.973,1080.0,-94.42,-0.0874,0.27,3181.0,339515.88,8.78,41,52,1,1,2014,0.090274383,-0.160708526,0.189000932,0.813688294,2015,8,3,0,Miscellaneous,Business Services,male,male,Yes,,,Dec,1001 - 5000,2011 - present,0.0785,-0.0447,-0.111,0.0455,101464.6,27.74,25.72,28.82,27.65,144677,25.8,25.24,26.95,26.5,129608,107658,73134,52246,0
49.755,1.38070135E9,21.0459,,,,,,,,,,,,,1.873512617,0.732880252,1.062790579,1.145325276,2011,7,6,2,,,,,,,,,,Unknown,0.0115,-0.0296,-0.0872,0.0055,481504.6,20.29,20.06,20.31,20.2,339024,20.51,20.42,19.91,19.69,738193,779206,317246,233854,0
49.84,4.424043962E9,22.2103,4850.0,285.0,0.0588,0.08,18000.0,269444.44,0.91,47,,,,,-1.382408153,0.40513762,-0.395371076,-0.821910048,2011,11,17,3,Capital Goods,Auto Parts:O.E.M.,male,,No,,,Dec,>10000,Unknown,0.0038,-0.0797,-0.0173,0.0315,6373682.2,17.8657,17.7987,18.3598,17.7987,20962021,17.5893,17.003,16.6679,16.4418,3245684,2825251,3568237,1267218,1
50.64,1.895833329E9,21.3629,1810.0,107.96,0.0596,,4609.0,392709.92,1.05,60,60,14,14,1982,0.0,0.0,0.0,0.0,1996,5,9,3,Consumer Services,Professional Services,male,male,Yes,No,No,Dec,1001 - 5000,1951 - 2000,0.0,0.0137,0.1113,0.1113,666000.0,4.0,4.0,4.445,4.0,2263050,4.0,4.111,4.0,4.055,383625,231750,183825,267750,0
50.71,1.0537668933E10,23.0782,1680.0,328.86,0.1958,0.13,8287.0,202727.16,6.27,62,55,24,24,1986,0.932697025,1.442957361,1.879393394,1.480138516,2010,3,31,2,Technology,Computer Software: Prepackaged Software,male,male,Yes,Yes,Yes,Dec,5001 - 10000,1951 - 2000,0.0047,0.0139,0.0955,0.0187,3650533.6,7.54,7.505,8.17,8.03,15108702,7.56,7.56,7.525,7.645,1416164,0,1336162,391640,1
51.18,2.40423168E9,21.6005,41.0,-68.36,-1.6673,6.94,127.0,322834.65,58.64,38,49,2,2,2014,-0.517868941,-1.113999041,0.38206643,0.886321416,2016,10,19,2,Health Care,Biotechnology: Biological Products (No Diagnostic Substances),unknown,male,No,No,No,Dec,101 - 500,2011 - present,0.0057,0.0227,0.5316,0.0942,507916.6,14.09,14.01,16.32,15.0,1884289,13.94,13.82,14.01,14.41,355603,113857,100745,85089,1
51.28,9.306595978E9,22.954,6180.0,746.0,0.1207,0.15,7000.0,882857.14,1.51,60,60,1,1,2014,0.178884979,0.561754778,0.87009293,1.220566673,2015,6,19,4,Basic Industries,Major Chemicals,male,male,Yes,sameYear,sameYear,Dec,5001 - 10000,2011 - present,0.0171,-0.2811,-0.3746,0.061,1664169.6,20.8505,20.5,22.25,21.0,2636060,20.03,17.845,16.9,14.99,821903,1500109,1171422,2191354,0
51.45,5.151492476E9,22.3626,,,,,,,,,,,,,0.768836034,1.29357661,1.398783313,1.721911894,2009,11,19,3,,,,,,,,,,Unknown,0.0,0.0016,0.0025,0.0,5803.4,50.15,50.15,50.15,50.15,0,50.15,50.15,50.225,50.23,0,2000,11370,15647,1
51.74,3.14043215E9,21.8676,2810.0,471.32,0.1677,0.02,2205.0,1274376.42,1.12,66,66,0,0,2011,-1.532229542,-2.142071875,-1.353630048,0.474519077,2011,6,16,3,Consumer Services,Television Services,male,male,Yes,sameYear,sameYear,Dec,1001 - 5000,2011 - present,0.1448,0.0014,0.0496,0.14,585023.6,35.49,31.0,35.49,31.15,1827551,35.05,34.95,35.0,35.54,435919,299336,335666,26646,1
51.8917,2.516748488E8,19.3436,,,,,,,,,,,,,1.31908501,1.602319348,1.96490772,1.246482079,2012,2,14,1,,,,,,,,,,Unknown,,0.0,0.0118,,20.0,30.52,,,,0,30.52,30.52,30.52,30.52,0,100,0,0,0
52.0,2.0800052E7,16.8505,,,,,,,,,,,,,-0.368983447,-1.411374882,-2.160004129,-1.813469653,2015,9,23,2,,,,,,,,,,Unknown,0.0,0.0018,0.0092,0.0,280.0,50.26,50.26,50.26,50.26,0,50.26,50.26,50.35,50.35,800,0,600,0,1
52.95,2.114530292E9,21.4721,726.27,29.4,0.0405,0.18,749.0,969652.87,2.91,58,48,7,7,2007,0.154716145,0.678958668,1.134554337,1.392778621,2014,4,16,2,Finance,Investment Managers,male,male,Yes,Yes,No,Dec,501 - 1000,2001 - 2010,0.0058,0.0038,0.1178,0.0085,1049781.0,26.15,26.0,27.22,27.0,4441719,26.09,26.09,25.95,26.25,299225,0,142303,365658,1
53.08,3.55636E8,19.6894,,,,,,,,,,,,,1.842746578,1.780587186,2.316750341,1.650366815,2010,4,6,1,,,,,,,,,,Unknown,,-0.0085,-0.0363,,11388.8,7.5112,,,,0,7.5112,7.5112,7.5088,7.4475,0,29200,8544,19200,0
53.24,1.535974E9,21.1524,,,,,,,,,,,,,-2.318117537,-1.221439672,0.351556113,1.079290386,2007,2,28,2,,,,,,,,,,Unknown,,0.0,0.0371,,89640.0,23.7,,,,0,24.0,23.65,23.08,23.7,264100,94300,44000,45800,0
53.35,2.177330337E9,21.5014,1220.0,171.44,0.1405,0.05,4300.0,283720.93,1.78,51,58,26,26,1977,1.387622827,1.663996587,1.860309145,1.577246667,2003,12,11,3,Finance,Finance: Consumer Services,male,male,Yes,No,No,Dec,1001 - 5000,1951 - 2000,0.0093,0.0,0.0307,0.0296,1580820.0,21.8,21.6,22.69,22.05,5335800,21.65,21.75,22.1,21.8,877900,968600,614400,107400,1
53.41,8.775723127E9,22.8953,766.87,-458.01,-0.5972,0.72,2813.0,272616.42,11.44,42,40,7,7,2009,0.472861682,0.283535326,1.006377537,1.257151406,2016,9,30,4,Technology,Computer Software: Prepackaged Software,unknown,unknown,Yes,sameYear,sameYear,Jul,1001 - 5000,2001 - 2010,0.4176,-0.0081,-0.3286,0.4943,1.64781726E7,37.0,26.1,39.4,26.5,30011468,44.46,38.09,36.18,36.7,28809904,9879395,8423496,5266600,0
54.3,3.8144566532E10,24.3646,41230.0,3580.0,0.0868,0.04,87000.0,473908.05,0.93,59,56,79,79,1928,1.726662784,2.080241975,2.621906469,1.901354041,2007,4,26,3,Transportation,Air Freight/Delivery Services,male,male,Yes,No,No,Dec,>10000,1901 - 1950,0.0062,-0.1049,-0.1654,0.0,3573680.0,22.79,22.65,23.25,23.25,2422400,20.91,20.45,19.91,20.4,3045100,2933400,5399700,4067800,0
54.7,1.3569869171E10,23.3311,5940.0,842.15,0.1418,0.08,6200.0,958064.52,2.28,36,47,0,0,2014,-2.07629398,0.503513528,0.934982366,1.382580902,2014,12,10,2,Consumer Services,Restaurants,male,male,No,sameYear,sameYear,Dec,5001 - 10000,2011 - present,0.0452,0.0287,0.141,0.0479,2244619.6,34.47,32.98,34.56,32.98,8293,36.71,35.41,35.29,35.46,601905,3836354,1898614,4877932,1
54.92,2.81507931E9,21.7583,1030.0,83.01,0.0806,0.07,2600.0,396153.85,2.73,53,50,7,7,1997,-1.4726488,-1.71043347,-0.547489285,0.592586635,2004,5,13,3,Health Care,Medical/Dental Instruments,male,male,Yes,No,No,Dec,1001 - 5000,1951 - 2000,0.0364,-0.0789,0.0202,0.0545,1350781.0,11.4,11.0,11.65,11.05,4692885,11.15,10.57,10.89,10.5,1640058,237150,89550,94262,0
55.49,1.02E11,25.3482,44940.0,10400.0,0.2314,0.1,83160.0,540404.04,2.27,61,61,41,41,1955,0.0,0.0,0.0,0.0,1996,8,30,4,Finance,Commercial Banks,unknown,unknown,No,No,No,Oct,>10000,1951 - 2000,0.0,-0.0194,0.0519,0.0065,18720.0,4.8125,4.8125,4.844,4.8125,46800,4.8125,4.75,4.7815,4.719,0,20000,2000,24800,1
56.04,7.352448E9,22.7183,7100.0,340.0,0.0479,0.09,23000.0,308695.65,1.04,54,42,7,7,2005,0.997341105,1.514002236,1.859384938,1.730622875,2012,10,4,3,Consumer Non-Durables,Plastic Products,male,male,Yes,No,No,Sep,>10000,2001 - 2010,0.0236,-0.0684,-0.0559,0.0114,4563517.2,15.2,14.85,15.42,15.25,17687767,15.0,14.75,14.55,14.16,2225809,861173,1140116,902721,1
56.15,5.276484621E9,22.3865,421.61,102.83,0.2439,0.09,145.0,2907655.17,12.52,62,62,4,4,2002,1.222852332,1.412598951,1.632276811,2.39723245,2006,12,13,2,Consumer Services,Real Estate Investment Trusts,male,male,Yes,No,No,Dec,101 - 500,2001 - 2010,0.0073,-0.0729,-0.0745,0.0196,2402685.0,49.4,49.04,52.0,51.04,6331700,48.4,48.0,46.16,45.8,2810750,1187025,901175,782775,0
56.6,2.565267933E9,21.6653,,,,,,,,59,,15,15,1992,1.726662784,2.080241975,2.621906469,1.901354041,2007,4,26,3,Public Utilities,Electric Utilities: Central,male,,,No,,,,1951 - 2000,0.0086,0.0198,0.0164,0.0629,2564483.4,17.65,17.5,18.6,17.5,9330417,17.75,18.4,18.33,18.0,1721500,686900,741800,341800,1
56.65,4.731326254E9,22.2775,4600.0,-368.97,-0.0802,0.14,1647.0,2792956.89,1.03,60,60,1,1,2002,-0.441024824,1.047512721,1.512478755,1.789992096,2003,7,1,1,Finance,Property-Casualty Insurers,male,male,No,No,No,Dec,1001 - 5000,2001 - 2010,0.022,0.0098,0.0117,0.036,2930820.0,25.55,25.0,26.4,25.5,11648400,25.4,25.6,25.6,25.8,1778600,415700,0,811400,1
56.89,3.352660652E9,21.933,3640.0,118.6,0.0326,0.1,13000.0,280000.0,0.92,61,61,119,119,1877,0.0,0.0,0.0,0.0,1996,2,28,2,,,male,male,Yes,No,No,Oct,>10000,<= 1900,0.0,0.05,-0.0083,0.0167,1760.0,15.0,15.0,15.25,15.0,600,15.5,15.5,15.5,15.75,400,7200,0,600,0
57.19,2.452386122E8,19.3177,,,,,,,,,,,,,0.709032468,0.681013643,0.218765702,-0.425826076,2011,12,20,1,,,,,,,,,,Unknown,0.0158,0.025,0.0315,0.0067,147052.8,35.61,35.055,35.645,35.41,79600,36.06,36.21,36.5,36.5,254118,120916,280630,0,1
57.36,4.213653382E9,22.1616,50350.0,4620.0,0.0918,0.61,,,0.08,47,47,64,64,1945,1.327125138,1.391700406,1.725113497,1.963607596,2009,10,9,4,Public Utilities,Electric Utilities: Central,male,male,No,No,No,Dec,,1901 - 1950,0.0143,-0.0196,-0.1114,0.0175,204816.6,12.75,12.57,13.32,13.1,330619,12.9,12.64,12.58,12.5,11330,165314,282750,234070,0
57.55,6.081133548E9,22.5285,886.59,325.49,0.3671,0.19,1725.0,513965.22,6.86,62,48,10,10,1995,-1.328916405,0.453623051,0.217367321,0.756440138,2005,6,30,3,Finance,Major Banks,male,male,Yes,No,No,Dec,1001 - 5000,1951 - 2000,0.018,0.0472,0.1673,0.016,460180.0,25.4,24.95,27.15,26.75,2036600,26.0,26.0,25.99,26.6,122100,0,69600,72600,1
58.6,3.931811202E10,24.395,15040.0,1810.0,0.1203,,22132.0,679559.01,2.61,48,,,-1,2000,-0.219249474,-0.09995373,0.773718392,1.221493339,1999,6,8,1,Public Utilities,Natural Gas Distribution,male,male,No,No,,Mar,>10000,1951 - 2000,0.0,0.0355,-0.0179,0.0,16.0,43.8203,43.8203,43.8203,43.8203,0,45.3742,45.3742,45.3742,45.3742,80,0,0,0,1
59.37,5.313616187E8,20.091,,,,,,,,,,,,,1.426952523,1.640452554,1.397002173,1.760961943,2006,4,19,2,,,,,,,,,,Unknown,,-0.0185,-0.065,,1680.0,20.0,,,,0,20.0,20.0,20.0,19.63,0,0,0,8400,0
59.56,2.65042E8,19.3954,,,,,,,,,,,,,-2.464933035,-1.467548687,-1.879479206,-0.593736519,2007,11,12,0,,,,,,,,,,Unknown,0.0,0.0325,0.0372,0.0,0.0,46.78,46.78,46.78,46.78,0,46.78,46.78,46.78,48.3,0,0,0,0,0
59.9,2.135286208E9,21.4819,,,,,,,,,,,,,0.768836034,1.29357661,1.398783313,1.721911894,2009,11,19,3,,,,,,,,,,Unknown,,0.0012,8.0E-4,,12710.8,60.03,,,,0,60.03,60.03,60.03,60.1,0,17650,27133,18771,0
60.0877,6.309220518E7,17.9601,,,,,,,,,,,,,1.93453077,1.561036982,0.992707261,0.654431327,2016,4,14,3,,,,,,,,,,Unknown,0.0,0.0173,-0.0187,6.0E-4,2200.0,51.92,51.92,51.95,51.92,5300,51.8108,51.8108,52.82,52.82,1000,0,4700,0,1
60.18,5.148059404E9,22.3619,3580.0,42.4,0.0118,0.01,,,1.44,51,51,7,7,1989,0.0,0.0,0.0,0.0,1996,8,23,4,Basic Industries,Environmental Services,male,male,Yes,No,No,Dec,,1951 - 2000,0.0278,0.0811,-0.0134,0.0278,834240.0,2.3125,2.25,2.375,2.3125,1283600,2.3125,2.469,2.5625,2.5,590000,936800,766400,594400,0
60.66,1.15660385E10,23.1713,1390.0,459.69,0.3307,0.09,6658.0,208771.4,8.32,,,,-1,2004,0.745518054,0.567107002,0.039839147,-0.521475951,2003,4,8,1,Consumer Services,Hotels/Resorts,male,male,No,No,No,Dec,5001 - 10000,2001 - 2010,0.0,0.0,0.1638,0.0,92.6,17.5476,17.5476,17.5476,17.5476,463,17.5476,17.5476,17.5476,17.5476,0,0,0,0,1
60.68,1.409231161E10,23.3689,619.94,-42.5,-0.0686,0.36,2193.0,282690.38,22.73,37,44,13,13,2002,-1.036314656,0.36229701,0.104406799,-0.162387706,2015,12,10,3,Technology,Computer Software: Prepackaged Software,male,male,No,No,Yes,Jun,1001 - 5000,2001 - 2010,0.0483,-0.0446,-0.0292,0.0313,4018646.6,27.78,26.5,28.5,27.67,15009116,27.5,26.26,26.5,26.54,2286063,1227198,1086535,484321,1
60.8299,1.18618305E8,18.5914,,,,,,,,49,,,,,1.970231963,1.982811798,2.381065454,2.490441416,2006,10,12,3,,,unknown,male,,sameYear,,,,Unknown,0.0086,0.0121,0.0039,0.0086,6459.8,25.68,25.46,25.68,25.46,16299,25.68,26.38,26.24,25.99,0,12900,2400,700,1
61.15,1.7417195571E10,23.5807,10770.0,772.0,0.0717,,41000.0,262682.93,1.62,51,51,24,24,1978,-0.400985248,0.617337208,0.033532873,-0.904993379,2002,12,11,2,Technology,Electronic Components,male,male,No,No,No,Jun,>10000,1951 - 2000,0.0222,0.0,0.0609,0.024,1.2034E7,11.5,11.25,11.77,11.5,36719700,11.18,11.42,11.61,11.5,9145600,7739500,3836400,2728800,1
61.22,5.184199593E9,22.3689,1360.0,273.82,0.2013,0.03,2000.0,680000.0,3.81,58,58,49,49,1961,-1.597846023,-0.610790025,0.046735507,0.809688255,2010,5,14,4,Consumer Services,Services-Misc. Amusement & Recreation,male,male,Yes,No,No,Dec,1001 - 5000,1951 - 2000,0.0833,-0.0769,-0.1218,0.0,709040.8,9.75,9.0,10.5,10.5,230332,9.2875,9.175,9.125,9.0,249276,2887728,89144,88724,1
61.85,6.705233957E8,20.3236,333.03,24.01,0.0721,0.49,2023.0,164621.85,2.01,70,59,2,2,2011,-0.123782941,0.29238163,0.880128663,1.251251479,2013,9,30,0,Consumer Services,Other Consumer Services,unknown,male,Yes,No,No,Dec,1001 - 5000,2011 - present,0.0,0.0195,0.1039,0.0,200.0,7.7,7.7,7.7,7.7,100,7.7,7.7,7.85,7.85,500,0,200,200,1
62.049,7.135635E7,18.0832,,,,,,,,,,,,,0.485089435,1.146828146,1.575677464,1.652124792,2010,12,1,2,,,,,,,,,,Unknown,,-0.2043,0.0167,,1000.0,25.16,,,,0,25.16,25.16,25.1,20.02,5000,0,0,0,0
62.17,4550844.0,15.3308,,,,,,,,62,,,,,0.577668504,-0.008275634,0.223256638,0.906499679,2011,7,11,0,Finance,Commercial Banks,male,male,,No,No,,,Unknown,,0.0014,0.0724,,2060.0,50.22,,,,0,50.22,50.22,50.15,50.29,10100,0,100,100,0
62.4,4.456138066E9,22.2175,2220.0,131.53,0.0592,0.12,56300.0,39431.62,2.01,61,52,11,11,1993,1.644190739,1.733375256,1.074028245,0.865761251,2004,10,5,1,Consumer Services,Restaurants,male,male,Yes,No,No,Dec,>10000,1951 - 2000,0.1021,0.0686,0.0637,0.0736,3634884.0,11.23,10.19,11.5,10.75,13655258,11.25,11.2,11.5,12.0,2038430,1321352,349396,809984,1
62.75,5.3615394211E10,24.7051,40600.0,4540.0,0.1118,0.09,51000.0,796078.43,1.32,58,58,,-6,2013,1.741850594,1.647175777,2.071280463,1.669671184,2007,4,19,3,Public Utilities,Telecommunications Equipment,male,male,Yes,No,No,Dec,>10000,2011 - present,0.1184,0.0442,0.3285,0.1024,4664100.0,54.8,49.0,55.22,50.2,15887800,57.1,57.5,58.4,57.22,3054450,1619200,1532950,1226100,0
62.83,1.21274466E9,20.9162,,,,,,,,,,,,,-1.058537405,-0.297825077,0.727394501,1.255584871,2011,4,18,0,,,,,,,,,,Unknown,,0.0238,-0.011,,405.0,49.95,,,,0,49.95,50.68,51.14,51.14,400,525,1100,0,0
62.96,3.148E9,21.87,58060.0,4840.0,0.0834,0.12,,,0.05,60,,45,45,1952,1.799324185,1.435113393,1.265318716,1.695942587,1997,9,19,4,Consumer Non-Durables,Meat/Poultry/Fish,male,male,No,No,,Dec,,1951 - 2000,0.0405,0.0353,0.1024,0.0331,620840.0,17.688,17.0,18.25,17.688,2250800,18.438,18.688,18.313,18.313,456900,181700,126500,88300,0
63.73,9.776182E9,23.0032,,,,,,,,,,,,,0.77112305,1.176899849,1.537402493,1.604902996,2012,10,18,3,,,,,,,,,,Unknown,,-0.0147,-0.0432,,2879.6,49.12,,,,0,49.12,49.12,48.1,48.4,0,5000,7408,1990,0
65.14,8.765138996E9,22.894,2220.0,295.6,0.1332,0.05,8900.0,249438.2,3.95,50,50,0,0,2014,-0.690558559,0.808812485,1.191640189,1.49384846,2014,9,22,0,Miscellaneous,Business Services,male,male,Yes,No,No,Jun,5001 - 10000,2011 - present,0.0248,0.0039,-0.1226,0.0724,380042.0,31.0,30.25,32.4999,30.31,6252,31.35,32.98,31.75,31.12,40360,532368,692967,628263,1
65.62,2.1631132844E10,23.7974,10040.0,1280.0,0.1275,0.07,35000.0,286857.14,2.15,55,55,2,2,1996,2.030203938,2.694686493,1.43098622,1.902173661,1998,7,1,2,Public Utilities,Environmental Services,male,male,Yes,No,No,Dec,>10000,1951 - 2000,0.0225,0.0,-0.0343,0.0075,5334120.0,17.0,16.6253,17.1253,17.0,20818650,17.1253,17.1253,17.25,17.0,3037200,0,1737750,1077000,0
65.69,1.11673E8,18.5311,,,,,,,,,,,,,1.252849416,1.53537703,2.070481945,1.569347687,2010,4,7,2,,,,,,,,,,Unknown,0.0024,0.0041,0.0189,0.0024,1829.2,25.38,25.32,25.39,25.33,2800,25.33,25.2467,25.485,25.485,1800,2250,2296,0,1
66.19,1.0934588E10,23.1152,,,,,,,,,,,,,1.880171074,0.36804679,0.497211245,0.918617279,2007,12,10,0,,,,,,,,,,Unknown,,-0.0016,-0.0684,,3380.0,51.18,,,,0,51.18,51.18,51.25,51.1,0,100,11600,5200,0
66.96,1.881784915E9,21.3555,883.59,50.96,0.0577,0.34,920.0,960423.91,2.13,49,52,15,15,1990,1.506709546,0.459862873,0.550674293,1.023661259,2005,11,9,2,Consumer Durables,Consumer Electronics/Appliances,male,female,Yes,No,No,Dec,501 - 1000,1951 - 2000,0.0156,0.1461,0.1479,0.143,4199174.8,26.7,26.29,34.16,30.4,5298760,34.5,36.51,32.7,30.6,7775965,4583109,1871429,1466611,0
67.44,1.045680804E9,20.7679,,,,,,,,59,59,5,5,1992,0.266658869,0.840873505,0.840873505,0.840873505,1997,1,28,1,Basic Industries,Major Chemicals,male,male,,No,No,,,1951 - 2000,0.0,0.0,-0.2,0.0,132.0,4.545,4.545,4.545,4.545,110,4.545,4.545,4.545,4.545,0,0,0,550,0
67.48,3.535952E9,21.9862,,,,,,,,,,,,,0.885815049,0.871160858,1.214148266,1.593224379,2011,3,29,1,,,,,,,,,,Unknown,0.0,0.0355,0.0355,0.0,5514.0,51.9,51.9,51.9,51.9,0,51.9,51.9,52.62,53.74,0,14200,2850,10520,0
67.69,1.0593485E9,20.7809,,,,,,,,,,,,,-1.010591705,-0.459231169,-0.681241192,0.248756742,2007,11,13,1,,,,,,,,,,Unknown,,-0.0536,-0.0235,,13460.0,49.4,,,,0,49.4,49.4,49.4,46.75,0,0,51700,15600,0
68.17,2.198322839E10,23.8135,4470.0,684.0,0.153,0.06,13500.0,331111.11,4.92,56,56,0,0,1999,1.601164752,2.352507596,2.312974309,2.03984391,1999,11,18,3,Capital Goods,Biotechnology: Laboratory Analytical Instruments,male,male,Yes,No,No,Oct,>10000,1951 - 2000,0.0462,-0.0338,0.0691,0.1046,1.83077742E7,28.6358,27.3725,33.5207,30.6572,59753154,27.204,29.3517,27.1198,27.6676,16172993,5435127,5035889,5141708,1
68.85,2.054111453E9,21.4431,431.76,27.61,0.0639,0.12,646.0,668359.13,4.76,62,62,9,9,1988,-0.102870551,0.195739715,0.748405777,1.160312499,1997,12,12,4,Technology,Semiconductors,unknown,unknown,Yes,No,No,Dec,501 - 1000,1951 - 2000,0.0,0.0308,0.1999,0.0768,1551680.0,4.063,4.063,4.375,4.063,4442400,4.0,4.188,4.188,4.188,1414200,657800,622800,621200,1
69.41,4.527152585E9,22.2334,2450.0,209.43,0.0855,0.02,20400.0,120098.04,1.85,52,52,22,22,1975,2.822602628,2.212928329,2.800897989,2.884031575,1997,6,13,4,Miscellaneous,Business Services,male,male,Yes,No,No,Sep,>10000,1951 - 2000,0.0,-0.0417,0.1944,0.0972,4183920.0,4.5,4.5,4.9375,4.5,16084000,4.5,4.5312,4.5,4.3125,1424000,1881600,636800,893200,1
70.0,1.582658E8,18.8798,42.84,9.31,0.2173,0.22,201.0,213134.33,3.69,58,58,0,0,2008,-2.734832041,-4.077985838,-3.734930444,-3.662089046,2008,10,7,1,Finance,Savings Institutions,male,male,Yes,,,Sep,101 - 500,2001 - 2010,0.002,-0.0303,-0.0455,0.0364,20964.0,9.9,9.88,10.5,10.14,59552,9.7,9.7,9.4,9.6,23102,9165,7501,5500,0
71.05,1.3E11,25.5908,2098380.0,26280.0,0.0125,0.26,494297.0,4245180.53,0.06,,60,1,1,1999,0.84533073,1.402071219,1.552714051,2.168080967,2000,3,30,3,Energy,Oil & Gas Production,,unknown,No,,No,Dec,>10000,1951 - 2000,0.0,0.0,-0.1179,0.0,0.0,16.438,16.438,16.438,16.438,0,16.438,16.438,16.438,16.438,0,0,0,0,1
71.56,2.5300071132E10,23.9541,11550.0,2070.0,0.1792,0.1,16500.0,700000.0,2.19,57,53,21,21,1986,0.446464495,1.080187899,1.678121987,1.659054921,2007,6,14,3,Finance,Finance: Consumer Services,male,male,Yes,No,Yes,Dec,>10000,1951 - 2000,0.0268,0.0369,-0.0838,0.0,1620240.0,28.75,28.0,30.5,30.5,3279100,29.08,29.93,29.7,29.81,790100,1591000,1585100,855900,0
73.0,,,74.93,15.87,0.2118,0.08,350.0,214085.71,,55,55,27,27,1987,0.592635387,1.351714859,1.605655669,1.81473021,2014,1,14,1,Finance,Major Banks,male,male,Yes,No,No,Dec,101 - 500,1951 - 2000,0.0,0.0,0.0175,0.0,600.0,28.5,28.5,28.5,28.5,100,26.75,26.75,28.5,28.5,2000,0,900,0,1
73.11,5029456.23,15.4308,,,,,,,,62,,,,,1.335753565,1.081010087,0.10907981,0.547953367,2010,8,9,0,Finance,Commercial Banks,male,male,,No,No,,,Unknown,,0.0297,0.0132,,5220.0,49.89,,,,0,49.89,51.52,51.52,51.37,6000,100,0,20000,0
73.18,4.2515830047E10,24.4731,6010.0,2510.0,0.4176,0.01,4952.0,1213651.05,7.07,62,45,5,5,2000,1.253581006,1.049342711,1.068845753,1.436889703,2005,11,16,2,Finance,Investment Bankers/Brokers/Service,male,male,Yes,Yes,No,Dec,1001 - 5000,1951 - 2000,0.0179,-0.1096,-0.1083,0.1351,3.1524E7,7.85,7.712,8.842,7.8,97629000,7.05,7.0,7.18,6.99,34283000,12798000,6374500,6535500,1
73.7,3.739545444E9,22.0422,1740.0,53.4,0.0307,,3000.0,580000.0,2.15,78,60,0,0,2014,1.428452892,1.501244242,2.163896321,2.081648034,2014,12,3,2,Capital Goods,Aerospace,male,male,Yes,No,sameYear,Jan,1001 - 5000,2011 - present,0.0453,-0.0298,-0.1231,0.0667,1242610.2,47.04,45.0,50.0,47.0,2961299,46.26,46.04,45.52,45.64,1607296,288814,1240088,115554,0
74.45,6.216575E8,20.2479,,,,,,,,,,,,,1.839695033,1.859752759,2.136146735,1.251811703,2012,2,8,2,,,,,,,,,,Unknown,,-0.022,-0.0302,,101.6,55.0,,,,0,55.0,53.7899,53.7899,53.7899,0,508,0,0,0
75.06,1.0576238853E10,23.0819,45790.0,160.0,0.0035,0.07,31000.0,1477096.77,0.23,55,57,183,183,1818,0.970550677,-0.500054283,-0.20323207,-0.90840218,2001,8,2,3,Consumer Non-Durables,Packaged Foods,unknown,male,Yes,No,No,Dec,>10000,<= 1900,0.0519,0.0,0.0475,0.0066,2984720.0,16.0,15.21,16.1,16.0,9812900,16.0,16.04,16.0,16.0,2776400,416700,1651800,265800,1
76.39,4.237798501E9,22.1673,1280.0,102.45,0.08,,12100.0,105785.12,3.31,52,52,10,10,2002,1.431376662,1.036977538,0.63618907,1.093176209,2012,7,19,3,Consumer Services,Department/Specialty Retail Stores,male,male,Yes,No,No,Jan,>10000,2001 - 2010,0.06,0.0208,0.2189,0.1352,2439849.6,26.5,25.0,29.43,26.05,10460565,27.27,27.27,27.6,27.05,969181,0,343441,426061,1
76.79,2.734542274E9,21.7292,1910.0,158.13,0.0828,0.09,8400.0,227380.95,1.43,62,47,0,0,2015,-0.507646079,0.087744748,0.607763414,1.087686447,2015,6,17,2,Basic Industries,Engineering & Construction,male,male,Yes,sameYear,sameYear,Dec,5001 - 10000,2011 - present,0.0,0.0,0.2831,0.0,20.0,22.75,22.75,22.75,22.75,100,22.75,22.75,22.75,22.75,0,0,0,0,1
77.95,3.373714975E9,21.9393,4450.0,328.3,0.0738,0.2,2214.0,2009936.77,0.76,61,61,4,4,2010,0.710775275,1.602791492,1.817218609,1.647278105,2014,6,12,3,Basic Industries,Major Chemicals,male,male,Yes,No,No,Dec,1001 - 5000,2001 - 2010,0.0035,0.076,0.0504,0.005,1459739.2,20.25,20.18,20.75,20.65,5453896,20.2,20.27,21.25,21.79,545853,245585,536100,517262,0
78.42,1.52919E8,18.8454,,,,,,,,,43,,,,1.970231963,1.982811798,2.381065454,2.490441416,2006,10,12,3,,,,male,,,No,,,Unknown,8.0E-4,0.0072,0.0,4.0E-4,12120.0,24.89,24.87,24.92,24.91,8500,24.98,25.07,24.95,25.07,3600,1900,3300,43300,1
79.86,5.591549394E9,22.4445,2470.0,105.12,0.0426,0.04,6188.0,399159.66,2.26,67,67,60,60,1938,1.11644802,1.623143781,2.247738107,2.09297673,1998,3,27,4,Consumer Non-Durables,Apparel,male,male,Yes,No,No,Dec,5001 - 10000,1901 - 1950,0.0029,-0.0371,0.0142,0.1343,5855520.0,7.3125,7.2915,8.2915,7.3125,21022500,7.3125,7.0415,7.0,7.0415,3577500,2448600,1579500,649500,0
81.17,1.88E11,25.9597,48340.0,7580.0,0.1568,0.01,121597.0,397542.7,3.89,,46,0,0,1996,0.0,0.0,0.0,0.0,1996,11,7,3,Health Care,Major Pharmaceuticals,unknown,male,No,No,No,Dec,>10000,1951 - 2000,0.0105,0.0042,-0.021,0.0042,90766.8,29.0527,28.75,29.1748,29.0527,171622,29.1162,29.4824,29.2383,29.1748,48332,40550,143769,49561,1
81.18,4.773384E8,19.9837,,,,,,,,,,,,,-1.77367249,-2.008406637,-1.266942718,-1.560978304,2008,6,24,1,,,,,,,,,,Unknown,,-0.0319,-0.0217,,1860.0,48.86,,,,0,48.86,47.61,47.34,47.3,7000,700,1400,200,0
81.77,4.8084957499E10,24.5962,14810.0,1500.0,0.1013,0.1,260000.0,56961.54,3.25,49,50,4,4,1994,-0.031752377,-0.502656195,0.743922857,1.391437802,1998,6,19,4,Technology,EDP Services,male,male,Yes,No,No,Dec,>10000,1951 - 2000,0.053,0.1247,0.6115,0.052,1.964448E7,0.2085,0.198,0.2188,0.2085,61454400,0.2085,0.2085,0.2135,0.2345,6979200,9638400,1732800,18417600,1
82.62,1.4709859701E10,23.4118,3360.0,426.0,0.1268,0.02,6900.0,486956.52,4.38,58,58,122,122,1886,1.116381196,1.288681152,-0.296618244,-0.962371155,2008,4,23,2,Public Utilities,Water Supply,female,female,Yes,No,No,Dec,5001 - 10000,<= 1900,0.0188,0.0228,0.0272,0.042,6377442.8,20.6,20.22,21.45,20.6,23400575,20.81,21.17,21.0,21.07,4960820,1956798,709378,859643,1
82.88,1.5029156191E10,23.4333,,,,,,,,57,57,0,0,2014,1.433308297,1.151610032,1.468382763,1.657905317,2014,11,4,1,Consumer Services,Television Services,male,male,,sameYear,sameYear,,,2011 - present,0.0038,-0.0095,0.1501,0.0,872035.0,45.1872,45.0148,49.8037,49.8037,43060,48.798,47.8881,47.4284,44.7562,1578876,1363356,568422,806461,1
85.66,5.02692532E9,22.3381,463.77,-26.83,-0.0579,0.26,857.0,541155.19,10.84,65,43,7,7,2000,0.710404236,1.401634734,2.084346461,1.736069387,2007,5,15,1,Health Care,Medical/Dental Instruments,male,unknown,Yes,No,No,Dec,501 - 1000,1951 - 2000,0.012,-0.0207,-0.1059,0.0,1176001.4,15.96,15.77,17.0,17.0,4849979,15.45,15.13,15.29,15.63,337946,395129,140549,156404,1
85.95,1.646859329E9,21.2221,102.81,17.71,0.1723,0.17,89.0,1155168.54,16.02,61,61,18,18,1995,0.527746582,1.189539148,1.670594888,2.038223169,2013,3,21,3,Health Care,Major Pharmaceuticals,male,male,Yes,Yes,Yes,Sep,0 - 100,1951 - 2000,0.2006,-0.0052,0.2014,0.2334,384772.4,17.18,14.31,17.85,14.51,1763572,16.81,16.83,17.09,17.09,75379,24067,26985,33859,1
85.98,1.4320799051E10,23.385,3970.0,734.0,0.1849,0.07,4734.0,838614.28,3.61,47,47,31,31,1971,-1.818666506,-2.189564447,-2.689056009,-2.634262741,2002,7,1,0,Finance,Investment Bankers/Brokers/Service,unknown,unknown,Yes,No,No,Dec,1001 - 5000,1951 - 2000,0.0,0.0,-0.26,0.0,3800.0,15.0,15.0,15.0,15.0,1300,15.125,15.0,15.0,15.0,7000,10200,0,500,0
87.2,2.991480061E9,21.819,417.04,52.85,0.1267,0.16,1480.0,281783.78,7.17,50,50,14,14,1997,0.347889601,0.480615171,1.017458753,1.424666524,2011,4,15,4,Technology,Computer Software: Prepackaged Software,male,male,Yes,No,No,Dec,1001 - 5000,1951 - 2000,0.1652,0.0548,0.0266,0.2031,776041.0,6.77,5.81,7.18,6.0,3364411,6.67,6.78,6.88,7.141,219693,170337,95403,30361,0
87.82,3.9032051536E10,24.3876,20510.0,4700.0,0.2292,0.1,44928.0,456508.19,1.9,51,51,35,35,1961,0.0,0.0,0.0,0.0,1996,4,11,3,Finance,Commercial Banks,male,male,No,No,No,Oct,>10000,1951 - 2000,0.0,0.0,0.0,0.0,7640.0,14.875,14.875,14.875,14.875,38200,14.875,14.875,14.875,14.875,0,0,0,0,1
90.15,2.742231742E9,21.732,,,,,,,,50,50,3,3,1994,0.217504476,1.051284478,1.45245529,1.795163552,1997,8,20,2,Consumer Services,Department/Specialty Retail Stores,male,male,,No,No,,,1951 - 2000,0.0,0.0,0.3173,0.0,0.0,13.0,13.0,13.0,13.0,0,13.0,13.0,13.0,13.0,0,0,0,0,1
90.91,3.312412306E9,21.9209,421.5,55.03,0.1306,0.2,7637.0,55191.83,7.86,52,52,6,6,1998,-0.169271176,0.581862245,0.040495175,0.313770293,2004,9,29,2,Technology,Diversified Commercial Services,male,male,No,,,Dec,5001 - 10000,1951 - 2000,0.1365,0.2496,0.4652,0.2106,1204315.6,10.575,9.305,11.45,9.49,0,10.375,13.15,13.35,13.215,2241268,1515346,1791564,473400,0
94.81,6.780304915E9,22.6373,1580.0,156.57,0.0991,0.54,,,4.29,51,45,1,1,1999,-1.066245068,0.225017167,0.521475567,1.127677927,2000,4,13,3,Technology,Computer Software: Prepackaged Software,male,unknown,No,No,No,Dec,,1951 - 2000,0.1655,-0.0211,0.4472,0.4754,2841878.6,17.9472,15.3988,25.2671,17.9472,7825703,16.917,17.4592,18.4352,17.5677,3144067,1661712,829242,748669,0
95.6,1.026392957E9,20.7493,127.09,-115.7,-0.9104,,600.0,211816.67,8.08,57,,9,9,1999,0.54553794,-0.580580439,-1.252005828,-1.918299404,2008,12,18,3,Health Care,Major Pharmaceuticals,male,,No,Yes,,Dec,501 - 1000,1951 - 2000,0.0,0.0319,0.0319,0.0,200.0,4.7,4.7,4.7,4.7,500,4.7,4.85,4.85,4.85,0,500,0,0,1
96.64,1.693616E10,23.5527,,,,,,,,,52,,,,1.304275373,1.493419362,1.677213729,1.705719265,2003,10,31,4,,,,male,,,No,,,Unknown,,0.0,0.0158,,0.0,50.51,,,,0,50.51,50.51,50.51,50.51,0,0,0,0,0
97.07,2.6067876995E10,23.984,23470.0,1540.0,0.0656,,129000.0,181937.98,1.11,55,48,70,70,1939,0.900975047,1.425586981,1.483737963,1.786825806,2009,11,13,4,Consumer Services,Department/Specialty Retail Stores,male,male,Yes,No,No,Jan,>10000,1901 - 1950,0.0451,0.0062,0.0268,0.0506,5486740.2,22.73,21.75,23.1,22.0,22075893,23.1,23.04,22.55,22.87,2079999,1328008,918213,1031588,1
98.6,4.639181962E9,22.2578,335.63,102.25,0.3047,0.69,224.0,1498348.21,13.82,65,65,2,2,1994,0.0,0.0,0.0,0.0,1996,4,11,3,Capital Goods,Electrical Products,male,male,Yes,No,No,Dec,101 - 500,1951 - 2000,0.1389,-0.0976,0.0976,0.0,138100.0,5.125,4.5,5.125,5.125,325300,4.5,4.5,4.375,4.625,186200,38100,70600,70300,1
101.46,8.870885825E9,22.906,4430.0,213.9,0.0483,,8300.0,533734.94,2.0,56,61,24,24,1980,1.799171135,1.626595173,2.177565209,2.732093928,2004,12,16,3,Health Care,Other Pharmaceuticals,male,male,No,No,No,Dec,5001 - 10000,1951 - 2000,0.0514,0.0836,0.0842,0.0636,2984040.0,7.36,7.0,7.445,7.0,12120000,7.35,7.3,7.8,7.975,954400,338400,897800,609600,1
103.45,2.588391415E9,21.6743,10090.0,245.22,0.0243,0.16,12899.0,782231.18,0.26,51,51,50,50,1946,-1.101070931,-1.101070931,-1.101070931,-1.101070931,1996,12,18,2,Consumer Durables,Automotive Aftermarket,male,male,Yes,No,No,Dec,>10000,1901 - 1950,0.0171,0.0,0.0899,0.0343,234160.0,11.125,10.938,11.5,11.125,804200,11.125,11.125,11.375,11.125,124200,185900,20800,35700,1
103.9,3.581233824E9,21.999,480.6,74.86,0.1558,0.21,465.0,1033548.39,7.45,56,56,9,9,2001,0.854098188,1.179125291,0.183990338,0.382928212,2010,9,23,3,Consumer Services,Real Estate Investment Trusts,male,male,Yes,No,No,Dec,101 - 500,2001 - 2010,0.0296,0.0256,-0.055,0.0347,3795027.4,16.01,15.55,16.54,16.0,15561023,16.25,16.0,15.98,16.42,1735349,961184,306697,410884,0
104.33,4.3278433094E10,24.4909,4340.0,444.55,0.1024,0.11,4500.0,964444.44,9.97,44,44,4,4,1994,-0.309418075,-0.583557637,-0.106304116,0.878082111,1998,8,18,1,Consumer Services,Real Estate Investment Trusts,male,male,Yes,No,No,Dec,1001 - 5000,1951 - 2000,0.0097,0.0,-0.3269,0.0147,1488870.4,12.9999,12.875,13.1887,13.0,5783087,13.0628,12.9999,12.9999,12.9999,388792,348592,804084,119797,1
106.91,1.7654787583E10,23.5943,2150.0,555.1,0.2582,0.08,7304.0,294359.26,8.21,60,60,1,1,2008,0.502997785,1.097302439,1.571015388,1.827500324,2009,10,7,2,Technology,EDP Services,male,male,Yes,No,No,Dec,5001 - 10000,2001 - 2010,0.0307,-0.0011,-0.0096,0.0746,1.68976776E7,27.22,26.41,28.97,27.0,63747342,26.6,26.4,26.25,27.19,6906757,3361424,7176907,3295958,1
109.92,1.9429785333E10,23.6901,48380.0,828.0,0.0171,0.19,33700.0,1435608.31,0.4,75,58,17,17,1984,-2.073414332,0.527430454,-0.33035117,-0.920142633,2001,12,13,3,Health Care,Medical Specialities,male,female,Yes,No,No,Dec,>10000,1951 - 2000,0.2054,0.204,0.1953,0.2396,7637040.0,2.867,2.3785,2.95,2.38,28183800,2.7835,2.83,2.877,3.452,5653800,878400,1792800,1676400,1
110.33,1.4297937767E10,23.3834,8039.999999999999,1300.0,0.1617,0.58,8800.0,913636.36,1.78,67,67,18,18,1986,-1.351634331,-1.782936298,-2.10301983,-0.320441092,2004,8,11,2,Basic Industries,Major Chemicals,male,male,Yes,sameYear,sameYear,Dec,5001 - 10000,1951 - 2000,0.0103,0.0375,0.258,0.0448,2265480.0,7.325,7.25,7.575,7.25,8581400,7.405,7.46,7.45,7.6,1109400,274400,895400,466800,1
111.99,9.103636639E9,22.9319,6650.0,-99.3,-0.0149,,23300.0,285407.73,1.37,52,52,30,30,1967,2.862718904,2.083567101,2.61943185,2.709143329,1997,6,12,3,Consumer Non-Durables,Apparel,male,male,Yes,No,No,Mar,>10000,1951 - 2000,0.0202,-0.0992,-0.1905,0.0282,6027640.0,31.5,30.875,33.0,32.13,19961200,32.375,30.875,29.75,28.375,3661100,2481700,2284300,1749900,0
112.01,6.615808484E9,22.6127,433.05,66.64,0.1539,0.32,2548.0,169956.83,15.28,46,46,16,16,1998,-0.892814416,0.122916496,0.663722024,1.19071017,2014,4,15,1,Technology,Computer Software: Prepackaged Software,male,male,Yes,No,No,Dec,1001 - 5000,1951 - 2000,0.0132,0.0489,-0.0964,0.0013,880918.4,15.35,15.15,17.92,17.9,3531656,15.62,16.25,16.25,16.1,266491,528541,0,77904,1
115.45,4.329375E8,19.8861,,,,,,,,,,,,,1.252849416,1.53537703,2.070481945,1.569347687,2010,4,7,2,,,,,,,,,,Unknown,0.0,-0.0028,9.0E-4,0.0,1230.4,25.07,25.07,25.16,25.16,3100,24.99,24.92,25.04,25.0,1052,750,1000,250,1
121.84,1.228461267E10,23.2316,6650.0,1320.0,0.1985,0.02,13026.0,510517.43,1.85,56,,1,1,1996,0.896867078,1.571872593,1.986384941,2.019961542,1997,5,29,3,Transportation,Air Freight/Delivery Services,male,male,No,Yes,,Mar,>10000,1951 - 2000,0.1999,0.005,0.0638,0.0119,2.003196E7,3.2692,2.7246,3.3015,3.2692,67771860,3.1733,3.3015,3.2374,3.2856,18499260,7742280,2595060,3551340,1
126.83,2.688796E10,24.0149,2140.0,-321.22,-0.1501,,8200.0,260975.61,12.56,52,52,7,7,2005,-1.826005174,0.44460616,1.033517722,1.242170216,2012,10,12,4,Technology,EDP Services,male,unknown,Yes,No,No,Jan,5001 - 10000,2001 - 2010,0.0808,0.0971,-0.0142,0.0737,4988906.0,48.69,45.05,51.37,48.05,18137050,51.94,52.16,55.41,53.42,3092272,805382,1386467,1523359,1
127.36,5.85856E8,20.1886,,,,,,,,,,,,,-1.936781164,-0.90961071,-0.760398061,-1.298980521,2008,6,12,3,,,,,,,,,,Unknown,,0.0148,-0.0822,,6869.6,24.32,,,,0,24.54,24.94,25.014,24.68,23820,3800,3231,3497,0
127.76,5.1779961551E10,24.6703,7920.0,570.0,0.072,,21700.0,364976.96,6.54,55,46,9,9,1998,-1.572136223,-2.823924579,-1.121454748,-0.017031618,2007,8,14,1,Technology,Computer Software: Prepackaged Software,male,female,Yes,No,No,Jan,>10000,1951 - 2000,0.0625,0.1241,0.5029,0.0731,1.218973E7,51.0,48.0,55.5,51.99,38192350,57.71,56.99,55.55,57.33,10657000,6870400,3087000,2141900,1
132.36,1.515124126E9,21.1388,504.54,17.64,0.035,,2216.0,227680.51,3.0,52,52,9,9,1989,-0.962797985,-0.753678547,0.720403973,1.373006869,1998,6,11,3,Technology,Computer Software: Prepackaged Software,male,male,Yes,No,No,Dec,1001 - 5000,1951 - 2000,0.3307,0.0828,0.3284,0.2125,313459.2,105.3403,79.1623,122.164,105.3403,1012256,104.0937,101.9097,103.4655,114.0663,333093,115115,33732,73100,1
133.47,4.7635408164E10,24.5868,22890.0,1370.0,0.0599,0.34,177000.0,129322.03,2.08,58,58,1,1,1997,1.69480152,1.899316899,2.56125416,2.187617839,1998,3,23,0,Consumer Services,Hotels/Resorts,male,male,Yes,No,No,Dec,>10000,1951 - 2000,0.0056,0.0199,-0.1005,0.0,905889.4,18.269,18.167,18.5749,18.5749,902200,18.9391,18.9682,18.9537,18.6332,817686,849003,983282,977276,0
137.39,5.924882749E9,22.5024,1100.0,168.4,0.1531,0.06,1100.0,1000000.0,5.39,52,45,0,0,2010,2.715363061,2.056566571,2.554695274,2.394455156,2010,11,5,4,Consumer Services,Real Estate Investment Trusts,male,male,Yes,sameYear,No,Dec,1001 - 5000,2001 - 2010,0.2258,-0.0171,0.1668,0.379,562953.2,38.0,31.0,42.75,31.0,54444,38.5,36.5,36.9,37.35,92644,58660,1862407,746611,1
139.0,2.757432238E9,21.7376,,,,,,,,45,,,-1,2015,1.433308297,1.151610032,1.468382763,1.657905317,2014,11,4,1,Finance,Finance: Consumer Services,unknown,,,No,,,,2011 - present,0.0,0.0,-0.0312,0.0,300.0,10.25,10.25,10.25,10.25,1500,10.25,10.25,10.25,10.25,0,0,0,0,0
141.45,2.5107375E8,19.3413,,,,,,,,,,,,,1.710017735,1.898776365,0.521641129,0.813396795,2010,9,20,0,,,,,,,,,,Unknown,,0.0215,0.0833,,4925.2,52.08,,,,0,52.08,52.08,51.67,53.2,0,16400,7700,526,0
143.59,2.0977441747E10,23.7667,11760.0,1480.0,0.1259,0.05,9900.0,1187878.79,1.78,59,74,22,22,1983,0.556820125,0.489377745,1.057847226,1.224439824,2005,9,15,3,Finance,Investment Managers,male,male,Yes,sameYear,sameYear,Dec,5001 - 10000,1951 - 2000,3.0E-4,-0.0165,-0.1205,0.0022,766740.0,37.01,37.0,38.1,38.02,1529800,36.6,36.7,36.7,36.4,62400,1162300,654900,424300,1
149.18,1.3407838627E10,23.3191,1270.0,303.97,0.2393,0.11,3038.0,418038.18,10.56,59,53,9,9,1998,-1.723181243,-1.295227738,-1.492828135,-0.369015998,2007,11,15,3,Miscellaneous,Business Services,male,male,Yes,No,No,Dec,1001 - 5000,1951 - 2000,0.1874,0.0673,0.159,0.806,2834510.0,24.97,21.03,39.95,23.0,11770500,24.96,25.75,27.32,26.65,1242850,469500,522200,167500,1
155.96,9.95077764E9,23.0209,1620.0,487.85,0.3011,0.09,1210.0,1338842.98,6.14,53,54,,-5,2012,2.025543661,1.560788596,2.301849952,1.937778146,2007,6,1,4,Health Care,Major Pharmaceuticals,male,male,No,No,No,Dec,1001 - 5000,2011 - present,0.0473,-0.0277,-0.096,0.0296,354408.2,17.7,16.9,18.0,17.5,1384750,17.55,17.59,17.47,17.21,88513,105028,92966,100784,0
157.18,1.584509889E9,21.1835,,,,,,,,58,46,2,2,1999,-1.44778534,-2.081409636,-1.761144372,-2.265616354,2001,2,27,1,Energy,Oil & Gas Production,unknown,unknown,,No,No,,,1951 - 2000,0.0075,0.0453,0.1011,0.0,3208700.0,16.12,16.0,16.5,16.5,10788700,17.05,16.25,16.5,16.85,3052800,1128100,661100,412800,1
160.53,2.8414500279E10,24.0702,2920.0,258.8,0.0886,,,,9.73,49,49,6,6,1993,-1.239864981,-1.043337167,-0.38819742,0.651686618,1999,8,11,2,Technology,"Computer Software: Programming, Data Processing",male,male,Yes,No,No,Feb,,1951 - 2000,0.3016,0.2917,1.2424,0.1172,2.199064E7,26.032,20.0,28.375,26.032,35766200,36.313,42.625,37.25,33.625,30586000,17781400,12484200,13335400,1
161.99,6.970752546E9,22.665,1250.0,160.27,0.1282,0.23,3300.0,378787.88,5.58,48,48,22,22,1983,1.511884916,1.494390227,1.377002793,1.959687036,2005,2,16,2,Miscellaneous,Business Services,female,female,Yes,No,No,Dec,1001 - 5000,1951 - 2000,0.0029,-0.0012,0.0088,0.0117,4314820.0,17.1,17.05,17.7,17.5,16632900,17.25,17.54,17.54,17.08,3433300,982900,0,525000,1
166.62,4.68172425E9,22.2669,239.2,-93.42,-0.3906,223.0,900.0,265777.78,19.57,48,50,6,6,2010,-0.103527316,-1.300379828,-1.313660722,-2.011240971,2016,2,3,2,Health Care,Major Pharmaceuticals,male,female,No,Yes,Yes,Dec,501 - 1000,2001 - 2010,0.047,-0.0233,0.101,0.0192,653308.6,28.32,27.05,29.49,28.97,2064816,30.5,33.91,31.52,27.66,361668,376530,102653,360876,1
170.2,8.507194083E9,22.8642,35.43,-335.64,-9.4733,4.76,479.0,73966.6,240.11,44,44,21,21,1992,-0.78126773,0.602393128,1.151440929,1.654844649,2013,6,19,2,Health Care,Biotechnology: Biological Products (No Diagnostic Substances),male,male,Yes,Yes,Yes,Dec,101 - 500,1951 - 2000,0.0786,-0.0632,0.2925,0.0601,1219255.6,26.91,24.95,27.0,25.5,5305141,26.09,25.5,25.1,25.21,336359,149148,162683,142947,0
171.36,9.307405719E9,22.9541,2370.0,689.5,0.2909,0.06,4400.0,538636.36,3.93,55,50,4,4,1993,1.524042635,1.100761046,1.235479813,1.441846272,1997,11,21,4,Finance,Investment Managers,male,male,Yes,No,No,Dec,1001 - 5000,1951 - 2000,0.0291,-0.0778,0.1156,0.017,1335840.0,17.667,17.167,17.959,17.667,4679700,17.333,17.333,16.292,16.292,712200,347700,939600,0,1
178.18,5.407763E9,22.4111,,,,,,,,,52,,,,-0.501119456,0.418729352,0.567320848,0.977959136,2000,7,24,0,,,,male,,,No,,,Unknown,,-0.0678,0.0109,,1638400.0,41.67,,,,0,41.5,41.39,40.12,38.845,0,0,0,8192000,0
191.13,3.2592934645E10,24.2074,5290.0,827.0,0.1563,0.34,3836.0,1379040.67,6.16,60,60,0,0,1997,-0.107413173,1.051881885,1.534171588,1.838237341,1997,8,8,4,Energy,Oil & Gas Production,male,male,Yes,No,No,Dec,1001 - 5000,1951 - 2000,0.0154,-0.0034,0.1909,0.0189,299180.0,37.0,36.438,37.688,37.0,245500,36.813,36.938,37.5,36.875,243600,405500,405700,195600,0
196.34,7.632609513E9,22.7557,1220.0,258.26,0.2117,0.08,9074.0,134450.08,6.26,53,49,18,18,1978,0.0,0.0,0.0,0.0,1996,6,28,4,Technology,"Computer Software: Programming, Data Processing",unknown,male,Yes,No,No,Aug,5001 - 10000,1951 - 2000,0.0887,0.0124,-0.1251,0.0272,2102940.0,4.445,4.083,4.556,4.445,7850250,4.473,4.556,4.5,4.5,663750,1340100,660600,0,1
205.55,3.609977425E9,22.007,468.71,150.6,0.3213,0.29,825.0,568133.33,7.7,50,46,3,3,1996,0.050431577,-0.43674647,0.576373866,1.081637379,1999,6,25,4,Miscellaneous,Business Services,male,female,Yes,No,No,Dec,501 - 1000,1951 - 2000,0.0631,0.6256,2.2237,0.1262,1189880.0,27.375,25.75,30.625,27.375,3081050,26.5,29.0,35.0,44.5,623100,494850,970250,780150,1
210.55,1.1677381558E10,23.1809,7720.0,788.7,0.1022,0.08,20000.0,386000.0,1.51,54,54,5,5,1996,-0.417853871,0.811429085,-0.024202976,-0.822967244,2001,6,8,4,Miscellaneous,Business Services,male,male,Yes,No,No,Dec,>10000,1951 - 2000,0.12,-0.0529,0.0679,0.0648,2018720.0,14.0,12.5,14.0,13.19,7780200,13.25,13.61,14.35,13.26,898400,633500,428300,353200,1
210.76,7.759393482E9,22.7722,,-218.05,,,219.0,,,49,49,6,6,2010,-2.052416169,-1.9372235,-2.204568566,-2.922775039,2016,2,11,3,Health Care,Biotechnology: Biological Products (No Diagnostic Substances),male,male,Yes,Yes,Yes,Dec,101 - 500,2001 - 2010,0.1204,0.0388,0.1551,0.0301,299983.2,18.05,16.11,18.505,18.02,1164206,17.8,17.8,18.26,18.75,158389,0,69460,107861,1
225.47,9.127487137E9,22.9346,1910.0,210.55,0.1102,0.19,34000.0,56176.47,4.78,49,38,40,40,1957,1.512747256,2.031150983,2.031150983,2.031150983,1997,2,4,1,Consumer Services,Services-Misc. Amusement & Recreation,male,male,Yes,No,No,Jul,>10000,1951 - 2000,0.0056,-0.1056,-0.05,0.0782,2677500.0,22.5,22.375,24.25,22.5,6573500,22.0,22.0,21.25,20.125,2470600,2351300,1599200,392900,1
232.35,1.0007427887E10,23.0266,2790.0,277.91,0.0996,0.13,14100.0,197872.34,3.59,53,53,44,44,1960,-1.333780573,-0.347223407,-0.724791442,0.597715111,2004,7,13,1,Consumer Non-Durables,Food Distributors,unknown,unknown,Yes,No,No,Dec,>10000,1951 - 2000,7.0E-4,0.0015,0.0215,0.0074,4298800.0,13.5,13.49,14.1,14.0,14963700,13.44,13.84,13.83,13.52,2799700,1276200,1488200,966200,1
243.94,7.630981576E9,22.7555,940.73,14.06,0.0149,0.2,4208.0,223557.51,8.11,64,64,2,2,1996,-1.327536614,-0.30468947,0.800845314,1.429176223,1998,6,2,1,Technology,Computer Software: Prepackaged Software,male,male,Yes,Yes,Yes,Dec,1001 - 5000,1951 - 2000,0.0031,-0.0529,-0.0716,0.0157,798180.0,10.031,10.0,10.188,10.031,3221000,10.0,10.0,9.688,9.5,352700,54900,296800,65500,0
249.37,1.02E11,25.3482,,,,,,,,65,,48,48,1961,1.075990467,2.038052606,1.693143764,0.402971249,2009,8,6,3,Technology,Semiconductors,unknown,,,Yes,,,,1951 - 2000,0.0398,-0.0111,0.0785,0.0263,6565670.0,16.18,15.56,16.91,16.5,24196884,16.43,15.97,15.67,16.0,2453887,2420915,2305371,1451293,1
258.7,1.1581253685E10,23.1727,7440.0,479.0,0.0644,0.05,38000.0,195789.47,1.56,58,58,1,1,2010,-0.585489389,-0.07122865,0.844132387,1.355121677,2011,3,22,1,Capital Goods,Marine Transportation,unknown,unknown,Yes,sameYear,sameYear,Dec,>10000,2001 - 2010,0.1026,0.0069,0.0611,0.0553,374634.8,37.49,34.0,37.6,35.72,491305,37.25,37.25,39.25,37.75,601122,230348,497330,53069,1
367.47,1.3263719776E10,23.3083,965.23,122.7,0.1271,0.15,3711.0,260099.7,13.74,53,53,11,11,1987,2.030203938,2.694686493,1.43098622,1.902173661,1998,7,1,2,Miscellaneous,Business Services,male,male,Yes,Yes,Yes,Dec,1001 - 5000,1951 - 2000,0.0209,0.1156,0.0612,0.0347,199500.0,9.188,9.0,9.5,9.188,752400,9.75,9.75,10.063,10.25,36900,0,188100,20100,1
406.98,2.0349E8,19.1311,448.05,233.64,0.5215,0.03,420.0,1066785.71,0.45,59,53,7,7,2007,1.736715789,1.816155829,1.771660528,1.597391942,2014,5,12,0,Consumer Durables,Telecommunications Equipment,male,male,Yes,Yes,Yes,Dec,101 - 500,2001 - 2010,0.019,-0.0726,0.0569,0.019,14180.0,307.3,301.566,307.3,301.566,4800,296.0,280.0,290.0,285.0,25200,300,500,40100,1
0.0471,6018641.896,15.6104,6.99,-29.74,-4.2546,,110.0,63545.45,0.86,,,9,9,2000,2.220772755,1.92289628,1.933537053,2.137551949,2009,10,14,2,Health Care,Medical/Dental Instruments,male,male,No,No,No,Dec,101 - 500,1951 - 2000,0.0,0.0549,0.058,0.0,1600.0,0.3549,0.3549,0.3549,0.3549,2500,0.3549,0.371,0.3744,0.3744,0,500,5000,0,1
0.234,1.321314415E7,16.3967,,-23.81,,,4.0,,,59,59,,-4,2008,1.273184579,-0.015952788,0.07960346,0.930302872,2004,5,28,4,Health Care,Major Pharmaceuticals,male,male,Yes,No,No,Sep,0 - 100,2001 - 2010,0.0,0.0,0.0091,0.0,106.4,16.5,16.5,16.5,16.5,33,16.5,16.5,16.5,16.5,0,333,0,166,1
0.4701,7762406.845,15.8648,52000.0,-12.29,-2.0E-4,,39.0,1.33333333333E9,0.0,67,64,12,12,2004,2.20246562,2.630679613,2.305121546,1.767830382,2016,12,8,3,Basic Industries,Agricultural Chemicals,female,female,Yes,Yes,Yes,Dec,0 - 100,2001 - 2010,0.02,-0.0196,0.0098,0.0344,130364.4,8.16,8.0,8.525,8.25,384411,8.0,8.0,8.0,8.0,31253,16552,51170,168436,0
0.4812,1.240823764E7,16.3339,8.44,-101.65,-12.0438,,354.0,23841.81,1.47,46,,5,5,1999,2.324462995,1.76605307,2.307923301,2.861981407,2004,12,15,2,Miscellaneous,Business Services,male,male,No,,No,Dec,101 - 500,1951 - 2000,0.2007,0.0333,-0.0476,0.1292,2400034.4,21.0,17.49,21.26,19.0,8235372,22.26,23.49,22.9,21.7,1914362,664754,647875,537809,1
0.522,2.677002563E7,17.1028,812.77,-2060.0,-2.5345,,,,0.03,59,41,3,3,2010,1.548102876,1.57016987,1.971337369,1.990158024,2013,12,30,0,Health Care,Major Pharmaceuticals,male,male,No,No,No,Dec,,2001 - 2010,0.0353,0.0,0.1196,0.0618,7460.0,7.7851,7.52,7.985,7.52,37300,7.7851,7.7851,7.7851,7.7851,0,0,0,0,1
0.535,7444161.2,15.8229,,-18.49,,,20.0,,,71,71,5,5,1992,-0.107413173,1.051881885,1.534171588,1.838237341,1997,8,8,4,Health Care,Biotechnology: In Vitro & In Vivo Diagnostic Substances,male,male,Yes,No,No,Dec,0 - 100,1951 - 2000,0.0259,-0.0294,-0.042,,252.0,37481.2528,36536.346,39371.0638,,1027,39214.8389,36536.346,35276.472,36380.1211,65,40,72,56,0
0.6038,1.000064104E8,18.4207,9.9,-53.32,-5.3859,0.32,55.0,180000.0,10.1,52,52,0,0,2000,-1.381122119,-0.337445847,-0.036071068,0.542612278,2000,8,1,1,Health Care,Biotechnology: Biological Products (No Diagnostic Substances),male,male,Yes,No,No,Dec,0 - 100,1951 - 2000,0.0156,-0.2384,-0.1564,0.005,310060.0,24.375,24.0,27.25,27.13,190500,23.125,22.688,21.563,18.563,343700,306400,262400,447300,0
0.689,1.831435516E7,16.7232,48.82,-16.56,-0.3392,1.57,845.0,57775.15,0.38,39,41,4,4,2006,1.520183788,0.321925583,-0.128132847,0.339646374,2010,7,27,1,Consumer Services,Other Consumer Services,male,male,Yes,No,No,Dec,501 - 1000,2001 - 2010,0.0181,-0.0747,-0.3772,0.0181,194.0,28.1,27.6,28.1,27.6,60,26.1,25.5,25.0,26.0,280,270,250,110,0
0.76,5.893805244E7,17.892,,,,,,,,47,47,7,7,1999,0.207005699,0.987063436,1.427433578,1.884883482,2006,1,31,1,Technology,EDP Services,male,female,,No,No,,,1951 - 2000,0.0,-0.0505,-0.0776,0.0787,311839.4,8.51,8.51,9.88,9.21,817641,8.64,8.65,8.34,8.08,304902,115493,217970,103191,0
0.79,3.020908334E7,17.2237,74.83,-3.24,-0.0433,1.16,27.0,2771481.48,0.4,45,,,-7,2008,-0.049360948,-0.859479049,-0.488812356,-1.070767402,2001,7,13,4,Transportation,Marine Transportation,male,,No,No,,Dec,0 - 100,2001 - 2010,,0.0,0.0,,0.0,294.0,,,284.25,,294.0,294.0,294.0,294.0,,,,,0
0.798,6979035.882,15.7584,47.13,-2.23,-0.0473,0.25,246.0,191585.37,0.15,46,46,51,51,1946,-2.484480107,0.083682645,0.901522237,1.258823225,1997,8,15,4,Energy,Industrial Machinery/Components,male,male,Yes,No,No,Dec,101 - 500,1901 - 1950,0.3,0.3846,1.2308,,4476.0,16.25,12.5,16.25,,9460,18.75,18.75,20.0,22.5,2220,1700,3620,5380,1
0.8,2.3136936E7,16.9569,70.21,-12.29,-0.175,0.04,181.0,387900.55,0.33,58,59,11,11,1996,-0.304845681,-1.121125744,-1.027545777,-0.467594744,2007,12,19,2,Consumer Durables,Building Products,male,male,Yes,No,No,Mar,101 - 500,1951 - 2000,0.2699,-0.0967,-0.1812,0.2924,1198654.4,21.41,16.86,22.18,17.25,5378630,19.85,19.0,19.34,19.34,318616,223536,72490,0,0
0.8511,6.820166441E7,18.038,,-87.59,,,51.0,,,57,,8,8,2003,0.701243676,0.625343485,0.865001321,1.048961177,2011,7,25,0,Health Care,Major Pharmaceuticals,male,,No,Yes,,Dec,0 - 100,2001 - 2010,0.0,-0.0626,-0.3721,0.0,777.6,5.59,5.59,6.19,6.19,1300,5.36,5.03,4.74,5.24,360,1500,200,528,0
0.8993,2.314839388E7,16.9574,3.81,-40.03,-10.5066,0.28,48.0,79375.0,6.08,53,53,6,6,2010,-1.802436519,0.335004837,0.494681021,0.215785968,2016,5,13,4,Health Care,Biotechnology: Biological Products (No Diagnostic Substances),male,male,Yes,,,Sep,0 - 100,2001 - 2010,0.0667,0.0542,-0.0375,0.0289,397977.2,4.8,4.5,5.25,5.12,1544004,4.8,5.01,5.11,5.0601,151592,205940,34417,53933,0
0.9,2.52E7,17.0424,8.99,6.1,0.6785,0.06,8.0,1123750.0,2.8,,,1,1,2010,1.176222368,1.273913028,1.34994645,1.64640031,2011,4,7,3,Energy,Oil & Gas Production,,,Yes,,,Dec,0 - 100,2001 - 2010,0.1208,0.0231,0.0017,0.1454,2319026.4,24.21,21.6,24.89,21.75,8208467,25.9804,25.63,24.95,24.77,1444749,848203,702614,391099,1
0.945,2.187762885E7,16.901,77.45,-7.22,-0.0932,,209.0,370574.16,0.28,54,36,23,23,1983,-1.536920632,0.094342551,0.858535314,1.373421113,2006,2,3,4,Public Utilities,Telecommunications Equipment,male,male,Yes,No,No,Dec,101 - 500,1951 - 2000,0.05,-0.0476,0.0476,0.05,660.2,136.5,130.0,136.5,130.0,130,165.1,159.25,149.5,130.0,1218,624,125,1204,0
1.06,2.579076884E7,17.0655,86.59,-6.28,-0.0725,,880.0,98397.73,0.3,50,50,0,0,2007,-0.066603516,-0.412536722,-0.353429262,0.052885724,2007,12,28,4,Consumer Services,Other Consumer Services,male,male,Yes,No,No,May,501 - 1000,2001 - 2010,0.0,-0.0042,0.007,0.0,1100.0,7.1,7.1,7.1,7.1,4000,7.1,7.1,7.07,7.07,0,0,1500,0,1
1.1001,3.301023316E7,17.3123,7.75,-24.72,-3.1897,0.32,65.0,119230.77,4.26,58,46,13,13,2001,-0.233842136,0.651250134,1.147880053,1.461282788,2014,9,12,4,Health Care,Industrial Specialties,male,male,No,Yes,Yes,Dec,0 - 100,2001 - 2010,1.2261,0.1035,0.1328,1.5652,7749890.8,25.6,11.5,30.0,12.0,12778627,37.15,36.95,33.7,28.25,11256108,8222810,3879711,2612198,1
1.12,9.174156544E7,18.3345,35.91,-22.0,-0.6126,0.05,126.0,285000.0,2.55,62,47,7,7,2003,1.422661414,1.575098044,2.136355075,1.725716641,2010,4,22,3,Health Care,Major Pharmaceuticals,unknown,male,Yes,No,No,Dec,101 - 500,2001 - 2010,0.0,0.0055,-0.2791,0.0209,532993.8,11.0,11.0,11.23,11.0,2028559,11.01,11.05,11.015,11.06,140348,191006,246371,58685,0
1.13,1.534132771E8,18.8486,558.08,-9.76,-0.0175,,5144.0,108491.45,0.27,40,44,1,1,2013,0.280783946,0.743349225,1.190708883,1.41120442,2014,4,17,3,Finance,Real Estate,unknown,unknown,No,Yes,,Dec,5001 - 10000,2011 - present,0.2471,-0.011,-0.1155,0.1262,2489157.2,11.86,9.51,12.0,10.8,8978030,11.86,11.79,12.32,11.73,0,1391563,1538966,537227,1
1.18,5167721.5,15.4579,31.45,-18.83,-0.5987,,98.0,320918.37,0.16,,,16,16,1989,0.175887644,-0.864773017,-0.402249561,0.11295435,2005,10,28,4,Health Care,Medical/Dental Instruments,unknown,male,Yes,No,No,Dec,0 - 100,1951 - 2000,0.1862,-0.3359,0.0117,0.3077,5271.0,385.5,325.0,425.0,325.0,23041,315.5,278.0,255.0,256.0,1830,652,489,343,0
1.18,2.051824592E7,16.8368,,-13.56,,,15.0,,,58,58,,-6,2011,1.105392968,1.52404622,0.892462803,1.164287105,2005,6,14,1,Health Care,Major Pharmaceuticals,male,male,Yes,No,No,Dec,0 - 100,2011 - present,0.225,-0.0571,-0.0204,0.225,1.4,74970.0,61200.0,74970.0,61200.0,4,67320.0,65790.0,67320.0,70686.0,1,1,1,0,1
1.24,2.598185392E7,17.0729,158.69,-137.5,-0.8665,,861.0,184308.94,0.16,52,54,12,12,1998,1.176431677,1.551893732,0.653294176,0.845810931,2010,10,1,4,Technology,EDP Services,unknown,unknown,No,,,Dec,501 - 1000,1951 - 2000,0.0319,-0.1116,-0.1115,0.1406,2093489.2,27.15,26.31,30.698,27.0,7039211,27.35,27.36,26.15,24.12,1269921,963996,510186,684132,0
1.28,3.862670221E8,19.772,383.66,8.53,0.0222,0.63,171.0,2243625.73,1.01,44,44,0,0,2014,1.561045154,2.104615298,2.321405096,1.907376437,2014,6,20,4,Energy,Oil & Gas Production,male,male,Yes,,,Dec,101 - 500,2011 - present,0.015,-0.0179,-0.1433,0.0071,6618238.0,25.75,25.37,27.18,27.0,27082863,25.26,24.52,24.92,25.29,2813896,1562986,1057136,574309,0
1.3,1.93792508E7,16.7797,127.02,-40.76,-0.3209,,1237.0,102683.91,0.15,58,54,0,0,2011,-2.872516776,-2.255157321,-2.646663266,0.041685638,2011,8,2,1,Energy,Oil & Gas Production,male,male,Yes,No,No,Dec,1001 - 5000,2011 - present,0.0,-0.0083,0.001,0.0,278.8,1294.65,1294.65,1296.0,1296.0,444,1282.5,1283.85,1282.5,1283.85,385,440,51,74,1
1.34,3.718298598E7,17.4314,29.12,-20.88,-0.717,0.08,245.0,118857.14,1.28,58,57,14,14,1999,-0.429216149,1.047634297,1.439508166,1.869565108,2013,4,5,4,Health Care,Medical Specialities,male,female,Yes,No,Yes,Dec,101 - 500,1951 - 2000,0.125,0.1102,0.0222,0.7,11514.6,11.25,10.0,17.0,10.0,48000,11.9,11.9,11.25,12.49,4450,4523,0,600,1
1.4,6.545E7,17.9968,15.67,13.31,0.8494,0.26,,,4.18,,,0,0,2011,0.980145652,1.607307137,0.26966406,-0.047050423,2011,11,11,4,Energy,Oil & Gas Production,,,Yes,,,Dec,,2011 - present,0.0211,0.0244,0.159,0.0,2013911.0,18.87,18.48,19.0,19.0,6031930,18.92,19.01,19.3,19.33,1219390,886129,1218789,713317,1
1.41,2.911326264E7,17.1867,181.38,-923000.0,-5088.7639,0.35,1142.0,158826.62,0.16,,,29,29,1967,0.0,0.0,0.0,0.0,1996,2,29,3,Miscellaneous,Business Services,male,male,Yes,No,No,Dec,1001 - 5000,1951 - 2000,0.0,0.2,0.25,0.0,983220.0,15.0,15.0,15.0,15.0,2249700,15.5,16.75,17.75,18.0,2249700,0,265600,151100,0
1.49,2.44967324E7,17.0141,1.2,-21.8,-18.1667,,34.0,35294.12,20.41,,,10,10,1990,-0.872921094,-1.631964033,-0.395918907,0.005307661,2000,3,7,1,Health Care,Major Pharmaceuticals,male,male,Yes,No,No,Dec,0 - 100,1951 - 2000,0.0,-0.0126,-0.2835,0.1012,3.2,4435.5704,4435.5704,4884.4078,4435.5704,12,4369.5649,4379.4657,4379.4657,4379.4657,1,3,0,0,0
1.5,3122407.5,14.9541,32.37,-214.98,-6.6413,,13.0,2490000.0,0.1,47,51,1,1,2007,-2.617862426,-1.697000111,-1.791169326,-1.786775829,2008,9,9,1,Consumer Services,Services-Misc. Amusement & Recreation,unknown,female,No,No,No,Dec,0 - 100,2001 - 2010,0.0,0.0077,-0.166,0.0,3623.8,28.5884,28.5884,28.5884,28.5884,18119,28.5884,28.5884,28.8091,28.8091,0,0,0,0,1
1.55,2.81770222E7,17.154,13.36,-10.19,-0.7627,,65.0,205538.46,2.11,56,56,3,3,1998,-0.418219769,-1.206090487,-0.579008174,-1.124338519,2001,7,18,2,Consumer Non-Durables,Packaged Foods,male,male,Yes,No,No,Dec,0 - 100,1951 - 2000,0.0,1.2727,3.1818,0.0,1.8,1100.0,1100.0,1100.0,1100.0,1,1300.0,1300.0,2500.0,2500.0,4,0,4,0,1
1.6,2.8168E7,17.1537,6.87,5.73,0.8341,0.45,,,4.1,64,64,0,0,2010,-1.992092977,-1.898107615,-2.188848625,-0.816132141,2010,7,1,3,Energy,Oil & Gas Production,male,male,Yes,,,Dec,,2001 - 2010,0.0,0.0,-0.0075,0.0125,703616.6,20.0,20.0,20.25,20.0,2524621,20.0,20.0,19.81,20.0,183105,0,686400,123957,1
1.6,5.77116656E7,17.871,40.0,-84.98,-2.1245,,28.0,1428571.43,1.44,59,59,6,6,2008,0.572761293,1.085523431,1.319504883,1.60996497,2014,3,21,4,Health Care,Major Pharmaceuticals,male,male,Yes,No,No,Dec,0 - 100,2001 - 2010,0.1204,-0.0434,-0.1916,0.2964,1429326.6,31.37,28.0,36.3,28.0,5889393,29.64,31.12,30.87,30.01,775356,113594,113823,254467,0
1.72,2292661.96,14.6452,,,,,,,,50,,12,12,1993,-0.195013195,0.363075747,0.935013754,1.134447198,2005,9,1,3,Health Care,Major Pharmaceuticals,male,,,No,,,,1951 - 2000,0.0,-0.021,-0.1778,0.0,184.2,571.0,571.0,600.0,600.0,179,570.5,570.5,571.0,559.0,142,0,459,141,0
1.76,5135771.52,15.4517,14.05,-5.19,-0.3694,,93.0,151075.27,0.37,48,57,2,2,1995,1.061622236,1.746343575,2.143455457,2.143455457,1997,5,21,2,Public Utilities,Telecommunications Equipment,male,male,No,No,No,Dec,0 - 100,1951 - 2000,0.069,0.0645,0.0968,0.069,62006.6,46.5,43.5,49.5,46.5,214050,47.25,48.0,48.0,49.5,43283,34050,0,18650,0
1.8098,2.743659334E7,17.1274,260000.0,-15.67,-1.0E-4,15.0,6.0,4.333333333333E10,0.0,56,56,10,10,1996,1.288244298,1.531335558,1.663684273,2.417072125,2006,12,20,2,Health Care,Biotechnology: Biological Products (No Diagnostic Substances),male,male,Yes,No,No,Dec,0 - 100,1951 - 2000,0.6,0.25,0.475,1.408,30091.8,26.0,16.25,39.13,16.25,39076,32.5,27.3,27.3,32.5,99069,6761,0,5553,1
1.88,6.612226772E7,18.007,52.19,-3.54,-0.0678,1.06,162.0,322160.49,1.27,55,,4,4,2010,-2.190807082,-0.914807721,0.209363034,0.896964371,2014,8,7,3,Consumer Non-Durables,Beverages (Production/Distribution),male,,Yes,No,,Dec,101 - 500,2001 - 2010,0.0,0.0857,-0.3143,0.0,3102.0,1.75,1.75,2.5,2.5,1350,2.0,2.1,2.0,1.9,2650,4460,5950,1100,0
1.89,2.892163995E7,17.1801,138.35,-5.82,-0.0421,,95.0,1456315.79,0.21,55,55,1,1,2008,1.977120683,1.386665782,1.360803276,-0.072404554,2009,7,16,3,Technology,Diversified Commercial Services,unknown,unknown,Yes,No,No,Dec,0 - 100,2001 - 2010,0.8333,0.3636,0.2727,0.0,3151.6,4.4,2.4,8.0,8.0,11458,4.8,6.0,5.8,6.0,2000,1500,125,675,1
1.9,4.62602158E7,17.6498,,,,,,,,59,49,1,1,2012,-2.695961349,-0.235026453,0.610571045,1.218113973,2013,8,19,0,Consumer Services,Diversified Commercial Services,male,male,,,No,,,2011 - present,0.1818,1.3846,1.3846,0.1818,4670.8,13.0,11.0,13.0,11.0,8021,22.5,32.0,31.0,31.0,9225,4425,1323,360,1
1.94,4.698782432E7,17.6654,159.62,-11.79,-0.0739,,362.0,440939.23,0.29,,64,8,8,1996,-2.427245953,-1.589010623,-0.091014185,0.811816129,2004,4,30,4,Technology,EDP Services,unknown,male,Yes,,No,Dec,101 - 500,1951 - 2000,0.2043,-0.0425,-0.0822,0.1804,1654238.2,24.7,20.51,24.7,21.0,6518498,23.07,22.2,22.0,23.65,738604,568477,269954,175658,0
1.95,1.990805954E8,19.1092,18.17,-30.93,-1.7023,0.29,103.0,176407.77,10.96,59,62,7,7,2006,1.346056053,2.006337452,1.943479651,2.043261161,2013,8,2,4,Basic Industries,Agricultural Chemicals,female,male,Yes,No,No,Dec,101 - 500,2001 - 2010,0.1206,-0.0365,-0.0436,0.0611,222784.4,13.75,12.27,13.75,13.0,982031,13.55,13.54,13.25,13.248,38132,31988,22719,39052,1
2.01,8.939057764E8,20.6111,19260.0,362.0,0.0188,0.05,27881.0,690793.01,0.05,57,,46,46,1950,0.0,0.0,0.0,0.0,1996,9,30,0,Basic Industries,Precious Metals,male,,No,No,,Jun,>10000,1901 - 1950,0.0,0.0,-0.0606,0.0,7139.8,8.25,8.25,8.25,8.25,16299,8.0,8.0,8.375,8.25,2300,0,10400,6700,0
2.04,7.111061988E7,18.0797,303.37,24.57,0.081,,1069.0,283788.59,0.23,42,42,12,12,1995,0.445974909,1.257565046,1.259303464,1.78902269,2007,2,9,4,Consumer Services,Other Specialty Stores,male,male,Yes,No,No,Dec,1001 - 5000,1951 - 2000,0.1333,-0.0252,-0.0689,0.1067,776077.0,11.9,10.5,12.12,11.0,3145498,11.84,11.92,11.6,11.6,346315,125697,74928,187947,0
2.14,2.45763699E7,17.0173,,-33.24,,,13.0,,,,57,9,9,2005,-2.265693073,-3.08659031,-1.845176749,-0.226442112,2014,10,15,2,Health Care,Major Pharmaceuticals,male,male,No,No,sameYear,Dec,0 - 100,2001 - 2010,0.1111,0.1394,0.2857,0.014,992216.6,17.5,15.75,19.0,18.78,4063212,19.0,19.99,20.13,19.94,486587,176889,96690,137705,1
2.14,1.466719834E9,21.1063,1170.0,-456.5,-0.3902,0.08,5266.0,222180.02,1.25,61,,66,66,1931,1.525429495,1.353926642,1.732994921,1.732994921,1997,5,7,2,Energy,Oil & Gas Production,unknown,male,No,No,No,Dec,5001 - 10000,1901 - 1950,0.0,0.0294,0.0,0.0294,11129.2,544.0,544.0,560.0,544.0,26609,544.0,564.0,560.0,560.0,5450,13175,2681,7731,1
2.1999,2.982487146E7,17.2109,32.25,5.58,0.173,,149.0,216442.95,0.92,54,,,,,0.836142257,1.282429374,1.3982562,1.566118281,2015,5,27,2,Public Utilities,Power Generation,male,,No,,,Mar,101 - 500,Unknown,0.0,0.0053,0.0042,0.0051,33661.0,9.7288,9.7288,9.8,9.75,10300,9.74,9.74,9.74,9.78,5550,6000,0,146455,1
2.21,1.14835578E8,18.559,6.0,-41.83,-6.9717,,22.0,272727.27,19.14,57,52,5,5,1995,-1.184122833,-0.031868829,0.231215927,0.734150291,2000,7,27,3,Health Care,Major Pharmaceuticals,unknown,male,Yes,No,No,Dec,0 - 100,1951 - 2000,0.1367,-0.0316,0.0,0.1583,671510.0,79.0,69.5,83.0,72.0,2257600,74.252,72.0,81.5,76.5,513700,319625,167000,99625,0
2.25,8.661385575E7,18.277,2029.9999999999998,-360.32,-0.1775,,4645.0,437029.06,0.04,57,57,5,5,2005,-0.999363518,-0.003358497,0.604648877,1.055674974,2010,5,13,3,Transportation,Oil Refining/Marketing,male,male,Yes,No,No,Dec,1001 - 5000,2001 - 2010,0.011,0.0233,-0.0036,0.0235,876430.0,13.75,13.6,14.07,13.75,3341439,13.85,14.0,13.92,14.07,747028,186183,42600,64900,1
2.33,7.607625775E8,20.4498,,,,,,,,39,57,1,1,2009,0.932697025,1.442957361,1.879393394,1.480138516,2010,3,31,2,Transportation,Marine Transportation,male,male,,sameYear,,,,2001 - 2010,0.038,-0.0231,0.0271,0.0124,842630.0,12.56,12.1,12.9,12.75,2960070,12.55,12.55,12.51,12.27,746712,0,208496,297872,0
2.4,9.75370128E7,18.3957,5670.0,-29.31,-0.0052,0.39,,,0.02,,,1,1,2005,1.13426224,1.388189691,1.652731543,2.431216215,2006,12,8,4,Energy,Oil Refining/Marketing,male,male,No,,No,Dec,,2001 - 2010,0.1025,-0.0412,-0.0387,0.1032,1852880.0,16.02,14.53,16.5,15.0,7333100,16.8,16.01,15.75,15.36,1099300,406900,132500,292600,1
2.44,2.897149128E7,17.1818,146.07,-77.14,-0.5281,0.04,171.0,854210.53,0.2,72,,1,1,1996,1.413317909,1.882865564,1.882865564,1.882865564,1997,2,7,4,Health Care,Major Pharmaceuticals,male,male,Yes,No,No,Dec,101 - 500,1951 - 2000,0.022,0.0323,0.0806,0.0275,27154.0,465.0,455.0,477.5,465.0,112760,480.0,480.0,477.5,480.0,10245,7470,3320,1975,1
2.47,6.706568947E7,18.0212,79.66,-4.61,-0.0579,0.1,2000.0,39830.0,0.84,46,46,9,9,2004,1.898196959,2.085225785,1.969283649,1.620020605,2013,10,17,3,Consumer Services,Restaurants,male,male,Yes,No,No,Dec,1001 - 5000,2001 - 2010,0.0582,-0.0378,-0.0464,0.0546,537365.8,5.7767,5.4591,5.7767,5.4789,1930514,5.4591,5.5186,5.4591,5.5583,184477,256636,76728,238474,0
2.4702,9690661.295,16.0867,351622.0,-5.38,0.0,,13.0,2.704784615385E10,0.0,51,,10,10,2007,-1.14016996,0.797067712,1.168666758,1.488812686,2017,6,30,4,Health Care,Biotechnology: Electromedical & Electrotherapeutic Apparatus,unknown,male,Yes,Yes,,Dec,0 - 100,2001 - 2010,0.0,-0.0795,-0.1282,0.0013,594.2,3.9,3.9,3.99,3.985,825,3.9,3.9,3.5999,3.59,0,0,1946,200,0
2.5,6.373248E7,17.9702,,-28.94,,,25.0,,,47,29,3,3,2012,0.35453673,1.256160043,0.477076559,0.378934121,2015,11,19,3,Health Care,Major Pharmaceuticals,unknown,female,Yes,Yes,sameYear,Dec,0 - 100,2011 - present,0.0505,0.0092,-0.0275,0.0529,144036.8,8.74,8.32,9.4399,9.0,532318,9.07,9.06,9.2,8.82,30810,13853,7571,135632,0
2.54,2.552175973E8,19.3576,869.77,-302.02,-0.3472,,2288.0,380144.23,0.29,43,45,20,20,1995,-1.279540898,-1.905546164,-0.426556185,0.477556099,2015,7,6,0,Public Utilities,Telecommunications Equipment,male,male,Yes,No,sameYear,Dec,1001 - 5000,1951 - 2000,0.0,-0.0459,-0.1822,0.0,68844.8,16.875,16.875,16.875,16.875,13188,16.0,15.5,16.0,16.1,224044,5225,22692,79075,0
2.59,2.883890926E7,17.1772,254.86,-22.01,-0.0864,,1200.0,212383.33,0.11,54,54,33,33,1982,1.676002795,-0.027815106,-0.619042998,-0.561618472,2015,10,9,4,Finance,Finance Companies,male,male,Yes,No,No,Dec,1001 - 5000,1951 - 2000,0.1064,0.0468,-0.0222,0.2182,429410.8,60.85,55.0,67.0,55.0,1463685,64.35,62.0,62.65,63.7,343698,116130,76311,147230,0
2.65,1.086619807E9,20.8063,1110.0,-295.94,-0.2666,,1200.0,925000.0,0.98,48,48,0,0,2006,2.284692845,1.76718175,1.822232525,2.618719423,2006,12,14,3,Consumer Services,Marine Transportation,male,male,No,No,No,Dec,1001 - 5000,2001 - 2010,0.0331,0.0408,0.044,0.0401,1237780.0,25.0,24.2,25.97,25.0,4952200,25.75,26.0,25.8,26.02,640500,242100,176700,177400,1
2.7,1.91375973E7,16.7672,14.58,-12.25,-0.8402,,128.0,113906.25,1.31,54,54,5,5,2000,-0.557534042,-0.60948434,0.634426472,1.210690691,2005,2,22,1,Technology,Radio And Television Broadcasting And Communications Equipment,male,male,Yes,sameYear,sameYear,Dec,101 - 500,1951 - 2000,0.1,0.0,0.0227,0.1,262.4,17.6,16.0,17.6,16.0,937,17.6,17.6,17.6,17.6,0,275,100,0,1
2.78,4.161834751E8,19.8466,901.78,20.43,0.0227,,2913.0,309570.89,0.46,30,34,4,4,2010,0.079976004,0.787791772,1.165224702,1.342951343,2014,5,16,4,Consumer Services,Other Specialty Stores,male,unknown,No,,Yes,Dec,1001 - 5000,2001 - 2010,0.0364,-0.0678,0.1452,0.0441,4259281.6,24.18,23.33,28.28,27.25,15923731,23.75,23.69,24.35,22.54,1270526,1422518,733054,1946579,0
2.84,8.147225008E7,18.2158,,-26.41,,,45.0,,,45,45,14,14,2000,1.428452892,1.501244242,2.163896321,2.081648034,2014,12,3,2,Health Care,Industrial Specialties,male,male,Yes,sameYear,sameYear,Dec,0 - 100,1951 - 2000,0.0389,-0.0638,-0.0638,0.1388,460964.2,11.75,11.31,12.97,11.4,1638277,11.09,11.0,11.0,11.0,264721,317708,57902,26213,0
2.87,2.63527992E8,19.3897,1130.0,141.2,0.125,,,,0.23,50,,0,0,2012,-1.345289169,0.413613807,1.032960695,1.256141884,2012,10,19,4,Energy,Oil & Gas Production,male,,No,sameYear,,Dec,,2011 - present,0.0257,-0.0181,-0.0185,0.0488,2039087.4,24.37,23.76,25.16,24.0,7573125,24.28,23.75,24.45,23.93,850343,1030940,323329,417700,1
2.93,3.304991362E7,17.3135,1.95,-9.71,-4.9795,,19.0,102631.58,16.95,43,63,3,3,2003,-1.060693248,-1.167837878,-1.696273583,-0.487857024,2006,7,21,4,Health Care,Biotechnology: Commercial Physical & Biological Resarch,male,male,Yes,No,No,Dec,0 - 100,2001 - 2010,0.0778,-0.0278,-0.1074,0.002,4520.0,108.0,100.2,120.0,119.8,13587,103.2,106.0,106.0,105.0,7011,1494,214,294,1
2.93,1.50485761E8,18.8294,132.05,-12.73,-0.0964,,1260.0,104801.59,1.14,51,41,36,36,1976,1.574426292,2.038341165,1.375902944,1.362672896,2012,8,10,4,Consumer Services,Other Consumer Services,female,male,Yes,No,No,Dec,1001 - 5000,1951 - 2000,0.1522,-0.0151,0.0585,0.1685,1516770.6,10.6,9.2,10.8,9.25,6056025,10.16,10.21,10.52,10.44,581140,522205,264637,159846,1
2.99,8.582269358E7,18.2678,47.67,4.3,0.0902,,130.0,366692.31,1.8,49,,5,5,2010,0.0625337,0.77289734,0.999596227,1.456213048,2015,3,24,1,Basic Industries,Major Chemicals,unknown,unknown,No,,,Dec,101 - 500,2001 - 2010,0.4185,-0.025,0.4275,0.6489,160462.0,8.0,5.6399,9.5,5.84,241870,6.97,6.66,6.79,7.8,394699,44776,17072,103893,1
3.0,7.4409288E7,18.1251,33.2,47436.0,1428.7952,0.36,95.0,349473.68,2.24,49,62,14,14,2000,-0.752008569,0.449187087,0.986432067,1.265260101,2014,5,20,1,Capital Goods,Industrial Machinery/Components,male,male,Yes,No,Yes,Dec,0 - 100,1951 - 2000,0.2589,1.1099,0.0235,0.1542,98158.2,6.37,5.06,6.74,5.96,19745,14.8,20.8,13.44,13.44,78990,270135,121921,0,1
3.0,1.0156869E8,18.4362,298.71,-3.63,-0.0122,,464.0,643771.55,0.34,64,58,6,6,2004,1.364807359,1.774663952,1.810035615,2.12758905,2010,12,17,4,,,male,male,No,No,No,Jun,101 - 500,2001 - 2010,0.0,0.0,0.0,0.0,500.0,0.96,0.96,0.96,0.96,2500,0.96,0.96,0.96,0.96,0,0,0,0,0
3.07,6.17780542E9,22.5442,1220.0,235.26,0.1928,,2674.0,456245.33,5.06,58,,6,6,1994,0.957913569,1.285730832,1.786561301,2.182194868,2000,1,3,0,Basic Industries,Precious Metals,male,male,No,No,No,Dec,1001 - 5000,1951 - 2000,0.0,0.106,-0.0606,0.0,4044.6,0.4406,0.4406,0.4406,0.4406,0,0.4873,0.4873,0.4873,0.4873,20223,0,0,0,0
3.12,3.534428758E8,19.6832,330.8,-72.79,-0.22,,304.0,1088157.89,1.07,51,51,4,4,2007,0.904107381,0.992377936,1.237900351,1.57276668,2011,4,8,4,Basic Industries,Agricultural Chemicals,male,male,Yes,No,No,Dec,101 - 500,2001 - 2010,0.0174,-0.0313,0.1121,0.0116,3535297.0,17.55,17.25,18.2,18.0,13311426,17.28,17.06,17.36,17.0,1770289,742767,562198,1289805,1
3.13,3.398529868E8,19.644,86.68,-131.4,-1.5159,,,,3.92,64,,6,6,2010,1.715529039,1.54829682,1.275992591,1.053012425,2016,6,2,3,Technology,EDP Services,male,male,Yes,sameYear,,Dec,,2001 - 2010,0.1539,-0.1501,-0.3276,0.3035,1154513.2,18.59,16.11,21.0,16.11,3489073,18.54,16.41,15.64,15.8,842431,667176,524733,249153,0
3.3,8.76899727E7,18.2893,,,,,,,,49,49,,,,0.756166515,1.295750809,1.319592533,1.703377711,2015,3,20,4,Health Care,Major Pharmaceuticals,male,male,,Yes,Yes,,,Unknown,0.1097,-0.011,0.0023,0.0619,353036.8,8.6,7.75,8.6,8.12,1415932,8.54,8.6,8.38,8.505,110535,155397,44504,38816,0
3.33,3.884502942E7,17.4751,31.81,-5.57,-0.1751,0.3,1700.0,18711.76,1.22,,,13,13,2001,1.577520335,1.468815984,1.762184454,1.835448797,2014,7,23,2,Technology,Computer Software: Prepackaged Software,male,unknown,Yes,No,No,Dec,1001 - 5000,2001 - 2010,0.0313,-0.1168,-0.2827,0.0,471299.8,4.28,4.15,5.0,5.0,1877823,4.15,4.09,3.89,3.78,179670,129594,106548,62864,0
3.35,1.398892112E9,21.0589,1180.0,-153.84,-0.1304,,1837.0,642351.66,1.19,47,44,8,8,2006,-1.415000148,0.651402566,1.11516473,1.487820513,2014,12,11,3,Miscellaneous,Business Services,male,male,Yes,No,No,Dec,1001 - 5000,2001 - 2010,0.0502,0.1908,-0.0115,0.0309,1.67834794E7,23.43,22.31,25.44,24.75,46538539,24.69,24.97,26.0,27.9,12908378,9919707,5321617,9229156,0
3.4,1.09555106E7,16.2094,41.43,-6.79,-0.1639,,886.0,46760.72,0.26,55,55,1,1,2005,0.97608406,1.61646452,2.046991405,2.658949245,2006,10,31,1,Consumer Services,Restaurants,male,male,Yes,Yes,Yes,Dec,501 - 1000,2001 - 2010,0.0,0.0,-0.6,0.0,2.0,117.163,117.163,117.163,117.163,10,117.163,117.163,117.163,117.163,0,0,0,0,0
3.43,1.274164841E8,18.663,191.41,27.42,0.1433,,831.0,230336.94,0.67,48,48,7,7,1997,-0.855265654,-1.33492163,0.367667604,1.016545065,2004,3,26,4,Consumer Services,Marine Transportation,male,male,Yes,No,No,Dec,501 - 1000,1951 - 2000,0.0053,-0.0174,-0.0302,0.0228,652880.0,13.25,13.18,13.55,13.25,2368200,13.08,13.21,13.2,13.02,310600,210900,99200,275500,1
3.5,1.24037025E7,16.3335,9.21,-4.09,-0.4441,,66000.0,139.55,1.35,58,58,5,5,2005,1.741134383,1.728788691,1.862291485,2.075982168,2010,12,9,3,Technology,Semiconductors,male,male,No,No,No,Aug,>10000,2001 - 2010,0.1132,-0.0528,0.087,0.1443,193409.0,257.6,231.4,273.38,240.0,726438,252.5,249.8,243.7,244.0,158735,31441,34319,16112,0
3.53,8.816614379E8,20.5973,299110.0,198.13,7.0E-4,0.08,,,0.0,,55,1,1,2003,0.959309113,1.220559157,1.049782917,0.683593526,2004,10,29,4,Basic Industries,Steel/Iron Ore,male,male,No,,,Dec,,2001 - 2010,0.0099,0.021,0.0073,0.0074,2462610.0,13.6667,13.5333,14.1,14.0,9050400,13.6667,13.3667,13.7133,13.9533,970500,1255800,482400,553950,1
3.58,1.345001203E8,18.7171,,-16.24,,,7.0,,,,68,2,2,2000,-0.658128685,-0.723776197,-1.293612576,-1.966277815,2002,9,4,2,Health Care,Major Pharmaceuticals,male,male,Yes,,Yes,Dec,0 - 100,1951 - 2000,0.0,0.625,0.675,0.0,336.2,12.0,12.0,12.0,12.0,716,12.0,21.0,12.0,19.5,250,516,166,33,1
3.78,3.41919745E8,19.6501,239.13,-29.85,-0.1248,,3269.0,73150.81,1.43,56,,9,9,2002,0.585544801,0.672518334,1.144534671,1.554827811,2011,3,25,4,Miscellaneous,Business Services,male,female,Yes,No,No,Dec,1001 - 5000,2001 - 2010,0.015,0.0,-0.0353,0.0292,2951354.0,12.18,12.0,14.0,13.65,11792059,11.53,11.83,12.43,12.18,1014470,722956,612538,614747,1
3.82,2.214878402E8,19.2159,25.15,-40.67,-1.6171,,57.0,441228.07,8.81,52,,6,6,1991,-1.56499054,0.157707538,0.473688219,0.473688219,1997,3,21,4,Health Care,Major Pharmaceuticals,male,,Yes,No,,Dec,0 - 100,1951 - 2000,0.025,-0.0244,-0.1707,0.0625,19.4,123000.0,120000.0,130500.0,123000.0,56,123000.0,124500.0,120000.0,120000.0,20,11,5,5,1
3.875,1.779337923E8,18.9969,966.67,-32.54,-0.0337,0.01,8878.0,108883.76,0.18,50,50,25,25,1974,1.651897363,2.134699319,1.885018018,2.131537067,1999,4,22,3,Consumer Services,Department/Specialty Retail Stores,male,male,Yes,No,No,Jun,5001 - 10000,1951 - 2000,0.1333,0.0478,0.2464,0.0,1156719.8,17.0,15.0,17.0,17.0,4118299,17.25,17.125,16.875,17.813,698000,331700,252500,383100,1
3.91,2.504651886E8,19.3388,926.87,5.68,0.0061,,6789.0,136525.26,0.27,52,51,86,86,1918,0.903609369,1.41526604,0.889425115,0.738230341,2004,10,7,3,Consumer Services,Clothing/Shoe/Accessory Stores,male,male,Yes,No,No,Jan,5001 - 10000,1901 - 1950,0.0489,0.0363,0.1166,0.038,2125239.8,19.3,18.4,19.7,19.0,8262499,20.45,20.5,20.47,20.0,1199700,425500,351000,387500,1
3.92,9.748731104E7,18.3952,267.8,-6.99,-0.0261,0.26,178.0,1504494.38,0.36,33,31,0,0,2011,1.344303989,1.177659324,-0.162414108,-0.346873769,2011,10,26,2,Public Utilities,Power Generation,male,male,Yes,No,No,Dec,101 - 500,2011 - present,0.0552,-0.0709,-0.2058,0.0552,91561.4,8.6,8.15,8.6,8.15,300,8.6,9.14,8.3,7.99,0,4330,172008,281169,0
3.975,6.079768463E7,17.9231,407.61,-9.77,-0.024,,9500.0,42906.32,0.15,47,47,23,23,1987,1.365247359,1.698973182,1.551783608,1.512211273,2010,10,21,3,Consumer Services,Restaurants,male,male,Yes,No,No,Dec,5001 - 10000,1951 - 2000,0.1185,0.0683,0.0953,0.1297,1416039.4,15.95,14.26,16.35,14.5,5889827,16.94,17.3,17.29,17.04,528888,286532,157117,217833,1
4.0085,1.319150851E7,16.3951,1.27,-1.93,-1.5197,,22.0,57727.27,10.39,,,2,2,2012,-0.752008569,0.449187087,0.986432067,1.265260101,2014,5,20,1,Finance,Property-Casualty Insurers,male,female,No,No,No,Dec,0 - 100,2011 - present,0.0219,-0.0088,0.1029,0.0248,3864.0,6.8,6.654,6.856,6.691,1309,6.7456,6.74,6.74,6.74,1880,16131,0,0,1
4.01,3.170107625E8,19.5744,63.21,29.66,0.4692,2.08,480.0,131687.5,5.02,50,,13,13,1998,-2.872516776,-2.255157321,-2.646663266,0.041685638,2011,8,2,1,,,unknown,unknown,No,No,,Dec,101 - 500,1951 - 2000,0.0,0.0011,0.0011,0.0,89000.0,9.49,9.49,10.0,10.0,200000,9.5,9.5,9.5,9.5,245000,0,0,0,1
4.04,2.441651851E8,19.3134,21.61,-80.08,-3.7057,5.29,27.0,800370.37,11.3,59,,2,2,2007,0.79446691,1.435424426,1.622037032,1.915426762,2009,10,21,2,Energy,Oil & Gas Production,male,,Yes,No,,Dec,0 - 100,2001 - 2010,0.0,0.0,-0.1364,0.0,417.4,220.0,220.0,220.0,220.0,12,220.0,220.0,170.0,220.0,0,0,1625,450,0
4.05,2.90526341E8,19.4872,233.06,5.54,0.0238,0.07,,,1.25,45,,4,4,2007,0.592944798,1.166548395,1.254664198,1.485474379,2011,5,12,3,Consumer Services,Broadcasting,unknown,unknown,No,Yes,,Dec,,2001 - 2010,0.3582,-0.1559,-0.2088,0.3674,2195159.4,14.75,10.86,15.09,11.1,7228875,13.1,12.3,12.13,12.45,2278017,591628,473984,403293,0
4.07,3.407615518E8,19.6467,181.16,-66.4,-0.3665,,675.0,268385.19,1.88,57,62,4,4,1992,0.0,0.0,0.0,0.0,1996,6,20,3,Health Care,Medical/Dental Instruments,male,male,Yes,No,No,Dec,501 - 1000,1951 - 2000,0.0476,0.1136,0.3409,0.1667,640819.8,11.0,10.5,12.75,11.0,1808600,11.625,11.813,12.125,12.25,643600,385700,108400,257799,1
4.09,5.070453164E7,17.7415,,,,,,,,54,51,0,0,2008,-2.967899061,-3.571742453,-2.702934141,-2.41136217,2008,9,17,2,Consumer Services,Other Consumer Services,male,male,,No,No,,,2001 - 2010,0.358,-0.1753,-0.3178,0.358,3142.6,33.95,25.0,33.95,25.0,13,27.21,28.07,28.25,28.0,2200,7200,1400,4900,1
4.17,1.821750319E8,19.0205,269.55,-2.13,-0.0079,0.25,1248.0,215985.58,0.68,62,61,1,1,2006,-0.165023467,0.95287872,1.154536705,1.692686355,2007,2,12,0,Consumer Services,Professional Services,male,male,Yes,Yes,No,Dec,1001 - 5000,2001 - 2010,0.0204,-0.012,-0.0107,0.0204,265820.0,7.5,7.35,7.5,7.35,744900,7.46,7.4,7.4,7.41,518100,33100,7300,25700,1
4.2,6.6276861E7,18.0094,127.25,6.28,0.0494,0.21,1862.0,68340.49,0.52,54,,22,22,1993,1.486549969,1.457716768,0.718670428,0.789060385,2015,11,4,2,Consumer Non-Durables,Plastic Products,unknown,unknown,No,,,Dec,1001 - 5000,1951 - 2000,0.1432,-0.1632,-0.1724,0.0315,228982.2,4.35,3.805,5.27,5.15,462977,4.5899,4.61,3.98,3.64,212113,117547,192175,160099,0
4.21,1.930273086E8,19.0783,,,,,,,,55,,14,14,1983,-0.107413173,1.051881885,1.534171588,1.838237341,1997,8,8,4,Consumer Services,Other Consumer Services,male,,,No,,,,1951 - 2000,0.0102,0.0606,0.0101,,54700.0,123.75,122.5,126.25,,183010,120.0,120.0,123.75,131.25,31320,31320,12640,15210,0
4.31,2.788559527E8,19.4462,92.59,-39.65,-0.4282,0.66,,,3.01,,,16,16,2001,1.516558435,1.160790809,1.263619462,1.739724481,2017,4,28,4,Finance,Finance: Consumer Services,female,male,No,,,Dec,,2001 - 2010,0.0323,0.2203,0.1047,0.0226,1314641.6,6.4,6.2,6.79,6.65,3767069,7.65,7.87,7.87,7.81,1693155,827340,159853,125791,1
4.35,6.131788319E8,20.2342,6.18,-196.97,-31.8722,,,,99.22,41,,1,1,2007,-1.936781164,-0.90961071,-0.760398061,-1.298980521,2008,6,12,3,,,male,male,Yes,No,,Sep,,2001 - 2010,0.0557,-0.0347,-0.2492,0.0174,954740.0,12.12,11.48,13.32,13.12,3913400,12.25,12.4,12.45,11.7,377000,117700,91200,274400,0
4.4,1.064938336E8,18.4836,1180.0,-252.15,-0.2137,,3860.0,305699.48,0.09,51,48,32,32,1977,-1.258026427,0.147800418,0.959735039,1.414088333,2009,10,28,2,Consumer Non-Durables,Food Chains,male,female,Yes,No,No,Dec,1001 - 5000,1951 - 2000,0.0,0.0362,0.0752,0.044,2569722.0,17.95,17.95,20.29,19.5,10206580,18.67,17.57,18.4,18.6,1310894,520135,467551,343450,1
4.41,5.637657643E9,22.4527,19490.0,1310.0,0.0672,,12627.0,1543517.86,0.29,67,61,40,40,1968,-1.504532645,-2.328596582,-2.966748259,-3.685119648,2008,10,27,0,Basic Industries,Agricultural Chemicals,male,female,No,No,No,Dec,>10000,1951 - 2000,0.0,0.2813,-0.3125,0.0,766.6,8.0,8.0,8.0,8.0,1050,9.0,9.0,9.0,10.25,2143,0,0,640,1
4.49,5925964.86,15.5949,136.2,-29.27,-0.2149,0.52,56.0,2432142.86,0.04,,,12,12,2004,0.212770979,0.897733411,1.45329318,1.573395379,2016,9,2,4,Energy,Oil & Gas Production,male,,No,Yes,,Dec,0 - 100,2001 - 2010,0.0,-0.0603,-0.138,0.0,270.0,15.43,15.43,15.43,15.43,220,15.43,15.43,15.1,14.5,0,0,620,510,0
4.71,6.859963338E7,18.0438,86.3,-6.13,-0.071,0.08,98.0,880612.24,0.79,47,47,,-1,2012,1.176222368,1.273913028,1.34994645,1.64640031,2011,4,7,3,Consumer Services,Movies/Entertainment,male,male,Yes,No,No,Dec,0 - 100,2011 - present,0.0,0.0053,0.0053,0.0,3333.2,28.5,28.5,28.5,28.5,10000,28.5,28.5,28.65,28.65,0,0,6666,0,1
4.71,7.185821768E8,20.3928,,,,,,,,61,51,,,,2.145538238,2.402069474,2.240885219,1.712923923,2013,10,18,4,Miscellaneous,Business Services,male,male,,No,No,,,Unknown,0.0,0.0,0.0606,0.0,180.0,9.9,9.9,10.0,10.0,500,9.9,9.9,9.9,9.9,100,300,0,0,1
4.75,,,20.85,2.99,0.1434,0.07,166.0,125602.41,,,61,27,27,1988,1.206646546,1.401688776,0.669408778,0.721214552,2015,11,6,4,Consumer Non-Durables,Beverages (Production/Distribution),,male,Yes,,Yes,Dec,101 - 500,1951 - 2000,0.0,0.0,0.0,0.0,80.0,199999.99,199999.99,199999.99,199999.99,400,199999.99,199999.99,199999.99,199999.99,0,0,0,0,0
4.75,1.170248618E8,18.5779,94.07,-38.66,-0.411,0.62,50.0,1881400.0,1.24,53,62,,-6,2015,0.999143752,1.337313182,1.567675931,1.02141292,2009,9,8,1,Energy,Oil & Gas Production,male,male,Yes,,No,Dec,0 - 100,2011 - present,0.0,0.1591,0.1136,0.0,98.4,22.0,22.0,22.0,22.0,40,24.9,24.0,25.0,25.5,130,100,175,47,1
4.75,8.071538651E9,22.8116,36920.0,-359.36,-0.0097,,,,0.22,54,53,38,38,1961,1.92173416,1.623455922,1.369450414,2.019032662,1999,3,10,2,Capital Goods,Steel/Iron Ore,male,male,No,,No,Dec,,1951 - 2000,0.0,-0.0151,0.3234,0.0221,8426807.0,0.3714,0.3714,0.3821,0.3739,29292118,0.3821,0.3607,0.3658,0.3658,3219839,6949799,2672279,0,1
4.8,2.963142288E8,19.5069,279.56,6.27,0.0224,0.03,942.0,296772.82,1.06,47,,3,3,1997,0.07195775,0.618516705,0.670167624,1.04386985,2000,8,9,2,Health Care,Industrial Specialties,female,male,Yes,No,,Dec,501 - 1000,1951 - 2000,0.0,-0.2054,-0.0714,0.0,590920.0,14.0,14.0,14.0,14.0,0,14.063,13.375,10.625,11.125,0,980800,1368000,605800,0
4.89,7.083141039E7,18.0758,14.41,-163.82,-11.3685,36.17,94.0,153297.87,4.92,51,,4,4,2009,1.692371816,1.739393201,1.527798651,1.739457643,2013,1,7,0,Health Care,Major Pharmaceuticals,male,,No,Yes,,Dec,0 - 100,2001 - 2010,0.0,0.0,0.1072,0.0,20.0,11.1,11.1,11.1,11.1,100,11.1,11.1,11.1,11.1,0,0,0,0,0
4.9,8.87140149E7,18.3009,39.47,407000.0,10311.6291,,72.0,548194.44,2.25,55,55,15,15,1999,-1.039260281,0.456307134,0.942331554,1.384432474,2014,3,27,3,Health Care,Biotechnology: Biological Products (No Diagnostic Substances),female,female,Yes,Yes,Yes,Jun,0 - 100,1951 - 2000,0.1808,0.1077,-0.1382,0.3256,408132.4,14.76,12.5,16.82,12.75,1566063,14.55,15.0,15.61,16.35,183861,35780,120358,134600,1
4.9,1.799101444E8,19.008,6.46,-54.73,-8.4721,,,,27.85,61,,,-2,2017,-0.057172486,-1.268289985,-1.988677576,-1.53292326,2015,9,18,4,Health Care,Major Pharmaceuticals,male,male,No,Yes,sameYear,Dec,,2011 - present,0.2259,-0.2696,-0.2266,0.5639,598994.8,13.24,10.8,17.48,11.39,1906618,12.62,10.81,10.79,9.67,489482,354234,68118,176522,0
4.9,1.985514545E8,19.1066,,-18.9,,,16.0,,,61,61,11,11,2003,-3.612448606,-0.179197965,0.661777887,1.159053656,2014,7,31,3,Health Care,Major Pharmaceuticals,male,male,Yes,Yes,Yes,Dec,0 - 100,2001 - 2010,0.0,0.005,0.0088,0.02,152776.2,8.0,8.0,8.16,8.0,622183,8.0,8.0,8.09,8.04,28901,41317,47230,24250,1
4.95,1.801862974E9,21.3121,1080.0,-49.56,-0.0459,,,,1.67,63,56,10,10,1995,1.842858178,1.264554386,1.268844358,1.632320136,2005,11,11,4,Consumer Services,Advertising,male,male,Yes,No,No,Dec,,1951 - 2000,0.0451,0.0663,0.035,0.0732,2878480.0,18.55,17.75,19.05,17.75,9885200,19.0,19.0,19.1,19.78,1692700,776100,646400,1392000,1
4.97,2.3683209E8,19.2829,4.49,-70.98,-15.8085,,82.0,54756.1,52.75,48,48,13,13,2000,2.832932233,2.110878727,1.960536185,2.322657929,2013,4,11,3,Health Care,Major Pharmaceuticals,female,female,Yes,No,No,Dec,0 - 100,1951 - 2000,0.2435,-0.0021,0.0431,0.2416,972833.8,18.79,15.11,18.79,15.14,4500760,18.17,18.42,19.25,18.75,174910,46096,75605,66798,1
4.98,8.451787578E7,18.2525,118.66,-7000.0,-58.9921,,1753.0,67689.67,0.71,52,50,33,33,1981,0.832628784,0.96787617,1.431897439,1.491085024,2014,5,2,4,Consumer Services,Restaurants,male,male,Yes,No,No,Dec,1001 - 5000,1951 - 2000,0.0027,-9.0E-4,-0.009,0.0,1213801.6,11.05,11.02,12.1,12.1,4446775,11.33,11.26,11.1,11.04,509596,259981,665876,186780,0
5.02,1.077331407E8,18.4952,154.56,-15.88,-0.1027,,230.0,672000.0,0.7,57,53,,-7,2014,1.06772975,1.626847073,2.32379016,1.832528466,2007,5,11,4,Finance,Investment Bankers/Brokers/Service,male,male,Yes,,,Dec,101 - 500,2011 - present,0.1081,-0.0488,-0.1244,0.1342,1353779.8,12.3,11.1,12.99,11.5,5172200,12.0,11.78,11.84,11.7,1008599,371000,136200,80900,0
5.05,4.550612368E8,19.9359,536.03,176.29,0.3289,1.07,1259.0,425758.54,0.85,68,58,4,4,1996,-1.276270938,-0.315477428,-0.028009987,0.54650103,2000,8,2,2,Consumer Services,Broadcasting,male,male,Yes,Yes,No,Dec,1001 - 5000,1951 - 2000,0.027,0.0263,0.0296,0.0572,6522460.0,19.0,18.5,19.688,18.63,25829900,18.25,19.5,19.438,19.5,3285700,2037000,641900,817800,0
5.1,2.17476495E8,19.1976,1530.0,96.0,0.0627,,5800.0,263793.1,0.14,55,43,133,133,1880,0.979499973,1.050705608,1.402057437,1.508029672,2013,9,23,0,Miscellaneous,Industrial Machinery/Components,male,male,Yes,No,No,Dec,5001 - 10000,<= 1900,0.0078,0.3144,0.2629,0.0052,131321.4,19.4,19.25,19.5,19.4,87285,22.9,23.05,24.5,25.5,64945,118323,192436,193618,1
5.1,2.427781968E8,19.3077,42.0,-64.34,-1.5319,,75.0,560000.0,5.78,52,52,7,7,2007,1.463620217,2.115568506,2.306516039,1.887946679,2014,6,19,3,Health Care,Major Pharmaceuticals,male,male,Yes,Yes,Yes,Dec,0 - 100,2001 - 2010,0.0014,0.095,0.151,0.027,362749.2,14.11,14.09,14.88,14.5,1557528,14.31,15.15,15.81,15.45,75638,99632,50104,30844,1
5.14,2.356916314E8,19.278,25.57,-47.51,-1.858,,85.0,300823.53,9.22,49,49,3,3,2010,-0.48987853,0.118705813,0.87188395,1.435644929,2013,6,27,3,Health Care,Major Pharmaceuticals,male,male,Yes,Yes,Yes,Dec,0 - 100,2001 - 2010,0.2591,-0.0315,0.2107,0.3201,285352.0,8.26,6.56,9.1,7.0,596743,7.56,7.5,7.83,8.0,777628,14542,29315,8532,1
5.225,1.362458983E8,18.73,,-104.65,,,70.0,,,50,48,15,15,2000,-0.111076873,-0.377135389,-0.041297141,0.733240634,2015,8,4,1,Health Care,Major Pharmaceuticals,male,female,No,No,Yes,Dec,0 - 100,1951 - 2000,0.0753,0.0133,-0.08,0.0036,134538.2,6.0,5.58,6.02,6.0,343043,6.03,6.1,5.99,6.08,111956,76147,38514,103031,0
5.23,4.629171219E8,19.9531,5.57,-43.16,-7.7487,3.55,51.0,109215.69,83.11,62,52,1,1,2007,-1.773523216,-1.943869137,-1.83832716,-1.821738942,2008,9,16,1,Basic Industries,Precious Metals,unknown,male,No,No,No,Dec,0 - 100,2001 - 2010,0.0,0.0342,-0.1317,0.0,0.0,2.456,2.456,2.456,2.456,0,2.4495,2.449,2.3675,2.54,0,0,0,0,1
5.25,1.142896545E8,18.5542,248.63,10.04,0.0404,,1090.0,228100.92,0.46,61,61,166,166,1842,-1.290935874,-2.174193345,-2.631397169,-2.749244444,2008,1,23,2,Consumer Services,Newspapers/Magazines,male,male,Yes,No,No,Dec,1001 - 5000,<= 1900,0.0152,-0.1335,-0.35,0.0,2100.0,20.0,19.7,20.3,20.3,6000,20.0,17.33,17.33,17.33,0,4500,0,0,0
5.25,2.891176943E8,19.4823,10.7,-84.41,-7.8888,6.18,130.0,82307.69,27.02,67,,2,2,2005,0.783683063,1.405766339,1.420154371,1.626916022,2007,7,23,0,Health Care,Major Pharmaceuticals,male,,No,No,,Dec,101 - 500,2001 - 2010,0.0066,-0.1341,-0.2401,0.0067,534.0,7.218,7.1705,7.266,7.218,2000,6.9,6.861,6.2935,6.25,100,340,140,90,0
5.31,1.783512923E8,18.9993,81.99,-18.07,-0.2204,,477.0,171886.79,2.18,57,57,10,10,1996,2.136642033,1.773449982,2.062190226,2.857660711,2006,11,16,3,Technology,Computer Communications Equipment,male,male,No,No,No,Dec,101 - 500,1951 - 2000,0.0,-0.0999,-0.2686,0.0746,1771623.0,13.81,13.81,15.53,14.5,5690914,13.0,12.16,11.61,12.43,959952,973764,950441,283044,0
5.41,2.031536745E8,19.1295,3.67,-65.72,-17.9074,,75.0,48933.33,55.36,51,,11,11,2003,1.937848786,1.586766127,1.567517509,1.714293522,2014,9,18,3,Consumer Durables,Specialty Chemicals,male,,No,No,,Dec,0 - 100,2001 - 2010,0.0,-0.0997,-0.086,0.4823,3976065.4,6.22,6.22,11.0,8.0,16000277,6.15,5.99,5.77,5.6,2499269,460948,461815,458018,1
5.45,7.723359045E7,18.1623,311000.0,-30.7,-1.0E-4,,81.0,3.83950617284E9,0.0,48,42,18,18,1996,1.54121138,1.394326764,1.734950318,1.800572502,2014,11,5,2,Health Care,Major Pharmaceuticals,male,male,No,No,No,Dec,0 - 100,1951 - 2000,0.1401,0.5686,0.3781,0.1661,470977.2,10.5,9.21,11.55,10.02,702302,11.97,13.29,16.0,16.47,258256,1034376,172806,187146,1
5.58,8.157113681E8,20.5196,1180.0,-182.87,-0.155,,1273.0,926944.23,0.69,40,,12,12,2002,1.036911266,1.647924292,1.984978162,1.805321855,2014,6,26,3,Miscellaneous,Industrial Machinery/Components,male,,Yes,Yes,,Dec,1001 - 5000,2001 - 2010,0.0939,0.3414,0.3462,0.1518,3.75224846E7,31.34,28.65,33.0,28.65,45837325,35.76,40.55,48.7999,42.04,45727158,24928679,41795185,29324076,1
5.6,2.90518004E8,19.4872,520.85,-7.75,-0.0149,,3330.0,156411.41,0.56,49,54,28,28,1976,-2.063238939,-0.245283791,-0.57379258,0.677440723,2004,7,7,2,Consumer Services,Military/Government/Technical,male,male,Yes,No,No,Dec,1001 - 5000,1951 - 2000,0.0,0.0106,0.0532,0.0043,26640.0,4.7,4.7,4.77,4.75,56100,4.77,4.75,4.75,4.75,11700,8500,37000,19900,1
5.68,4.489646376E7,17.6199,16.52,3.26,0.1973,0.06,80.0,206500.0,2.72,46,46,6,6,1993,1.284987512,1.58570699,1.712831622,2.301276785,1999,2,1,0,Consumer Services,Services-Misc. Amusement & Recreation,male,male,Yes,No,No,Dec,0 - 100,1951 - 2000,0.0,0.9,1.2609,,1773.0,4.6,4.6,5.0,,775,4.6,4.6,5.0,8.74,0,0,2250,5840,1
5.69,1.951145041E8,19.0891,71.95,-31.0,-0.4309,0.11,246.0,292479.67,2.71,58,48,7,7,2006,1.308157463,2.039468256,2.340787163,1.766139487,2013,10,30,2,Health Care,Medical Specialities,female,male,Yes,No,No,Dec,101 - 500,2001 - 2010,0.0474,-0.0642,-0.0181,0.0882,1050734.2,13.25,12.65,14.1152,13.0,4594437,12.39,12.3,12.8,12.4,339182,137654,38764,143634,1
5.85,2.086335225E8,19.1561,101.88,-865000.0,-8490.3808,,434.0,234746.54,2.05,49,49,99,99,1901,-0.429329242,-1.117757153,-1.706676003,-1.796758022,2000,12,7,3,Capital Goods,Biotechnology: Laboratory Analytical Instruments,male,male,Yes,No,No,Dec,101 - 500,1901 - 1950,0.2923,-0.0238,-0.0952,0.3692,564477.0,7.9554,6.156,10.2284,7.9554,2037071,8.8555,8.1448,8.2395,7.766,477393,104268,50682,152971,1
5.89,1.463917033E8,18.8018,1500.0,8.18,0.0055,0.0,1224.0,1225490.2,0.1,36,52,11,11,1990,1.693908988,1.254172793,0.131855873,-0.72477,2001,5,16,2,Public Utilities,Telecommunications Equipment,male,male,Yes,No,No,Jul,1001 - 5000,1951 - 2000,0.0,0.0,-0.1434,0.0,19.8,13.3506,13.3506,13.3506,13.3506,99,13.3506,13.3506,13.3506,13.3506,0,0,0,0,0
5.91,1.940985781E8,19.0839,70.6,-106.74,-1.5119,0.19,340.0,207647.06,2.75,40,,1,1,2006,1.258473562,1.243436702,1.320594204,1.640501446,2007,10,3,2,Consumer Services,Telecommunications Equipment,unknown,unknown,Yes,No,,Dec,101 - 500,2001 - 2010,0.0971,-0.2175,-0.2426,0.2458,30153.6,91.5,83.4,112.5,92.0,56163,84.2,78.0,71.4,71.6,16226,38144,20634,19601,0
6.04,1.569710111E8,18.8716,753.2,-6.2,-0.0082,0.06,1300.0,579384.62,0.21,51,51,114,114,1885,0.814433428,1.215818078,1.526084386,1.825034991,1999,12,17,4,Consumer Services,RETAIL: Building Materials,male,male,Yes,No,No,Dec,1001 - 5000,<= 1900,0.1928,-0.0734,0.0148,0.0,258960.0,4.25,3.563,4.25,4.25,87600,4.0,3.688,3.813,3.938,123400,252600,386900,444300,1
6.11,6.662894939E8,20.3172,,,,,,,,54,54,,,,0.846747876,1.352885644,2.022905947,1.774044688,2007,5,25,4,,,male,male,,No,No,,,Unknown,0.0,5.0E-4,0.0,0.002,443960.0,20.0,20.0,20.05,20.01,1427900,20.0,20.0,20.11,20.01,0,469100,188900,133900,0
6.13,1.385195058E8,18.7465,,,,,,,,61,61,,,,1.61955821,1.952394202,2.313784638,2.775416471,2006,10,24,1,,,male,male,,sameYear,sameYear,,,Unknown,,0.005,5.0E-4,,102320.0,20.0,,,,0,20.01,20.15,20.02,20.1,381300,52800,32000,45500,0
6.15,2.204448189E8,19.2112,25.96,-27.83,-1.072,,73.0,355616.44,8.49,63,63,4,4,2010,-2.452645015,-1.194497793,0.138536036,0.881839488,2014,10,2,3,Health Care,Major Pharmaceuticals,female,female,Yes,Yes,Yes,Dec,0 - 100,2001 - 2010,0.0162,-0.0298,0.0956,0.1058,1074632.0,9.41,9.26,11.24,10.26,4633059,9.35,9.35,9.25,9.13,350297,187431,38873,163500,1
6.192,2076010.416,14.546,,-7.47,,,12.0,,,57,57,10,10,1996,0.102494743,0.855981485,1.056063919,1.560448492,2006,3,31,4,Health Care,Major Pharmaceuticals,male,male,Yes,sameYear,sameYear,Dec,0 - 100,1951 - 2000,0.0,-0.3077,-0.4077,0.0,1880.0,6.5,6.5,6.5,6.5,100,4.5,4.5,4.5,4.5,9300,0,0,0,0
6.23,6.143299501E9,22.5386,24170.0,1400.0,0.0579,0.07,,,0.25,53,52,4,4,2000,-0.989157819,-0.309522918,0.774596823,1.251345811,2004,3,17,2,Technology,Semiconductors,unknown,unknown,No,No,No,Dec,,1951 - 2000,0.0045,-0.0593,-0.0735,0.0065,9768220.0,15.52,15.45,17.1,17.0,30855400,15.23,14.56,13.59,14.6,7963500,4440000,3083100,2499100,0
6.25,1.734965E8,18.9717,1090.0,-234.04,-0.2147,,1501.0,726182.54,0.16,56,56,0,0,2013,0.058271622,0.579710159,1.055660733,1.286686159,2013,10,10,3,Consumer Services,Other Consumer Services,male,male,Yes,No,No,Dec,1001 - 5000,2011 - present,0.0035,0.0196,0.0013,0.0323,34283.6,31.11,31.0,36.0,35.0,4321,31.24,31.364,31.56,31.72,30600,71787,49580,15130,1
6.266,1.941154166E7,16.7814,,-9.18,,,14.0,,,54,,12,12,2003,-0.217873294,0.424439009,0.942214386,1.299015026,2015,5,12,1,Health Care,Biotechnology: Biological Products (No Diagnostic Substances),male,,No,Yes,,Dec,0 - 100,2001 - 2010,0.0472,0.1328,0.2231,0.0,296024.6,3.99,3.81,4.55,4.55,445604,4.69,4.24,4.48,4.52,263814,150493,517452,102760,1
6.28,2.516873217E8,19.3437,61.04,-15.39,-0.2521,10.7,268.0,227761.19,4.12,52,52,,,,1.985450205,1.291086966,1.827115925,1.742065977,2017,2,3,4,Energy,Coal Mining,male,male,Yes,Yes,Yes,Dec,101 - 500,Unknown,0.0037,-0.1225,-0.0406,0.017,1260135.0,13.55,13.5,14.78,14.55,3843236,13.0,12.8,12.15,11.89,965256,640589,300571,551023,0
6.31,4.342884128E8,19.8892,982.77,-51.9,-0.0528,0.13,1100.0,893427.27,0.44,63,63,1,1,2004,-0.698146379,-0.451265477,0.520708892,0.819288811,2005,9,23,4,Finance,Finance: Consumer Services,male,male,Yes,No,No,Dec,1001 - 5000,2001 - 2010,0.0136,-0.0635,-0.0722,0.0352,3122880.0,14.96,14.76,15.74,15.22,11372200,15.0,14.75,14.65,14.01,1077000,1101800,403200,1660200,1
6.33,3.623849673E8,19.7082,317.1,-13.05,-0.0412,0.21,334.0,949401.2,1.14,63,63,11,11,1985,0.0,0.0,0.0,0.0,1996,10,16,2,Basic Industries,Major Chemicals,male,male,Yes,No,No,Dec,101 - 500,1951 - 2000,0.0,-0.1177,-0.1177,0.0,0.0,27.7834,27.7834,27.7834,27.7834,,24.5146,24.5146,24.5146,24.5146,,,,,0
6.45,2.969751764E8,19.5092,143.45,-72.33,-0.5042,1.14,414.0,346497.58,2.07,49,49,7,7,2003,1.266920124,1.70575714,0.661146189,0.899353837,2010,9,28,1,Basic Industries,Major Chemicals,male,male,Yes,Yes,Yes,Dec,101 - 500,2001 - 2010,0.0012,0.0339,0.0364,0.057,44228.0,247.5,247.2,261.6,247.5,159406,252.75,258.75,258.45,255.9,19200,21127,13189,8218,1
6.6,9.96919968E7,18.4176,,-43.39,,,32.0,,,42,42,9,9,2006,1.286732003,1.041818266,1.162632333,1.533910198,2015,4,16,3,Health Care,Major Pharmaceuticals,male,male,Yes,Yes,Yes,Dec,0 - 100,2001 - 2010,0.0108,-0.0134,0.1116,0.0478,646048.2,11.2,11.08,12.33,11.8,2805801,11.1,11.125,11.06,11.05,180180,25713,117747,100800,1
6.63,2.623534281E9,21.6878,578.14,-222.79,-0.3854,0.86,280.0,2064785.71,4.54,57,61,8,8,2003,0.273563126,0.88999861,1.136854876,1.432338006,2011,5,11,2,Energy,Oil & Gas Production,male,male,No,No,No,Dec,101 - 500,2001 - 2010,0.0022,-0.0175,-0.0038,0.011,5858055.8,18.24,18.2,19.7,19.5,17542159,18.0,18.13,18.16,17.92,6261537,1699445,582040,3205098,0
6.67,1.05E11,25.3772,47900.0,7330.0,0.153,0.05,,,2.19,47,,,-9,2005,0.0,0.0,0.0,0.0,1996,8,1,3,Consumer Non-Durables,Beverages (Production/Distribution),male,,No,,,Dec,,2001 - 2010,0.0194,0.001,0.01,0.0,149400.0,0.4208,0.4128,0.425,0.425,273000,0.4212,0.4212,0.4212,0.4212,474000,0,0,0,1
6.69,1.008339011E8,18.429,14.25,-1.11,-0.0779,0.69,271.0,52583.03,7.08,54,,25,25,1987,0.8082479,1.396587316,1.634122489,1.709779686,2012,3,29,3,Consumer Services,Other Consumer Services,male,female,Yes,Yes,,Apr,101 - 500,1951 - 2000,0.0,0.0671,0.1433,0.0,9.8,39.36,39.36,42.0,42.0,33,42.0,42.0,42.0,42.0,16,0,0,0,0
6.84,2.463481541E8,19.3223,,,,,,,,,,,,,1.377543055,1.606035669,0.771467267,0.343284621,2016,3,31,3,Energy,Oil & Gas Production,,,,,,,,Unknown,0.0,0.0,0.0,0.0,80.0,9.95,9.95,9.95,9.95,400,9.95,9.95,9.95,9.95,0,0,0,0,1
6.88,4.10642088E7,17.5306,,-28.22,,,24.0,,,60,,30,30,1986,0.972684136,1.773412115,1.573837467,1.825461449,2016,7,29,4,,,male,,No,Yes,,Dec,0 - 100,1951 - 2000,0.1075,-0.0731,-0.035,0.0,120603.2,4.995,4.51,5.4,5.4,272665,5.3,5.1,4.9,4.63,172011,54509,78018,25813,1
6.95,2.178522953E8,19.1993,33.86,-58.92,-1.7401,0.88,300.0,112866.67,6.43,46,46,12,12,2000,2.218594561,1.990326097,2.198103427,1.185623566,2012,2,3,4,Health Care,Major Pharmaceuticals,male,male,Yes,No,No,Dec,101 - 500,1951 - 2000,0.01,0.0017,0.2376,0.0633,84534.6,30.3,30.0,32.9,31.0,368189,31.2,30.8,30.75,30.35,21909,13452,7760,11363,1
6.96,1.269437003E9,20.9618,230.77,-21.36,-0.0926,,,,5.5,58,58,2,2,2010,1.458538947,1.723916548,1.348854899,0.433778552,2012,1,12,3,Basic Industries,Precious Metals,male,male,No,No,No,Dec,,2001 - 2010,0.0229,0.0237,0.1211,0.0323,74172.2,15.19,14.85,15.75,15.27,173011,15.3,15.3,15.27,15.55,47210,0,87340,63300,0
7.04,9.564722816E7,18.3762,,,,,,,,58,,4,4,2010,1.259231465,1.575870501,2.010125828,1.957175957,2014,11,11,1,Miscellaneous,Multi-Sector Companies,male,,,No,,,,2001 - 2010,0.0123,0.0274,-0.0365,0.0892,168013.4,6.58,6.5,7.2,6.62,623899,6.5,6.62,6.75,6.76,99347,45123,40735,30963,1
7.1,5.75734314E7,17.8686,5.92,3.44,0.5811,0.27,5.0,1184000.0,9.73,50,50,10,10,1989,1.362400694,1.561205823,1.789568056,1.895827585,1999,5,13,3,Consumer Services,Real Estate Investment Trusts,male,male,Yes,,,Dec,0 - 100,1951 - 2000,0.0779,-0.0516,-0.2372,0.1666,223700.0,6.063,5.625,7.0,6.063,794700,6.219,6.0,5.813,5.75,181500,47100,72100,23100,0
7.24,7.534416193E8,20.4402,449.8,-58.8,-0.1307,,9065.0,49619.42,1.68,45,45,7,7,2003,-2.452201447,-2.514499885,-1.578709534,0.062537737,2010,5,20,3,Consumer Services,Other Consumer Services,male,male,Yes,No,No,Dec,5001 - 10000,2001 - 2010,0.0797,-0.0391,-0.0096,0.1131,1193624.0,13.55,12.55,14.16,12.74,4562245,13.55,13.5,12.86,13.02,621756,189407,380587,214125,1
7.25,1.620322945E8,18.9033,769.03,6.89,0.009,0.09,3270.0,235177.37,0.21,,54,57,57,1955,-0.750996459,-0.16554875,-0.586919054,0.61021677,2012,7,25,2,Consumer Services,Food Chains,,unknown,Yes,,,Sep,1001 - 5000,1951 - 2000,0.0384,0.1355,0.0314,0.0448,1553801.8,17.86,17.2,18.77,18.0,6309897,19.25,19.9,20.0,20.28,707845,369851,202508,178908,1
7.33,842950.0,13.6447,,,,,,,,,,,,,-0.842700748,0.677449204,1.268996044,1.282221727,2010,11,29,0,Finance,Investment Bankers/Brokers/Service,,,,,,,,Unknown,,-0.0576,-0.1179,,1080.0,101.71,,,,0,101.71,101.71,101.71,95.85,100,0,0,5300,0
7.34,3.897401641E8,19.781,138.17,2.01,0.0145,0.53,,,2.82,58,58,3,3,2010,1.388206563,1.602219129,2.180914754,2.329248176,2013,2,14,3,Consumer Services,Real Estate Investment Trusts,male,male,Yes,Yes,Yes,Dec,,2001 - 2010,0.0249,0.0,-0.0169,0.0139,61449.4,14.8,14.44,14.8,14.6,244295,14.8,14.8,14.75,14.8,23707,0,10942,28303,0
7.41,8.227684089E8,20.5282,245.02,11.97,0.0489,,690.0,355101.45,3.36,77,48,22,22,1985,0.016947795,-1.046190119,-0.284080999,0.500118552,2007,8,22,2,Health Care,Medical/Dental Instruments,male,male,Yes,No,No,Dec,501 - 1000,1951 - 2000,0.0,0.0,0.0,0.0,19.4,3.0912,3.0912,3.0912,3.0912,97,3.0912,3.0912,3.0912,3.0912,0,0,0,0,1
7.45,1.822416393E8,19.0208,128.99,-31.13,-0.2413,0.14,286.0,451013.99,1.41,44,,5,5,2006,1.522068625,1.643623821,1.712542948,2.196610292,2011,1,26,2,Technology,EDP Services,male,male,Yes,No,No,Dec,101 - 500,2001 - 2010,0.0281,-0.064,-0.0477,0.0681,1561578.2,44.8686,43.6404,49.5238,46.5524,5866433,43.2838,40.4907,40.1737,41.9962,831960,414400,295405,399693,0
7.47,1.210298289E8,18.6115,57.74,-20.02,-0.3467,0.21,302.0,191192.05,2.1,52,,8,8,2005,1.17347659,1.590036632,2.153708692,2.258028655,2013,2,7,3,Capital Goods,Industrial Machinery/Components,male,unknown,Yes,No,,Dec,101 - 500,2001 - 2010,0.1285,0.0562,0.0403,0.1528,3000693.4,26.52,23.5,27.25,23.66,6574977,30.1,30.071,27.5,28.01,3884261,1773279,1356607,1414343,1
7.48,7.119380224E8,20.3835,845.42,8.57,0.0101,0.06,15100.0,55988.08,0.84,58,,10,10,1997,-0.033007867,-0.716314767,-0.743064492,-0.030158897,2007,11,28,2,Transportation,Other Transportation,male,male,No,,,Jun,>10000,1951 - 2000,0.0,0.0085,-0.0652,0.0,560.0,6.162,6.162,6.162,6.162,800,6.162,6.2143,6.2143,6.2143,0,2000,0,0,0
7.5,6.07548645E8,20.2249,17.24,-91.86,-5.3283,,162.0,106419.75,35.24,68,68,15,15,2000,1.505896558,1.117827181,1.173114629,1.564274041,2015,4,15,2,Health Care,Major Pharmaceuticals,male,male,Yes,Yes,Yes,Dec,101 - 500,1951 - 2000,0.3725,-0.0793,-0.1979,0.3415,2405902.2,42.0,30.6,42.0,31.55,6884160,39.4,40.0,42.8,38.67,2418768,668698,1169591,888294,0
7.565,1.690021E8,18.9454,32.42,4.1,0.1265,,,,5.21,54,,2,2,2015,2.470996795,1.809792212,2.167698188,2.079461296,2017,11,29,2,Capital Goods,Industrial Machinery/Components,unknown,,No,Yes,,Dec,,2011 - present,0.2735,-0.0539,-0.3368,0.5036,363675.0,10.57,8.3,12.48,8.3,301452,10.1,8.56,11.24,10.0,270922,223489,492419,530093,0
7.65,2.371846086E8,19.2843,755.23,-1.71,-0.0023,0.14,8250.0,91543.03,0.31,47,47,7,7,1997,-2.13347311,-1.839784868,-2.140449582,-0.177253217,2004,8,5,3,Capital Goods,Auto Parts:O.E.M.,male,male,Yes,No,No,Dec,5001 - 10000,1951 - 2000,0.0116,0.0267,0.1222,0.0672,1200019.0,13.1,12.95,13.92,13.05,4669718,13.04,13.52,13.4,13.45,900772,160742,94853,174010,1
7.66,4.5933012104E10,24.5504,15630.0,986.0,0.0631,,71200.0,219522.47,2.94,,,39,39,1968,1.038334506,1.424611496,1.595548117,1.833677579,2007,10,11,3,Finance,Commercial Banks,male,male,No,No,,Dec,>10000,1951 - 2000,0.0036,-0.0356,-0.1973,0.0,186.2,219.5122,218.7317,220.4878,220.4878,461,219.5122,209.7561,210.7317,211.7073,0,245,210,15,0
7.67,3.117728905E8,19.5578,32.1,-89.38,-2.7844,0.48,138.0,232608.7,9.71,60,60,5,5,2010,-0.269589696,-0.003803505,0.560651377,1.03728073,2015,6,26,4,Health Care,Major Pharmaceuticals,male,male,Yes,Yes,Yes,Dec,101 - 500,2001 - 2010,0.8285,-0.2196,-0.2568,0.8236,2410001.4,51.4,28.11,51.4,28.25,9079590,38.0,41.5,39.8,40.11,2083616,482593,292964,111244,1
7.76,4.240619888E9,22.168,2830.0,-124.0,-0.0438,0.3,1085.0,2608294.93,1.5,48,48,14,14,1994,-1.504532645,-2.328596582,-2.966748259,-3.685119648,2008,10,27,0,Energy,Oil & Gas Production,male,male,No,No,No,Dec,1001 - 5000,1951 - 2000,0.0597,0.2505,0.1064,0.0096,17216.0,18.8726,17.809,19.0,18.8287,16100,18.5051,21.7037,22.0355,23.6,18300,40000,6930,4750,1
7.87,9.631448841E8,20.6857,,,,,,,,43,,9,9,2002,-0.28333157,1.010571512,1.362044224,1.845874169,2011,1,28,4,Consumer Non-Durables,Farming/Seeds/Milling,male,male,,sameYear,,,,2001 - 2010,0.1163,0.0808,0.0,0.1265,3141336.0,12.0,10.75,12.11,10.75,8790447,12.6,13.0,12.85,12.97,2399297,2649710,887385,979841,1
7.9,1.680473859E8,18.9398,1010.0,1.1,0.0011,,9000.0,112222.22,0.17,63,63,47,47,1955,-1.949979355,-2.375868598,-2.883275546,-2.619243246,2002,6,25,1,Consumer Services,Other Specialty Stores,male,male,Yes,sameYear,sameYear,Dec,5001 - 10000,1951 - 2000,0.0211,0.0258,-0.202,0.0644,1154180.0,13.17,12.898,13.84,13.01,4647000,13.06,13.16,14.29,13.51,535700,208900,296200,83100,0
7.99,3.136463873E8,19.5638,46.22,4.25,0.092,0.49,16.0,2888750.0,6.79,53,66,1,1,2013,-2.58056629,-0.673693396,0.045500757,0.911201158,2014,4,11,4,Consumer Services,Real Estate Investment Trusts,male,male,Yes,No,No,Dec,0 - 100,2011 - present,0.0384,0.0362,0.0085,8.0E-4,305831.0,12.98,12.5,13.76,13.75,1237398,13.1,13.2,13.35,13.45,90426,75838,43477,82016,0
8.1,2.387178783E8,19.2908,15.15,-8.46,-0.5584,0.59,84.0,180357.14,15.76,45,45,4,4,2002,0.604374162,0.331354039,-0.350065353,0.372002238,2006,8,8,1,Health Care,Medical/Dental Instruments,male,male,Yes,No,No,Dec,0 - 100,2001 - 2010,0.0893,0.1213,-0.2787,0.1786,6510.4,76.25,70.0,82.5,70.0,3400,95.25,92.5,90.0,85.5,21028,5672,1872,580,0
8.12,2.676651872E8,19.4052,131.07,14.94,0.114,0.12,2295.0,57111.11,2.04,46,,8,8,2000,1.471880958,-0.778878047,-1.124610538,-1.453020802,2008,7,30,2,Consumer Services,Other Consumer Services,unknown,,No,,,Sep,1001 - 5000,1951 - 2000,0.0608,-0.0271,-0.4495,0.08,590424.0,6.63,6.25,7.0,6.5,1780327,6.15,6.36,6.45,6.45,530621,326657,125534,188981,0
8.14,4.394420921E8,19.901,63.16,12.35,0.1955,0.15,133.0,474887.22,6.96,46,46,16,16,1992,-1.964634206,-2.822664973,-2.529907986,-2.136398554,2008,7,2,2,Technology,Industrial Machinery/Components,male,male,Yes,No,No,Dec,101 - 500,1951 - 2000,0.0031,0.1292,0.0966,0.0,669966.6,9.83,9.8,11.0,11.0,91000,9.83,9.83,10.23,11.1,845599,0,630623,1782611,0
8.28,2.278244484E8,19.2441,11.95,-7.9,-0.6611,0.46,57.0,209649.12,19.06,71,71,15,15,1990,-1.794445673,-0.643777576,0.455210528,1.107229544,2005,3,16,2,Transportation,Oil Refining/Marketing,male,male,Yes,No,No,Dec,0 - 100,1951 - 2000,0.0201,0.0138,0.0925,0.0161,61.0,568.7331,557.5376,568.7331,559.7767,139,568.7331,568.7331,576.57,576.57,0,0,96,70,1
8.3,4.32783248E7,17.5832,16.59,-1.12,-0.0675,,12.0,1382500.0,2.61,46,,9,9,1990,1.930273817,2.150250729,1.505553351,2.049666228,1999,4,7,2,Finance,Real Estate,male,male,No,No,,Dec,0 - 100,1951 - 2000,0.0179,0.0,-0.0087,0.0714,109596.0,35.625,35.0,38.125,35.625,197120,40.0,36.875,35.155,35.625,86460,43000,203920,17480,1
8.41,3.729332082E8,19.7369,,,,,,,,,,,,,1.525192197,1.629632361,2.116366753,1.89836949,2013,11,26,1,,,,,,,,,,Unknown,0.0035,0.0,0.0125,5.0E-4,597913.4,20.0,19.93,20.0,19.99,2368296,20.0,20.0,20.0,20.0,311287,0,116342,193642,1
8.5,3.55486813E8,19.689,4.54,-303.26,-66.7974,,162.0,28024.69,78.3,65,40,4,4,2010,-1.108969108,-0.302557614,0.568055576,1.134241164,2014,10,3,4,Health Care,Major Pharmaceuticals,male,male,Yes,sameYear,No,Dec,101 - 500,2001 - 2010,0.0353,-0.0746,-0.0116,0.0027,1450197.6,15.55,15.02,18.5,18.46,5631288,14.85,14.68,14.55,14.39,978354,215371,216119,209856,1
8.6,1.293703848E8,18.6782,171.02,-44.77,-0.2618,,977.0,175046.06,0.76,53,53,12,12,1985,-1.448405851,-1.360030127,-0.571673018,-0.571673018,1997,4,4,4,Capital Goods,Metal Fabrications,male,male,Yes,No,No,Dec,501 - 1000,1951 - 2000,0.019,-0.026,0.1746,0.0416,701720.0,8.407,8.25,8.75,8.407,2463800,8.5,8.25,8.25,8.188,480400,445400,119000,0,1
8.63,1.085449642E8,18.5027,,,,,,,,49,,17,17,1984,0.609824411,-0.31483149,-1.041073389,-1.347668079,2001,1,3,2,Technology,Computer Software: Prepackaged Software,male,,,No,,,,1951 - 2000,0.0,0.0,0.1468,0.4312,8.8,32.7,32.7,46.8,32.7,44,32.7,32.7,32.7,32.7,0,0,0,0,0
8.64,4.930288992E7,17.7135,,,,,,,,,47,,,,0.811008249,0.063207892,-0.658930792,-1.332167491,2002,10,29,1,,,,male,,,No,,,Unknown,0.0,0.0,0.0,7.0E-4,11380.0,15.0,15.0,15.01,15.0,22100,15.01,15.0,15.0,15.0,0,13000,4500,17300,0
8.66,7.6208E9,22.7541,17630.0,1980.0,0.1123,0.23,,,0.43,50,44,7,7,1993,1.965378721,2.003660078,1.597462721,1.751364203,2000,7,17,0,Public Utilities,Telecommunications Equipment,female,unknown,No,No,No,Dec,,1951 - 2000,0.0,0.0436,-0.0549,0.0038,2180884.2,34.942,34.942,36.0898,35.9581,3532846,32.2513,33.9071,35.3183,36.4661,4261806,1040176,974847,1094746,0
8.77,7.204455811E8,20.3954,449.23,12.21,0.0272,,,,1.6,40,,2,2,2012,0.846799035,-0.004929428,0.34038486,1.032072129,2014,10,27,0,Consumer Services,Real Estate Investment Trusts,female,unknown,Yes,sameYear,,Dec,,2011 - present,0.0589,0.0021,-0.0818,0.0722,87607.2,19.06,18.0,19.5,18.2,66161,19.05,18.63,18.75,19.1,72594,79503,132101,87677,0
8.8,1.942558024E8,19.0847,58.01,7.2,0.1241,0.07,264.0,219734.85,3.35,58,,1,1,2005,1.392590737,1.955171315,1.324990656,1.45341794,2006,9,5,1,Finance,Major Banks,male,,Yes,No,,Dec,101 - 500,2001 - 2010,0.0,0.0,-0.0113,0.0099,120240.0,7.1,7.1,7.2,7.13,577500,7.0,7.0,7.0,7.1,12300,3900,6000,1500,1
8.95,1.16440932E8,18.5729,,,,,,,,,,,,,0.704624724,1.363324282,1.512056805,1.412820224,2017,9,26,1,,,,,,,,,,Unknown,0.0,0.002,0.005,0.0,165910.6,10.0,10.0,10.0,10.0,0,10.0,10.02,10.041,10.02,646360,83870,45208,54115,0
8.96,2.843571064E9,21.7683,1250.0,123.8,0.099,0.77,585.0,2136752.14,2.27,57,54,3,3,2007,1.395486509,-0.633129437,-0.356992154,0.484197923,2010,6,17,3,Energy,Oil & Gas Production,male,male,Yes,No,No,Dec,501 - 1000,2001 - 2010,0.0298,0.0195,0.0867,0.0104,4777171.4,14.88,14.45,15.0,14.85,16024353,15.96,15.73,15.56,15.17,3486476,2131577,1416823,826628,1
8.99,1.044264016E8,18.464,272.58,58.6,0.215,,,,0.38,48,60,11,11,2002,2.012661839,1.795072155,2.268269291,1.9459282,2013,11,22,4,Consumer Services,Clothing/Shoe/Accessory Stores,male,male,Yes,No,No,Jan,,2001 - 2010,0.0564,0.0363,0.0656,0.0361,309008.8,259.6725,245.81,276.1625,267.2833,1316283,251.4275,262.7531,269.0954,269.0954,101003,70186,57572,0,1
9.12,1.22004551E8,18.6196,,,,,,,,,43,,,,-1.951382281,-0.159379462,0.510088107,1.17864933,1998,7,31,4,,,female,male,,,No,,,Unknown,0.0086,-0.0342,-0.2222,0.0,25220.0,7.3125,7.25,7.3125,7.3125,26000,7.0,6.8125,7.0625,7.0625,67700,6000,13100,13300,1
9.16,5.831904436E8,20.184,,,,,,,,,45,,,,-2.838769584,-3.073912041,-0.367134635,0.525475986,2007,7,27,4,,,,male,,,No,,,Unknown,0.0,0.0,-0.0315,0.001,345600.0,20.0,20.0,20.02,20.0,811800,20.0,20.0,20.0,20.0,73200,87000,95600,660400,0
9.17,2.269564913E7,16.9377,,,,,,,,,,,,,1.316355054,1.538871992,1.900699634,1.448923187,2012,2,24,4,,,,,,,,,,Unknown,0.0089,0.0052,0.0212,4.0E-4,21825.2,124.85,123.75,125.05,125.0,83678,126.6,125.3,125.3,125.5,3882,8731,8219,4616,0
9.17,2.764369952E9,21.7401,,,,,,,,,45,,,,0.56586746,1.417337176,1.353272115,1.790000261,2007,2,23,4,,,,male,,,,,,Unknown,0.0,0.0,5.0E-4,0.005,855348.0,20.0,20.0,20.1,20.0,1911300,20.01,20.0,20.01,20.0,561350,1008100,450300,345690,0
9.3,8.09077587E8,20.5114,343.33,24.48,0.0713,0.33,114.0,3011666.67,2.36,33,33,0,0,2013,0.047169825,0.528701786,1.029867004,1.300359093,2013,10,4,4,Basic Industries,Major Chemicals,male,male,Yes,No,No,Dec,101 - 500,2011 - present,0.1692,0.0362,0.1718,0.1822,4566648.8,18.8,16.08,20.18,17.25,17462512,19.3,18.42,18.51,19.48,3316329,1341811,292888,419704,1
9.33,1.511378083E8,18.8337,292.6,-1.28,-0.0044,,13300.0,22000.0,0.52,49,49,10,10,1987,1.830729259,1.931541766,2.626495257,2.687873767,1997,6,19,3,Technology,Professional Services,male,male,Yes,No,No,Dec,>10000,1951 - 2000,0.0,-0.0661,-0.0124,,715720.0,15.125,15.125,16.375,,2719600,15.0,15.0,15.0,14.125,423800,73500,93100,268600,0
9.34,2.299319239E8,19.2533,,-64.81,,,43.0,,,65,60,3,3,2014,1.575114488,1.66737714,1.433871591,1.807886357,2017,5,5,4,Health Care,Major Pharmaceuticals,male,male,Yes,Yes,Yes,Dec,0 - 100,2011 - present,0.0141,0.1339,-0.0082,0.0397,365402.0,12.25,12.08,14.48,14.0,1592121,12.79,13.34,13.73,13.89,86913,44887,71690,31399,0
9.34,8.111222875E8,20.5139,699.09,-172.0,-0.246,0.17,1244.0,561969.45,1.16,59,59,4,4,2009,-2.210366951,-0.381149872,0.590273489,1.239054189,2013,6,21,4,Consumer Services,Telecommunications Equipment,unknown,unknown,Yes,No,No,Dec,1001 - 5000,2001 - 2010,0.0396,-0.125,-0.1856,0.0468,2454628.4,16.0,15.39,16.72,16.0,8547653,14.27,14.91,14.5,14.0,1504420,632948,523074,1065047,1
9.53,5.324567864E8,20.093,,,,,,,,,,,,,-0.129257492,0.980637605,1.437662048,1.61150086,2016,8,24,2,,,,,,,,,,Unknown,0.0,0.008,0.016,0.0024,439752.2,10.0002,10.0,10.0241,10.0,1250388,10.01,10.0,10.07,10.08,436793,278190,122862,110528,1
9.57,4.329675669E8,19.8862,,,,,,,,55,55,,,,-0.276308523,0.660256648,1.190354226,1.646311251,2003,7,29,1,,,female,female,,No,No,,,Unknown,0.0,0.0,0.0,0.0013,101220.0,15.0,15.0,15.02,15.0,174600,15.0,15.0,15.01,15.0,85900,65600,43900,136100,0
9.58,8.332166393E8,20.5408,161.0,30.21,0.1876,0.32,421.0,382422.8,5.18,54,41,4,4,2009,0.295538992,1.191874373,1.500705945,1.756722796,2013,8,13,1,Consumer Services,Real Estate Investment Trusts,male,male,Yes,No,No,Dec,101 - 500,2001 - 2010,0.0696,-0.0178,-0.0024,0.0633,836422.4,8.45,7.9,8.5,8.0,879502,8.35,8.2,8.3,8.3,951212,1105509,1198863,47026,1
9.61,1.703127349E8,18.9531,,,,,,,,50,50,,,,-1.023906738,-1.892447918,-0.222572963,0.42968984,2012,5,25,4,,,male,male,,sameYear,sameYear,,,Unknown,0.0,0.0025,3.0E-4,0.002,69395.0,20.0,20.0,20.04,20.0,284850,20.0,20.01,20.05,20.05,0,43000,500,18625,1
9.6174,9.474220958E7,18.3667,,336347.0,,,3.0,,,,,0,0,2017,0.210460004,1.083844034,1.669143726,1.735614335,2017,11,17,4,Finance,Business Services,,,Yes,,,Dec,0 - 100,2011 - present,0.0,0.0,-0.0196,0.0,60.0,9.69,9.69,9.85,9.85,300,9.69,9.69,9.69,9.69,0,0,0,0,0
9.701,1.500898073E8,18.8267,,,,,,,,,48,,,,0.787276364,0.361470104,0.646072521,1.009417107,2015,7,29,2,,,male,male,,,Yes,,,Unknown,0.025,-0.0205,-0.0205,0.025,89076.0,10.25,10.0,10.25,10.0,223091,10.0559,10.1499,10.1,10.04,80339,30079,70921,40950,1
9.72,1.51875E8,18.8386,,-2416.0,,,,,,63,,1,1,2017,1.74842195,0.852121134,1.369880218,1.80714366,2018,3,12,0,Finance,Business Services,male,male,Yes,,,Dec,,2011 - present,0.0,0.001,0.001,0.0,311030.0,9.7,9.7,9.71,9.71,726000,9.7,9.71,9.71,9.71,700000,86000,43150,0,0
9.72,5.19514074E8,20.0684,208.11,-185.45,-0.8911,0.54,,,2.5,58,58,0,0,2012,0.884812921,-0.111875292,0.489115808,0.913286724,2012,12,13,3,Finance,Real Estate,male,male,No,No,No,Dec,,2011 - present,0.1111,-0.0133,0.1693,0.1304,84283.6,15.0,13.5,15.26,13.5,70096,14.95,14.95,14.71,14.8,107623,74237,117672,51790,1
9.75,,,,,,,,,,38,,,,,0.824398291,0.917899042,1.430408464,1.920450106,2018,2,26,0,Finance,Business Services,male,male,,Yes,,,,Unknown,0.0021,-0.0042,-0.0021,0.0021,15390.8,9.62,9.6,9.62,9.6,41160,9.62,9.58,9.58,9.58,33395,2399,0,0,0
9.77,4.608034178E8,19.9485,,-187108.0,,,,,,61,,1,1,2016,1.569877623,1.35025118,1.330219597,1.775623136,2017,5,2,1,Finance,Business Services,male,,Yes,sameYear,,Dec,,2011 - present,0.0,0.0,7.0E-4,0.0,80250.4,9.7,9.7,9.75,9.75,401252,9.7,9.7,9.7,9.7,0,0,0,0,1
9.81,8.8638255E7,18.3001,,,,,,,,,,,,,1.753757427,1.877712625,2.200740419,2.159651786,2017,12,4,0,Finance,Business Services,,,,,,,,Unknown,0.0,0.0063,0.0083,0.0,44835.2,9.6,9.6,9.6,9.6,23900,9.5999,9.6,9.64,9.66,1880,32250,137425,28721,0
9.81,1.860601388E8,19.0416,,-382605.0,,,3.0,,,38,,1,1,2016,1.971220991,2.263528465,2.241672194,2.278355495,2017,2,17,4,Transportation,Oil Refining/Marketing,male,,No,,,Dec,0 - 100,2011 - present,0.0,0.0,0.0,0.0,6494.0,9.75,9.75,9.8,9.8,32470,9.75,9.75,9.75,9.75,0,0,0,0,1
9.94,1.561015471E8,18.866,,3.86,,,3.0,,,63,57,0,0,2016,1.488450178,2.124560818,2.407284498,1.865231959,2016,12,20,1,Finance,Business Services,male,male,Yes,sameYear,sameYear,Dec,0 - 100,2011 - present,0.0485,0.0889,-0.1107,0.0485,920.0,11.02,10.51,11.02,10.51,200,9.8,10.0,12.0,12.0,2000,200,2200,0,0
9.96,4.966702504E8,20.0234,117.84,21.65,0.1837,0.24,503.0,234274.35,4.21,56,56,0,0,1998,1.369937243,2.325406979,1.48462182,1.911248652,1998,7,9,3,Finance,Banks,male,male,Yes,No,No,Dec,501 - 1000,1951 - 2000,0.0084,0.0,0.05,0.0672,1478880.0,14.5914,14.4698,15.5642,14.5914,4709781,14.5311,14.4095,14.5311,14.5914,1234216,608370,491486,350547,0
9.98,,,,-86384.0,,,3.0,,,,,,,,1.985828122,1.713652098,2.190134705,1.90549595,2017,11,3,4,Finance,Business Services,,,Yes,,,Dec,0 - 100,Unknown,0.003,-0.001,-0.002,0.0,1222679.4,10.05,10.02,10.14,10.14,5492081,10.0,10.04,10.04,10.0402,199791,392205,26739,2581,0
9.99,,,,-549420.0,,,,,,,,1,1,2016,1.801742,1.983058996,1.886872976,1.749859861,2017,7,21,4,Finance,Business Services,,,Yes,,,Dec,,2011 - present,0.001,-0.001,-0.001,0.002,458583.2,10.02,10.01,10.07,10.05,1238726,10.02,10.01,10.015,10.01,317394,319626,185044,232126,0
10.0,7.978937E7,18.1949,,-340303.0,,,,,,43,46,,,,1.82880157,1.681219083,1.714733948,1.69118244,2017,7,18,1,Finance,Business Services,male,unknown,No,sameYear,Yes,Dec,,Unknown,0.0051,0.0031,0.002,0.001,188521.2,9.78,9.7301,9.78,9.77,216303,9.79,9.84,9.81,9.81,361000,161103,204200,0,1
10.04,,,,-30682.0,,,3.0,,,47,,1,1,2017,1.885191447,2.155725831,2.262731069,2.47251935,2018,1,10,2,Finance,Business Services,male,,Yes,,,Dec,0 - 100,2011 - present,0.0,0.003,0.003,0.002,831522.8,10.02,10.02,10.05,10.03,3433035,10.06,10.06,10.06,10.05,527658,53389,0,143532,0
10.05,,,,-187108.0,,,,,,61,,1,1,2016,0.082892231,1.023919698,1.364789194,1.888881658,2017,3,30,3,Finance,Business Services,male,,Yes,sameYear,,Dec,,2011 - present,0.0,0.0,0.0,0.002,2859974.6,10.0,10.0,10.1099,10.09,6616134,10.02,10.01,10.0,10.0,4038310,1858684,1578783,207962,1
10.06,,,,,,,,,,56,,1,1,2017,0.692038994,0.272621513,0.999774803,1.540292935,2018,3,14,2,Finance,Business Services,male,,,Yes,,,,2011 - present,0.001,5.0E-4,0.003,0.002,345217.0,10.02,10.01,10.05,10.03,1454258,10.02,10.03,10.02,10.025,147409,55942,41896,26580,0
10.11,3.223743752E8,19.5912,60.49,20.16,0.3333,0.23,12.0,5040833.33,5.33,64,66,2,2,2014,-0.436835782,-0.365779228,0.673582598,1.065648815,2016,9,29,3,Consumer Services,Real Estate Investment Trusts,male,male,Yes,,,Dec,0 - 100,2011 - present,0.0376,-0.0138,0.0104,0.0439,1633114.8,11.59,11.17,11.99,11.5,5656318,11.75,11.72,11.47,11.43,1189380,661668,465813,192395,1
10.1299,,,,-16297.0,,,3.0,,,,,3,3,2015,0.656446548,0.274622432,0.998482733,1.532012037,2018,3,16,4,Finance,Business Services,,,Yes,,,Dec,0 - 100,2011 - present,0.002,8.0E-4,0.011,0.002,354886.0,10.02,10.0,10.03,10.01,1568888,10.01,10.04,10.0444,10.0278,144042,16247,30053,15200,0
10.17,,,,-2416.0,,,,,,63,,1,1,2017,1.482449311,2.152485382,2.409181214,2.766447737,2018,1,25,3,Finance,Business Services,male,male,Yes,,,Dec,,2011 - present,0.0,0.0,-0.001,0.002,838587.8,10.0,10.0,10.02,10.0,2777216,10.0,10.0,10.0,10.0,291225,73003,456185,595310,0
10.2,9.235441692E8,20.6437,3510.0,-84.0,-0.0239,,7700.0,455844.16,0.26,61,61,3,3,2007,1.938813473,1.910176327,1.951653448,2.197231857,2010,12,10,4,Basic Industries,Paper,male,male,No,No,No,Dec,5001 - 10000,2001 - 2010,0.0116,0.0,0.1034,0.0302,209042.0,21.75,21.5,22.65,22.0,1045210,21.75,21.75,21.75,21.75,0,0,0,0,1
10.25,,,,757557.0,,,4.0,,,,,1,1,2016,0.698640128,1.626038354,1.768819116,2.206718296,2017,3,10,4,Finance,Business Services,,,Yes,,,Dec,0 - 100,2011 - present,0.001,0.007,0.001,0.003,659374.0,10.01,10.0,10.03,10.0,2835816,10.03,10.07,10.08,10.08,101478,334820,17808,6948,1
10.25,1.300055573E8,18.6831,173.99,12.08,0.0694,0.0,1498.0,116148.2,0.75,,,2,2,2010,1.091264455,-0.81498684,-0.217008121,0.567481651,2012,6,14,3,Miscellaneous,Multi-Sector Companies,female,female,Yes,No,No,Apr,1001 - 5000,2001 - 2010,0.0,-0.1864,-0.1017,0.0,2185.0,14.75,14.75,14.99,14.99,7100,14.5,12.0,12.0,12.0,1775,2050,0,0,0
10.25,4.056875503E9,22.1237,2160.0,-204.94,-0.0949,,2620.0,824427.48,1.88,54,54,8,8,1988,0.0,0.0,0.0,0.0,1996,3,14,3,Basic Industries,Precious Metals,male,male,No,No,No,Dec,1001 - 5000,1951 - 2000,0.0,-0.0115,-0.0254,0.0185,64440.0,9.021,9.021,9.188,9.021,229200,8.875,8.917,8.875,8.917,29400,37200,6600,19800,0
10.29,3.890824342E8,19.7793,,,,,,,,35,35,,,,0.0,0.0,0.0,0.0,1996,5,3,4,Finance,Major Banks,male,male,,No,No,,,Unknown,0.0096,0.0289,0.0577,0.0292,368040.2,29.2793,29.0,30.1261,29.2793,1195425,29.8423,30.4054,30.1261,30.1261,254323,122144,139771,128538,1
10.3,1.1944470705E10,23.2035,2350.0,1570.0,0.6681,0.18,152.0,1.546052632E7,5.08,49,49,1,1,1996,1.538799145,2.119707146,1.427164711,1.819431919,1997,10,8,2,Consumer Services,Real Estate Investment Trusts,male,male,Yes,No,No,Dec,101 - 500,1951 - 2000,0.0,-0.0148,-0.0643,,1584000.0,12.625,12.625,13.125,,6225200,12.813,12.75,12.563,12.438,593100,369700,196400,535600,0
10.31,3.657667565E8,19.7175,,-54.04,,,60.0,,,,,5,5,2013,1.855945229,2.428793157,2.632459623,2.971076489,2018,1,26,4,Health Care,Biotechnology: Biological Products (No Diagnostic Substances),male,male,Yes,,,Dec,0 - 100,2011 - present,0.0282,0.2073,0.3068,0.1705,1057732.4,22.62,22.0,29.25,25.5,3304587,23.7,22.5,25.62,27.31,290777,686571,669084,337643,0
10.35,,,,,,,,,,56,,,,,1.293160569,1.83091003,1.854597114,1.708864215,2017,7,27,3,Finance,Business Services,male,,,sameYear,,,,Unknown,0.003,0.001,0.007,0.003,955778.4,10.03,10.0,10.05,10.02,4056064,10.04,10.05,10.0693,10.04,401009,233029,39190,49600,1
10.4,6.018721072E8,20.2156,,-10.29,,,,,,,,19,19,1979,1.021608279,0.448330594,-0.337084909,0.272781029,1998,10,27,1,Basic Industries,Precious Metals,male,male,No,No,No,Dec,,1951 - 2000,0.0,0.125,0.125,0.0,60.0,0.08,0.08,0.08,0.08,100,0.08,0.09,0.09,0.09,0,200,0,0,1
10.44,,,,,,,,,,68,,1,1,2016,2.192151771,2.560522151,1.889500571,1.91063944,2017,6,2,4,Finance,Business Services,female,,,,,,,2011 - present,0.0101,2.0E-4,0.02,0.001,621226.6,10.0,9.9,10.01,10.0,2456754,10.0,10.0,10.0,10.0016,242638,195589,75400,135752,1
10.49,3.369410029E8,19.6354,12.32,144000.0,11688.3117,,152.0,81052.63,27.35,46,46,45,45,1968,1.035393677,1.854273101,2.252402536,1.760779258,2013,11,6,2,Consumer Services,Real Estate Investment Trusts,male,male,No,No,No,Dec,101 - 500,1951 - 2000,0.0261,0.1495,0.0265,0.0554,6560.4,20.009,19.5,20.58,19.5,8945,19.52,21.14,21.5,23.0,13357,5200,4100,1200,0
10.55,,,1.63,914982.0,561338.6503,,9.0,181111.11,,51,51,0,0,2016,-1.468183687,-0.203179866,0.563762643,1.002594143,2016,9,16,4,Finance,Business Services,male,male,Yes,sameYear,sameYear,Dec,0 - 100,2011 - present,0.003,0.005,0.002,0.002,291222.0,10.05,10.02,10.08,10.06,1302900,10.05,10.045,10.03,10.1,75305,28129,43106,6670,1
10.6,,,,-75729.0,,,,,,,,1,1,2016,0.52068259,1.312193014,1.664489479,1.561591004,2017,8,9,2,Finance,Business Services,,,Yes,,,Dec,,2011 - present,0.001,0.002,0.001,0.002,124545.6,10.04,10.03,10.07,10.05,428552,10.04,10.04,10.04,10.06,131450,19000,10374,33352,1
10.6,,,,-324.0,,,3.0,,,55,55,3,3,2014,0.70222066,1.286598127,1.273699151,1.651750487,2017,5,12,4,Finance,Business Services,male,male,Yes,sameYear,sameYear,Mar,0 - 100,2011 - present,0.002,0.0025,0.0089,0.0079,477766.8,10.11,10.09,10.17,10.09,1929911,10.13,10.15,10.14,10.135,363791,11100,37043,46989,1
10.6,1.054841033E9,20.7767,1430.0,-237.35,-0.166,,2978.0,480188.05,0.74,54,48,58,58,1953,-1.512443994,-0.662617633,-0.71499002,0.607869043,2011,7,28,3,Capital Goods,Wholesale Distributors,male,male,Yes,No,No,Sep,1001 - 5000,1951 - 2000,0.047,-0.0094,-0.2326,0.0281,2184850.2,14.92,14.25,15.15,14.75,8829422,14.98,15.03,14.81,14.78,569429,660930,576360,288110,0
10.62,1.182630562E8,18.5884,,,,,,,,,47,,,,-1.83794966,-2.312811809,-2.829462917,-2.63010263,2002,6,26,2,,,,male,,,No,,,Unknown,0.0013,0.0047,0.002,0.0067,51759.6,15.02,15.0,15.1,15.0,130399,15.2,15.15,15.06,15.09,26300,53800,16299,32000,0
10.64,5.765110355E8,20.1725,210.94,-136.31,-0.6462,,893.0,236215.01,2.73,44,44,12,12,2003,-1.125597194,-1.40710554,-0.176419387,0.621080328,2015,7,2,3,Health Care,Medical Specialities,male,male,Yes,sameYear,sameYear,Dec,501 - 1000,2001 - 2010,0.0552,-0.0558,-0.2027,0.1049,3064484.2,22.74,21.55,24.36,22.1,13667967,22.74,22.0,22.0,21.47,0,776049,583050,295355,0
10.65,3.072776979E8,19.5433,232.18,87.13,0.3753,0.7,1484.0,156455.53,1.32,53,57,39,39,1961,-1.365688035,-1.549461806,0.222477011,0.688243325,2000,2,11,4,Consumer Services,Broadcasting,female,male,Yes,No,No,Dec,1001 - 5000,1951 - 2000,0.018,-0.0796,-0.1327,0.0991,1803820.0,14.125,13.875,15.5,14.125,7087300,13.5,13.125,13.313,13.0,846200,602500,182300,300800,0
10.67,3.473272685E8,19.6658,585.0,-217.0,-0.3709,,1365.0,428571.43,0.59,53,53,59,59,1946,-0.998753874,0.27165135,1.000139422,1.49069965,2005,1,19,2,Finance,Diversified Financial Services,male,male,Yes,No,No,Dec,1001 - 5000,1901 - 1950,0.185,-0.019,-0.0654,0.225,431480.0,23.7,20.0,24.5,20.0,809500,22.79,23.2,23.0,23.25,971200,263500,5700,107500,1
10.7,8.031105634E8,20.504,1570.0,-397.0,-0.2529,0.02,3228.0,486369.27,0.51,57,57,0,0,2014,1.462255312,1.778797657,1.758044562,1.723297594,2014,8,27,2,Technology,EDP Services,male,male,Yes,No,No,Dec,1001 - 5000,2011 - present,0.0803,-0.0654,-0.0883,0.0,964533.6,37.93,35.11,38.1,38.1,490457,36.0,35.77,35.77,35.45,2454686,1101801,0,775724,0
10.7347,7.838634667E7,18.1772,,,,,,,,56,,,,,-0.444151623,0.084395687,0.859166434,1.330048258,2011,4,19,1,,,male,,,Yes,,,,Unknown,0.008,0.746,0.3153,0.048,3941.0,12.6,12.5,22.5,21.9,538,18.5,26.3,26.3,22.0,3590,9941,0,5636,1
10.75,2.258349465E8,19.2353,,,,,,,,66,,5,5,2009,-1.734246429,-0.8804951,0.501102651,1.113381501,2014,1,31,4,Capital Goods,Homebuilding,unknown,,,sameYear,,,,2001 - 2010,0.0835,0.0451,0.1172,0.1226,921565.8,12.2,11.26,12.88,11.5,3758169,12.12,12.21,12.17,12.75,277604,131135,260023,180898,1
10.79,1.758016739E9,21.2875,301.68,37.95,0.1258,0.28,9023.0,33434.56,5.83,,,10,10,2008,-1.917996469,-1.943143309,-0.673462998,0.423763225,2018,3,28,2,Consumer Services,Other Consumer Services,,,No,,,Aug,5001 - 10000,2001 - 2010,0.0736,0.0102,,0.0129,1656329.6,10.8,10.06,11.13,11.0,6054389,10.75,10.75,10.76,10.91,1251526,0,585533,390200,0
10.83,3.160570992E8,19.5714,,-55.66,,,55.0,,,66,66,2,2,2014,1.071761719,1.19878656,0.531164242,0.038786027,2016,3,23,2,Health Care,Major Pharmaceuticals,male,male,Yes,Yes,Yes,Dec,0 - 100,2011 - present,0.0,0.0196,0.0526,0.0274,421473.0,14.25,14.25,15.39,15.0,1643589,14.25,14.25,13.8,14.53,246413,0,110975,106388,1
10.83,2.710714149E9,21.7205,1320.0,291.1,0.2205,0.01,1260.0,1047619.05,2.05,67,67,0,0,2005,1.506709546,0.459862873,0.550674293,1.023661259,2005,11,9,2,Public Utilities,Natural Gas Distribution,male,male,Yes,No,No,Dec,1001 - 5000,2001 - 2010,0.0101,0.0079,0.0074,5.0E-4,1513880.0,18.95,18.76,19.51,19.5,5936500,18.87,19.01,19.14,19.1,736900,389400,187400,319200,1
10.84,1.403072148E8,18.7593,37.43,10.79,0.2883,0.26,,,3.75,53,53,1,1,2012,0.730110592,1.330031569,1.421872359,1.867642094,2013,5,1,2,Consumer Services,Real Estate Investment Trusts,female,female,Yes,Yes,Yes,Dec,,2011 - present,0.0116,0.0135,5.0E-4,0.0237,1390740.0,19.22,19.0,19.45,19.0,5613878,19.49,19.58,19.47,19.48,986084,156524,93414,103800,0
10.85,,,,-307274.0,,,,,,,,1,1,2015,1.006973955,1.260041934,1.597653317,1.757117005,2016,8,19,4,Finance,Business Services,,,No,,,Nov,,2011 - present,0.004,0.001,0.003,0.0,185227.0,9.97,9.93,10.0,10.0,770313,9.97,9.95,9.98,9.98,77982,56931,10599,10310,1
10.85,2.1049E8,19.1649,114.49,-13.12,-0.1146,,243.0,471152.26,1.84,57,57,11,11,2004,1.381138675,1.265770052,1.337788893,1.361447475,2015,7,17,4,Technology,EDP Services,male,male,Yes,Yes,Yes,Jan,101 - 500,2001 - 2010,0.0186,-0.0776,0.0091,0.0316,1008283.6,10.95,10.75,12.44,12.1,3786003,10.4,10.2,10.29,10.1,810182,142051,155328,147854,0
10.92,1.130363085E9,20.8458,751.9,-42.6,-0.0567,0.12,2900.0,259275.86,1.5,53,53,5,5,1994,1.577477185,1.621844246,1.091906209,1.217280819,1999,11,5,4,Capital Goods,Military/Government/Technical,male,male,Yes,No,No,Dec,1001 - 5000,1951 - 2000,0.6757,-0.129,-0.119,0.1892,401026.0,620.0,370.0,690.0,620.0,1411620,655.0,610.63,582.5,540.0,314900,152390,75340,50880,1
10.95,8.218748289E8,20.5271,1570.0,-397.0,-0.2529,0.02,3228.0,486369.27,0.52,57,57,0,0,2014,1.396475128,1.823088583,1.761643,1.742899393,2014,8,29,4,Technology,EDP Services,male,male,Yes,No,No,Dec,1001 - 5000,2011 - present,0.0,0.0714,-0.1562,0.0,107.8,42.0,42.0,42.0,42.0,537,42.0,45.0,45.0,45.0,0,2,0,0,0
11.0,6.73629825E8,20.3282,252.99,3.81,0.0151,,448.0,564709.82,2.66,46,48,36,36,1977,1.619855169,1.88216455,1.928415697,2.044120219,2013,7,18,3,Consumer Services,Movies/Entertainment,female,female,No,Yes,No,Mar,101 - 500,1951 - 2000,0.0,0.0,0.0,0.0,6.6,9.36,9.36,9.36,9.36,33,9.36,9.36,9.36,9.36,0,0,0,0,1
11.01,2.020039712E8,19.1238,,,,,,,,61,61,,,,-0.387875801,-1.328758842,-0.6689806,-0.15223537,2005,10,26,2,,,male,male,,No,No,,,Unknown,,0.0,-0.081,,174859.8,20.0,,,,0,20.01,20.0,20.01,20.0,507399,234400,60100,72400,0
11.06,2.049940917E8,19.1385,,-23.82,,,,,,,,4,4,2013,0.210460004,1.083844034,1.669143726,1.735614335,2017,11,17,4,Health Care,Major Pharmaceuticals,male,male,Yes,,,Dec,,2011 - present,0.0232,0.0043,-0.0426,0.0501,242995.4,14.1,13.78,14.94,14.25,997203,14.15,14.0,14.16,14.16,86476,75188,56110,0,0
11.06,7.827975352E8,20.4784,1060.0,64.58,0.0609,0.43,3930.0,269720.1,0.74,51,51,111,111,1894,1.506663133,1.786946887,2.040815816,1.61564468,2005,7,22,4,Public Utilities,Telecommunications Equipment,male,male,Yes,No,No,Dec,1001 - 5000,<= 1900,0.105,0.0718,0.0174,0.0633,2003818.6,13.79,12.48,13.79,13.0,7348199,14.09,14.74,15.1,14.78,868536,565054,1056915,180389,1
11.1,5.854833084E8,20.1879,50.02,-23.0,-0.4598,0.02,116.0,431206.9,11.7,51,51,8,8,2002,1.422661414,1.575098044,2.136355075,1.725716641,2010,4,22,3,Basic Industries,Major Chemicals,male,male,Yes,No,No,Dec,101 - 500,2001 - 2010,0.0507,0.0468,-0.0264,0.0634,819262.0,13.26,12.62,13.8,13.0,3332220,14.04,14.45,14.3,13.88,324703,235818,109544,94025,0
11.17,5.57378074E8,20.1388,330.46,-79.14,-0.2395,,300.0,1101533.33,1.69,56,56,3,3,2008,0.747733937,1.292123261,1.333461955,1.550787448,2011,5,4,2,Miscellaneous,Multi-Sector Companies,male,male,Yes,No,No,Dec,101 - 500,2001 - 2010,0.0383,0.152,0.1939,0.0304,1629224.2,23.88,23.0,24.7,24.0,6838350,24.66,26.75,27.45,27.51,625141,347707,198122,136801,0
11.2,1.89264488E8,19.0587,38.38,8.64,0.2251,0.11,128.0,299843.75,4.93,67,67,,-5,2001,0.0,0.0,0.0,0.0,1996,4,19,4,Finance,Major Banks,male,male,Yes,,,Dec,101 - 500,2001 - 2010,0.0,0.0146,0.0734,0.0,1359.8,2.0002,2.0002,2.0002,2.0002,0,2.0002,2.0002,2.0295,2.0295,0,0,6799,0,1
11.23,1.454322845E8,18.7952,,,,,,,,62,60,,,,1.245606468,2.293326968,2.535747262,2.154525061,2004,11,16,1,,,male,male,,No,No,,,Unknown,,0.0,5.0E-4,,0.0,20.0,,,,0,20.0,20.0,20.0,20.0,0,0,0,0,0
11.25,9.2431845E7,18.342,44.26,4.92,0.1112,0.15,128.0,345781.25,2.09,57,57,0,0,1996,0.0,0.0,0.0,0.0,1996,5,3,4,Finance,Major Banks,male,male,Yes,No,No,Dec,101 - 500,1951 - 2000,0.0,0.0,0.146,0.0,2000.0,3.0,3.0,3.0,3.0,10000,3.0,3.0,3.0,3.0,0,0,0,0,1
11.33,4.7586E8,19.9806,,,,,,,,40,28,5,5,2013,-1.917996469,-1.943143309,-0.673462998,0.423763225,2018,3,28,2,Technology,EDP Services,male,unknown,,Yes,Yes,,,2011 - present,0.1684,-0.0294,,0.1518,7014821.6,11.24,9.62,11.26,9.8,23929559,11.0,11.0,11.0,10.91,5863898,0,2771042,2509609,0
11.39,7.836528437E7,18.1769,,,,,,,,54,54,,,,-0.08386397,0.998921861,0.745927271,1.017100837,2005,6,28,1,,,male,male,,sameYear,sameYear,,,Unknown,5.0E-4,-5.0E-4,0.0015,5.0E-4,42060.0,20.01,20.0,20.01,20.0,138900,20.0,20.02,20.0,20.0,33900,19800,17700,0,0
11.39,7.307824456E8,20.4096,331.98,-9.77,-0.0294,0.49,152.0,2184078.95,2.2,62,59,0,0,2006,1.445174839,1.811763925,1.516717367,1.943116486,2006,2,27,0,Transportation,Marine Transportation,male,male,No,No,No,Dec,101 - 500,2001 - 2010,0.2037,-0.0123,0.0051,0.2099,4361.2,712.7193,592.1052,716.3743,592.1052,8909,705.4093,705.4093,703.9474,703.9474,5268,3664,2008,1957,1
11.4,4.040247552E8,19.817,,,,,,,,66,52,,,,1.74054037,1.559132989,2.126921545,2.765143485,2004,12,23,3,,,male,male,,,No,,,Unknown,0.0,0.0,0.025,0.0025,57680.0,20.0,20.0,20.05,20.0,203800,20.0,20.0,20.07,20.0,0,36000,23800,24800,0
11.62,5.521224989E8,20.1293,476.75,-54.95,-0.1153,,1765.0,270113.31,1.16,52,48,6,6,2000,-0.403771522,-1.435626645,-1.332327731,0.095785744,2006,6,15,3,Technology,EDP Services,male,male,Yes,No,No,Dec,1001 - 5000,1951 - 2000,0.0727,-0.0384,-0.0904,0.0606,675127.2,8.85,8.25,9.5,9.0,2449687,8.58,8.5,8.41,8.51,504777,242282,36688,142202,1
11.7,5.618879838E8,20.1468,,,,,,,,50,50,,,,1.775127494,2.211266514,1.588447761,2.007897707,2007,2,15,3,,,unknown,unknown,,No,No,,,Unknown,0.122,-0.0531,-0.1169,0.0,117683.6,16.0,14.26,16.0,16.0,517792,15.0,15.0,15.3,15.15,17153,0,20398,33075,0
11.8,2.263629754E8,19.2377,,,,,,,,64,,29,29,1969,0.728990643,1.205641444,1.611999693,2.071594612,1998,5,1,4,Finance,Real Estate,male,,,No,,,,1951 - 2000,0.0932,0.1395,-0.0698,0.0085,21780.0,16.125,14.75,16.25,16.125,15800,20.75,17.75,17.875,18.375,60400,22500,8600,1600,0
11.81,1.26123388E9,20.9554,,,,,,,,,45,,,,-0.700341733,-0.44654668,0.548469075,0.855976676,2005,9,28,2,,,,male,,,No,,,Unknown,0.0,0.0,0.0,5.0E-4,282619.8,20.0,20.0,20.01,20.0,802600,20.01,20.0,20.0,20.0,130000,182800,167800,129899,0
11.95,3.35132492E7,17.3275,14.89,911000.0,61182.0013,,99.0,150404.04,2.25,61,61,6,6,1990,0.0,0.0,0.0,0.0,1996,9,12,3,Finance,Major Banks,male,male,Yes,No,No,Dec,0 - 100,1951 - 2000,0.0,0.0,0.0,0.0,0.0,9.6455,9.6455,9.6455,9.6455,0,9.6455,9.6455,9.6455,9.6455,0,0,0,0,0
11.95,8.668172815E8,20.5803,,,,,,,,,77,,,,1.448283649,1.483584414,1.687543072,0.921345716,2003,5,29,3,,,male,male,,,sameYear,,,Unknown,0.0065,-0.0065,-0.0161,0.0,0.0,15.5,15.4,15.6,15.6,0,15.62,15.5,15.66,15.4,0,0,0,0,1
12.0,9.4911966E8,20.671,70.09,11.41,0.1628,0.15,,,13.54,50,35,0,0,2015,0.178884979,0.561754778,0.87009293,1.220566673,2015,6,19,4,Public Utilities,Electric Utilities: Central,male,male,Yes,sameYear,No,Nov,,2011 - present,0.0139,-0.0239,-0.1508,0.0198,3901922.0,20.49,20.21,21.15,20.75,14165758,20.68,20.5,20.31,20.0,1047207,1257932,1048709,1990004,0
12.0086,3.5905714E8,19.699,9790.0,90.0,0.0092,,,,0.04,49,,8,8,1999,0.557220201,1.261674035,1.261751252,1.621900842,2007,10,31,2,Consumer Services,Telecommunications Equipment,male,female,No,No,,Dec,,1951 - 2000,0.0408,0.0,0.015,0.0538,771689.2,12.0,11.53,12.64,12.02,3168935,12.26,12.0,12.0,12.0,239718,104584,130213,214996,0
12.02,1.053174418E9,20.7751,,,,,,,,,,,,,1.969275209,1.321768825,0.205066201,-0.769166573,2002,11,22,4,,,,,,,,,,Unknown,0.0067,0.0,-0.0066,0.0067,0.0,15.1,15.0,15.1,15.0,0,15.1,15.1,15.1,15.1,0,0,0,0,0
12.07,4.323561387E8,19.8848,201.26,-44.38,-0.2205,0.29,,,2.15,,,9,9,2005,0.740102648,1.582645808,1.92413268,1.746559382,2014,6,24,1,Technology,Computer Software: Prepackaged Software,unknown,,No,No,,Dec,,2001 - 2010,0.0493,0.0047,-0.1779,0.0944,3373582.8,14.9,14.2,15.55,14.21,10653232,15.26,15.14,15.09,14.97,3570084,1204459,744448,695691,0
12.12,3.1744623281E10,24.181,10580.0,19.18,0.0018,0.07,14532.0,728048.44,3.0,40,40,3,3,2001,1.292055625,1.06206792,0.757866141,1.128757784,2004,6,24,3,Transportation,Air Freight/Delivery Services,male,male,No,No,No,Dec,>10000,2001 - 2010,0.0061,-0.067,-0.0609,0.0193,1885700.0,18.22,18.11,19.15,18.8,5720800,18.0,17.3,17.1,17.0,995700,1173000,495500,1043500,1
12.17,8.482765042E7,18.2561,,,,,,,,60,60,,,,0.792660931,1.372927349,1.28694055,1.746765702,2006,3,21,1,,,male,male,,No,No,,,Unknown,,0.0,0.0,,0.0,60.0,,,,0,60.0,60.0,60.0,60.0,0,0,0,0,0
12.18,2.683761906E8,19.4079,36.1,-43.07,-1.1931,,,,7.43,58,58,0,0,2010,0.065693402,0.974372444,1.545037415,1.548796082,2010,11,24,2,,,male,male,Yes,sameYear,sameYear,Nov,,2001 - 2010,0.0,4.0E-4,4.0E-4,4.0E-4,126264.2,25.0,25.0,25.01,25.0,526209,25.0,25.0,25.0,25.01,0,3384,51030,50698,0
12.21,2.164844111E8,19.193,,,,,,,,59,40,,,,1.395186403,1.84041524,1.690381827,1.86235741,2014,3,6,3,,,male,unknown,,Yes,Yes,,,Unknown,0.0574,0.0,0.0288,0.0615,700709.4,15.65,14.8,15.91,15.0,2569319,15.55,15.53,15.56,15.65,352021,220626,222050,139531,1
12.52,1.767348115E8,18.9902,25.07,-31000.0,-1236.5377,0.45,65.0,385692.31,7.05,74,74,16,16,1997,1.605345028,2.054090575,2.492782715,2.427919829,2013,1,29,1,Consumer Services,Real Estate Investment Trusts,male,male,Yes,Yes,Yes,Dec,0 - 100,1951 - 2000,0.006,0.0,-0.0093,0.0221,285789.6,15.0,14.91,15.49,15.16,890155,14.9,14.63,15.0,15.0,348025,50253,106801,33714,1
12.57,1.350170147E9,21.0235,,,,,,,,52,,,,,0.090789525,1.039934072,1.392250999,2.098450711,2006,12,22,4,,,male,,,No,,,,Unknown,0.0,0.002,0.0,0.01,95220.0,25.0,25.0,25.25,25.0,255800,25.0,25.07,25.01,25.05,0,46100,121400,52800,0
12.66,2.327158795E8,19.2653,,,,,,,,,58,,,,1.047581995,1.488342065,1.498536352,1.931729252,2013,4,26,4,,,male,male,,,Yes,,,Unknown,0.0101,0.0027,0.0,0.0034,202566.2,15.0,14.85,15.0,14.95,648025,15.0,15.0,15.01,15.04,75162,206684,54200,28760,0
12.83,2.307261239E8,19.2567,,,,,,,,55,55,,,,-0.347104002,0.81603637,1.385417487,1.54281973,2004,2,24,1,,,female,female,,No,No,,,Unknown,,5.0E-4,0.0,,96420.0,20.0,,,,0,20.01,20.01,20.01,20.01,379100,42900,20700,39400,0
12.98,7.000779355E8,20.3667,,,,,,,,54,54,,,,0.526037461,1.128858278,-0.127260542,-0.747735964,2001,11,30,4,,,male,male,,No,No,,,Unknown,0.0,0.0013,0.0,7.0E-4,110240.0,15.0,15.0,15.01,15.0,55100,15.02,15.05,15.03,15.02,239800,86300,75100,94900,0
13.06,3.194883341E8,19.5822,,,,,,,,51,49,,,,-0.119994086,-1.01338607,-0.455038135,0.744678638,2011,6,21,1,,,male,male,,sameYear,No,,,Unknown,0.0338,-0.01,-0.0405,0.0172,103700.0,15.0,14.51,15.0,14.75,308787,14.91,14.83,14.82,14.85,93648,57565,45200,13300,0
13.08,5.009151593E8,20.0319,,,,,,,,54,54,,,,-0.464711256,0.575890366,1.144124259,1.59794697,2003,7,30,2,,,male,male,,No,No,,,Unknown,0.0,0.0,0.0,0.0013,12520.0,15.0,15.0,15.02,15.0,0,15.0,15.0,15.01,15.0,0,6600,40700,15300,0
13.12,7.675435373E8,20.4587,10.0,-27.56,-2.756,,26.0,384615.38,76.75,42,42,26,26,1988,-3.026362125,-0.823617136,0.52608397,1.131251388,2014,1,27,0,Health Care,Major Pharmaceuticals,unknown,unknown,Yes,No,No,Dec,0 - 100,1951 - 2000,0.0,0.0,0.0,0.0,20.0,9.0,9.0,9.0,9.0,100,9.0,9.0,9.0,9.0,0,0,0,0,0
13.13,3.397001215E8,19.6436,103.08,-32.89,-0.3191,0.2,457.0,225557.99,3.3,42,52,11,11,2002,2.012661839,1.795072155,2.268269291,1.9459282,2013,11,22,4,Health Care,Biotechnology: In Vitro & In Vivo Diagnostic Substances,male,male,No,Yes,No,Dec,101 - 500,2001 - 2010,0.134,0.0039,0.2747,0.1384,494886.0,15.4,13.58,15.88,14.0,2250116,15.88,15.89,15.46,15.46,134829,18583,70902,0,1
13.2,8.000095884E8,20.5001,330.12,-24.23,-0.0734,0.71,405.0,815111.11,2.42,58,,11,11,2002,1.388206563,1.602219129,2.180914754,2.329248176,2013,2,14,3,Energy,Oil & Gas Production,male,male,No,,,Dec,101 - 500,2001 - 2010,0.0,0.0,-0.0864,0.0,385.6,10.273,10.273,10.273,10.273,1928,10.273,10.273,10.273,10.273,0,0,0,0,0
13.3,1.3768293E9,21.043,704.37,277.54,0.394,0.11,25.0,2.81748E7,1.95,55,55,2,2,2011,-2.909753309,0.205045111,0.901141047,1.396632026,2013,8,15,3,Finance,Property-Casualty Insurers,male,male,No,No,No,Dec,0 - 100,2011 - present,0.0661,0.0077,0.0107,0.102,3716886.8,13.06,12.25,13.5,12.25,14029349,13.3,13.07,12.96,13.16,2509194,828984,384129,832778,1
13.35,4.197660392E8,19.8552,12.62,-89.07,-7.0578,434.03,83.0,152048.19,33.26,59,58,5,5,2001,1.352068496,1.823234671,1.934278726,1.902000641,2006,5,10,2,Health Care,Major Pharmaceuticals,male,male,Yes,No,No,Dec,0 - 100,2001 - 2010,0.0383,0.0154,0.0446,0.0399,4461.0,390.0,375.6,405.0,390.0,20897,390.6,396.0,391.2,396.0,352,488,214,354,1
13.39,4.100571087E9,22.1344,3460.0,51.48,0.0149,0.28,9238.0,374539.94,1.19,55,54,,-9,2008,0.58939599,1.314549421,1.560559112,1.765267357,1999,12,10,4,Finance,Investment Bankers/Brokers/Service,male,male,Yes,No,No,Dec,5001 - 10000,2001 - 2010,0.4646,0.0868,-0.1351,0.1542,5401180.0,43.938,30.0,48.563,43.938,17750400,57.0,57.0,48.563,47.75,4729400,2208300,1713700,604100,1
13.49,3.169626588E7,17.2717,,,,,,,,,48,,,,0.644133191,0.962581376,0.199755187,-0.835317246,2009,4,28,1,,,female,male,,,,,,Unknown,0.0446,-0.0233,-0.09,0.0,103258.0,15.0,14.36,15.0,15.0,315800,14.8,14.8,14.7,14.65,71210,40900,36150,52230,1
13.52,6.220877832E7,17.946,1.98,-38.74,-19.5657,4.91,35.0,56571.43,31.42,37,37,4,4,2013,1.538914832,1.614143189,2.092941894,1.837563065,2017,11,2,3,Health Care,Major Pharmaceuticals,male,male,Yes,Yes,Yes,Dec,0 - 100,2011 - present,0.0619,0.0965,0.0391,0.0351,552952.8,11.5,10.83,13.63,13.25,2224706,11.56,12.0,12.4,12.61,209905,136246,122803,71104,0
13.52,8.594223248E7,18.2692,25.42,-7.13,-0.2805,,76.0,334473.68,3.38,60,,12,12,2003,0.478684583,1.175480904,1.331173853,1.707432405,2015,3,5,3,Health Care,Major Pharmaceuticals,female,,No,Yes,,Jan,0 - 100,2001 - 2010,0.0451,0.0785,0.2807,0.0349,383935.4,10.19,9.75,10.35,10.01,1470452,10.29,10.54,11.48,10.99,219934,50234,155271,23786,1
13.55,9.518751966E8,20.6739,153.61,-77.7,-0.5058,4.66,,,6.2,55,55,0,0,2010,-0.594628805,-1.24938414,-1.239756127,-0.083561402,2010,6,25,4,,,female,female,Yes,No,No,Nov,,2001 - 2010,0.0215,-0.0015,0.0088,0.0305,202855.6,20.43,20.0,20.61,20.0,381780,20.37,20.37,20.45,20.4,0,166132,193152,273214,1
13.58,1.6296E8,18.909,825.98,35.56,0.0431,0.27,,,0.2,34,38,4,4,2013,1.441848449,1.969499878,2.149391073,2.275883461,2017,12,21,3,Finance,Finance: Consumer Services,unknown,unknown,No,,sameYear,Dec,,2011 - present,0.0542,0.2645,0.3495,0.2837,1614211.4,10.7,10.15,14.88,12.0,2232322,14.2,14.2,14.39,13.53,3746112,0,1642391,450232,0
13.6,8.216406E7,18.2242,22.43,3.29,0.1467,0.02,78.0,287564.1,3.66,,,24,24,1982,-1.320524013,-1.488814866,-2.041883041,-0.595117617,2006,7,14,4,,,male,male,No,No,No,Dec,0 - 100,1951 - 2000,0.0,0.0,-0.0487,0.016,59655.4,12.0,12.0,12.392,12.2,224616,12.16,12.2,12.08,12.0,32375,19415,11375,10496,0
13.7,5.926383182E9,22.5027,2780.0,436.0,0.1568,0.2,1769.0,1571509.33,2.13,58,58,1,1,2013,-2.58056629,-0.673693396,0.045500757,0.911201158,2014,4,11,4,Public Utilities,Natural Gas Distribution,male,male,Yes,No,No,Dec,1001 - 5000,2011 - present,0.0571,0.0243,0.0563,0.0767,4329592.6,22.2,21.0,23.22,21.61,18278237,22.95,22.96,22.6,22.74,1395218,863193,351147,760168,1
13.71,3.244494259E8,19.5976,,,,,,,,54,54,,,,0.290741978,-1.05624793,-1.665880751,-2.360931355,2002,8,13,1,,,male,male,,No,No,,,Unknown,0.001,0.001,0.003,0.001,0.0,9.87,9.86,9.87,9.86,,9.87,9.87,9.87,9.88,,,,,0
13.8,2.703144966E8,19.4151,314.1,-1.99,-0.0063,0.14,5473.0,57390.83,0.86,49,49,19,19,1995,-2.58056629,-0.673693396,0.045500757,0.911201158,2014,4,11,4,Consumer Services,Restaurants,male,male,Yes,Yes,Yes,Dec,5001 - 10000,1951 - 2000,0.0417,0.1282,0.0514,0.0223,1613814.8,24.72,23.73,26.14,25.612,5765164,25.1,25.2,28.21,27.89,528040,332790,734598,708482,1
13.9,3.831455492E8,19.7639,532.26,10.59,0.0199,,670.0,794417.91,0.72,49,49,10,10,1986,0.0,0.0,0.0,0.0,1996,2,15,3,Consumer Non-Durables,Packaged Foods,female,female,Yes,No,No,May,501 - 1000,1951 - 2000,0.0625,-0.0196,0.1765,0.0417,410160.0,12.75,12.0,13.25,12.75,1406600,12.75,12.75,12.5,12.5,421000,0,129200,94000,1
13.91,1.620039974E8,18.9031,,,,,,,,,46,,,,-1.951382281,-0.159379462,0.510088107,1.17864933,1998,7,31,4,,,male,male,,,No,,,Unknown,0.0118,-0.0156,-0.0195,0.0118,7040.0,16.0625,15.875,16.0625,15.875,7000,16.0,15.8125,15.9375,15.8125,4200,8600,6400,9000,0
13.92,8.949511267E8,20.6123,,,,,,,,58,58,,,,1.206477748,1.674594889,1.429478145,1.765618918,2017,5,10,2,Finance,Real Estate,male,male,,Yes,Yes,,,Unknown,0.0094,0.0718,0.0066,0.0262,1517517.4,15.04,14.9,15.59,15.2,5481426,15.21,15.96,16.45,16.12,492407,249259,982409,382086,0
13.99,3.707975913E8,19.7312,441.3,11.5,0.0261,0.06,1658.0,266164.05,0.84,,46,16,16,1996,0.481601992,1.286864265,1.661930941,1.591288636,2012,10,3,2,Basic Industries,Major Chemicals,male,male,No,,No,Dec,1001 - 5000,1951 - 2000,0.0252,-0.0527,-9.0E-4,0.0857,806425.0,11.0,10.73,11.92,11.0,3497038,11.28,11.02,10.76,10.42,196831,60505,118001,159750,1
14.15,5.187287271E8,20.0669,547.44,72.01,0.1315,0.03,9900.0,55296.97,0.95,62,62,38,38,1977,1.346472673,1.312881834,1.495672939,1.567689509,2015,5,8,4,Consumer Services,Restaurants,male,male,Yes,No,No,Dec,5001 - 10000,1951 - 2000,0.0106,0.1364,0.032,0.0519,3342211.0,23.75,23.5,27.97,26.75,11909923,24.86,25.43,26.4,26.99,1435269,699362,1225238,1441263,0
14.17,7.211925975E9,22.699,19110.0,900.89,0.0471,,12879.0,1483810.85,0.38,44,43,92,92,1912,-0.169271176,0.581862245,0.040495175,0.313770293,2004,9,29,2,Public Utilities,Electric Utilities: Central,male,unknown,No,No,,Dec,>10000,1901 - 1950,0.0,-5.0E-4,-0.0311,0.0222,2809088.4,5.672,5.672,5.7981,5.672,8688950,5.5082,5.6563,5.672,5.6689,4005866,422071,689911,238644,1
14.21,3.100799625E7,17.2498,11.24,569000.0,50622.7758,0.1,74.0,151891.89,2.76,43,43,4,4,2013,0.781406504,1.21280167,1.901856514,1.600606883,2017,1,12,3,Finance,Major Banks,male,male,Yes,,,Jun,0 - 100,2011 - present,0.0451,0.0315,0.0245,0.0512,150943.2,13.67,13.08,13.75,13.08,586061,13.99,13.99,14.0,14.1,92526,0,53088,23041,1
14.31,2862000.0,14.867,,,,,,,,,,,,,-0.44157663,0.606340913,0.916158963,1.385651911,2015,3,16,0,,,,,,,,,,Unknown,0.0,0.0304,0.0256,0.0,10562.6,15.1781,15.1781,15.1781,15.1781,0,15.1781,15.49,15.4,15.64,28997,6605,8396,8815,0
14.3492,1.75374057E7,16.6798,,,,,,,,,,,,,0.644133191,0.962581376,0.199755187,-0.835317246,2009,4,28,1,,,,,,,,,,Unknown,0.0359,-7.0E-4,-7.0E-4,7.0E-4,17949.8,15.01,14.49,15.01,15.0,64199,15.0,15.09,15.09,15.0,0,1500,3750,20300,1
14.35,9.631757023E8,20.6857,336.51,51.14,0.152,0.06,950.0,354221.05,2.86,58,,7,7,1992,1.386561825,2.131767258,2.134780578,1.705876989,1999,7,15,3,Miscellaneous,Business Services,male,male,Yes,No,No,Dec,501 - 1000,1951 - 2000,0.117,0.1588,-0.0181,0.1088,4851020.0,17.313,15.5,19.0,17.313,13284200,22.063,20.5,18.938,20.063,6219900,2129700,1752200,869100,1
14.37,1.943411244E9,21.3877,1470.0,57.6,0.0392,0.38,3149.0,466814.86,1.32,64,,2,2,2015,1.614175896,2.038020624,1.907380037,1.579713541,2017,9,29,4,Basic Industries,Major Chemicals,male,male,Yes,Yes,sameYear,Dec,1001 - 5000,2011 - present,0.0455,0.0029,-0.0168,0.0267,3182109.4,17.25,16.5,17.44,17.0,10232692,17.2,17.22,17.33,17.3,1431519,1283120,691260,2271956,0
14.5,2.937016978E9,21.8007,,,,,,,,,,,,,-0.708837873,-0.048587288,0.337287256,-0.405967067,2002,3,25,0,,,,,,,,,,Unknown,,0.0013,0.0013,,14040.0,15.0,,,,0,15.0,15.0,15.02,15.02,0,38900,31300,0,0
14.55,9.87142131E8,20.7103,1.62,-288.88,-178.321,13.33,193.0,8393.78,609.35,61,61,10,10,2004,0.543696736,0.812147001,1.217626987,1.387906529,2014,5,8,3,Health Care,Major Pharmaceuticals,male,male,Yes,No,No,Dec,101 - 500,2001 - 2010,0.0558,0.002,0.5444,0.0318,466370.8,10.03,9.5,10.652,10.35,1950841,10.0,10.15,10.06,10.05,88438,58975,172963,60637,1
14.64,1.706610127E8,18.9552,66.88,7.34,0.1097,,285.0,234666.67,2.55,62,62,1,1,2006,1.368211287,0.654160759,1.100339744,1.364938412,2007,4,4,2,Finance,Banks,male,male,Yes,,,Sep,101 - 500,2001 - 2010,0.0316,0.0332,-0.0264,0.0088,970374.4,11.76,11.4,12.1,12.0,2892419,12.01,12.01,12.15,12.15,1338085,0,383316,238052,0
14.64,3.697339174E8,19.7283,225.09,-85.08,-0.378,,129.0,1744883.72,1.64,59,59,,,,0.178253788,-0.638407571,0.51131708,0.948733754,2016,10,24,0,Energy,Oil & Gas Production,male,male,Yes,No,No,Dec,101 - 500,Unknown,0.1921,-0.1457,-0.17,0.3158,94520.2,22.65,19.0,25.0,19.0,6579,20.5,20.29,19.5,19.35,182496,76763,192173,14590,0
14.7,1.41492351E8,18.7678,,,,,,,,59,59,,,,-1.705077057,-0.513111317,0.571111066,0.91895144,2012,10,26,4,,,male,male,,sameYear,sameYear,,,Unknown,0.0069,8.0E-4,8.0E-4,0.0,193393.8,24.98,24.81,25.0,25.0,839365,24.98,24.98,25.0,25.0,0,0,127604,0,0
14.79,4.501377616E8,19.9251,79.31,33.98,0.4284,0.72,160.0,495687.5,5.68,53,53,3,3,2007,1.665812064,1.947557201,1.093420422,1.262398565,2010,10,8,4,Finance,Real Estate,female,female,Yes,Yes,Yes,Dec,101 - 500,2001 - 2010,0.0333,0.0276,0.0156,0.0276,951364.2,21.75,21.05,22.08,21.5,3743580,21.75,22.25,22.4,22.35,346488,271053,237450,158250,1
14.93,1.888645E8,19.0565,106.81,8.1,0.0758,,2245.0,47576.84,1.77,,,10,10,2007,1.63930179,2.155534046,2.42223508,1.885699184,2017,10,20,4,Consumer Services,Other Consumer Services,,,No,,,Dec,1001 - 5000,2001 - 2010,0.0381,-0.2595,-0.3564,0.1131,4363190.6,16.61,16.0,17.86,16.05,11544677,15.14,14.27,12.21,12.3,2586788,2166070,3772132,1746286,0
15.01,4.769996379E7,17.6804,139.78,-272.27,-1.9478,,128.0,1092031.25,0.34,45,45,19,19,1998,0.52068259,1.312193014,1.664489479,1.561591004,2017,8,9,2,Health Care,Major Pharmaceuticals,female,female,No,Yes,Yes,Dec,101 - 500,1951 - 2000,0.0218,0.0039,0.1308,0.0327,437999.4,17.82,17.44,18.69,18.12,1715003,18.19,17.9,17.88,17.89,191910,176038,64580,42466,0
15.03,2.390921899E8,19.2924,,,,,,,,59,59,,,,-1.951382281,-0.159379462,0.510088107,1.17864933,1998,7,31,4,,,male,male,,No,No,,,Unknown,0.0135,-0.0354,-0.2655,0.0224,20140.0,14.125,13.9375,14.25,13.9375,13400,13.625,13.75,13.9375,13.625,21000,23600,30000,12700,0
15.08,6.602681488E7,18.0056,28.39,2.92,0.1029,0.08,143.0,198531.47,2.33,52,52,,-3,2003,-0.420932708,0.197108089,0.391078882,0.839031036,2000,8,10,3,Finance,Major Banks,male,male,Yes,No,No,Dec,101 - 500,2001 - 2010,0.0,0.0909,0.0909,0.0,576.4,3.8162,3.8162,3.8162,3.8162,1441,3.8162,3.8162,3.8162,4.1631,0,0,0,1441,0
15.18,3.026871355E8,19.5282,,,,,,,,,56,,,,-1.951382281,-0.159379462,0.510088107,1.17864933,1998,7,31,4,,,,male,,,sameYear,,,Unknown,0.0,0.005,-0.0367,-2.0E-4,8160.0,12.0,12.0,12.06,12.0625,1600,12.25,12.25,12.03,12.06,22800,2600,12000,1800,0
15.29,5.409150028E8,20.1088,1400.0,-170.54,-0.1218,,4374.0,320073.16,0.39,54,54,32,32,1969,-1.423222668,-1.871826285,-2.015592481,-2.47837261,2001,1,2,1,Transportation,Transportation Services,male,male,Yes,No,No,Mar,1001 - 5000,1951 - 2000,0.0259,0.0,-0.1461,0.0403,274120.0,22.25,21.688,22.625,21.75,238800,22.063,21.75,21.875,22.25,242100,196600,347600,345500,0
15.35,1.295426103E8,18.6795,55.86,7.75,0.1387,0.04,326.0,171349.69,2.32,61,61,14,14,1982,0.0,0.0,0.0,0.0,1996,10,30,2,Finance,Major Banks,male,male,Yes,No,No,Dec,101 - 500,1951 - 2000,0.0,0.0,0.0,0.0,0.0,7.2,7.2,7.2,7.2,0,7.2,7.2,7.2,7.2,0,0,0,0,0
15.45,2.039622326E8,19.1334,91.36,5.34,0.0585,0.14,122.0,748852.46,2.23,46,46,2,2,2011,-0.48987853,0.118705813,0.87188395,1.435644929,2013,6,27,3,Finance,Investment Managers,male,male,Yes,sameYear,sameYear,Dec,101 - 500,2011 - present,0.0497,-0.0089,0.2046,0.1331,240250.4,11.83,11.27,12.9,11.4,951375,12.0,12.39,11.65,11.725,125389,46381,31847,46260,1
15.45,1.489288876E9,21.1216,2370.0,214.93,0.0907,0.04,19800.0,119696.97,0.63,65,47,68,68,1947,1.286732003,1.041818266,1.162632333,1.533910198,2015,4,16,3,Consumer Services,Other Specialty Stores,male,male,Yes,Yes,sameYear,Dec,>10000,1901 - 1950,0.0314,-0.0024,0.0507,0.0169,4996404.2,20.7,20.07,20.84,20.5,19374411,21.57,21.25,20.87,20.65,2661029,925521,1040586,980474,0
15.51,1.740900857E9,21.2777,1540.0,-36.14,-0.0235,2.67,2748.0,560407.57,1.13,54,42,44,44,1973,0.653061642,1.02951516,1.694219939,1.563273017,2017,1,20,4,Energy,Oilfield Services/Equipment,male,male,Yes,Yes,Yes,Dec,1001 - 5000,1951 - 2000,0.0188,0.0,-0.1007,0.0089,5999299.8,21.65,21.25,22.19,22.0,19059307,20.61,21.0,22.02,21.65,3988575,2835814,2352478,1760325,0
15.5835,5.136468085E7,17.7545,,,,,,,,,,,,,0.644133191,0.962581376,0.199755187,-0.835317246,2009,4,28,1,,,,,,,,,,Unknown,0.026,0.0,0.0013,0.0034,33393.8,15.0,14.62,15.0,14.95,117930,15.0,15.0,14.95,15.0,28339,10400,900,9400,1
15.59,5.22634218E8,20.0744,103.37,-5.42,-0.0524,0.19,253.0,408577.08,5.06,,,13,13,2004,1.985828122,1.713652098,2.190134705,1.90549595,2017,11,3,4,Technology,Semiconductors,male,male,Yes,Yes,Yes,Dec,101 - 500,2001 - 2010,0.0555,0.1609,0.2219,0.1221,1656056.0,9.51,9.01,10.41,9.31,4971052,10.43,11.95,11.43,11.04,830853,909042,1324881,244452,0
15.62,1.791533807E9,21.3063,1450.0,249.35,0.172,0.15,14000.0,103571.43,1.24,51,48,12,12,1987,1.564272647,2.053301544,1.746950035,1.599453514,1999,11,12,4,Technology,Semiconductors,male,male,Yes,No,No,Apr,>10000,1951 - 2000,0.0997,0.1511,0.095,0.1656,1399964.8,231.664,210.664,288.0,253.12,3374775,314.336,292.664,260.0,266.664,1868812,733050,629812,393375,1
15.65,5.846412129E8,20.1865,,,,,,,,47,,3,3,2004,0.26075155,1.206353141,1.847859963,1.686976071,2007,5,24,3,Finance,Property-Casualty Insurers,male,,,No,,,,2001 - 2010,0.0993,-0.0162,-0.0207,0.093,1633984.2,24.14,21.96,25.0425,23.0,7090945,24.55,24.55,24.06,23.75,662934,0,222217,193825,0
15.77,6.95794478E8,20.3606,,,,,,,,54,54,,,,0.395654772,0.25624144,0.788515624,1.277033294,2004,4,27,1,,,male,male,,No,No,,,Unknown,,5.0E-4,0.0,,46160.0,20.0,,,,0,20.0,20.0,20.01,20.01,180600,17300,14100,18800,0
15.8,1.223521553E9,20.925,434.95,-60.67,-0.1395,0.71,2600.0,167288.46,2.81,50,36,4,4,2011,-1.355301476,-0.107005804,0.456023719,1.025167706,2015,6,5,4,Consumer Services,Other Consumer Services,male,male,Yes,Yes,Yes,Dec,1001 - 5000,2011 - present,0.0753,-0.0201,0.0822,0.11,2735438.8,18.86,17.54,19.93,18.0,10806670,19.07,18.77,19.05,18.48,1007899,837493,716872,308260,0
15.8433,2.388731097E8,19.2914,,,,,,,,,48,,,,-1.575749793,-2.21588685,-1.235278126,-1.700008445,2009,2,25,2,,,female,male,,,Yes,,,Unknown,0.0027,-0.0027,-0.0027,0.006,54011.0,15.04,15.0,15.09,15.0,105400,15.0,15.0,15.0,15.0,93400,10200,11000,50055,1
15.86,4.595365295E9,22.2483,3040.0,150.6,0.0495,0.11,14200.0,214084.51,1.51,53,46,1,1,2017,1.482449311,2.152485382,2.409181214,2.766447737,2018,1,25,3,Technology,Industrial Machinery/Components,male,male,Yes,Yes,Yes,Dec,>10000,2011 - present,0.0137,0.0595,-0.0465,0.0197,6196246.4,18.5,18.25,19.41,19.05,19855751,18.9,19.1,19.19,19.6,2516457,992450,3206227,4410347,0
15.9,2.34684E9,21.5763,5660.0,88.8,0.0157,0.28,959.0,5901981.23,0.41,,40,1,1,2012,1.478100565,2.030996887,1.972168903,2.056283227,2013,1,17,3,Energy,Integrated oil Companies,male,male,Yes,No,No,Dec,501 - 1000,2011 - present,8.0E-4,0.0072,0.2515,0.0248,5118911.0,25.05,25.03,25.87,25.25,18939662,24.8,24.8,24.9,25.23,3937987,0,1339981,1376925,1
15.94,7.119502491E8,20.3835,,,,,,,,54,54,,,,-0.026158264,0.984448955,1.34740242,1.379290184,2012,9,26,2,,,male,male,,,,,,Unknown,0.0025,0.0,5.0E-4,0.0,506155.6,20.0,19.95,20.0,20.0,1848703,20.0,20.05,20.0,20.0,348396,119764,172615,41300,0
16.1,3.275156829E8,19.607,361.43,-11.46,-0.0317,0.03,4890.0,73912.07,0.91,54,54,6,6,2006,1.937545016,1.497132502,0.896137066,1.19800463,2012,7,27,4,Consumer Services,Restaurants,male,male,Yes,No,No,Dec,1001 - 5000,2001 - 2010,0.0833,-0.0154,-0.0208,0.0267,813647.0,13.0,12.0,13.07,12.75,3205770,13.07,13.0,13.0052,12.8,371153,307120,69432,114760,1
16.12,1.482160815E9,21.1168,,,,,,,,58,49,13,13,2004,0.698640128,1.626038354,1.768819116,2.206718296,2017,3,10,4,Technology,Retail: Computer Software & Peripheral Equipment,male,male,,Yes,Yes,,,2001 - 2010,0.0747,0.0112,0.0751,0.0649,2354014.2,14.25,13.26,14.36,13.5,10101332,14.26,14.35,14.12,14.41,841651,225463,310644,290981,1
16.27,3.254E8,19.6006,5960.0,3020.0,0.5067,0.12,,,0.05,,,29,29,1989,-0.741275202,0.835779785,1.417851536,1.972859147,2018,2,2,4,Public Utilities,Electric Utilities: Central,male,,No,Yes,,Dec,,1951 - 2000,0.0994,-0.0734,-0.0469,0.1087,1754031.0,17.7,16.1,18.25,16.5,6230577,17.5,17.41,17.11,16.4,786506,835238,530797,387037,0
16.27,1.816642502E9,21.3203,6270.0,329.6,0.0526,0.59,25000.0,250800.0,0.29,52,53,5,5,1994,1.883696259,1.759511511,1.820477583,2.417468792,1999,1,29,4,Capital Goods,Auto Parts:O.E.M.,male,male,Yes,No,No,Dec,>10000,1951 - 2000,0.0153,-0.0642,-0.1132,0.0498,1612500.0,16.563,16.313,17.375,16.563,7079600,16.688,16.5,15.563,15.5,326000,192500,262100,202300,0
16.29,2.037923732E9,21.4352,3940.0,215.08,0.0546,,29475.0,133672.6,0.52,52,52,0,0,2006,1.193379687,1.466193761,1.878482986,2.581127188,2006,11,13,0,Consumer Services,Other Specialty Stores,male,male,Yes,No,No,Sep,>10000,2001 - 2010,0.0714,0.048,0.2933,0.0714,2179300.0,7.5,7.0,7.5,7.0,17100,7.18,7.23,7.3,7.86,505300,898800,4554700,4920600,1
16.29,2.833945041E9,21.7649,2210.0,153.96,0.0697,0.04,3875.0,570322.58,1.28,57,,0,0,2014,0.195296974,0.862550307,1.265550644,1.522407337,2014,9,9,1,Consumer Non-Durables,Packaged Foods,male,male,No,No,,Dec,1001 - 5000,2011 - present,0.0043,0.0,0.0251,0.0043,682041.6,11.55,11.5,11.55,11.5,3410208,11.55,11.55,11.55,11.55,0,0,0,0,1
16.33,3.749829159E8,19.7424,,,,,,,,50,50,,,,0.715468981,-0.448531157,0.398314448,0.800906072,2012,11,28,2,,,male,male,,sameYear,sameYear,,,Unknown,0.0127,0.0,0.0025,0.0127,310220.4,20.0,19.75,20.0,19.75,1064950,20.0,20.0,20.0,20.0,219850,105944,24550,135808,0
16.4,6.587845396E8,20.3059,116.52,23.83,0.2045,0.1,278.0,419136.69,5.65,66,66,1,1,1997,-0.235278923,0.776217431,1.309425885,1.834254059,1998,5,8,4,Finance,Major Banks,male,male,Yes,No,No,Dec,101 - 500,1951 - 2000,0.0,0.0,0.1129,0.0,33.0,9.394,9.394,9.394,9.394,165,9.394,9.394,9.394,9.394,0,0,0,0,1
16.41,1.358407197E9,21.0296,,,,,,,,59,,,,,1.560979368,1.533679107,1.59325998,1.627248229,2015,5,15,4,,,male,,,No,,,,Unknown,0.0442,-0.003,0.0961,0.0606,2692306.2,16.55,15.85,16.96,16.0,10519955,16.45,16.9,16.55,16.5,1466593,670088,614065,190830,0
16.42,3.670336985E8,19.721,189.47,15.99,0.0844,0.15,136.0,1393161.76,1.94,,,0,0,2017,1.074313668,1.583844975,1.744298389,2.208031094,2017,3,16,3,Finance,Property-Casualty Insurers,,,Yes,,,Dec,101 - 500,2011 - present,0.0536,-0.0163,0.0671,0.0643,462863.2,14.75,14.0,15.0,14.1,1748591,14.45,14.49,14.4,14.51,132941,159553,92980,180251,1
16.57,4.068944776E8,19.8241,,-42.21,,,37.0,,,50,50,8,8,2009,2.09837473,2.065752674,1.923697633,1.775843301,2017,7,20,3,Health Care,Major Pharmaceuticals,male,male,Yes,sameYear,sameYear,Dec,0 - 100,2001 - 2010,0.1288,0.0265,0.1747,0.1221,1171542.2,18.49,16.38,18.7,16.7,3922664,19.1,19.42,19.2,18.98,959337,444466,360174,171070,1
16.58,8.451460019E8,20.555,273.07,54.62,0.2,0.11,774.0,352803.62,3.09,51,37,,-9,2014,1.888473378,0.677981178,0.44496359,1.039766396,2005,5,23,0,Finance,Banks,male,male,Yes,No,No,Dec,501 - 1000,2011 - present,0.0782,0.0544,0.1555,0.0278,224327.2,10.48,9.72,10.72,10.45,612958,10.6,10.678,10.83,11.05,173548,132893,96736,105501,1
16.71,1.454943878E8,18.7956,,,,,,,,,46,,,,-1.951382281,-0.159379462,0.510088107,1.17864933,1998,7,31,4,,,male,male,,,No,,,Unknown,0.0,-0.0058,-0.0289,0.0029,3800.0,21.625,21.625,21.75,21.6875,7000,21.625,21.5,21.5625,21.5,2800,2600,2500,4100,0
16.74,2.12816606E9,21.4785,318.26,174.13,0.5471,,,,6.69,56,55,7,7,2010,0.333228455,1.175956039,1.734102098,1.764103507,2017,11,14,1,,,male,male,Yes,No,Yes,Dec,,2001 - 2010,0.0628,-0.0256,0.0347,0.035,1076599.4,17.6,16.56,18.6299,18.05,1658846,17.3,17.41,17.3,17.15,1294236,947808,644792,837315,0
16.91,7.894276237E7,18.1842,,,,,,,,,,,,,0.743688641,1.026246396,0.797488393,0.528520687,2004,10,27,2,,,male,male,,,,,,Unknown,0.0,0.0,0.0,0.0,43160.0,20.0,20.0,20.0,20.0,130300,20.0,20.0,20.0,20.0,29500,8400,38500,9100,0
16.98,3.58184413E9,21.9991,,,,,,,,59,59,,,,-1.221328119,-0.289417119,-0.907650181,-0.456186135,2010,8,16,0,Basic Industries,Precious Metals,male,male,,No,No,,,Unknown,0.0,0.0311,-0.0213,0.0,1738.0,7.8167,7.8167,7.8713,7.8713,200,7.9414,8.247,8.2316,8.06,700,4500,1000,2290,1
17.04,2.571276547E9,21.6677,298.28,-116.94,-0.392,0.09,730.0,408602.74,8.62,53,45,12,12,1998,-0.952254558,-0.580634514,0.498784256,1.041827702,2010,2,3,2,Health Care,Major Pharmaceuticals,male,female,Yes,Yes,No,Dec,501 - 1000,1951 - 2000,0.0402,0.0086,0.1373,0.1062,726794.8,11.65,11.2,12.5,11.31,2592648,11.62,11.71,11.79,11.75,538227,360525,53337,89237,0
17.05,3.638298648E8,19.7122,810.74,13.42,0.0166,0.17,3532.0,229541.34,0.45,,55,9,9,1997,-1.419662527,-0.21466337,0.615420955,1.189787994,2006,5,15,0,Capital Goods,Engineering & Construction,female,male,Yes,,No,Sep,1001 - 5000,1951 - 2000,0.0,-0.08,-0.1739,0.2174,9432.2,23.0,23.0,28.0,23.0,5600,24.94,23.001,22.25,21.16,1636,2487,21463,15975,0
17.16,3.222809853E9,21.8935,1110.0,524.67,0.4727,0.18,38.0,2.921052632E7,2.9,51,51,0,0,2007,-1.347928484,-1.154676493,-1.26060867,-0.220177288,2007,11,16,4,Consumer Services,Real Estate Investment Trusts,male,male,Yes,sameYear,sameYear,Dec,0 - 100,2001 - 2010,0.0347,-0.0362,0.0235,0.0177,614960.0,74.5,72.0,76.275,75.0,2256180,73.15,70.5,71.8,71.8,438740,205820,174060,0,0
17.43,4.831380687E9,22.2984,429.9,75.57,0.1758,3.35,119.0,3612605.04,11.24,70,70,2,2,2014,1.709768834,1.479832648,0.956416706,0.629728529,2016,4,15,4,Energy,Oil & Gas Production,male,male,Yes,Yes,Yes,Dec,101 - 500,2011 - present,0.0,0.0,0.01,0.0,83.2,10.0,10.0,10.0,10.0,416,10.0,10.0,10.0,10.0,0,0,0,0,1
17.4646,5.514794122E8,20.1281,,,,,,,,,46,,,,1.574296933,2.129776753,2.45501249,2.324792416,2003,6,17,1,,,male,male,,,No,,,Unknown,0.004,0.0048,0.006,0.01,0.0,25.1,25.0,25.25,25.0,0,25.2,25.28,25.26,25.22,0,0,0,0,0
17.47,5.123065096E8,20.0544,94.0,5.94,0.0632,0.1,,,5.45,75,68,0,0,2003,-0.190201371,0.244029573,0.94807226,1.420543141,2003,8,13,2,Consumer Services,Real Estate,male,male,Yes,sameYear,No,Dec,,2001 - 2010,0.002,0.008,-0.002,0.0233,577362.2,15.03,15.0,15.75,15.4,1345300,14.9,15.25,15.25,15.15,1176811,259600,47900,57200,1
17.47,3.114129577E9,21.8592,402.56,158.38,0.3934,0.55,61.0,6599344.26,7.74,63,63,0,0,2010,2.171423768,1.910553835,2.420637848,2.301716585,2010,11,8,0,Consumer Services,Real Estate Investment Trusts,male,male,Yes,sameYear,sameYear,Dec,0 - 100,2001 - 2010,0.0125,0.0494,0.0883,0.0156,16983.0,16.2,16.0,16.25,16.0,10900,16.5,17.05,16.9,17.0,34405,8135,24275,7200,1
17.59,3.511785699E9,21.9794,402.76,157.19,0.3903,0.36,113.0,3564247.79,8.72,65,65,139,139,1876,0.865993728,0.934894587,1.325693647,1.484944754,2015,5,1,4,Energy,Oil & Gas Production,male,male,Yes,Yes,Yes,Dec,101 - 500,<= 1900,0.0133,-0.0291,-0.0082,0.0172,4689651.2,18.24,18.0,19.46,19.15,17631209,17.75,18.0,17.7,17.71,3114664,1001706,1341540,359137,0
17.7,1.281995796E9,20.9717,407.14,55.04,0.1352,0.05,2100.0,193876.19,3.15,46,46,9,9,2004,2.081683457,1.902143117,1.846154275,2.229615225,2013,4,12,4,Technology,EDP Services,male,male,No,No,No,Dec,1001 - 5000,2001 - 2010,0.0139,-0.044,-0.021,0.0074,4951643.8,20.44,20.16,22.0,21.85,20216171,20.03,20.54,19.79,19.54,2038941,497726,1037876,967505,1
17.78,4.728636419E10,24.5795,41100.0,1610.0,0.0392,0.0,138038.0,297744.1,1.15,56,49,,-2,1999,-0.30845239,0.815124403,1.051059183,1.478666116,1997,10,20,0,Public Utilities,Telecommunications Equipment,unknown,unknown,No,No,No,Dec,>10000,1951 - 2000,0.0054,-0.0108,0.0686,0.0109,1034179.8,34.625,34.438,35.0,34.625,2520200,35.063,35.313,34.563,34.25,968000,670200,494000,518499,1
17.85,8.251545918E8,20.5311,845.6,-25.2,-0.0298,0.09,565.0,1496637.17,0.98,60,60,1,1,2012,1.5391468,2.134142125,2.087646549,2.145675485,2013,1,18,4,Basic Industries,Steel/Iron Ore,male,male,Yes,No,No,Dec,501 - 1000,2011 - present,0.0139,0.0384,0.12,0.0156,3732244.6,18.25,18.0,19.28,19.0,15252343,18.25,18.95,19.12,18.95,0,1816760,567850,1024270,1
17.88,1.92151409E9,21.3764,288.17,190.12,0.6597,,,,6.67,51,51,0,0,2009,0.580181543,1.189646522,1.644220162,1.565255843,2009,9,24,3,Consumer Services,Real Estate Investment Trusts,male,male,Yes,No,No,Dec,,2001 - 2010,0.0,-0.0108,-0.0027,0.0081,1624454.6,18.5,18.5,19.2,19.05,5842710,18.83,18.5,18.48,18.3,1012040,339090,500001,428432,0
17.9,1.54546767E9,21.1586,36.57,-54.57,-1.4922,0.89,182.0,200934.07,42.26,54,54,5,5,1995,0.702626927,1.481265358,1.65807441,2.257381107,2000,4,6,3,Health Care,Biotechnology: Biological Products (No Diagnostic Substances),male,male,Yes,No,No,Dec,101 - 500,1951 - 2000,0.0212,-0.3361,-0.2531,0.2163,1429520.0,15.063,14.75,18.25,15.06,5544800,15.0,12.688,11.0,10.0,684200,441100,242700,234800,1
17.93,3.325482479E8,19.6223,78.33,38.98,0.4976,0.25,162.0,483518.52,4.25,56,56,2,2,1998,-2.022822282,-1.082997717,-0.379223131,0.427699064,2000,9,20,2,,,male,male,Yes,No,No,Dec,101 - 500,1951 - 2000,0.0,-0.1905,-0.5397,,1052.0,39.375,39.375,43.75,,1460,38.75,38.75,35.0,31.875,400,440,1100,1860,0
18.03,1.619331275E8,18.9027,28.54,2.78,0.0974,0.52,80.0,356750.0,5.67,66,66,1,1,2004,-0.749395217,-0.750946792,0.155074526,0.88311167,2005,3,30,2,Finance,Banks,male,male,Yes,No,No,Sep,0 - 100,2001 - 2010,0.0314,-0.0508,-0.1178,0.0042,345022.0,9.85,9.55,10.05,10.01,1027223,9.78,9.45,9.42,9.35,312065,128629,142776,114417,1
18.03,1.793985E9,21.3077,1600.0,30.0,0.0188,,7600.0,210526.32,1.12,50,50,1,1,2011,0.813144723,1.224795652,1.598879451,1.390898479,2012,3,8,3,Finance,Finance: Consumer Services,male,male,Yes,No,No,Dec,5001 - 10000,2011 - present,0.0464,-0.0218,0.007,0.0612,2531817.2,14.2,13.57,14.4,13.57,8942032,14.6,14.5,14.19,13.89,1394221,967201,751277,604355,1
18.15,7880602.95,15.8799,,,,,,,,,,,,,-0.842700748,0.677449204,1.268996044,1.282221727,2010,11,29,0,Finance,Investment Bankers/Brokers/Service,,,,,,,,Unknown,,-0.1598,-0.2471,,140.0,5322.5,,,,0,5322.5,5322.5,4687.5,4472.0,590,0,42,68,0
18.17,6.556708095E8,20.3012,,,,,,,,,,,,,-1.067881376,-1.752098733,-1.484624565,0.100010094,2005,4,26,1,,,,,,,,,,Unknown,,5.0E-4,0.0,,177920.0,20.0,,,,0,20.0,20.01,20.01,20.01,675800,106300,74800,32700,0
18.25,1.4527E9,21.0967,432.68,33.57,0.0776,0.09,1809.0,239181.87,3.36,,,1,1,2004,0.554204873,-0.567202377,-0.714315643,0.582403245,2005,5,5,3,Consumer Services,Marine Transportation,female,male,No,,,Dec,1001 - 5000,2001 - 2010,0.0125,0.0588,0.0942,0.0017,986420.0,24.3,24.0,24.94,24.9,3474400,25.51,26.15,25.65,25.73,724300,254100,302900,176400,1
18.35,6.630480735E8,20.3124,8130.000000000001,-51.71,-0.0064,0.05,14800.0,549324.32,0.08,54,54,,-13,2013,-1.276270938,-0.315477428,-0.028009987,0.54650103,2000,8,2,2,Consumer Non-Durables,Food Distributors,male,male,Yes,No,No,Dec,>10000,2011 - present,0.2786,-0.0894,-0.2849,0.0571,30020.0,11.188,8.75,11.5,11.0,79400,11.0,11.0,10.938,10.188,24700,16400,10300,19300,1
18.37,1.694577096E9,21.2507,3650.0,50.0,0.0137,0.19,3580.0,1019553.07,0.46,58,58,6,6,2006,-0.814286028,0.750258906,1.253664476,1.40645012,2012,4,12,3,Capital Goods,Industrial Machinery/Components,male,male,Yes,No,No,Dec,1001 - 5000,2001 - 2010,0.0653,-0.0257,-0.0152,0.04,2394186.0,21.04,19.75,21.29,20.5,10151301,20.8,20.65,20.61,20.5,472783,482243,403900,460703,1
18.53,1.895676591E9,21.3628,294.69,170.19,0.5775,0.46,,,6.43,45,45,0,0,2014,-1.246239349,0.25703849,0.603892827,1.181266155,2014,12,17,2,Public Utilities,Natural Gas Distribution,male,male,Yes,No,No,Dec,,2011 - present,0.0349,-0.0344,-0.0706,0.0438,4473368.4,16.3,15.75,16.48,15.79,17914017,17.86,17.15,16.3,15.74,3166018,324736,489554,472517,0
18.56,1.906382159E9,21.3685,128.37,-91.25,-0.7108,,215.0,597069.77,14.85,59,59,9,9,1987,0.0,0.0,0.0,0.0,1996,9,26,3,Health Care,Major Pharmaceuticals,male,male,Yes,No,No,Dec,101 - 500,1951 - 2000,0.0476,0.0227,-0.0795,0.0238,6802.4,137.5,131.25,140.625,137.5,16308,153.125,150.0,140.625,140.625,11192,1832,2632,2048,1
18.6,9.263862246E8,20.6468,511.08,39.84,0.078,0.12,2700.0,189288.89,1.81,51,51,3,3,2003,-0.475995636,-1.329763035,-1.633902469,-0.219988706,2006,6,28,2,Capital Goods,Building Products,male,male,Yes,No,No,Dec,1001 - 5000,2001 - 2010,0.1159,0.0239,0.0065,0.072,828328.0,15.5,13.89,15.5,14.5,3573301,16.19,15.8,15.87,15.87,354849,170401,43089,0,0
18.7,6.17810974E7,17.9391,112.17,1.83,0.0163,,857.0,130886.81,0.55,56,,1,1,2014,-0.257947367,-0.822534865,0.321593939,0.926359617,2015,2,2,0,Transportation,Trucking Freight/Courier Services,male,,Yes,Yes,,Sep,501 - 1000,2011 - present,0.2778,0.0457,0.0083,0.3333,7574.6,23.0,18.0,24.0,18.0,4573,25.0,24.0,24.7,24.05,7225,7208,12633,6234,1
18.75,1.879913063E8,19.0519,54.92,12.97,0.2362,0.01,310.0,177161.29,3.42,62,62,0,0,1998,1.849924866,2.233468345,1.290885464,1.801817536,1998,6,29,0,Finance,Major Banks,male,male,Yes,No,No,Dec,101 - 500,1951 - 2000,0.0,0.0,0.2093,0.0,0.0,10.75,10.75,10.75,10.75,0,10.75,10.75,10.75,10.75,0,0,0,0,1
18.8373,3.013968E7,17.2214,,,,,,,,,,,,,-1.341689715,-1.931307584,-1.845104613,-1.851591694,2008,9,18,3,,,,,,,,,,Unknown,0.0,0.118,-0.3245,0.0276,9228.6,27.03,27.03,28.97,28.2253,16781,28.89,30.926,30.213,30.22,8130,10305,9375,1552,0
18.88,3.786921891E8,19.7522,,,,,,,,,51,,,,-1.705077057,-0.513111317,0.571111066,0.91895144,2012,10,26,4,,,male,male,,,sameYear,,,Unknown,8.0E-4,-8.0E-4,-8.0E-4,0.0016,82095.0,25.02,25.0,25.04,25.0,379386,25.02,25.02,25.0,25.0,0,0,31089,0,0
18.95,8.100355062E8,20.5126,653.48,10.15,0.0155,0.34,210.0,3111809.52,1.24,55,55,0,0,2007,-2.36397175,-0.596763067,-0.894718969,0.160478021,2007,11,7,2,Finance,Property-Casualty Insurers,male,male,Yes,No,No,Dec,101 - 500,2001 - 2010,0.0,0.021,0.0098,0.0,89800.0,7.15,7.15,7.25,7.25,437500,7.2,7.2,7.25,7.3,5500,0,3000,3000,1
18.97,1.697563723E9,21.2525,466.28,66.91,0.1435,0.01,,,3.64,,55,1,1,2011,-0.499998409,0.987531002,1.432533029,1.19765885,2012,3,7,2,Consumer Services,Real Estate Investment Trusts,,male,Yes,,No,Dec,,2011 - present,0.0116,0.0299,0.0593,0.0107,877734.6,21.75,21.5,21.98,21.75,2710642,21.95,22.0,21.78,22.4,675075,524567,136590,341799,1
18.98,4.840365598E9,22.3003,7960.0,205.09,0.0258,0.12,17000.0,468235.29,0.61,44,,0,0,2013,-0.85955375,0.730664607,1.240087336,1.706699283,2013,4,15,0,Finance,Real Estate,male,male,No,No,No,Dec,>10000,2011 - present,0.0486,-0.0377,0.0108,0.0376,659091.4,22.31,21.276,22.44,21.64,0,22.05,21.93,21.69,21.47,1170900,744835,481301,898421,0
19.0648,1.715832E7,16.658,,,,,,,,,,,,,-1.745652895,-2.455838866,-2.983948273,-2.48890619,2008,7,15,1,,,,,,,,,,Unknown,,0.0164,-0.0682,,50440.2,24.94,,,,0,24.94,24.71,24.953,25.35,38035,88993,29004,96169,0
19.23,3.237649912E8,19.5955,30.98,1.22,0.0394,7.59,14.0,2212857.14,10.45,59,31,2,2,2015,1.985450205,1.291086966,1.827115925,1.742065977,2017,2,3,4,Energy,Oil & Gas Production,male,unknown,Yes,Yes,Yes,Dec,0 - 100,2011 - present,0.1429,-0.0431,-0.0635,0.1534,451036.0,20.64,18.06,20.83,18.06,1637333,20.55,20.43,19.79,19.75,248546,200811,89909,78581,0
19.27,1.365436416E9,21.0347,1170.0,-38.9,-0.0332,,27385.0,42724.12,1.17,73,,,,,0.376408616,1.125713531,1.70206851,1.760138998,2017,11,20,0,Consumer Services,Restaurants,male,male,Yes,,,Dec,>10000,Unknown,0.0539,-0.0201,-0.0881,0.0,140979.4,18.39,17.45,18.9,18.9,123248,17.71,17.68,17.68,18.02,279678,189248,0,112723,0
19.37,3.316857513E9,21.9223,3590.0,-778.1,-0.2167,0.32,,,0.92,,,,-2,2017,1.286422866,1.223637878,1.246327917,1.411505954,2015,6,22,0,Consumer Services,Television Services,,,Yes,,,Dec,,2011 - present,0.0,0.0,0.2901,0.0,20.0,37.51,37.51,37.51,37.51,100,37.51,37.51,37.51,37.51,0,0,0,0,0
19.49,5.370384524E8,20.1016,,,,,,,,,,,,,0.546332708,-0.555253777,-0.35056166,0.572615552,2012,6,27,2,,,,,,,,,,Unknown,0.0,0.0092,0.035,0.005,136726.2,20.0,20.0,20.1,20.0,554114,20.1,20.1,20.2,20.1843,34061,39570,42581,13305,1
19.69,5.411474962E8,20.1092,108.56,6.8,0.0626,0.02,622.0,174533.76,4.98,43,51,8,8,1999,1.350266073,1.586148082,2.306585206,1.844872916,2007,5,17,3,Miscellaneous,Business Services,male,male,Yes,No,No,Dec,501 - 1000,1951 - 2000,0.02,0.0135,-0.0088,0.0786,1263150.4,14.79,14.5,15.64,14.5,5167892,15.07,15.07,14.96,14.99,615682,315997,93922,122259,0
19.699,1.918568346E7,16.7697,,,,,,,,62,,,,,1.335753565,1.081010087,0.10907981,0.547953367,2010,8,9,0,Finance,Commercial Banks,male,male,,No,No,,,Unknown,,-0.0333,-0.0513,,4200.0,49.88,,,,0,49.88,48.58,48.58,48.22,3000,6000,0,12000,0
19.8,8.36299233E8,20.5445,176.64,32.59,0.1845,0.11,538.0,328327.14,4.73,60,50,18,18,1980,0.419859686,-0.002894569,0.847644662,1.477769627,1998,6,18,3,Finance,Major Banks,male,female,Yes,Yes,No,Dec,501 - 1000,1951 - 2000,0.0278,0.0629,0.09,0.0277,376920.0,6.167,6.0,6.333,6.167,1002150,6.333,6.278,6.778,6.555,283950,231300,190575,176625,0
19.85,5.409699459E8,20.1089,669.13,-36.23,-0.0541,,10290.0,65027.21,0.81,58,58,1,1,2011,0.634141247,1.031009076,1.277660046,1.505282177,2012,4,26,3,Consumer Services,Restaurants,male,male,Yes,No,No,Dec,>10000,2011 - present,0.0,-0.108,-0.016,0.0,9312.0,12.5,12.5,12.5,12.5,22000,12.0,12.0,11.25,11.15,5100,0,14760,4700,1
20.0,5.201486E7,17.767,10.58,1.8,0.1701,0.23,27.0,391851.85,4.92,52,52,0,0,2014,-0.258152733,-0.924030119,-0.431580553,0.589150051,2014,10,22,2,Finance,Major Banks,male,male,Yes,Yes,Yes,Dec,0 - 100,2011 - present,0.0235,0.0054,0.0038,0.0165,185309.4,13.05,12.75,13.12,12.91,801817,13.05,13.05,13.2,13.12,81672,16218,13940,12900,1
20.06,7.949941489E8,20.4938,123.78,52.93,0.4276,0.06,51.0,2427058.82,6.42,56,56,29,29,1969,-0.809065002,-1.131809291,-0.57889838,0.667805965,1998,8,17,0,Consumer Services,Real Estate Investment Trusts,unknown,unknown,Yes,No,No,Oct,0 - 100,1951 - 2000,0.0634,-0.0596,-0.1258,0.0,3960.0,9.4375,8.875,9.4375,9.4375,1900,9.5,9.25,9.0,8.875,8500,5500,1900,2000,0
20.24,5.205559603E8,20.0704,,,,,,,,66,52,,,,-2.838769584,-3.073912041,-0.367134635,0.525475986,2007,7,27,4,,,male,male,,No,No,,,Unknown,0.0,-0.0125,-0.0435,5.0E-4,334580.0,20.0,20.0,20.01,20.0,1478300,20.0,20.01,20.0,19.75,51000,9200,29300,105100,0
20.28,3.545902494E9,21.9891,1350.0,65.32,0.0484,0.18,99.0,1.363636364E7,2.63,57,57,0,0,2011,0.273563126,0.88999861,1.136854876,1.432338006,2011,5,11,2,Consumer Services,Real Estate Investment Trusts,male,male,Yes,No,No,Dec,0 - 100,2011 - present,0.0555,0.0181,0.0322,0.0269,2200214.8,17.68,16.75,17.7,17.25,7496363,17.97,17.98,17.94,18.0,1154438,847009,573420,929844,1
20.34,7.48603652E8,20.4337,351.48,5.01,0.0143,,1250.0,281184.0,2.13,53,53,16,16,1988,1.138070196,-0.004545397,0.118417922,0.946231104,2004,5,27,3,Health Care,Medical/Dental Instruments,male,male,Yes,No,No,May,1001 - 5000,1951 - 2000,0.1062,0.084,0.1472,0.1673,407255.8,12.5,11.3,13.43,11.54,1601979,14.18,14.18,13.6,13.55,255977,0,120057,58266,1
20.37,7.34966283E8,20.4153,,-29.99,,,67.0,,,53,53,3,3,2015,-1.917996469,-1.943143309,-0.673462998,0.423763225,2018,3,28,2,Health Care,Major Pharmaceuticals,male,male,Yes,Yes,Yes,Dec,0 - 100,2011 - present,0.0,-0.1163,,0.075,816913.2,18.66,18.66,24.4,23.0,2961641,18.7,18.7,17.72,16.49,637998,0,198697,286230,0
20.45,1.118215243E9,20.835,245837.0,-97.77,-4.0E-4,,49.0,5.01708163265E9,0.0,64,60,0,0,2013,1.820195888,1.625425594,2.009781153,1.997898051,2013,12,27,4,Health Care,Major Pharmaceuticals,female,male,Yes,No,No,Dec,0 - 100,2011 - present,0.0,1.0,0.98,0.0,5710.0,10.0,10.0,10.0,10.0,2000,10.0,20.0,20.0,20.0,0,450,0,26100,1
20.5,1.11939266E8,18.5335,41.11,4.1,0.0997,0.06,207.0,198599.03,2.72,60,60,13,13,1997,1.903106733,1.791777541,2.303709622,1.64153728,2010,4,5,0,Finance,Major Banks,male,male,Yes,Yes,Yes,Dec,101 - 500,1951 - 2000,0.055,-0.0047,-0.0133,0.043,142538.8,10.55,10.0,10.55,10.12,403926,10.46,10.53,10.5,10.5,89013,101083,88516,30156,1
20.68,6.698568611E8,20.3226,71.64,-16.44,-0.2295,0.93,112.0,639642.86,9.35,58,58,4,4,2013,1.666177893,1.269088406,1.94739674,1.755958999,2017,1,27,4,Health Care,Biotechnology: Biological Products (No Diagnostic Substances),male,male,Yes,Yes,Yes,Dec,101 - 500,2011 - present,0.0286,-0.011,0.1501,0.0298,1088670.0,17.25,16.77,18.5,18.0,4288260,17.0,16.58,17.09,17.06,593196,296024,158391,107479,0
20.8,6.79767088E7,18.0347,31.95,3.85,0.1205,0.2,177.0,180508.47,2.13,,,11,11,1985,0.0,0.0,0.0,0.0,1996,4,1,0,Finance,Major Banks,male,male,Yes,No,No,Dec,101 - 500,1951 - 2000,0.0,0.0,0.0,0.0,0.0,7.0,7.0,7.0,7.0,,7.0,7.0,7.0,7.0,,,,,0
20.9,5.614057889E8,20.146,101.88,16.49,0.1619,0.25,237.0,429873.42,5.51,55,55,0,0,2014,1.361394955,1.430010783,1.738567297,1.816677991,2014,7,22,1,Finance,Major Banks,male,male,Yes,Yes,Yes,Dec,101 - 500,2011 - present,0.0098,-0.0186,0.0396,0.0204,2359123.2,12.38,12.2599,12.51,12.26,7465298,12.41,12.37,12.27,12.15,1575379,907791,1083809,763339,1
20.95,3.057156027E9,21.8408,4320.0,662.7,0.1534,0.07,18309.0,235949.53,0.71,40,,71,71,1940,-1.732751855,-0.545017551,0.262060005,0.98822627,2011,6,2,3,Health Care,Major Pharmaceuticals,male,,No,No,,Dec,>10000,1901 - 1950,0.0552,-0.0575,-0.0183,0.069,7868156.0,6.6234,6.2771,7.3593,6.9264,10349544,6.4069,6.2771,6.303,6.2424,17042853,5062718,3945007,2940658,0
21.09,7.397671812E8,20.4218,174.72,-26.89,-0.1539,0.13,570.0,306526.32,4.23,46,46,5,5,2000,-0.085384941,0.990374306,1.31736573,1.324720846,2005,8,5,4,Health Care,Medical/Dental Instruments,male,male,Yes,No,No,Dec,501 - 1000,1951 - 2000,0.1704,0.0618,-0.0582,0.2785,722955.4,14.08,12.03,15.45,12.1,3084867,14.2,14.7,14.5,14.95,246812,108029,139310,35759,0
21.13,2.145399474E8,19.184,,,,,,,,,,,,,2.024106826,2.282074934,2.222077158,1.695259892,2013,10,21,0,,,,,,,,,,Unknown,0.0,0.001,-0.0251,0.0,1515.0,29.8899,29.8899,29.8899,29.8899,0,29.8899,29.8899,29.77,29.92,0,600,1775,5200,1
21.19,5.871529684E8,20.1908,,,,,,,,51,51,,,,1.061346662,1.758201151,1.479088484,1.888997373,2007,2,22,3,,,male,male,,sameYear,sameYear,,,Unknown,,0.0056,0.0,,69480.0,25.0,,,,0,25.0,25.01,25.04,25.14,162600,77000,72900,34900,0
21.33,3.169771739E8,19.5743,,,,,,,,47,47,,,,1.150560525,1.594718743,1.820201961,0.747535794,2012,1,27,4,,,male,male,,No,No,,,Unknown,0.0316,0.0202,0.0295,0.0372,238024.4,25.79,25.0,25.93,25.0,544436,26.06,26.07,26.11,26.31,187951,256531,131426,69778,1
21.48,3.297175704E7,17.3112,,,,,,,,,,,,,1.842746578,1.780587186,2.316750341,1.650366815,2010,4,6,1,,,,,,,,,,Unknown,,-0.0115,0.0105,,87.0,1217.2,,,,0,1217.2,1217.2,1202.0,1203.2,0,245,5,185,0
21.48,3.25035403E8,19.5994,,,,,,,,62,62,0,0,2001,0.831661709,-0.691170681,-1.336399643,-1.637026056,2001,10,17,2,Finance,Savings Institutions,male,male,,No,No,,,2001 - 2010,0.0739,0.0702,0.2779,0.0188,534900.0,14.25,13.27,14.5,14.25,2131700,14.324,14.4501,15.36,15.2501,235300,105800,148900,52800,1
21.49,1.0802325306E10,23.103,6900.0,-225.0,-0.0326,0.06,7000.0,985714.29,1.57,57,57,0,0,2008,-1.341689715,-1.931307584,-1.845104613,-1.851591694,2008,9,18,3,Consumer Services,Television Services,male,male,Yes,sameYear,sameYear,Dec,5001 - 10000,2001 - 2010,0.25,-0.0094,-0.2569,0.4297,3974362.8,8.0,6.4,9.25,6.5,11602512,8.35,8.435,8.31,7.925,1527756,3424232,1825676,1491638,1
21.51,1.516574832E9,21.1397,,,,,,,,52,,,,,0.644347759,1.329342815,1.241954202,1.302842517,2012,8,29,2,,,male,,,sameYear,,,,Unknown,0.0064,0.0044,0.008,0.0044,389381.2,25.0,24.84,25.01,24.9,1724595,25.1,25.05,25.05,25.11,97030,62500,0,62781,0
21.53,1.716485343E9,21.2635,2800.0,67.3,0.024,,12000.0,233333.33,0.61,50,44,36,36,1969,-0.298204237,0.886411818,0.663845888,0.968369616,2005,6,29,2,Consumer Services,Clothing/Shoe/Accessory Stores,male,male,Yes,No,No,Jan,>10000,1951 - 2000,0.0428,0.0934,0.083,0.0221,5563640.0,12.05,11.555,12.255,12.0,21130200,12.475,12.925,12.925,13.175,3579400,1156200,0,1952400,1
21.55,1.0434649967E10,23.0684,16230.0,1230.0,0.0758,0.04,9519.0,1705011.03,0.64,50,,0,0,1998,1.282989029,1.709633921,0.923292162,1.180382169,1998,11,16,0,Public Utilities,Telecommunications Equipment,male,male,No,No,,Dec,5001 - 10000,1951 - 2000,0.0147,0.3189,0.3816,0.0049,143720.0,12.9375,12.75,13.0,12.9375,73800,13.125,14.563,14.625,17.063,83500,147100,292600,121600,1
21.6,1.137165782E9,20.8518,,,,,,,,66,,64,64,1932,0.0,0.0,0.0,0.0,1996,2,29,3,Consumer Non-Durables,Package Goods/Cosmetics,male,,,,,,,1901 - 1950,0.0184,0.0136,-0.0045,0.0737,198998.0,276.25,271.25,296.25,276.25,765500,282.5,278.75,280.0,280.0,105910,50260,55230,18090,1
21.66,4.438268725E8,19.9109,348.39,72.06,0.2068,0.18,215.0,1620418.6,1.27,49,49,18,18,1989,1.548311596,1.675301916,2.412407475,1.882376402,2007,5,16,2,Technology,Diversified Commercial Services,male,male,Yes,No,No,Dec,101 - 500,1951 - 2000,0.0345,-0.0327,-0.0627,0.0207,993680.0,15.0,14.5,15.32,15.02,3780400,13.9,14.08,14.81,14.51,539000,417500,223300,8200,0
21.66,7.664382553E8,20.4573,,,,,,,,,46,,,,0.154392643,0.932947352,1.459619853,1.585416634,2004,2,25,2,,,male,male,,,No,,,Unknown,0.0,5.0E-4,5.0E-4,5.0E-4,136120.0,20.0,20.0,20.01,20.0,458000,20.01,20.01,20.01,20.01,45800,49600,64100,63100,0
21.73,4.863430001E9,22.305,470.1,230.7,0.4907,0.61,,,10.35,59,59,0,0,2014,1.227180723,0.522533576,0.815862484,1.299191749,2014,10,29,2,Energy,Natural Gas Distribution,male,male,Yes,No,No,Dec,,2011 - present,0.0651,-0.0286,0.1449,0.0524,7594452.8,33.55,31.5,33.65,32.0,33437095,33.2,33.69,33.8,32.59,1907039,779010,854720,994400,1
21.75,2.113840762E9,21.4718,977.14,-594000.0,-607.8965,0.34,5800.0,168472.41,2.16,34,,6,6,2011,0.210460004,1.083844034,1.669143726,1.735614335,2017,11,17,4,Consumer Services,Catalog/Specialty Distribution,female,female,Yes,Yes,,Jul,5001 - 10000,2011 - present,0.0236,0.1452,0.5406,0.1068,3435258.0,15.15,14.8,18.53,16.95,10327680,14.85,15.8,17.35,17.35,2251724,1978879,2618007,0,0
21.84,2.184004368E7,16.8993,,,,,,,,,,,,,-1.058537405,-0.297825077,0.727394501,1.255584871,2011,4,18,0,,,,,,,,,,Unknown,,0.0,-0.0258,,660.0,30.554,,,,0,30.554,30.554,30.554,30.554,0,3300,0,0,0
22.1,7.544326946E8,20.4415,,,,,,,,81,78,,,,-1.951382281,-0.159379462,0.510088107,1.17864933,1998,7,31,4,,,male,male,,No,No,,,Unknown,0.0,-0.0714,-0.1429,0.0179,302519.8,3.5,3.5,3.5625,3.5,252699,3.3125,3.25,3.1875,3.25,82800,331900,581000,264200,0
22.14,3.717942082E8,19.7339,152.99,-82.53,-0.5394,,,,2.43,55,55,5,5,2009,-0.892814416,0.122916496,0.663722024,1.19071017,2014,4,15,1,Consumer Services,Real Estate Investment Trusts,female,female,Yes,No,No,Dec,,2001 - 2010,0.0488,-0.0177,-0.0167,0.0215,156304.0,107.5,102.5,109.7,107.5,378977,105.5,106.2,106.2,105.6,160946,144065,0,97532,1
22.18,9.504130444E8,20.6724,,,,,,,,,,,,,1.361394955,1.430010783,1.738567297,1.816677991,2014,7,22,1,,,,,,,,,,Unknown,0.0,-0.0094,-0.0232,0.0,11046.4,20.25,20.25,20.25,20.25,0,20.25,20.25,20.09,20.06,8676,24453,10974,11129,0
22.18,9.854756985E8,20.7086,306.57,28.89,0.0942,0.13,896.0,342154.02,3.21,63,63,5,5,1995,0.84533073,1.402071219,1.552714051,2.168080967,2000,3,30,3,Health Care,Medical/Dental Instruments,male,male,Yes,No,No,Dec,501 - 1000,1951 - 2000,0.2797,0.0,-0.2322,0.3636,1490540.0,22.875,17.875,26.0,19.5,5503200,21.625,20.125,17.063,22.875,607300,461000,506300,374900,1
22.18,1.828351209E9,21.3267,,,,,,,,,64,,,,0.723991133,1.239398928,1.597721856,1.507611601,2003,11,25,1,,,,male,,,sameYear,,,Unknown,0.0,0.0,0.0215,5.0E-4,26740.0,20.0,20.0,20.01,20.0,0,20.01,20.01,20.05,20.0,0,0,0,133700,0
22.28,1.872749544E9,21.3507,8800.0,327.0,0.0372,,37000.0,237837.84,0.21,62,62,,,,2.136642033,1.773449982,2.062190226,2.857660711,2006,11,16,3,Consumer Services,Rental/Leasing Companies,female,female,Yes,No,No,Dec,>10000,Unknown,0.055,-0.0197,0.0369,0.0523,2480471.4,62.2978,59.0482,62.5356,59.4445,9076237,62.06,63.8037,61.8619,61.0693,1173616,1119515,580752,452237,1
22.37,1.492528883E9,21.1237,55.21,-109.75,-1.9879,,100.0,552100.0,27.03,,46,3,3,2014,2.335683748,1.678064444,1.731192494,1.710848588,2017,7,14,4,Health Care,Major Pharmaceuticals,female,female,Yes,No,No,Dec,0 - 100,2011 - present,0.1704,0.3085,0.4989,0.1735,1936003.4,9.48,8.1,9.535,8.13,5535246,10.48,10.1,11.11,12.405,1741472,656487,783063,963749,1
22.54,9.806381103E8,20.7037,111.12,9.86,0.0887,0.11,323.0,344024.77,8.83,50,50,19,19,1997,1.228326537,2.221837766,1.689606345,1.910282242,2016,7,22,4,Technology,Computer Software: Prepackaged Software,male,male,Yes,Yes,Yes,Dec,101 - 500,1951 - 2000,0.1275,0.0547,-0.0266,0.25,877658.2,13.53,12.0,15.0,12.0,1392930,13.0,13.21,14.1,14.27,892353,779877,1005243,317888,1
22.55,,,2180.0,107.68,0.0494,0.03,7784.0,280061.66,,58,,112,112,1893,-1.920589976,0.170050007,0.8995435,1.327673065,2005,1,13,3,Finance,Major Banks,male,,No,No,,Dec,5001 - 10000,<= 1900,0.0,0.011,0.0417,0.0,2880.0,24.48,24.48,24.55,24.55,8000,25.0,25.0,24.75,24.75,1500,0,4900,0,1
22.69,1.105292751E8,18.5208,,,,,,,,,48,,,,1.15222706,-0.119834572,0.582623529,1.012272755,2010,2,24,2,,,female,male,,,Yes,,,Unknown,4.0E-4,0.0,-4.0E-4,4.0E-4,63436.2,25.01,25.0,25.01,25.0,280247,25.01,25.0,25.01,25.01,22395,6250,100,8189,0
22.7,1.725864202E8,18.9664,42.24,5.82,0.1378,0.09,224.0,188571.43,4.09,56,56,4,4,1994,-0.625400756,-1.536440437,-2.178357214,-0.351533093,1998,9,11,4,Finance,Major Banks,male,male,Yes,Yes,Yes,Dec,101 - 500,1951 - 2000,0.0,0.0,-0.04,0.0,1101.6,11.905,11.905,11.905,11.905,129,11.4286,11.4286,11.619,11.905,1049,0,4068,262,1
22.7,1.708973677E9,21.2592,675.35,167.46,0.248,0.03,788.0,857043.15,2.53,58,58,1,1,2009,-2.174606905,-0.313140099,0.561477181,1.088134196,2010,1,25,0,Consumer Services,Television Services,female,female,Yes,No,No,Jun,501 - 1000,2001 - 2010,0.087,-0.0984,-0.1109,0.152,1805918.4,6.5716,6.0457,6.9646,6.0457,2705746,6.4416,6.1817,6.1666,5.9247,1151836,1585228,931290,2655492,1
22.72,1.182268453E10,23.1933,1040.0,-122.97,-0.1182,0.13,1445.0,719723.18,11.37,59,59,5,5,2012,0.47264006,0.927638642,1.565133963,1.576359323,2017,2,1,2,Finance,Real Estate,male,male,Yes,,,Dec,1001 - 5000,2011 - present,0.0101,0.04,0.0765,0.0162,8744776.8,20.0,19.8,20.42,20.1,30832753,20.23,20.63,20.73,20.8,4901216,2631545,1836800,3521570,1
22.8001,1.7100075E7,16.6546,,,,,,,,,,,,,0.453221708,0.29260709,-0.431444884,-1.155444474,2002,11,8,4,,,male,,,,,,,Unknown,,0.022,0.0042,,0.0,15.0033,,,,,15.0033,15.0033,14.9,15.3333,,,,,0
22.98,6.75705023E8,20.3313,189.01,21.7,0.1148,0.52,844.0,223945.5,3.57,,,39,39,1978,-1.14016996,0.797067712,1.168666758,1.488812686,2017,6,30,4,Finance,Major Banks,,,Yes,,,Dec,501 - 1000,1951 - 2000,0.0106,0.0065,0.02,0.0066,765626.4,20.05,19.84,20.48,20.35,3492724,20.1,20.1,20.2,20.18,96378,0,165540,73490,1
23.058,6.182546152E7,17.9398,22.37,4.92,0.2199,,,,2.76,40,40,9,9,1998,1.578162608,1.946582473,2.592013965,1.912683194,2007,5,3,3,Consumer Services,Other Specialty Stores,male,male,No,No,No,Dec,,1951 - 2000,0.1622,0.1093,0.3716,0.1522,324531.0,143.3333,123.3333,151.4333,132.6667,1137360,171.2667,156.6667,153.3333,159.0,273090,117315,55740,39150,0
23.18,1.666394832E9,21.2339,,,,,,,,54,54,,,,1.091264455,-0.81498684,-0.217008121,0.567481651,2012,6,14,3,Consumer Services,Real Estate Investment Trusts,male,male,,No,No,,,Unknown,0.0019,-0.0252,0.3042,0.0042,880.0,26.23,26.18,26.29,26.18,1600,25.57,25.57,25.57,25.57,2800,0,0,0,1
23.21,2.369513774E8,19.2834,74.93,15.87,0.2118,0.08,350.0,214085.71,3.16,55,55,9,9,1987,0.0,0.0,0.0,0.0,1996,6,18,1,Finance,Major Banks,male,male,Yes,No,No,Dec,101 - 500,1951 - 2000,0.0,0.0,-0.011,0.0,340.0,22.75,22.75,22.75,22.75,1700,22.75,22.75,22.75,22.75,0,0,0,0,1
23.23,,,,,,,,,,59,,10,10,2003,-0.987758179,0.94954074,1.366352742,1.83396109,2013,6,4,1,Finance,Finance: Consumer Services,male,,,No,,,,2001 - 2010,0.0041,0.0102,0.0024,0.0,80708.6,24.55,24.45,24.6,24.6,114253,24.5,24.6375,24.62,24.8,142117,43063,43815,60295,0
23.305,,,,,,,,,,59,,14,14,2003,1.635248788,2.229975076,2.158268048,1.723965183,2017,10,9,0,Consumer Services,Real Estate Investment Trusts,male,,,No,,,,2001 - 2010,0.006,0.006,-0.012,0.004,265754.6,24.95,24.8,25.0,24.9,64047,24.86,24.9,24.93,25.1,182384,566440,267105,248797,0
23.32,1.874328699E9,21.3515,2360.0,-8.66,-0.0037,,14700.0,160544.22,0.79,48,,15,15,1981,0.0,0.0,0.0,0.0,1996,8,8,3,Consumer Non-Durables,Apparel,male,male,Yes,No,,Jan,>10000,1951 - 2000,0.0,-0.125,-0.0833,0.0139,2554240.0,9.0,9.0,9.125,9.0,7550600,8.125,8.1875,8.0,7.875,3177000,1310600,423400,309600,0
23.39,1.40019557E9,21.0599,1800.0,185.99,0.1033,,3321.0,542005.42,0.78,66,66,1,1,2005,1.352068496,1.823234671,1.934278726,1.902000641,2006,5,10,2,Energy,Coal Mining,male,male,Yes,Yes,Yes,Dec,1001 - 5000,2001 - 2010,0.002,-0.0168,-0.0796,0.014,1388103.0,25.0,24.95,26.25,25.9,5216148,25.05,24.6,24.44,24.58,613133,850618,179285,81331,0
23.5,9.90568005E8,20.7138,235.79,10.62,0.045,0.16,734.0,321239.78,4.2,46,46,3,3,2004,-0.427209886,0.06542949,0.898925723,1.309438786,2007,7,25,2,Technology,EDP Services,male,male,Yes,No,No,Dec,501 - 1000,2001 - 2010,0.0042,-0.0041,-0.0539,0.105,691033.4,12.05,12.0,13.26,12.0,3118722,12.1,12.06,12.1,12.0,201997,18649,74959,40840,1
23.5,4.580223924E10,24.5476,110930.0,3490.0,0.0315,,237150.0,467763.02,0.41,65,,,-1,2014,1.388206563,1.602219129,2.180914754,2.329248176,2013,2,14,3,Capital Goods,Auto Manufacturing,male,male,No,No,No,Dec,>10000,2011 - present,0.0,-0.0187,-0.0254,0.0,333.0,3.8757,3.8757,3.8757,3.8757,181,3.8757,3.8757,3.8757,3.8034,0,0,0,1484,1
23.64,3.756021779E8,19.744,,,,,,,,,48,,,,1.217792562,1.642465542,1.545573783,1.808504692,2009,11,25,2,,,male,male,,,Yes,,,Unknown,0.0,4.0E-4,0.03,4.0E-4,53965.0,25.0,25.0,25.01,25.0,155230,25.0,25.01,25.0,25.01,0,34369,41016,39210,0
23.79,,,3520.0,244.1,0.0693,0.64,1600.0,2200000.0,,50,50,30,30,1987,0.490369191,0.544041678,1.06602152,1.230649262,2017,9,8,4,Finance,Investment Managers,male,male,Yes,No,No,Dec,1001 - 5000,1951 - 2000,8.0E-4,8.0E-4,0.0212,0.004,523735.8,25.02,25.0,25.1,25.0,654375,24.99,24.97,24.9,25.04,600558,219545,216551,927650,0
23.79,8.5394205E8,20.5654,919.2,-24.25,-0.0264,,2208.0,416304.35,0.93,64,59,39,39,1979,1.74842195,0.852121134,1.369880218,1.80714366,2018,3,12,0,Public Utilities,Telecommunications Equipment,male,male,Yes,Yes,Yes,Dec,1001 - 5000,1951 - 2000,0.2364,0.0,0.0629,0.2636,275686.4,22.75,18.4,23.25,18.4,802182,22.55,23.14,22.8,22.75,266190,131752,51616,126692,0
23.81,2.18166949E9,21.5034,2790.0,121.4,0.0435,,115000.0,24260.87,0.78,54,54,0,0,1998,-1.32346014,-1.492793767,-0.777041121,0.576715792,1998,8,13,3,Technology,EDP Services,female,female,Yes,No,No,Dec,>10000,1951 - 2000,0.064,-0.0376,-0.218,0.04,1609420.0,16.625,15.625,17.25,16.625,5835500,15.5,16.563,16.313,16.0,1314900,368600,303600,224500,1
23.82,,,,,,,,,,,,,,,-1.335265934,0.319690742,0.98285332,1.257351653,2016,9,12,0,,,,,,,,,,Unknown,0.0,-0.0041,0.0449,0.0,369.6,14.76,14.76,14.76,14.76,0,14.76,14.76,14.76,14.7,334,0,0,1514,1
23.87,2.291229741E9,21.5524,1640.0,132.54,0.0808,,5500.0,298181.82,1.4,42,42,6,6,1998,1.461792086,1.419289094,1.87384324,1.78174124,2004,2,12,3,Finance,Major Banks,male,male,Yes,No,No,Dec,5001 - 10000,1951 - 2000,0.0,-0.0058,-0.0121,0.0079,2694880.0,19.0,19.0,19.25,19.1,8916800,19.0,19.0,18.5,18.89,1810100,0,2176300,571200,0
23.98,,,,,,,,,,59,,12,12,2003,-0.171472149,0.260893764,0.657173291,1.187440477,2015,4,17,4,Consumer Services,Real Estate Investment Trusts,male,,,No,,,,2001 - 2010,0.0053,-0.0053,-0.0562,0.0037,323620.0,24.75,24.62,24.75,24.66,804700,24.75,24.85,24.5,24.62,128300,462365,68887,153848,0
24.04,1.45062406E9,21.0953,431.94,68.94,0.1596,,3202.0,134896.94,3.36,46,,12,12,1993,-0.360239178,0.29701931,0.89136891,1.10447804,2005,8,31,2,Energy,Industrial Machinery/Components,unknown,,No,No,,Jun,1001 - 5000,1951 - 2000,0.0,0.0,0.0,0.0,13700.0,5.2,5.2,5.2,5.2,50000,5.2,5.2,5.2,5.2,18500,0,0,0,1
24.13,4.623681774E8,19.9519,,,,,,,,41,41,,,,0.763857807,1.638132859,1.797145827,2.175747918,2013,5,24,4,,,unknown,unknown,,No,No,,,Unknown,4.0E-4,0.0,-4.0E-4,0.0036,117488.8,25.01,25.0,25.09,25.0,406123,25.01,25.0535,25.13,25.01,0,34246,100201,46874,0
24.25,1.805587828E8,19.0116,25.91,3.62,0.1397,0.28,61.0,424754.1,6.97,50,50,7,7,2010,-1.331304206,0.766614402,1.143167444,1.473625633,2017,6,27,1,Finance,Commercial Banks,male,male,Yes,Yes,Yes,Dec,0 - 100,2001 - 2010,0.0167,-0.0131,-0.0334,0.0,183702.6,15.25,15.0,15.9,15.9,715342,15.15,14.86,15.0,15.05,70957,90184,31628,10402,1
24.4,5.863756272E8,20.1895,990.51,28.76,0.029,0.06,2311.0,428606.66,0.59,61,61,87,87,1927,1.001225048,1.298116713,1.439835639,1.68019674,2014,3,20,3,Capital Goods,Construction/Ag Equipment/Trucks,male,male,Yes,No,No,Sep,1001 - 5000,1901 - 1950,0.0021,-0.0125,0.0083,0.0,2058.4,9.62,9.6,9.62,9.62,10117,9.5,9.5,9.5,9.5,175,0,0,0,1
24.45,7.856803587E8,20.4821,410.56,126.96,0.3092,0.54,985.0,416812.18,1.91,58,,22,22,1978,1.270624274,1.214347595,1.027770904,1.338709307,2000,7,11,1,Technology,Industrial Machinery/Components,female,,Yes,sameYear,,Dec,501 - 1000,1951 - 2000,0.0079,0.0078,-0.3499,0.1053,1321379.8,95.752,95.0,120.0,110.0,4361075,103.5,102.0,100.752,96.5,1134750,521074,273400,316600,0
24.47,2.9364E8,19.4979,2180.0,107.68,0.0494,0.03,7784.0,280061.66,0.13,58,,110,110,1893,1.539158244,1.776996205,1.939514665,1.614209432,2003,12,2,1,Finance,Major Banks,male,,No,No,,Dec,5001 - 10000,<= 1900,0.0,0.0182,0.0202,0.0,6840.0,24.75,24.75,25.0,25.0,2900,25.0,25.1,25.1,25.2,1800,1900,0,27600,1
24.52,1.036766655E9,20.7594,599.31,-21.8,-0.0364,0.06,2000.0,299655.0,1.73,66,60,22,22,1975,-1.56926769,-0.945716066,0.247168842,0.962261158,1997,10,29,2,Public Utilities,Environmental Services,male,male,Yes,No,No,Dec,1001 - 5000,1951 - 2000,0.0289,0.0112,-0.0843,0.0231,596279.8,22.25,21.625,22.75,22.25,2049599,22.0,22.125,21.625,22.5,423400,174200,103900,230300,1
24.6048,2.952580921E7,17.2008,,,,,,,,,,,,,1.488587221,1.702431441,1.658880818,1.832299404,2014,3,10,0,,,,,,,,,,Unknown,0.0,0.001,0.007,0.0,752.0,19.9799,19.9799,19.9799,19.9799,0,19.9799,19.98,19.9499,20.0,1300,60,100,2300,1
24.61,2.287004839E7,16.9453,31.81,-5.57,-0.1751,0.3,1700.0,18711.76,0.72,,,14,14,2001,1.486549969,1.457716768,0.718670428,0.789060385,2015,11,4,2,Technology,Computer Software: Prepackaged Software,male,unknown,Yes,No,No,Dec,1001 - 5000,2001 - 2010,0.0,8.0E-4,0.1,0.0,986.8,25.0,25.0,25.05,25.05,1350,25.0,25.02,25.02,25.02,884,2600,100,0,1
24.88,1.9790368935E10,23.7085,26400.0,838.0,0.0317,0.29,4850.0,5443298.97,0.75,58,59,0,0,1998,1.401086814,1.782022241,1.061788215,1.293849862,1998,11,18,2,Energy,Natural Gas Distribution,male,male,Yes,sameYear,No,Dec,1001 - 5000,1951 - 2000,0.0,0.0,-0.0688,0.0031,1399640.0,10.0,10.0,10.0315,10.0,5362800,10.0,10.0,10.0,10.0,482800,542400,350800,259400,0
24.99,1.6727013092E10,23.5403,26400.0,-731.0,-0.0277,0.29,4850.0,5443298.97,0.63,58,59,6,6,2007,1.497471119,1.701552239,1.697379895,1.522523616,2013,10,16,2,Energy,Natural Gas Distribution,male,male,Yes,sameYear,No,Dec,1001 - 5000,2001 - 2010,5.0E-4,-0.0223,0.0382,0.0123,5702900.2,58.5853,58.5587,61.3015,60.5825,19780633,58.7184,58.319,58.0527,57.2804,5895694,1166813,944977,726384,1
25.15,1.174767541E9,20.8843,509.56,27.04,0.0531,0.12,487.0,1046324.44,2.31,55,55,2,2,1996,-0.29611968,1.042680053,1.053420837,1.331091173,1998,12,15,1,Finance,Finance: Consumer Services,male,male,Yes,No,No,Dec,101 - 500,1951 - 2000,0.0254,0.7816,2.0688,0.3076,3164304.0,25.0,24.38,32.5,25.0,7049600,33.44,42.27,46.72,44.54,3174080,3151120,1435440,1011280,1
25.19,7.557002519E7,18.1406,,,,,,,,,,,,,1.522566501,0.607697378,0.143607809,-0.438760471,2016,3,7,0,,,,,,,,,,Unknown,0.0,0.0044,0.006,0.0,3050.8,25.07,25.07,25.07,25.07,0,25.07,25.07,25.07,25.1806,0,0,6062,9192,1
25.38,2.652205685E8,19.3961,,,,,,,,55,55,,,,1.15222706,-0.119834572,0.582623529,1.012272755,2010,2,24,2,,,female,female,,No,No,,,Unknown,0.002,5.0E-4,-0.002,0.004,43501.0,20.04,20.0,20.09,20.01,162850,20.04,20.05,20.04,20.05,18315,12590,12700,11050,1
25.38,9.547816918E8,20.677,355000.0,-137.48,-4.0E-4,,251.0,1.41434262948E9,0.0,65,65,7,7,2007,0.433398498,0.404556782,0.98944309,1.437209737,2014,2,12,2,Health Care,Major Pharmaceuticals,male,male,Yes,,,Dec,101 - 500,2001 - 2010,0.0131,0.0238,0.3392,0.0083,374129.0,14.71,14.52,16.12,16.0,1560702,14.65,15.06,15.06,15.06,195089,71603,0,43251,1
25.3998,,,52.31,105.2,2.0111,,,,,52,48,3,3,2010,-0.721094137,-0.090126382,0.752061056,1.3503444,2013,6,28,4,,,male,male,Yes,Yes,Yes,Mar,,2001 - 2010,0.0081,-0.0088,-0.024,0.0081,7161.0,25.0,24.8,25.0,24.8,15300,24.79,24.77,24.78,24.78,17500,2580,425,0,0
25.53,4.641302685E8,19.9557,36.94,2.78,0.0753,0.47,16.0,2308750.0,12.56,58,58,1,1,2014,1.531353802,1.700840661,1.701428078,1.714825554,2015,5,21,3,Consumer Services,Real Estate Investment Trusts,male,male,Yes,Yes,Yes,Dec,0 - 100,2011 - present,0.0395,0.0177,-0.0385,0.0395,330828.2,19.75,19.0,19.75,19.0,1118388,20.05,20.05,20.15,20.1,239707,0,181515,114531,0
25.55,1.269120648E9,20.9616,3410.0,-42.95,-0.0126,,14309.0,238311.55,0.37,54,54,3,3,1993,0.0,0.0,0.0,0.0,1996,10,25,4,Capital Goods,Aerospace,male,male,Yes,No,No,Mar,>10000,1951 - 2000,0.0116,0.0345,0.2299,0.0349,806040.0,10.875,10.75,11.25,10.875,3182800,10.5625,11.0,10.9375,11.25,339800,261400,50200,196000,1
25.55,1.701454216E9,21.2547,1670.0,217.46,0.1302,0.2,2680.0,623134.33,1.02,60,60,11,11,1996,1.424362693,1.57572863,2.294088178,1.886854711,2007,5,23,2,Consumer Non-Durables,Packaged Foods,male,male,Yes,No,No,Dec,1001 - 5000,1951 - 2000,0.0184,0.0339,0.0204,0.0422,1597620.0,13.26,13.02,14.05,13.5,6668800,13.7,13.6,13.6,13.71,885600,239800,0,193900,0
25.58,7.265643438E8,20.4038,,,,,,,,,43,,,,-1.951382281,-0.159379462,0.510088107,1.17864933,1998,7,31,4,,,female,male,,,No,,,Unknown,0.0095,-0.0377,-0.1321,0.019,48180.0,6.625,6.5625,6.6875,6.5625,73900,6.5625,6.5,6.5,6.375,53000,53100,21700,39200,1
25.63,1.026822507E9,20.7497,385.17,38.51,0.1,,354.0,1088050.85,2.67,59,59,7,7,2009,-1.802436519,0.335004837,0.494681021,0.215785968,2016,5,13,4,Technology,Semiconductors,unknown,unknown,Yes,Yes,Yes,Dec,101 - 500,2001 - 2010,0.0672,-0.083,0.2362,0.1014,1136772.8,30.95,29.0,31.94,29.0,4191956,28.12,28.45,28.0,28.38,525422,426467,251224,288795,1
25.7,,,25.07,-31000.0,-1236.5377,0.45,65.0,385692.31,,74,74,19,19,1997,2.043284825,1.539862696,1.704156428,1.886636816,2016,8,15,0,Consumer Services,Real Estate Investment Trusts,male,male,Yes,Yes,Yes,Dec,0 - 100,1951 - 2000,0.0,0.049,0.0563,0.0118,15564.4,24.5,24.5,25.54,25.25,27728,24.5,24.5,24.5,25.7,0,0,0,50094,1
25.92,,,9600.0,-1010.0,-0.1052,0.07,14100.0,680851.06,,50,50,21,21,1995,1.080132544,0.511430527,-0.030343014,-0.585173021,2016,3,10,3,Miscellaneous,Business Services,male,male,Yes,Yes,Yes,Dec,>10000,1951 - 2000,0.0032,8.0E-4,0.0084,0.0052,856902.0,24.88,24.8,24.93,24.8,1138076,24.88,24.89,24.83,24.9,894303,832710,813568,605853,1
25.97,,,126030.0,30100.0,0.2388,,155400.0,811003.86,,,45,14,14,2000,1.14351919,1.085474613,1.235314113,1.599987818,2014,2,26,2,Public Utilities,Telecommunications Equipment,male,male,Yes,,No,Dec,>10000,1951 - 2000,0.0041,0.0031,0.0051,0.0,323129.4,24.8625,24.76,24.89,24.89,161036,24.85,25.0,24.91,24.94,157905,776370,225386,294950,1
26.1,1.89225E8,19.0584,,,,,,,,,,,,,-0.080020634,0.921437322,1.535478917,1.579884318,2007,6,13,2,,,,,,,,,,Unknown,0.0115,0.0385,0.0636,0.0131,146760.0,24.7,24.42,24.75,24.43,101900,25.23,25.535,25.45,25.65,113900,154600,191100,172300,0
26.104,1.996956522E8,19.1123,,,,,,,,,,,,,1.488587221,1.702431441,1.658880818,1.832299404,2014,3,10,0,,,,,,,,,,Unknown,0.0,-0.0084,-0.0362,0.0,220964.8,19.69,19.69,19.69,19.69,0,19.69,19.83,19.52,19.5245,1300,1170,8716,1093638,0
26.5,4.859618045E9,22.3042,18710.0,795.79,0.0425,,18434.0,1014972.33,0.26,61,58,31,31,1969,0.371631341,0.916212215,0.908923029,1.236025557,2000,7,21,4,Capital Goods,Aerospace,male,male,No,No,No,Dec,>10000,1951 - 2000,0.1058,0.0493,0.113,0.0833,2068261.6,18.88,17.074,18.934,17.5116,7371951,19.318,19.919,19.81,19.81,1617564,816947,303913,230933,1
26.6,1.335240998E8,18.7098,46.46,-29000.0,-624.1929,0.08,301.0,154352.16,2.87,77,77,14,14,1984,1.664655262,2.490893851,2.671594201,1.750516546,1998,2,12,3,Finance,Major Banks,male,male,Yes,Yes,Yes,Dec,101 - 500,1951 - 2000,0.04,0.0769,0.351,0.0,2623.6,13.8674,13.334,13.8674,13.8674,3562,14.134,14.134,13.6007,14.9341,2810,0,2248,4498,1
26.6499,2.66499E7,17.0983,94.0,5.94,0.0632,0.1,,,0.28,75,68,3,3,2003,0.060053884,0.752980868,1.28962744,1.764879261,2006,1,26,3,Consumer Services,Real Estate,male,male,Yes,Yes,No,Dec,,2001 - 2010,0.0161,0.0,0.0474,0.002,3280.0,25.3,24.9,25.3,25.25,5000,25.3,25.25,25.25,25.3,5200,4800,800,600,1
26.65,4.026610328E8,19.8136,,,,,,,,57,57,,,,-1.643578041,-1.421122409,-0.931270927,-1.25429741,2001,8,15,2,,,male,male,,No,No,,,Unknown,0.004,-0.0081,-0.0262,0.004,1540.0,24.8,24.7,24.8,24.7,2400,24.7,24.75,24.75,24.6,500,2200,600,2000,0
26.7,2.33003173E9,21.5691,1170.0,33.29,0.0285,0.23,3113.0,375843.24,1.99,63,63,15,15,1984,-1.220487904,-1.111037707,-0.492698698,0.614786316,1999,8,12,3,Technology,EDP Services,male,male,Yes,No,No,Mar,1001 - 5000,1951 - 2000,0.236,-0.0818,1.1182,0.1124,1008300.0,13.75,11.125,15.0,13.75,3495500,13.875,13.063,13.0,12.625,846700,315800,195100,188400,1
26.9019,7.263513E7,18.101,,,,,,,,,,,,,0.706526628,1.454219802,1.641964494,1.865243607,2013,7,29,0,,,,,,,,,,Unknown,0.009,0.0012,-0.0789,0.009,11037.8,25.73,25.5,25.73,25.5,0,25.73,25.73,25.73,25.76,0,0,37550,17639,0
26.97,7.198288685E8,20.3945,2910.0,54.86,0.0189,0.08,2505.0,1161676.65,0.25,58,58,16,16,1982,1.689918285,2.045459878,2.587310027,1.903629951,1998,3,3,1,Consumer Services,Catalog/Specialty Distribution,male,male,Yes,No,No,Dec,1001 - 5000,1951 - 2000,0.0625,-0.0088,0.0,0.0094,1775370.0,14.167,13.3333,14.292,14.167,5778750,14.0,14.083,14.583,14.042,1256100,865050,470100,506850,0
27.38,1.1867104956E10,23.197,9990.0,926.0,0.0927,,7900.0,1264556.96,1.19,45,,95,95,1919,-2.079518084,-0.465655369,0.680038213,1.235127,2014,1,28,1,Finance,Finance: Consumer Services,male,male,Yes,No,No,Dec,5001 - 10000,1901 - 1950,0.0062,-0.0124,0.0062,0.0,153388.0,25.9677,25.8065,25.9677,25.9677,531340,25.9677,25.6452,25.6452,25.6452,0,235600,0,0,0
27.5,4.66562525E8,19.9609,369.59,28.96,0.0784,0.12,9000.0,41065.56,1.26,57,57,30,30,1982,-0.753949541,-0.167439654,-0.565125009,0.615534874,2012,7,24,1,Consumer Services,Restaurants,male,male,Yes,Yes,Yes,Dec,5001 - 10000,1951 - 2000,0.0509,0.172,0.156,0.037,1059891.4,15.06,14.33,15.53,15.0,4343114,15.82,16.71,17.12,17.65,487704,245241,134742,88656,1
27.63,,,,,,,,,,56,56,,,,-1.633484316,-0.734973701,-0.115531498,0.665183259,2015,1,15,3,Consumer Services,Farming/Seeds/Milling,male,male,,No,No,,,Unknown,0.0439,0.004,0.0611,0.024,850975.4,25.2,24.14,25.5,24.92,2556365,25.52,25.52,25.3,25.3,1011961,0,686551,0,1
27.66,7.358415192E9,22.7191,765.7,41.78,0.0546,0.64,,,9.61,52,,1,1,2015,1.988017574,1.590634048,1.205395608,0.910549263,2016,4,20,2,Consumer Services,Real Estate Investment Trusts,male,,Yes,sameYear,,Dec,,2011 - present,0.0041,0.0173,0.04,0.0059,7630344.2,22.01,21.92,22.88,22.75,29592015,21.76,22.0,22.08,22.39,5023625,1945159,713496,877426,1
27.66,1.0989026491E10,23.1202,,,,,,,,52,,27,27,1972,0.355834902,1.178699707,1.544413595,1.979901018,1999,1,13,2,Basic Industries,Major Chemicals,male,,,No,,,,1951 - 2000,0.0278,0.0541,-0.0676,0.0278,404639.8,2.3125,2.25,2.3125,2.25,18000,2.25,2.375,2.375,2.4375,2000,2001399,0,1800,1
27.76,4.521806413E8,19.9296,87.22,25.53,0.2927,0.13,203.0,429655.17,5.18,64,64,6,6,2011,1.52894788,1.991691217,1.934324773,1.747476871,2017,7,26,2,Finance,Major Banks,unknown,unknown,Yes,Yes,Yes,Dec,101 - 500,2011 - present,0.0043,-0.0064,-0.0296,0.0374,550507.4,23.35,23.25,24.19,23.32,2038475,23.01,23.47,23.33,23.2,504363,101729,22080,85890,1
27.82,7.147425376E7,18.0848,,,,,,,,65,52,,,,1.588762151,2.081148717,1.379785074,1.397999202,2016,7,8,4,Health Care,Major Pharmaceuticals,male,male,,No,No,,,Unknown,0.1118,-0.0353,-0.1522,0.0453,17455.8,36.8,33.1,41.5,40.0,60851,31.7,33.6,34.9,35.5,10050,9071,3757,3550,0
27.9,1.09567552E9,20.8146,1800.0,48.14,0.0267,0.28,643.0,2799377.92,0.61,42,42,59,59,1954,1.5391468,2.134142125,2.087646549,2.145675485,2013,1,18,4,Capital Goods,Homebuilding,male,male,Yes,No,No,Dec,501 - 1000,1951 - 2000,0.0444,1.9787,2.7234,0.0444,12884.2,3.8775,3.7125,3.8775,3.7125,34140,3.8775,4.62,7.59,11.55,0,1451,4676,24154,1
28.04,1.907624234E9,21.3691,3490.0,7.09,0.002,,38000.0,91842.11,0.55,53,42,104,104,1892,0.0,0.0,0.0,0.0,1996,9,26,3,Consumer Services,Clothing/Shoe/Accessory Stores,female,male,Yes,No,No,Jan,>10000,<= 1900,0.0883,0.0918,0.0108,0.0058,3805960.0,11.563,10.625,11.625,11.563,13872600,11.5,12.25,12.688,12.625,2223600,1596000,864000,473600,0
28.14,3.986614624E9,22.1062,21100.0,1170.0,0.0555,0.05,43767.0,482098.38,0.19,,,0,0,1996,0.0,0.0,0.0,0.0,1996,5,13,0,Transportation,Railroads,,unknown,No,,,Dec,>10000,1951 - 2000,0.0125,-0.0309,-0.0494,0.0188,1434420.0,20.25,20.0,20.625,20.25,4373000,19.75,19.375,19.5,19.625,1192800,839600,468000,298700,1
28.189,2.101235939E9,21.4658,75.05,-26.37,-0.3514,,18.0,4169444.44,28.0,43,,0,0,2017,1.528670041,2.003072447,2.183278715,2.232511655,2017,12,13,2,Technology,EDP Services,unknown,male,Yes,,,Dec,0 - 100,2011 - present,0.1023,12.205,8.2128,0.0,6101919.8,5.17,4.69,6.94,6.94,297367,5.3892,22.01,72.38,68.27,185386,15480740,8507715,6038391,0
28.26,5.682916892E9,22.4607,2790.0,2620.0,0.9391,0.02,520.0,5365384.62,2.04,54,54,97,97,1919,2.240340486,2.750209713,2.680581069,1.974279767,2016,12,13,1,Consumer Services,Hotels/Resorts,male,male,Yes,sameYear,sameYear,Dec,501 - 1000,1901 - 1950,0.0,0.0,0.0076,0.0,133702.2,29.0,29.0,31.01,31.01,700,31.0,29.99,29.24,29.0,50561,348550,262100,6600,0
28.71,3.269553512E9,21.9079,160.16,111.48,0.6961,1.03,251.0,638087.65,20.41,55,30,0,0,2014,1.477805418,2.149872033,2.310856115,1.879479853,2014,6,18,2,Energy,Oil & Gas Production,male,unknown,Yes,sameYear,No,Dec,101 - 500,2011 - present,0.0435,0.0201,0.0142,0.0913,1771989.2,32.35,31.0,34.33,31.5,7080585,33.34,33.99,34.225,33.0,980100,238501,322905,237855,0
28.83,4.0725433E9,22.1275,8250.0,119.6,0.0145,0.02,8600.0,959302.33,0.49,64,58,91,91,1924,0.851838153,1.178988299,1.229204018,1.410147894,2015,6,18,3,Consumer Durables,Specialty Chemicals,male,male,Yes,No,No,Dec,5001 - 10000,1901 - 1950,0.0561,0.0295,-0.0193,0.069,4374520.4,25.4,24.05,25.76,24.1,18002112,27.25,26.75,27.0,26.15,1802589,672593,865490,529818,0
28.97,2.562396558E9,21.6642,,,,,,,,,,,,,1.355497745,1.813051138,1.653198235,1.844016213,2014,3,5,2,,,,,,,,,,Unknown,0.0,-0.0098,-0.0329,0.0,390916.4,19.864,19.864,19.864,19.864,0,19.864,19.86,19.82,19.67,926428,499397,221986,306771,1
29.02,1.941330626E8,19.0841,61.06,10.43,0.1708,0.13,156.0,391410.26,3.18,50,50,19,19,1996,-0.994081534,-0.263641279,0.387953258,0.991494688,2015,1,16,4,Finance,Major Banks,male,male,Yes,No,No,Dec,101 - 500,1951 - 2000,0.1184,0.0088,0.2298,0.0526,138935.2,17.0,15.2,17.09,16.29,648702,17.0,17.0,17.02,17.15,0,23815,18061,4098,1
29.12,8.214647459E8,20.5266,824.44,45.18,0.0548,0.19,4500.0,183208.89,1.0,50,50,32,32,1965,0.948831927,1.619423536,1.289468176,1.697796376,1997,10,10,4,Capital Goods,Auto Parts:O.E.M.,male,male,Yes,No,No,Dec,1001 - 5000,1951 - 2000,0.0191,-0.0563,-0.1563,,1028680.0,20.0,19.625,20.813,,3962100,20.063,19.563,19.438,18.875,406700,410600,110400,253600,0
29.41,8823058.82,15.9929,,,,,,,,,,,,,-1.376826559,0.258839038,0.503790281,0.241935052,2016,5,18,2,,,,,,,,,,Unknown,0.0,0.0,-3.0E-4,0.0,103.0,29.8701,29.8701,29.8701,29.8701,0,29.8701,29.8701,29.8701,29.8701,0,0,515,0,0
29.55,6.395131599E9,22.5788,3570.0,470.31,0.1317,0.04,50000.0,71400.0,1.79,56,56,14,14,1984,0.484874773,0.083689422,0.872632037,1.499564053,1998,6,17,2,Consumer Non-Durables,Apparel,male,male,No,No,No,Dec,>10000,1951 - 2000,0.0,-0.0354,0.0715,0.0537,2194560.0,0.4375,0.4375,0.461,0.4375,4673600,0.4375,0.4062,0.4142,0.422,4006400,1307200,689600,296000,1
29.56,3.434420737E9,21.9571,1620.0,35.15,0.0217,0.11,13540.0,119645.49,2.12,55,53,40,40,1976,1.128526828,1.294744063,1.07940584,0.823939632,2016,4,27,2,Consumer Services,Hotels/Resorts,male,male,Yes,Yes,Yes,Dec,>10000,1951 - 2000,0.0247,0.0139,0.0556,0.0373,3542780.2,18.7,18.25,19.18,18.5,13630150,18.73,18.64,18.87,18.96,1954726,1301141,403517,424367,1
29.59,2.3672E7,16.9798,,,,,,,,39,39,,,,-0.619289002,0.853670665,1.127652954,1.511871296,2009,12,9,2,,,male,male,,Yes,Yes,,,Unknown,0.0109,0.0148,0.0949,0.0041,16387.6,14.86,14.7,14.88,14.82,20082,14.85,15.02,15.08,15.08,21700,12525,13986,13645,1
29.68,2.146534174E8,19.1845,,,,,,,,56,56,,,,-1.336020771,-1.866759675,-0.747439236,-1.042278617,2003,1,29,2,Consumer Services,Farming/Seeds/Milling,male,male,,No,No,,,Unknown,0.002,0.006,0.0339,0.004,29860.0,25.05,25.0,25.49,25.39,37600,25.15,25.1,25.1,25.2,31200,42500,17700,20300,1
29.7,1.503636839E9,21.1312,3840.0,-56.6,-0.0147,,8500.0,451764.71,0.39,59,59,70,70,1927,1.008879165,1.52405905,1.943704739,1.943704739,1997,5,16,4,Basic Industries,Telecommunications Equipment,male,male,Yes,No,No,Dec,5001 - 10000,1901 - 1950,0.0117,-0.0288,0.1379,0.0,1789260.0,14.5,14.333,14.5,14.5,6693300,14.5,14.417,14.417,14.083,0,636150,1165350,451500,1
29.74,2.406711106E10,23.9041,15050.0,-1900.0,-0.1262,,26700.0,563670.41,1.6,54,54,,-8,2013,-1.193504124,-0.194356049,0.581055428,0.887525251,2005,8,29,0,Consumer Services,Television Services,male,male,No,sameYear,sameYear,Dec,>10000,2011 - present,0.0,0.0123,0.0188,0.0,5360.4,10.1463,10.1463,10.1463,10.1463,2656,10.1463,10.1463,10.1463,10.2706,2656,0,0,21490,0
29.75,4.036435643E9,22.1186,3790.0,183.0,0.0483,0.01,10100.0,375247.52,1.07,55,55,0,0,2013,1.497471119,1.701552239,1.697379895,1.522523616,2013,10,16,2,Finance,Finance: Consumer Services,male,male,Yes,Yes,Yes,Dec,>10000,2011 - present,0.0405,0.0332,0.0384,0.0497,4147143.4,19.26,18.51,20.02,19.1,17412380,20.0,20.2,19.9,19.9,1470718,723528,636909,492182,1
29.96,1.276772993E9,20.9676,188.52,-25.62,-0.1359,0.17,753.0,250358.57,6.77,46,46,9,9,2007,0.10782597,0.295597352,0.997750311,1.251170312,2016,9,23,4,Technology,Computer Software: Prepackaged Software,male,male,Yes,,,Dec,501 - 1000,2001 - 2010,0.0022,-0.0421,-0.1122,0.0533,2066065.0,22.55,22.5,24.6,23.4,6612306,21.5,21.19,23.1,21.6,1208956,560594,1128807,819662,0
30.02,2.656046818E8,19.3975,273.35,12.13,0.0444,0.31,882.0,309920.63,0.97,64,48,42,42,1964,1.730832689,1.678409958,1.980963643,2.790738866,2006,11,21,1,Consumer Services,Military/Government/Technical,male,male,Yes,No,No,Dec,501 - 1000,1951 - 2000,0.1416,-0.0341,-0.0483,0.2032,455409.0,10.56,9.25,11.99,10.11,1731542,10.64,10.64,10.6,10.2,368465,0,90937,86101,1
30.05,1.412649478E9,21.0687,35.71,-48.93,-1.3702,,114.0,313245.61,39.56,46,46,16,16,1997,0.489868529,1.278378123,1.750470123,1.756177118,2013,12,3,1,Health Care,Major Pharmaceuticals,male,male,Yes,No,No,Dec,101 - 500,1951 - 2000,0.4504,-0.0168,0.0959,0.4383,456605.0,8.34,5.75,8.47,5.95,1863464,7.85,7.55,7.76,8.2,231809,85913,56250,45589,1
30.1,8.435413329E8,20.5531,1940.0,12.62,0.0065,0.13,2453.0,790868.32,0.43,56,55,4,4,2005,-0.864258132,0.520970999,1.154192777,1.42616547,2009,10,2,4,Transportation,Oil Refining/Marketing,male,male,Yes,No,No,Dec,1001 - 5000,2001 - 2010,0.0774,-0.0768,-0.0718,0.0835,1412760.4,14.06,13.05,14.34,13.25,5320028,14.0,14.0,13.51,12.98,685133,413583,227878,417180,0
30.72,9.758703729E9,23.0014,10360.0,-1360.0,-0.1313,,5940.0,1744107.74,0.94,46,46,14,14,1989,1.539158244,1.776996205,1.939514665,1.614209432,2003,12,2,1,Public Utilities,Electric Utilities: Central,male,male,Yes,No,No,Dec,5001 - 10000,1951 - 2000,0.0132,0.1325,0.1377,,294800.0,9.625,9.5,9.625,,170000,9.75,10.125,10.125,10.9,300000,50000,0,954000,1
30.84,2.4957286654E10,23.9404,15050.0,-1900.0,-0.1262,,26700.0,563670.41,1.66,54,54,,-9,2013,1.43292735,0.277779654,0.205640239,0.984173976,2004,6,2,2,Consumer Services,Television Services,male,male,No,No,No,Dec,>10000,2011 - present,0.1378,-0.0349,-0.0339,0.0104,9276925.6,8.2388,7.2411,8.3139,8.2388,9409907,8.3997,8.2603,8.2603,7.9513,5853692,3908986,5229727,21982316,1
30.86,3209440.0,14.9816,,,,,,,,,,,,,0.078351539,0.21976051,0.270577719,-0.084051546,2015,12,28,0,,,,,,,,,,Unknown,0.0,-0.0158,-0.0859,0.0,1647.8,25.38,25.38,25.38,25.38,0,25.38,25.23,24.98,24.98,655,1984,5600,0,1
30.87,7.483087976E9,22.7359,8360.0,478.0,0.0572,,10000.0,836000.0,0.9,54,54,1,1,2004,1.647386541,1.248424644,1.289658946,1.882174954,2005,2,11,4,Basic Industries,Major Chemicals,male,male,Yes,Yes,Yes,Dec,5001 - 10000,2001 - 2010,0.012,0.0551,0.1237,0.0145,8680360.0,24.5,24.21,24.85,24.5,26398600,24.5,25.6,25.97,25.85,4827700,5793100,4271000,2111400,0
30.95,1.855730152E9,21.3415,670.63,-84.85,-0.1265,,3077.0,217949.3,2.77,55,55,6,6,1995,-1.608998455,-0.852716051,-1.131058919,-1.608469878,2001,2,9,4,Energy,Metal Fabrications,female,female,Yes,No,No,Dec,1001 - 5000,1951 - 2000,0.0167,-0.0022,0.365,0.0533,2761161.4,5.2274,5.1417,5.4273,5.1531,10495265,5.1417,5.3416,5.3702,5.2159,2157201,576058,219325,357958,0
31.05,5.603416205E9,22.4466,3380.0,-5.19,-0.0015,0.06,,,1.66,,,,-3,2011,-1.504532645,-2.328596582,-2.966748259,-3.685119648,2008,10,27,0,Public Utilities,Electric Utilities: Central,male,male,No,No,,Dec,,2011 - present,0.0041,0.165,0.1233,5.0E-4,7700.0,12.4663,12.415,12.6708,12.664,7700,12.267,13.637,13.9949,14.523,20400,5600,1100,3700,1
31.1,5.121384414E8,20.0541,1400.0,21.15,0.0151,0.23,5275.0,265402.84,0.37,53,53,13,13,1995,1.114744568,-0.45999335,-0.881141522,-1.276944264,2008,8,12,1,Basic Industries,Water Supply,male,male,Yes,No,No,Dec,5001 - 10000,1951 - 2000,0.0156,0.0,-0.0326,0.0625,458852.8,16.25,16.0,17.0,16.0,513499,16.6,16.45,16.35,16.25,245000,811145,533469,191151,0
31.1,1.057817144E9,20.7795,183.29,41.5,0.2264,0.08,735.0,249374.15,5.77,63,63,1,1,1997,-2.016582744,-1.064327616,-0.727285214,0.663479553,1998,1,9,4,Finance,Banks,male,male,Yes,No,No,Dec,501 - 1000,1951 - 2000,0.0094,-0.0187,0.028,0.0472,542912.0,12.738,12.619,13.3333,12.738,1644299,12.381,12.441,12.5,12.5,497174,281504,266174,25409,1
31.39,3.429318168E9,21.9556,538.88,125.87,0.2336,0.82,217.0,2483317.97,6.36,64,56,9,9,2003,1.400516525,1.618717194,1.90195533,0.884344211,2012,2,2,3,Energy,Oil & Gas Production,male,male,Yes,No,No,Dec,101 - 500,2001 - 2010,0.0217,0.0136,0.0179,0.013,1184443.6,11.75,11.5,11.9,11.75,4574636,12.0,11.94,12.0,11.91,742299,251349,209225,144709,0
31.74,3.174003174E7,17.2731,,,,,,,,,,,,,1.778692057,2.260880678,1.445295107,1.487532576,2016,7,11,0,,,,,,,,,,Unknown,0.0,0.0,-4.0E-4,0.0,1936.8,25.55,25.55,25.55,25.55,0,25.55,25.55,25.55,25.55,0,0,0,9684,1
31.75,5.973313238E8,20.208,640.06,-48.64,-0.076,0.07,1635.0,391474.01,0.93,57,57,0,0,1999,1.448522311,1.970663398,1.884323065,2.09285858,1999,4,27,1,Technology,Diversified Commercial Services,male,male,Yes,No,No,Dec,1001 - 5000,1951 - 2000,0.0321,-0.0089,0.0044,0.0137,978820.0,14.063,13.625,14.25,14.063,3623100,14.0,13.75,13.938,13.938,815400,158700,131800,165100,1
31.78,2.483099791E8,19.3302,75.83,13.65,0.18,0.19,141.0,537801.42,3.27,54,54,,-3,2007,-0.883959632,0.433293064,0.030477401,0.191557661,2004,10,13,2,Finance,Major Banks,male,male,Yes,No,No,Dec,101 - 500,2001 - 2010,0.0299,0.0,0.0,0.0299,600.0,15.5,15.05,15.5,15.05,3000,15.5,15.5,15.5,15.5,0,0,0,0,1
31.8,1.45887305E9,21.1009,1500.0,7.26,0.0048,0.15,56000.0,26785.71,0.97,57,59,14,14,1982,0.0,0.0,0.0,0.0,1996,8,1,3,Technology,Professional Services,male,female,Yes,No,No,Dec,>10000,1951 - 2000,0.0887,0.1407,0.6,0.0726,890160.0,16.875,15.5,18.0,16.875,3440500,18.5,19.5,19.0,19.25,356400,336100,227300,90500,1
31.8436,4.139668E7,17.5387,,,,,,,,,51,,,,-0.436278717,0.795456046,0.98494666,-0.381314706,2009,6,16,1,,,male,male,,,No,,,Unknown,,-0.0248,-0.0125,,2524.2,24.517,,,,0,24.517,24.517,24.5166,23.91,0,0,8200,4421,0
32.26,1.451703226E7,16.4908,,,,,,,,,,,,,1.616939375,1.431312274,0.746365438,0.227463588,2016,3,21,0,,,,,,,,,,Unknown,0.0,-0.0056,0.0056,0.0,41140.0,24.9399,24.9399,24.9399,24.9399,0,24.9399,24.8,24.8,24.8,202000,3700,0,0,1
32.34,2.4143807E9,21.6047,1380.0,45.82,0.0332,0.15,10902.0,126582.28,1.75,57,53,27,27,1990,0.706917059,1.511035441,1.961308678,1.708454036,2017,10,26,3,Health Care,Ophthalmic Goods,male,male,Yes,,Yes,Dec,>10000,1951 - 2000,0.0235,0.0913,0.0773,0.0129,2184326.8,27.83,27.19,29.1,28.75,6989086,28.15,28.04,28.8,30.37,954421,760546,436244,1781337,0
32.47,5.386562724E9,22.4072,140810.0,12040.0,0.0855,,22671.0,6211018.48,0.04,57,56,17,17,1984,0.64285371,-1.040952086,-1.658646559,-2.151617256,2001,4,11,2,Health Care,Major Pharmaceuticals,unknown,unknown,No,No,No,Mar,>10000,1951 - 2000,0.006,0.0931,0.2129,0.0129,518080.0,5.05,5.02,5.125,5.06,1740700,5.11,5.11,5.25,5.52,322000,0,182300,345400,1
32.57,1.6394378398E10,23.5202,5410.0,891.0,0.1647,0.27,1539.0,3515269.66,3.03,54,54,56,56,1954,1.903106733,1.791777541,2.303709622,1.64153728,2010,4,5,0,Energy,Oil & Gas Production,male,male,No,No,No,Dec,1001 - 5000,1951 - 2000,0.1017,-0.0068,0.037,0.1045,29997.2,17.57,15.9478,17.6148,15.9478,29102,17.5742,17.588,17.4295,17.45,31098,30199,40157,19430,1
32.65,8.002685596E9,22.803,4380.0,36.7,0.0084,0.07,13300.0,329323.31,1.83,59,49,148,148,1866,1.17030813,1.488294105,1.936973473,1.920758525,2014,11,12,2,Basic Industries,Paints/Coatings,male,male,Yes,Yes,Yes,Dec,>10000,<= 1900,0.0318,0.0545,0.1904,0.0,6258429.6,20.75,20.11,20.94,20.94,24860672,21.5,21.98,22.33,21.88,2275972,2089175,1628409,437920,1
32.76,,,,,,,,,,,,,,,1.63954474,1.917030937,1.42041684,1.235048574,2016,6,8,2,,,,,,,,,,Unknown,0.0,-0.0422,-0.0134,0.0,5666.6,25.36,25.36,25.36,25.36,0,25.36,24.98,24.6,24.29,4764,6476,10093,7000,0
32.7814,,,,,,,,,,,,,,,0.078351539,0.21976051,0.270577719,-0.084051546,2015,12,28,0,,,,,,,,,,Unknown,0.0,-0.0154,-0.111,0.0,1723.0,25.31,25.31,25.31,25.31,0,25.31,24.93,24.92,24.92,1815,1700,5100,0,1
32.88,3.3304703957E10,24.229,,,,,,,,67,61,,-9,2006,-0.114311865,1.108126028,1.56145687,1.869046448,1997,8,11,0,Basic Industries,Steel/Iron Ore,female,male,,No,No,,,2001 - 2010,0.0131,-0.0259,-0.0173,0.0131,289338.4,66.0594,65.2033,66.0594,65.2033,334415,66.4862,66.2009,65.3448,64.3473,438016,355924,116348,201989,0
33.25,2.109777737E9,21.4698,480.51,46.66,0.0971,0.13,935.0,513914.44,4.39,52,52,14,14,1996,1.747271254,1.775866908,2.074883303,1.458658843,2010,3,16,1,Finance,Investment Managers,male,male,Yes,No,No,Dec,501 - 1000,1951 - 2000,0.1577,0.0754,-0.0017,0.1617,2450497.8,17.25,14.9,17.36,14.95,9985136,16.69,17.05,17.6,18.55,915492,622301,513816,215744,1
33.35,6.051247445E7,17.9184,15.77,2.44,0.1547,0.0,83.0,190000.0,3.84,64,64,2,2,2002,0.678342064,-0.688293852,-0.958889413,0.039283622,2004,8,23,0,Finance,Savings Institutions,male,male,Yes,Yes,Yes,Dec,0 - 100,2001 - 2010,0.0,0.0,0.0433,0.0,200.0,15.25,15.25,15.26,15.26,1000,15.25,15.25,15.25,15.25,0,0,0,0,1
33.5,7.60831565E7,18.1473,31.58,4.28,0.1355,0.17,137.0,230510.95,2.41,48,48,9,9,1989,1.637514187,1.501211094,1.773371328,2.130678458,1998,12,28,0,Finance,Major Banks,male,male,Yes,No,No,Dec,101 - 500,1951 - 2000,0.0119,0.0,-0.0353,0.0,340.0,21.25,21.0,21.25,21.25,800,21.25,21.25,21.25,21.25,0,500,400,0,0
33.61,1.394815E8,18.7534,,,,,,,,,,,,,0.326590271,1.283042258,0.103804598,-0.245572365,2011,11,14,0,,,,,,,,,,Unknown,,-0.0329,-0.1007,,13002.6,14.89,,,,0,14.89,14.6,14.3301,14.4,21412,31258,8778,3565,0
33.63,1.1051981766E10,23.1259,1610.0,150.45,0.0934,0.42,7445.0,216252.52,6.86,53,,11,11,2000,-2.055058999,-0.321181365,0.461418351,1.081759705,2011,5,24,1,Technology,"Computer Software: Programming, Data Processing",male,male,No,Yes,,Dec,5001 - 10000,1951 - 2000,0.2714,-0.113,-0.1985,0.2295,1.7674823E7,38.84,30.55,42.01,35.0,70186723,35.0,34.77,34.45,34.45,11761629,4419234,2006529,0,0
33.73,4.131928373E7,17.5368,,,,,,,,,,,,,-0.368983447,-1.411374882,-2.160004129,-1.813469653,2015,9,23,2,,,,,,,,,,Unknown,0.0,-0.0158,0.0538,0.0,1328.6,24.72,24.72,24.77,24.77,0,24.72,25.0,24.32,24.33,1500,243,3900,1000,1
33.76,2.6801401089E10,24.0117,3790.0,794.0,0.2095,0.42,4300.0,881395.35,7.07,63,57,0,0,2012,-1.705077057,-0.513111317,0.571111066,0.91895144,2012,10,26,4,Energy,Natural Gas Distribution,male,male,Yes,sameYear,No,Dec,1001 - 5000,2011 - present,0.073,-0.0187,-0.0085,0.086,3090020.4,27.2,25.35,27.68,25.5,14401301,27.2,27.2,27.25,26.69,0,0,705112,343689,1
33.85,1.316795059E9,20.9985,,,,,,,,52,,4,4,1996,1.922369081,1.610742949,1.278062847,1.520011163,2000,7,12,2,Technology,EDP Services,male,,,No,,,,1951 - 2000,0.0297,-0.2404,-0.5625,0.0595,1168319.8,13.0,12.625,13.781,13.03,2562800,13.125,13.063,12.063,9.875,629300,419900,503399,1726200,0
33.9087,1261403.64,14.0477,,,,,,,,62,,,,,0.577668504,-0.008275634,0.223256638,0.906499679,2011,7,11,0,Finance,Commercial Banks,male,male,,No,No,,,Unknown,,-0.0058,-0.0855,,80.0,49.97,,,,0,49.97,49.97,49.9,49.68,200,0,100,100,0
33.99,2.181875543E8,19.2009,269.91,62.16,0.2303,0.32,155.0,1741354.84,0.81,67,38,11,11,1985,0.0,0.0,0.0,0.0,1996,9,18,2,Consumer Durables,Industrial Specialties,male,male,Yes,No,No,Dec,101 - 500,1951 - 2000,0.0615,0.087,0.2754,0.0769,293180.0,8.625,8.125,9.25,8.625,890800,8.5,9.0,9.5,9.375,188000,182600,53300,151200,1
34.28,1.902006466E9,21.3662,130.32,52.74,0.4047,0.22,22.0,5923636.36,14.59,57,49,1,1,2009,-1.184396129,-1.869075912,-0.254327576,0.771185972,2010,2,10,2,Finance,Real Estate,unknown,male,Yes,sameYear,No,Dec,0 - 100,2001 - 2010,0.0065,0.0123,0.0193,0.0108,1027102.0,18.65,18.53,18.95,18.75,4515261,18.89,18.85,18.85,18.88,185090,78837,0,356322,0
34.3,1.686763657E9,21.2461,21.34,-94.53,-4.4297,,159.0,134213.84,79.04,48,,3,3,1997,-2.338347117,-0.915938862,-0.404628002,0.270112572,2000,7,28,4,Health Care,Major Pharmaceuticals,male,,Yes,No,,Dec,101 - 500,1951 - 2000,0.1905,-0.055,0.18,0.0952,165340.0,250.0,210.0,260.0,240.0,669900,237.5,238.75,240.0,236.25,61950,42390,20260,32200,1
34.5,1.7342029923E10,23.5764,6900.0,-225.0,-0.0326,0.06,7000.0,985714.29,2.51,57,57,,-3,2008,1.184583042,1.553937691,1.773188515,1.468323594,2005,7,21,3,Consumer Services,Television Services,male,male,Yes,No,No,Dec,5001 - 10000,2001 - 2010,0.0167,0.0649,0.0557,0.0167,7814.0,7.1165,6.9998,7.1165,6.9998,8271,7.4665,7.2332,7.5878,7.5785,9043,14818,5674,1264,0
34.63,4.244978856E10,24.4716,16650.0,2400.0,0.1441,0.58,9973.0,1669507.67,2.55,,59,27,27,1973,-1.792927358,-0.571539406,-0.18521307,0.430958882,2000,7,31,0,Energy,Oil & Gas Production,female,male,No,,No,Dec,5001 - 10000,1951 - 2000,0.0,0.0538,0.1929,0.0,69760.0,3.4845,3.4845,3.5625,3.5625,104000,3.5,3.6565,3.6645,3.672,62400,46400,74400,61600,1
34.82,1.6883710255E10,23.5496,2810.0,240.0,0.0854,0.11,2100.0,1338095.24,6.01,,52,0,0,2007,-0.724947755,0.412817457,1.077364768,1.364417616,2007,6,27,2,Public Utilities,Natural Gas Distribution,female,male,Yes,,No,Dec,1001 - 5000,2001 - 2010,0.0811,-0.0017,0.0506,0.1,2578720.0,28.65,26.5,29.15,26.5,10343900,28.48,28.42,28.3,28.6,1069100,1241500,170100,69000,0
35.3,1.329267884E9,21.0079,475.63,43.13,0.0907,0.18,1800.0,264238.89,2.79,65,60,6,6,2007,0.744464835,1.401295707,1.624077536,1.841611107,2013,8,8,3,Consumer Non-Durables,Motor Vehicles,male,male,Yes,sameYear,No,Dec,1001 - 5000,2001 - 2010,0.0502,-0.0701,-0.05,0.083,1524436.4,18.61,17.72,19.47,18.0,6366655,18.5,18.08,17.53,17.306,321300,248601,300364,385262,0
35.42,7.264525468E8,20.4037,281.94,28.36,0.1006,0.12,586.0,481126.28,2.58,56,52,1,1,2013,-1.734246429,-0.8804951,0.501102651,1.113381501,2014,1,31,4,Capital Goods,Marine Transportation,male,male,Yes,,No,Jun,501 - 1000,2011 - present,0.0626,-0.0338,0.0383,0.0425,1195503.2,17.75,16.705,18.01,17.3,5158723,18.1,17.64,17.25,17.15,240061,175342,165644,237746,1
35.85,8.115296027E8,20.5144,1590.0,41.2,0.0259,,20800.0,76442.31,0.51,61,61,6,6,1998,1.138070196,-0.004545397,0.118417922,0.946231104,2004,5,27,3,Consumer Services,Rental/Leasing Companies,unknown,unknown,Yes,No,No,Dec,>10000,1951 - 2000,0.087,0.0472,-0.04,0.0974,893353.6,6.25,5.75,6.57,6.01,3920776,6.275,6.275,6.235,6.545,210886,0,226002,109104,1
35.98,6.100986983E9,22.5317,780.12,93.82,0.1203,0.12,600.0,1300200.0,7.82,55,55,1,1,2005,1.61955821,1.952394202,2.313784638,2.775416471,2006,10,24,1,Consumer Services,Real Estate Investment Trusts,male,male,Yes,,,Dec,501 - 1000,2001 - 2010,0.0064,0.0101,0.0943,0.0106,6353980.0,23.65,23.5,24.0,23.75,22282400,23.83,24.0,23.93,23.89,4309600,2403900,1672200,1101800,1
36.12,2.013271369E8,19.1204,57.61,7.21,0.1252,0.12,165.0,349151.52,3.49,57,57,13,13,1989,1.04055635,1.144024094,0.543812001,-0.353113676,2002,1,8,1,Finance,Major Banks,male,male,Yes,No,No,Dec,101 - 500,1951 - 2000,0.0067,0.0037,0.0037,0.0,3037.2,10.738,10.6667,10.738,10.738,6750,10.738,10.738,10.778,10.778,5062,0,1687,1687,1
36.285,8.78278425E8,20.5935,,,,,,,,,,,,,1.313798429,1.902055978,1.299577178,1.328690677,2012,8,13,0,,,,,,,,,,Unknown,,0.0186,0.002,,43279.6,19.93,,,,0,19.93,20.02,20.27,20.3,300,31365,44600,140133,0
36.34,5.784205857E9,22.4784,18200.0,339.39,0.0186,0.05,87000.0,209195.4,0.32,54,53,17,17,1990,0.444997127,1.288928016,1.925350612,1.6645612,2007,5,10,3,Consumer Services,Military/Government/Technical,male,unknown,Yes,No,No,Sep,>10000,1951 - 2000,0.0,0.0872,0.0791,0.0114,6420960.0,21.1,21.1,21.99,21.75,20005800,21.85,22.3,21.0,22.94,3692300,1652800,1528200,5225700,1
36.5,5.742816925E8,20.1686,8360.0,-13.3,-0.0016,0.01,8900.0,939325.84,0.07,57,53,0,0,2014,1.477805418,2.149872033,2.310856115,1.879479853,2014,6,18,2,Consumer Services,Paper,female,male,Yes,sameYear,sameYear,Dec,5001 - 10000,2011 - present,0.463,-0.0759,-0.0258,0.8889,84595.0,39.5,27.0,51.0,27.0,168302,36.57,35.76,36.1,36.5,55074,118576,21620,59403,1
36.85,2.1751391093E10,23.8029,,,,,,,,64,,1,1,2001,-0.340417798,0.745208538,0.195040565,-0.832312018,2002,12,16,0,Basic Industries,Steel/Iron Ore,male,,,No,,,,2001 - 2010,0.0793,0.0486,0.2401,0.0976,1050700.0,3.54,3.28,3.6,3.28,556500,3.5,3.508,3.612,3.712,1523000,413500,1211500,1549000,1
36.9,5.234163525E9,22.3785,1340.0,85.07,0.0635,0.14,3900.0,343589.74,3.91,51,51,,-5,2005,1.270624274,1.214347595,1.027770904,1.338709307,2000,7,11,1,Consumer Non-Durables,Plastic Products,male,male,Yes,No,No,Dec,1001 - 5000,2001 - 2010,0.0915,0.1676,-0.2458,0.0732,4063700.0,11.1875,10.25,11.625,10.875,12872600,12.188,14.188,13.25,13.063,2816700,2679400,1428100,521700,0
37.14,4.428751129E8,19.9088,90.28,32.6,0.3611,0.0,,,4.91,56,56,2,2,2005,2.174409431,2.088689119,1.548759689,2.068898514,2007,2,2,4,Consumer Services,Real Estate Investment Trusts,male,male,Yes,No,No,Dec,,2001 - 2010,0.0608,0.0,-0.0287,0.0283,162152.0,75.0,70.7,77.0,75.0,693420,74.3,74.55,75.15,75.0,57640,35240,14620,9840,1
37.15,4.1114781E9,22.137,21790.0,414.47,0.019,0.37,3165.0,6884676.15,0.19,65,43,4,4,2008,0.884812921,-0.111875292,0.489115808,0.913286724,2012,12,13,3,Energy,Integrated oil Companies,male,male,Yes,No,No,Dec,1001 - 5000,2001 - 2010,0.0143,0.0514,0.0499,0.0066,4159819.8,26.25,25.88,28.17,28.0,17927278,26.25,28.04,27.87,27.6,0,817858,925184,1128779,1
37.62,1.881378457E8,19.0527,43.88,4.63,0.1055,0.42,32.0,1371250.0,4.29,46,46,27,27,1970,1.609698121,1.818381989,2.4699927,2.538866085,1997,6,18,2,Finance,Real Estate,male,male,Yes,No,No,Nov,0 - 100,1951 - 2000,0.0667,0.0078,0.0,0.0,36780.0,16.0,15.0,16.0,16.0,54400,16.5,16.25,16.125,16.125,102500,2200,24800,0,1
37.96,4.259167042E8,19.8698,1110.0,59.5,0.0536,,6700.0,165671.64,0.38,57,57,0,0,2014,0.505774119,1.161602155,1.37542362,1.596407244,2014,9,16,1,Consumer Services,Diversified Commercial Services,male,male,Yes,No,No,Dec,5001 - 10000,2011 - present,0.0426,0.0882,-0.0501,0.0203,45652.6,21.54,20.66,22.39,21.97,22228,22.0,23.1,23.0,23.44,29260,48441,27136,101198,1
38.21,3.52785907E9,21.984,1480.0,-1240.0,-0.8378,0.15,830.0,1783132.53,2.38,47,47,23,23,1980,-1.290724084,0.18836477,0.900895771,1.254605796,2003,11,20,3,Energy,Oil & Gas Production,male,male,Yes,No,No,Dec,501 - 1000,1951 - 2000,0.0012,0.008,0.0916,0.0277,905320.0,32.54,32.5,33.7,32.8,3690450,32.6,33.0,32.54,32.8,446050,208250,86200,95650,1
38.35,1.739570151E9,21.2769,484.84,55.25,0.114,0.4,1992.0,243393.57,3.59,56,56,0,0,2000,-0.049006389,0.19476105,0.487795088,0.981863639,2000,6,28,2,Finance,Banks,male,male,Yes,No,No,Dec,1001 - 5000,1951 - 2000,0.0,0.0253,0.0305,0.0,591920.0,12.313,12.313,12.5,12.5,2326700,12.25,12.75,12.625,12.625,372500,213100,47300,0,1
38.49,8.012418113E9,22.8043,10340.0,-97.65,-0.0094,0.24,8800.0,1175000.0,0.77,52,52,0,0,2005,1.402795731,1.701037344,2.220981642,2.506739056,2005,12,14,2,Consumer Services,Services-Misc. Amusement & Recreation,male,male,Yes,sameYear,sameYear,Dec,5001 - 10000,2001 - 2010,0.0,-0.0045,0.2959,0.0,438200.0,11.05,11.05,11.5,11.5,246300,10.55,10.75,10.8,11.0,373000,179000,781300,611400,1
39.01,8.13428601E8,20.5168,277.55,45.63,0.1644,0.2,997.0,278385.16,2.93,57,65,24,24,1974,0.485444233,1.492153545,1.442908239,1.78615783,1998,7,22,2,Finance,Major Banks,male,unknown,Yes,No,No,Dec,501 - 1000,1951 - 2000,0.1321,0.0958,0.0208,0.0189,418838.6,12.3405,10.9008,12.5461,12.3405,1380328,12.4433,12.7005,13.4203,13.5231,283334,195088,164336,71107,0
39.17,5.4858539299E10,24.728,145590.0,348.0,0.0024,,180000.0,808833.33,0.38,56,45,102,102,1908,0.138474047,1.034171128,1.622688044,1.566152272,2010,11,18,3,Capital Goods,Auto Manufacturing,female,male,Yes,No,No,Dec,>10000,1901 - 1950,0.0089,-0.0208,-0.017,0.0292,1.319943164E8,34.19,33.89,35.99,35.0,458097672,34.26,34.08,33.25,33.48,107863195,36657284,31205498,26147933,0
39.28,4.587100567E9,22.2465,2990.0,262.83,0.0879,0.03,18700.0,159893.05,1.53,63,57,23,23,1984,1.535380508,1.782569832,2.277230403,1.750906352,2007,4,24,1,Consumer Services,Movies/Entertainment,male,male,Yes,No,sameYear,Dec,>10000,1951 - 2000,0.066,-5.0E-4,0.0333,0.0169,5123310.0,18.91,17.74,19.3,19.0,18877950,19.08,19.51,19.0,18.9,3461900,1153800,711700,1411200,0
39.48,3.045871182E9,21.8371,800.96,32.64,0.0408,0.1,850.0,942305.88,3.8,72,52,19,19,1980,-1.293477881,-1.960062597,-2.076123407,-0.201610843,1999,10,19,1,Consumer Services,Movies/Entertainment,male,male,Yes,,No,Dec,501 - 1000,1951 - 2000,0.0466,-0.0545,-0.1089,,6445580.0,25.25,24.125,34.0,,22356000,23.938,21.5,24.0,23.875,5330900,2329900,1627400,583700,0
39.92,2.351135865E9,21.5782,511.31,144.79,0.2832,0.11,1689.0,302729.43,4.6,60,60,0,0,2014,-2.265693073,-3.08659031,-1.845176749,-0.226442112,2014,10,15,2,Finance,Major Banks,male,male,Yes,No,No,Sep,1001 - 5000,2011 - present,0.0345,0.0467,0.1556,0.0253,1611968.4,18.0,17.4,18.44,18.0,6984912,18.0,18.43,18.44,18.84,350602,242489,123104,358735,1
39.92,4.238011072E9,22.1674,1370.0,591.02,0.4314,0.17,1763.0,777084.52,3.09,46,46,2,2,2009,-0.28333157,1.010571512,1.362044224,1.845874169,2011,1,28,4,Finance,Savings Institutions,male,male,Yes,No,No,Dec,1001 - 5000,2001 - 2010,0.0143,0.0,0.0148,0.0,6332307.4,28.4,28.0,29.5,29.5,25965359,28.0,28.35,28.37,28.4,2617850,1303070,910530,864728,0
39.93,3.6826419348E10,24.3295,53610.0,17.29,3.0E-4,0.37,,,0.69,44,,16,16,1998,1.421893427,1.49758513,1.502746262,1.460067213,2014,5,22,3,Consumer Services,Other Specialty Stores,unknown,,No,,,Dec,,1951 - 2000,0.0326,0.1856,0.2359,0.0519,2.7492192E7,20.9,20.24,22.8,21.75,84449677,20.1,20.1,22.97,24.78,20890284,0,15338016,16782983,1
39.95,2.265450802E9,21.541,520.43,106.52,0.2047,0.22,2207.0,235808.79,4.35,58,58,42,42,1968,1.2363611,1.638971679,2.027839837,1.500696988,2010,3,24,2,Finance,Major Banks,male,male,Yes,No,No,Dec,1001 - 5000,1951 - 2000,0.0195,0.0408,0.0261,0.0286,1464184.8,15.7,15.4,16.42,15.98,5214029,16.06,16.5499,16.69,16.34,1166561,563504,231939,144891,0
40.1,2.650500567E9,21.698,565.54,157.44,0.2784,0.03,3273.0,172789.49,4.69,74,59,17,17,1979,0.0,0.0,0.0,0.0,1996,2,26,0,Finance,Major Banks,male,female,Yes,No,No,Dec,1001 - 5000,1951 - 2000,0.0,0.0375,0.0249,0.0,614.6,3.9045,3.9045,3.9045,3.9045,0,4.0018,4.0018,4.0509,4.0509,3073,0,0,0,1
40.3,1.363832681E9,21.0336,785.56,62.64,0.0797,0.21,12766.0,61535.33,1.74,46,46,13,13,2000,-0.972951859,-0.134815168,0.726449545,1.335609987,2013,6,26,2,Technology,EDP Services,male,male,No,,,Mar,>10000,1951 - 2000,0.0987,0.0054,0.0368,0.1698,1007989.0,20.38,18.55,21.7,18.55,4451389,20.71,19.89,20.16,20.49,348594,147122,47082,45758,1
40.33,1.3556971121E10,23.3302,,,,,,,,57,57,,,,2.132466697,1.601460347,1.125669556,0.809090334,2016,4,18,0,Consumer Services,Broadcasting,male,male,,,,,,Unknown,0.071,0.0833,0.0366,0.2108,2946440.6,30.03,28.04,33.95,28.04,6858271,32.07,31.9,32.48,32.53,4683695,1204026,1217578,768633,1
40.3445,1.4201264E7,16.4688,,,,,,,,,,,,,0.824104954,-0.622290122,-0.884909659,-1.537870033,2016,2,23,1,,,,,,,,,,Unknown,0.0,0.0111,0.0574,0.0,942.6,25.26,25.26,25.26,25.26,0,25.26,25.26,25.4701,25.5392,0,2987,1601,125,1
40.54,5.880842507E9,22.495,5800.0,250.23,0.0431,0.07,23300.0,248927.04,1.01,49,49,96,96,1914,-0.905552198,0.695654975,1.283420514,1.181941697,2010,11,17,2,Consumer Services,Professional Services,male,male,Yes,No,No,Mar,>10000,1901 - 1950,0.1218,0.0213,-0.0286,0.1346,1750798.0,19.25,17.16,19.57,17.26,7376101,19.5,19.43,19.73,19.66,705774,320102,200035,151978,1
40.69,5.944570557E8,20.2032,118.25,20.65,0.1746,0.62,526.0,224809.89,5.03,51,51,13,13,2002,0.371041816,1.060618949,0.334190326,0.271567913,2015,11,11,2,Finance,Major Banks,male,male,Yes,,,Dec,501 - 1000,2001 - 2010,0.0144,0.0234,-0.0013,0.0115,230299.0,23.89,23.55,24.52,24.25,805467,24.15,23.99,24.21,24.45,127698,29550,77020,111760,0
40.7,3.630758274E9,22.0127,2009.9999999999998,187.0,0.093,0.05,2906.0,691672.4,1.81,53,53,118,118,1888,0.102494743,0.855981485,1.056063919,1.560448492,2006,3,31,4,Public Utilities,Electric Utilities: Central,female,female,Yes,No,No,Dec,1001 - 5000,<= 1900,0.0083,-0.0112,0.0109,0.1583,4503036.0,30.25,30.0,35.0,30.25,15161280,29.0,28.45,28.75,29.91,4799700,889800,364900,1299500,0
40.75,2.4840201218E10,23.9357,25940.0,2240.0,0.0864,0.02,21495.0,1206792.28,0.96,61,61,135,135,1865,2.348703078,2.616890321,2.390180382,3.099932786,2000,3,23,3,Finance,Life Insurance,male,male,No,No,No,Dec,>10000,<= 1900,0.0791,0.0,0.2267,0.0,5534340.0,9.375,8.6875,9.375,9.375,17882300,9.313,9.188,9.188,9.375,3261600,3128600,1825100,1574100,1
40.87,2.0986745E9,21.4646,,,,,,,,,,,,,1.765307226,2.509656665,2.215987933,2.518694988,2013,5,17,4,,,,,,,,,,Unknown,,-0.0032,-0.0145,,48386.6,24.9,,,,0,24.9,24.9,24.9,24.82,0,0,90184,151749,0
41.101,1.417985322E8,18.7699,,,,,,,,,,,,,-0.444151623,0.084395687,0.859166434,1.330048258,2011,4,19,1,,,,,,,,,,Unknown,,0.0118,-0.0185,,718.6,20.58,,,,0,20.58,20.58,20.58,20.8236,2600,0,0,993,0
41.49,8.107876639E8,20.5135,722.02,22.37,0.031,,1373.0,525870.36,1.12,57,57,2,2,2004,0.170377444,1.234845852,1.723720264,2.318855923,2006,11,2,3,Consumer Durables,Specialty Chemicals,female,female,Yes,No,No,Dec,1001 - 5000,2001 - 2010,0.0496,0.1309,0.1309,0.0435,469572.8,12.07,11.5,12.5,12.0,1595190,12.35,13.75,13.54,13.65,263343,173912,183846,131573,1
41.5,3.205506273E9,21.8881,1470.0,73.94,0.0503,0.65,12500.0,117600.0,2.18,65,45,41,41,1973,-0.690558559,0.808812485,1.191640189,1.49384846,2014,9,22,0,Consumer Services,Hotels/Resorts,male,male,Yes,sameYear,No,Dec,>10000,1951 - 2000,0.0609,0.0115,-0.0701,0.061,77851.2,4.35,4.1001,4.75,4.5,21886,4.26,4.34,4.0,4.4,81702,94422,29760,161486,1
41.52,1.6608E7,16.6254,,,,,,,,,,,,,1.250927286,1.818419445,2.255265964,2.278119545,2013,1,30,2,,,,,,,,,,Unknown,,0.006,0.0096,,12948.4,25.08,,,,0,25.08,25.3299,25.03,25.23,27258,25844,4200,7440,0
41.8,2.668349356E9,21.7047,1140.0,-6.63,-0.0058,,5200.0,219230.77,2.34,58,58,8,8,1994,0.419387205,-0.590695311,-1.000756643,-0.729140785,2002,5,16,3,Technology,EDP Services,male,male,Yes,Yes,Yes,Jan,5001 - 10000,1951 - 2000,0.0387,-0.2409,-0.2008,0.1283,1706140.0,14.49,13.95,16.28,14.49,6080000,12.3,12.0,11.6,11.0,1830000,195700,248000,177000,0
42.45,2.169906122E9,21.4979,2260.0,-265.4,-0.1174,0.02,12000.0,188333.33,0.96,71,52,0,0,1996,0.0,0.0,0.0,0.0,1996,5,8,2,Consumer Non-Durables,Plastic Products,unknown,female,Yes,No,No,Dec,>10000,1951 - 2000,0.0,0.0119,0.0685,0.0,32000.0,42.0,42.0,42.0,42.0,2500,43.0,42.0,43.0,42.5,20000,5000,52500,80000,1
42.58,4.426125895E9,22.2108,1520.0,756.15,0.4975,0.07,87.0,1.747126437E7,2.91,63,63,1,1,2010,-0.444151623,0.084395687,0.859166434,1.330048258,2011,4,19,1,Technology,Diversified Commercial Services,male,male,Yes,No,No,Dec,0 - 100,2001 - 2010,0.0449,0.0304,0.0215,0.043,4791935.6,27.95,26.75,28.4,27.25,20033208,28.1,29.05,29.05,28.8,2633179,969018,0,324273,0
42.75,1.69573937E9,21.2514,1140.0,120.95,0.1061,,14840.0,76819.41,1.49,60,55,32,32,1982,-2.568110643,-2.473114241,-0.802190531,0.353818492,2014,10,10,4,Consumer Services,Restaurants,male,male,Yes,Yes,Yes,Jan,>10000,1951 - 2000,0.0875,0.0116,0.2326,0.0837,1644699.8,17.28,15.89,18.43,17.1,7045090,17.5,17.29,17.2,17.48,466906,168022,434939,108542,1
42.98,6.017208596E7,17.9127,,,,,,,,,,,,,1.433308297,1.151610032,1.468382763,1.657905317,2014,11,4,1,,,,,,,,,,Unknown,0.0,-0.0078,-0.0032,0.0,459.0,50.16,50.16,50.16,50.16,0,50.16,50.16,49.7701,49.7701,2195,0,100,0,0
43.58,,,,,,,,,,57,57,,,,1.325027755,1.409238377,1.051088989,0.769162442,2016,4,21,3,Consumer Services,Broadcasting,male,male,,,,,,Unknown,0.0,-0.0176,-0.0294,0.0,193.2,34.0001,34.0001,34.0001,34.0001,263,33.19,33.19,33.4033,33.4033,503,0,200,0,1
44.17,3.687089557E9,22.0281,846.81,152.86,0.1805,0.19,5323.0,159085.1,4.35,39,44,8,8,2004,1.152930142,1.438121608,1.76011393,1.466640708,2012,3,2,4,Consumer Services,Other Consumer Services,male,female,Yes,Yes,No,Dec,5001 - 10000,2001 - 2010,0.1173,-0.1863,0.094,0.1814,4507817.4,24.58,22.0,26.0,22.01,17507620,20.99,20.5,20.25,20.0,2994852,1154290,445454,436871,0
44.45,1.528227138E9,21.1474,4030.0000000000005,135.15,0.0335,0.13,4377.0,920721.96,0.38,64,62,25,25,1971,0.0,0.0,0.0,0.0,1996,3,13,2,Transportation,Oil Refining/Marketing,male,male,Yes,No,No,Dec,1001 - 5000,1951 - 2000,0.0678,-0.0317,0.1429,0.0169,2643440.0,3.9375,3.6875,4.0,3.9375,7757200,3.9065,3.719,3.6565,3.8125,1564400,1596800,1242800,1056000,1
44.52,2.09244E8,19.159,,,,,,,,,,,,,-0.721094137,-0.090126382,0.752061056,1.3503444,2013,6,28,4,,,,,,,,,,Unknown,0.0126,0.0162,0.0019,0.011,13236.0,26.6,26.27,26.6,26.31,21892,26.8,26.9699,27.03,27.03,29015,9848,5425,0,1
44.6,1.52169732E9,21.1431,143.8,9.72,0.0676,0.36,672.0,213988.1,10.58,44,44,9,9,2006,-0.269589696,-0.003803505,0.560651377,1.03728073,2015,6,26,4,Technology,Computer Software: Prepackaged Software,male,male,Yes,No,No,Dec,501 - 1000,2001 - 2010,0.1627,-0.0234,0.0447,0.2188,856813.4,14.08,12.11,14.87,12.22,3529122,13.7,14.1,14.0,13.75,332584,98628,215828,107905,1
44.95,8.650827977E8,20.5783,305.02,-9.07,-0.0297,,1870.0,163112.3,2.84,65,62,31,31,1979,1.437745668,1.791492788,1.831377477,2.135095741,2010,12,16,3,Technology,Computer Software: Prepackaged Software,male,female,Yes,Yes,Yes,Jan,1001 - 5000,1951 - 2000,0.3372,-0.1443,-0.173,0.3953,21672.6,11.5,8.6,12.0,8.6,1733,12.0,10.51,9.8,9.84,32250,27691,23685,23004,1
45.0,1.748596275E9,21.2821,716.17,20.61,0.0288,0.03,2350.0,304753.19,2.44,59,59,9,9,1992,0.102142914,-0.912203094,-0.466156034,-1.044129758,2001,8,7,1,Technology,Computer Manufacturing,male,male,Yes,No,No,Dec,1001 - 5000,1951 - 2000,0.3301,-0.1021,-0.0986,0.328,1016180.0,9.51,7.15,9.72,7.375,3953900,8.9,8.76,8.46,8.539,869500,77700,158100,21700,1
45.25,2.48875E7,17.0299,,,,,,,,,,,,,-3.612448606,-0.179197965,0.661777887,1.159053656,2014,7,31,3,,,,,,,,,,Unknown,0.0,-0.0026,0.0345,0.0,226.2,35.12,35.12,35.12,35.12,0,35.12,35.05,35.03,35.03,101,371,659,0,1
45.3,2.131991771E9,21.4803,,-117.02,,,147.0,,,58,58,4,4,2011,-0.934429346,-0.698415336,-0.480800167,0.576695624,2015,8,12,2,Health Care,Major Pharmaceuticals,male,male,Yes,Yes,Yes,Dec,101 - 500,2011 - present,0.306,0.0452,0.2234,0.3856,1932420.6,43.11,33.01,47.38,34.65,6957368,39.03,45.67,53.49,45.06,822221,379494,808482,694538,0
45.64,2.516367561E9,21.6461,467.11,153.25,0.3281,0.1,1190.0,392529.41,5.39,54,,158,158,1858,-1.468183687,-0.203179866,0.563762643,1.002594143,2016,9,16,4,Finance,Commercial Banks,male,female,No,No,,Dec,1001 - 5000,<= 1900,0.0069,-0.0299,0.0424,0.0114,1305282.6,24.75,24.58,25.38,25.1,4928557,24.5,24.55,24.03,24.01,505111,479308,238396,375041,1
45.7,3.373444212E8,19.6366,70.55,13.05,0.185,0.14,198.0,356313.13,4.78,51,51,0,0,1999,0.215421466,-0.661729584,-0.95896451,0.197577356,1999,10,27,2,Finance,Major Banks,unknown,unknown,Yes,No,No,Dec,101 - 500,1951 - 2000,0.0,-0.0476,-0.0714,0.0,1315.4,4.7811,4.7811,4.7811,4.7811,2633,4.7811,4.7244,4.7244,4.5537,656,1644,0,1644,0
45.75,1.744595867E9,21.2798,455.47,-100.64,-0.221,,2019.0,225591.88,3.83,57,57,16,16,1981,-0.79510449,0.470990866,0.927501074,1.382147035,1997,10,23,3,Energy,Metal Fabrications,male,male,Yes,No,No,Dec,1001 - 5000,1951 - 2000,0.1746,0.0,-0.1368,0.0952,2709840.0,18.5,15.75,20.0,18.5,8491800,19.0,16.5,17.4375,18.5,2214400,937800,1217400,687800,0
46.37,7.702399303E9,22.7648,2250.0,263.65,0.1172,0.3,438.0,5136986.3,3.42,47,47,1,1,2007,0.29423699,1.04800332,-0.02774167,-0.790495261,2008,5,9,4,Public Utilities,Natural Gas Distribution,male,male,Yes,No,No,Dec,101 - 500,2001 - 2010,0.0198,0.0103,0.003,0.0093,2067225.8,16.5,16.18,16.65,16.5,8020564,16.52,16.55,16.66,16.67,1010948,545461,407496,351660,0
46.7,2.163539736E9,21.495,485.18,5.88,0.0121,0.09,928.0,522823.28,4.46,60,60,3,3,1999,-2.133430396,-3.021379023,-0.763045446,-1.222747723,2002,2,6,2,Consumer Services,Telecommunications Equipment,male,male,Yes,Yes,Yes,Dec,501 - 1000,1951 - 2000,0.1486,-0.0032,0.0505,0.663,1556.0,63.4,55.2,100.0,63.4,6045,62.0,63.0,65.4,63.2,550,385,650,150,0
47.01,2.929931909E9,21.7982,1670.0,160.3,0.096,0.16,4556.0,366549.6,1.75,45,45,4,4,2006,-0.775662673,-1.363236844,-0.0113111,0.850062921,2010,2,11,3,Consumer Durables,Metal Fabrications,male,male,Yes,No,No,Dec,1001 - 5000,2001 - 2010,0.0355,0.0358,0.0896,0.0202,3668668.2,12.84,12.4,13.25,13.0,16892087,13.41,13.41,13.32,13.3,884000,0,166887,400367,1
47.23,2.67458205E9,21.7071,186.78,-43.81,-0.2346,,833.0,224225.69,14.32,44,43,10,10,2006,0.258921318,-0.23525242,0.804698134,1.136330901,2016,10,6,3,Technology,Computer Software: Prepackaged Software,male,unknown,Yes,Yes,No,Jan,501 - 1000,2001 - 2010,0.0482,-0.1211,-0.247,0.2082,4829419.2,33.28,31.75,41.61,35.0,16892884,29.69,28.16,27.74,29.25,3127872,1321315,1601098,1203927,0
47.5,1.996343063E9,21.4146,193.98,-26.16,-0.1349,0.29,844.0,229834.12,10.29,45,45,9,9,2005,1.001225048,1.298116713,1.439835639,1.68019674,2014,3,20,3,Technology,Computer Software: Prepackaged Software,male,unknown,Yes,No,No,Dec,501 - 1000,2001 - 2010,0.0013,-0.0112,-0.1391,0.0746,3116975.4,15.17,15.15,17.38,16.25,12593142,16.13,15.5,15.53,15.0,1224300,442422,1006799,318214,1
48.8,1.17810764E9,20.8872,149.82,-31.47,-0.2101,0.42,886.0,169097.07,7.86,,,11,11,2005,0.972684136,1.773412115,1.573837467,1.825461449,2016,7,29,4,Technology,Computer Software: Prepackaged Software,male,male,Yes,,,Dec,501 - 1000,2001 - 2010,0.0511,0.011,0.1365,0.014,1365323.6,25.5,24.2601,28.0,27.66,5135118,26.02,25.85,25.52,25.78,1008266,332613,207560,143061,1
48.84,9.770424564E9,23.0026,8760.0,1450.0,0.1655,1.12,1125.0,7786666.67,1.12,59,55,7,7,2009,2.456976345,2.820601136,2.544188602,1.889159174,2016,12,9,4,Finance,Life Insurance,male,male,No,Yes,Yes,Dec,1001 - 5000,2001 - 2010,0.0185,0.0647,0.0697,0.0539,4379177.2,44.05,43.25,45.89,43.56,14170789,45.5,45.46,45.82,46.9,2128592,1391357,1447895,2757253,1
49.3302,9866040.0,16.1046,,,,,,,,,,,,,1.85198689,1.867987003,2.17050176,1.941321142,2014,7,1,1,,,,,,,,,,Unknown,0.0,0.0026,-0.0094,0.0,221.6,34.99,34.99,34.99,34.99,0,34.99,34.96,34.96,35.08,558,350,0,200,1
49.37,9.380309874E7,18.3567,,,,,,,,,,,,,-0.375542052,0.095271718,0.900773885,1.256455099,2014,8,13,2,,,,,,,,,,Unknown,0.0,0.0066,0.005,0.0,3118.0,50.15,50.15,50.15,50.15,0,50.15,50.25,50.16,50.48,2600,4806,5734,2450,1
49.65,2.23167252E9,21.526,827.9,-71.5,-0.0864,0.59,1257.0,658631.66,2.7,53,48,0,0,2005,2.188184973,0.522691697,0.303640649,0.987400561,2005,5,19,3,Public Utilities,Telecommunications Equipment,male,male,Yes,No,No,Dec,1001 - 5000,2001 - 2010,0.0,0.0,-0.1818,0.0,8000.0,2.75,2.75,2.75,2.75,20000,2.75,2.75,2.75,2.75,0,20000,0,0,0
49.74,2.123898E9,21.4765,,,,,,,,,,,,,1.692339228,2.492118024,2.400794915,1.900345554,2014,6,10,1,,,,,,,,,,Unknown,0.0,-4.0E-4,-0.0017,0.0,8138.0,50.085,50.085,50.085,50.085,0,50.085,50.085,50.025,50.0645,0,24294,12000,4396,1
49.98,2.124182187E9,21.4767,1950.0,46.4,0.0238,,7000.0,278571.43,1.09,53,53,,,,-0.278163989,-1.465819825,-2.222853383,-1.628041802,2015,9,14,0,Technology,Industrial Machinery/Components,male,male,Yes,No,No,Dec,5001 - 10000,Unknown,0.0046,0.0397,0.0179,0.0046,1725.0,37.5,37.33,37.5,37.33,5100,38.95,40.84,39.56,38.99,1200,850,1175,300,0
50.11,2.680885E8,19.4068,,,,,,,,,,,,,1.431376662,1.036977538,0.63618907,1.093176209,2012,7,19,3,,,,,,,,,,Unknown,0.0022,-0.0375,0.014,0.002,23775.6,25.05,24.994,25.42,25.37,18831,24.63,24.31,23.9,24.11,63665,8801,19078,8503,1
50.66,1.760224102E9,21.2887,557.11,16.73,0.03,0.13,1130.0,493017.7,3.16,42,,9,9,2003,-1.520839902,0.589398137,1.134233266,1.309060687,2012,10,11,3,Technology,EDP Services,male,male,Yes,Yes,,Dec,1001 - 5000,2001 - 2010,0.0179,0.0654,0.108,0.0188,1314663.2,21.66,21.28,22.9,22.5,5873665,22.0,22.95,23.04,23.0765,402330,114291,122289,60741,1
50.7166,1.014332E7,16.1323,,,,,,,,,,,,,-0.390398291,0.210468527,0.813420513,0.642116849,2016,6,14,1,,,,,,,,,,Unknown,0.0,0.0,0.0406,0.0,20.0,49.75,49.75,49.75,49.75,0,49.75,49.75,49.75,49.75,0,0,100,0,1
51.0586,2.680577521E8,19.4067,,,,,,,,,,,,,1.31908501,1.602319348,1.96490772,1.246482079,2012,2,14,1,,,,,,,,,,Unknown,,0.0,-0.014,,40.0,30.78,,,,0,30.78,30.78,30.78,30.78,0,0,200,0,0
51.33,6.240288655E9,22.5543,934.0,301.0,0.3223,0.23,575.0,1624347.83,6.68,59,50,0,0,2013,1.26042553,1.863704731,1.880713159,2.010784012,2013,7,23,1,Energy,Natural Gas Distribution,male,male,Yes,sameYear,No,Dec,501 - 1000,2011 - present,0.0569,0.101,0.0505,0.052,4295677.4,29.7,28.1,30.44,28.98,16834286,29.93,31.24,34.34,32.7,1202891,1224237,1234315,982658,1
51.7114,4.654026E7,17.6558,,,,,,,,,,,,,1.252849416,1.53537703,2.070481945,1.569347687,2010,4,7,2,,,,,,,,,,Unknown,0.0028,-0.0031,0.0213,0.0012,5710.0,25.4,25.33,25.4299,25.4,2500,25.25,25.18,25.33,25.32,100,6450,15500,4000,1
52.0,8.919367288E9,22.9115,8580.0,-412.0,-0.048,,6300.0,1361904.76,1.04,64,53,14,14,1999,1.506684742,1.792787095,1.616011504,2.032017189,2013,5,2,3,Finance,Life Insurance,male,male,Yes,sameYear,No,Dec,5001 - 10000,1951 - 2000,0.0854,0.0629,0.3661,0.1021,1.02613862E7,20.84,19.2,21.21,19.25,32932983,20.67,21.1,21.66,22.15,8633474,2398426,2247928,5094120,1
52.094,1.562830419E7,16.5646,,,,,,,,,,,,,1.729337589,1.809757844,1.807207954,2.346404631,2011,2,17,3,,,,,,,,,,Unknown,,-0.0457,-0.1039,,54902.6,30.21,,,,0,30.21,30.21,29.2,28.83,167763,0,81882,24868,0
52.1,6.7514994189E10,24.9356,86560.0,2390.0,0.0276,0.21,27151.0,3188096.2,0.78,59,,151,151,1848,-0.012395475,-0.140093952,0.280786774,0.858049566,1999,9,13,0,Finance,Life Insurance,male,male,No,No,,Dec,>10000,<= 1900,0.0,0.0,-0.057,0.0,0.0,32.45,32.45,32.45,32.45,0,32.45,32.45,32.45,32.45,0,0,0,0,0
52.56,2.209222944E9,21.5159,308.22,50.8,0.1648,0.52,713.0,432286.12,7.17,40,40,7,7,2009,-0.031878028,0.303117393,0.999289792,1.253485115,2016,9,21,2,Technology,"Computer Software: Programming, Data Processing",male,male,Yes,sameYear,sameYear,Dec,501 - 1000,2001 - 2010,0.0827,-0.004,-0.1542,0.0594,2199425.2,30.1,27.8,30.4,28.75,6343768,28.9,27.66,27.77,29.98,2272804,1058708,306080,1015766,1
53.0,1.85622801E8,19.0392,116.33,6.57,0.0565,0.01,650.0,178969.23,1.6,63,46,4,4,1994,-0.33689444,0.313284784,0.523921585,0.971320149,1998,1,26,0,Finance,Major Banks,male,male,Yes,No,No,Dec,501 - 1000,1951 - 2000,0.0,0.1143,0.0714,0.0,720.0,17.5,17.5,17.5,17.5,400,18.0,19.0,20.0,19.5,1400,800,200,800,1
53.35,1.124199309E9,20.8403,186.78,24.9,0.1333,0.32,164.0,1138902.44,6.02,50,50,7,7,2009,0.895649324,1.764907415,1.548541202,1.79125743,2016,7,28,3,Finance,Property-Casualty Insurers,male,male,Yes,Yes,Yes,Dec,101 - 500,2001 - 2010,0.0194,-0.0054,0.0899,0.0439,1198945.6,18.35,18.0,18.79,18.0,4916459,18.27,18.41,18.6,18.25,531007,333583,87868,125811,1
53.45,1.703028176E9,21.2557,1130.0,41.14,0.0364,0.31,6900.0,163768.12,1.51,53,53,37,37,1977,0.739169921,0.781057347,1.134118102,1.536063041,2014,2,13,3,Basic Industries,Homebuilding,male,male,Yes,Yes,Yes,Dec,5001 - 10000,1951 - 2000,0.0432,-0.043,0.1352,0.0522,939852.2,12.8,12.27,12.94,12.3,3809584,13.0,13.0,12.68,12.25,349850,0,273528,266299,1
53.47,,,12450.0,1130.0,0.0908,0.16,10200.0,1220588.24,,58,54,21,21,1995,0.472861682,0.283535326,1.006377537,1.257151406,2016,9,30,4,Public Utilities,Electric Utilities: Central,male,male,Yes,Yes,sameYear,Dec,>10000,1951 - 2000,0.04,-0.026,-0.0058,0.025,5854191.4,52.0,50.0,52.0,50.75,25182632,50.7,50.25,50.5,50.65,1277256,1790354,716365,304350,1
53.77,7.227169242E9,22.7011,3460.0,362.0,0.1046,0.1,17500.0,197714.29,2.09,64,57,3,3,2006,0.637374526,1.225980597,1.24300704,1.580055124,2009,12,11,4,Consumer Durables,Automotive Aftermarket,male,male,Yes,No,Yes,Dec,>10000,2001 - 2010,0.0848,0.0806,0.2053,0.0622,3017578.2,12.03,11.09,12.09,11.4,11558369,12.0,11.8,12.3,13.0,1238989,927822,883601,479110,1
53.83,3.04273682E9,21.836,1650.0,83.42,0.0506,0.17,7232.0,228152.65,1.84,56,56,30,30,1969,0.487703677,1.013227523,1.327798096,1.895530418,1999,2,11,3,Technology,Diversified Commercial Services,male,male,Yes,No,No,Apr,5001 - 10000,1951 - 2000,0.0196,-0.1105,-0.0336,0.103,1938780.0,13.0,12.75,14.313,13.0,7954500,11.25,11.25,11.75,11.563,1095700,0,377100,266600,1
53.94,3.568131E9,21.9953,,,,,,,,,52,,,,-0.501119456,0.418729352,0.567320848,0.977959136,2000,7,24,0,,,,male,,,No,,,Unknown,,-0.0122,0.0299,,0.0,23.3033,,,,0,23.4133,23.12,23.2667,23.02,0,0,0,0,0
54.92,1.147828E9,20.8611,,,,,,,,,,,,,0.227839701,0.763600531,-0.45196021,-0.741389694,2011,11,1,1,,,,,,,,,,Unknown,0.0045,0.0235,-0.0696,0.0045,21469.8,19.96,19.87,19.97,19.88,15699,20.11,20.06,20.28,20.43,7000,7500,22650,54500,1
55.3,1.0642991E9,20.7856,375.21,46.23,0.1232,,438.0,856643.84,2.84,46,46,20,20,1985,1.759999213,1.88144999,1.976128359,2.147263864,2005,11,18,4,Finance,Property-Casualty Insurers,male,male,Yes,No,No,Dec,101 - 500,1951 - 2000,0.1084,0.0244,0.1611,0.0185,881671.6,9.0,8.12,9.17,9.02,3272478,9.3,9.19,9.22,9.22,695862,328130,111888,0,1
55.51,3.042038814E9,21.8358,223.33,-496.13,-2.2215,3.98,715.0,312349.65,13.62,59,54,2,2,2010,0.383869823,-0.607151472,-0.443005341,0.535242029,2012,6,28,3,Health Care,Major Pharmaceuticals,male,female,Yes,Yes,No,Dec,501 - 1000,2001 - 2010,0.0679,-0.0058,-0.0058,0.0,265076.0,13.69,12.82,14.0,14.0,1266117,13.99,14.0,13.61,13.61,40368,16400,2495,0,1
56.56,5.510165696E8,20.1273,144.02,33.15,0.2302,0.4,535.0,269196.26,3.83,59,59,13,13,2000,-0.949278439,-0.375381936,0.356506704,1.06217232,2013,9,3,1,Finance,Major Banks,male,male,Yes,No,No,Dec,501 - 1000,1951 - 2000,0.0,-0.0441,-0.0288,0.0,816.0,17.0,17.0,17.0,17.0,300,16.25,16.75,16.4,16.25,1000,1303,1000,477,1
56.63,1.6989E8,18.9507,,,,,,,,,,,,,0.227839701,0.763600531,-0.45196021,-0.741389694,2011,11,1,1,,,,,,,,,,Unknown,4.0E-4,0.0642,-0.007,0.0,17374.8,22.74,22.73,23.45,23.45,8400,23.2,23.2,23.8,24.2,875,0,12400,65199,1
57.15,2.664364147E9,21.7032,409.12,125.19,0.306,0.17,708.0,577853.11,6.51,54,54,5,5,2009,-2.999129181,-0.348374573,0.553555911,1.093056169,2014,8,1,4,Finance,Major Banks,male,male,Yes,Yes,Yes,Dec,501 - 1000,2001 - 2010,0.0613,0.0148,0.0941,0.035,1245438.6,20.94,19.73,21.19,20.5,4560193,21.0,21.06,21.4,21.25,445564,741015,195241,285180,1
57.16,1.1213048334E10,23.1403,,,,,,,,,,,,,1.204316519,1.552779131,1.666313749,2.14374274,2011,1,25,1,,,,,,,,,,Unknown,,0.0111,0.0134,,17395.4,49.33,,,,0,49.33,49.33,49.33,49.88,0,0,40772,46205,0
57.47,1.3246835E9,21.0044,,,,,,,,,,,,,1.288244298,1.531335558,1.663684273,2.417072125,2006,12,20,2,,,,,,,,,,Unknown,0.0016,-0.0056,0.0136,0.002,39480.0,25.01,24.97,25.08,25.03,92600,24.88,24.79,24.79,24.87,39700,18700,0,46400,1
57.59,1.5269767182E10,23.4491,2460.0,614.0,0.2496,0.21,3607.0,682007.21,6.21,49,,14,14,1982,0.0,0.0,0.0,0.0,1996,8,16,4,Finance,Savings Institutions,male,male,Yes,No,,Dec,1001 - 5000,1951 - 2000,0.0465,-0.0668,-0.1667,0.1161,960368.0,28.13,26.88,31.25,28.13,2691800,27.35,27.5,26.25,26.25,441520,240080,582840,845600,1
57.9535,1.24600025E8,18.6406,,,,,,,,49,,,,,1.970231963,1.982811798,2.381065454,2.490441416,2006,10,12,3,,,unknown,male,,sameYear,,,,Unknown,0.0055,0.0039,0.0106,0.0051,13000.0,25.47,25.33,25.47,25.34,8000,25.75,25.93,25.76,25.57,10200,34500,5200,7100,1
58.475,3.659760966E9,22.0207,1000.0,-102.5,-0.1025,0.11,2057.0,486144.87,3.66,55,55,0,0,2015,0.359433476,-0.030562929,0.431824634,0.926507301,2015,7,23,3,Consumer Durables,Telecommunications Equipment,male,male,Yes,sameYear,sameYear,Jun,1001 - 5000,2011 - present,0.0,0.2354,0.2471,0.0,16307.0,17.0,17.0,18.6,18.6,75820,17.0,20.85,21.0,21.0025,0,2345,1470,1900,1
58.95,2.022437736E9,21.4276,352.32,100.23,0.2845,0.12,466.0,756051.5,5.74,61,61,1,1,1997,-1.951382281,-0.159379462,0.510088107,1.17864933,1998,7,31,4,Finance,Major Banks,male,male,Yes,No,No,Dec,101 - 500,1951 - 2000,0.0062,0.0,0.0181,0.0,7157.0,2.8818,2.864,2.8818,2.8818,35785,2.8818,2.8818,2.8818,2.8818,0,0,0,0,1
59.21,3.5526E7,17.3858,,,,,,,,,,,,,1.988017574,1.590634048,1.205395608,0.910549263,2016,4,20,2,,,,,,,,,,Unknown,0.0,0.0045,-0.0242,0.0,349.4,48.4,48.4,48.4,48.4,0,48.4,48.4,48.52,48.618,0,321,1216,210,1
59.73,7.338885929E8,20.4139,137.49,25.01,0.1819,0.09,1116.0,123198.92,5.34,60,60,14,14,1982,0.0,0.0,0.0,0.0,1996,6,28,4,Miscellaneous,Business Services,male,male,Yes,No,No,Dec,1001 - 5000,1951 - 2000,0.0,0.0,0.0208,0.0,1217.2,4.731,4.731,4.731,4.731,0,4.731,4.731,4.731,4.731,3043,3043,0,0,1
60.04,1.864225429E9,21.3461,,,,,,,,,,,,,-2.388108844,-0.538300641,0.43913614,1.023790754,2014,8,5,1,,,,,,,,,,Unknown,0.0,0.0,7.0E-4,0.0,10.0,60.04,60.04,60.04,60.04,0,60.04,60.04,60.04,60.04,50,0,0,0,0
60.49,3.4320170832E10,24.259,3680.0,872.0,0.237,0.11,10412.0,353438.34,9.33,52,55,26,26,1971,-0.663701319,0.853547454,0.939212557,0.939212557,1997,3,4,1,Finance,Investment Bankers/Brokers/Service,male,male,Yes,No,No,Sep,>10000,1951 - 2000,0.2001,0.0577,-0.1218,,9614159.8,1.625,1.354,1.698,,35643600,1.771,1.698,1.75,1.7187,5865600,3732000,2057999,771600,1
60.83,7.290147894E10,25.0124,36540.0,8010.0,0.2192,0.07,88645.0,412205.99,2.0,59,59,167,167,1832,-0.012395475,-0.140093952,0.280786774,0.858049566,1999,9,13,0,Finance,Major Banks,male,male,No,No,No,Oct,>10000,<= 1900,0.0,0.0,0.0382,0.0,0.0,10.74,10.74,10.74,10.74,0,10.74,10.74,10.74,10.74,0,0,0,0,1
62.0,1.1144369428E10,23.1342,17120.0,664.11,0.0388,,,,0.65,48,48,4,4,1993,1.512747256,2.031150983,2.031150983,2.031150983,1997,2,4,1,Consumer Durables,Automotive Aftermarket,male,male,Yes,No,No,Feb,,1951 - 2000,0.0242,-0.0059,-0.1006,0.0424,7749160.0,10.5625,10.3125,11.0,10.5625,26677600,10.125,10.3125,10.25,10.5,6757400,2238200,1405800,1666800,0
62.25,4.861688833E9,22.3047,840.58,32.93,0.0392,0.12,4237.0,198390.37,5.78,61,54,13,13,1983,0.0,0.0,0.0,0.0,1996,7,19,4,Technology,EDP Services,male,male,Yes,Yes,No,Dec,1001 - 5000,1951 - 2000,0.0313,-0.101,0.4646,0.0938,1466000.0,6.1875,6.0,6.75,6.1875,5494400,6.0,5.25,5.0,5.5625,1142400,0,201800,491400,1
62.6,3.3370099744E10,24.2309,2620.0,1650.0,0.6298,0.03,1565.0,1674121.41,12.74,60,,6,6,1991,1.524042635,1.100761046,1.235479813,1.441846272,1997,11,21,4,Consumer Services,Real Estate Investment Trusts,male,female,Yes,No,No,Dec,1001 - 5000,1951 - 2000,0.011,-0.0109,0.038,0.022,990520.0,23.0,22.75,23.5,23.0,3821400,22.75,23.0,22.75,22.75,541000,425000,165200,0,1
62.65,1.707643219E9,21.2584,,,,,,,,,,,,,0.768836034,1.29357661,1.398783313,1.721911894,2009,11,19,3,,,,,,,,,,Unknown,,0.0035,-0.0055,,2393.0,60.03,,,,0,60.03,60.03,60.1,60.24,0,1500,300,10165,0
64.2,3.913121096E9,22.0876,229.53,47.36,0.2063,,1027.0,223495.62,17.05,49,49,12,12,2002,-3.612448606,-0.179197965,0.661777887,1.159053656,2014,7,31,3,Miscellaneous,Business Services,male,male,Yes,sameYear,sameYear,Jan,1001 - 5000,2001 - 2010,0.0329,-0.0307,0.1023,0.0,1494751.6,17.6,17.0401,20.0,20.0,5732286,16.95,16.85,16.75,17.06,863919,540193,196467,140893,1
64.3032,7.877143286E8,20.4846,,,,,,,,62,62,,,,1.368065921,1.856226214,2.560495581,1.917119877,2007,5,8,1,,,male,male,,Yes,Yes,,,Unknown,,-0.0027,0.0207,,220.0,30.0,,,,0,30.0,29.91,29.92,29.92,0,0,1100,0,0
64.5,1.640543826E9,21.2183,2160.0,224.34,0.1039,0.17,2870.0,752613.24,0.76,63,63,11,11,1993,-1.931597836,-1.498699601,-1.793099471,0.169667434,2004,7,21,2,Transportation,Transportation Services,male,male,Yes,No,No,Dec,1001 - 5000,1951 - 2000,0.0,0.0,-0.0657,0.0,0.0,16.75,16.75,16.75,16.75,0,16.75,16.75,16.75,16.75,0,0,0,0,1
66.78,9.57778794E9,22.9827,3870.0,433.31,0.112,0.04,24670.0,156870.69,2.47,58,58,10,10,1988,-0.031752377,-0.502656195,0.743922857,1.391437802,1998,6,19,4,Technology,EDP Services,female,female,Yes,No,No,Sep,>10000,1951 - 2000,0.0,0.1786,0.0491,0.0045,1458260.0,14.0,14.0,14.063,14.0,4214000,14.0,14.063,14.938,16.5,1448800,285300,649200,694000,1
66.8,4.504912107E9,22.2284,1720.0,11.2,0.0065,0.07,3700.0,464864.86,2.62,57,52,144,144,1854,1.948915636,2.01626308,2.682217611,2.28847267,1998,3,24,1,Basic Industries,Major Chemicals,male,male,Yes,No,No,Dec,1001 - 5000,<= 1900,0.0105,0.0277,0.1488,0.0,300155.2,14.4971,14.3462,14.6471,14.6471,133444,14.5974,14.5468,14.6977,14.8983,617007,320589,202097,227639,0
67.31,1.9163193819E10,23.6763,37740.0,2130.0,0.0564,0.03,89800.0,420267.26,0.51,58,47,38,38,1968,-0.580640419,0.40827278,0.994084212,1.510793887,2006,1,25,2,Transportation,Air Freight/Delivery Services,male,male,Yes,No,No,Dec,>10000,1951 - 2000,0.0116,-0.0349,-0.1706,0.0,204075.0,43.5,43.0,43.5,43.5,230500,43.15,43.0,43.0,41.98,369850,321000,48965,50060,0
68.1,1.424192393E9,21.0769,6460.0,139.1,0.0215,,8000.0,807500.0,0.22,52,52,7,7,1995,0.957769454,0.878586517,0.955312501,-0.079713309,2002,3,14,3,Consumer Durables,Automotive Aftermarket,male,male,Yes,No,No,Dec,5001 - 10000,1951 - 2000,0.0024,-0.0714,0.0298,0.0239,1559960.0,16.8,16.76,17.3,16.9,4777800,16.05,15.51,15.3,15.6,1627100,535400,551900,307600,0
68.5992,1.303386172E8,18.6856,,,,,,,,62,62,,,,1.368065921,1.856226214,2.560495581,1.917119877,2007,5,8,1,,,male,male,,Yes,Yes,,,Unknown,,-0.0037,0.0307,,820.0,30.0,,,,0,29.86,29.88,29.89,29.89,0,1800,2300,0,0
70.12,7.345506357E9,22.7174,2940.0,-165.62,-0.0563,,4100.0,717073.17,2.5,51,61,7,7,1999,2.012957749,1.751525773,2.042347185,2.848057849,2006,11,17,4,Technology,Semiconductors,male,male,Yes,No,No,Dec,1001 - 5000,1951 - 2000,0.0528,0.0865,0.1742,0.0289,4497867.6,24.74,23.5,25.18,24.5,18359810,25.0,24.6,26.88,26.88,1688963,1179813,1260752,0,1
70.15,6.933605516E9,22.6596,710.47,162.64,0.2289,0.12,251.0,2830557.77,9.76,69,69,1,1,1996,0.778572339,1.324174094,1.324174094,1.324174094,1997,1,29,2,Consumer Services,Real Estate Investment Trusts,male,male,Yes,No,No,Dec,101 - 500,1951 - 2000,0.0151,0.0,0.0297,0.0201,1210219.8,25.25,24.875,25.75,25.25,4022999,25.25,25.625,25.625,25.25,866000,461500,279400,421200,1
70.45,1.573307647E9,21.1764,1260.0,113.31,0.0899,0.5,726.0,1735537.19,1.25,46,45,10,10,2003,0.318118065,1.239212355,1.681420355,1.529069918,2013,11,7,3,Capital Goods,Homebuilding,male,male,Yes,sameYear,sameYear,Dec,501 - 1000,2001 - 2010,0.0741,0.0116,0.2698,0.0533,648982.0,12.9,12.01,12.9,12.26,2569711,13.04,13.26,12.72,13.05,208595,67796,266560,132248,1
71.48,1.329030006E10,23.3103,876.16,252.72,0.2884,0.08,39.0,2.246564103E7,15.17,60,60,1,1,2007,-1.504532645,-2.328596582,-2.966748259,-3.685119648,2008,10,27,0,Basic Industries,Precious Metals,male,male,No,,,Dec,0 - 100,2001 - 2010,0.0626,0.4235,0.305,0.0,15231.8,10.1,9.505,10.15,10.15,41950,11.4608,13.5326,14.3987,14.3775,1200,2400,1100,29509,1
72.94,4.04389134E9,22.1205,263.48,-61.08,-0.2318,0.45,1088.0,242169.12,15.35,47,,7,7,2007,-2.889071028,0.075291089,0.396795389,1.061496243,2014,12,12,4,Technology,Computer Software: Prepackaged Software,male,male,Yes,Yes,,Mar,1001 - 5000,2001 - 2010,0.133,-0.105,-0.0038,0.1697,2034799.2,33.99,30.0,35.25,30.16,8348556,30.52,31.1,31.22,30.42,993426,285501,262175,284338,1
73.0,5.09771483E9,22.3521,795.91,272.17,0.342,0.01,3017.0,263808.42,6.4,61,60,15,15,1983,0.859578824,1.443549624,0.602722057,0.925853064,1998,11,12,3,Finance,Major Banks,male,male,Yes,No,No,Dec,1001 - 5000,1951 - 2000,0.0205,-0.0251,-0.005,0.0461,513440.0,6.219,6.094,6.5,6.219,2264600,6.157,6.125,6.063,6.063,126200,123000,19200,34200,1
73.07,6.356882335E9,22.5728,718.5,-50.2,-0.0699,0.25,2290.0,313755.46,8.85,59,59,6,6,1999,-2.012944645,-1.819379888,-0.675814605,0.36295845,2005,4,14,3,Health Care,Medical/Dental Instruments,male,male,Yes,No,No,Dec,1001 - 5000,1951 - 2000,0.086,-0.0971,-0.0366,0.0111,476387.6,11.74,10.81,12.2,12.08,1900524,10.25,10.5,10.58,10.6,282067,53375,137402,8570,1
74.1,2.180799383E9,21.503,130.96,-360.37,-2.7518,4.25,507.0,258303.75,16.65,49,49,10,10,2002,-1.520839902,0.589398137,1.134233266,1.309060687,2012,10,11,3,Health Care,Major Pharmaceuticals,male,male,Yes,Yes,Yes,Dec,501 - 1000,2001 - 2010,0.0352,0.0197,0.0361,0.0534,202473.4,19.4,18.74,20.4,19.4,813752,19.05,19.26,19.67,19.783,49809,54228,80986,13592,1
74.35,1.4822040533E10,23.4194,,,,,,,,52,50,,,,1.458586576,1.358134761,1.654370195,1.809114485,2016,8,18,3,Technology,Computer Manufacturing,male,male,,Yes,,,,Unknown,0.0059,0.0667,0.1436,0.0,716104.0,42.75,42.5,44.0,44.0,496033,43.5,43.65,45.0,45.6,1329102,630310,416182,708893,1
74.4519,3.0525279E8,19.5367,,,,,,,,,,,,,-1.719451154,-1.6311551,0.28571537,0.132103373,2016,6,28,1,,,,,,,,,,Unknown,0.0,0.0,-0.0042,0.0,0.0,54.82,54.82,54.82,54.82,0,54.82,54.82,54.82,54.82,0,0,0,0,1
75.58,3.886286717E9,22.0807,2250.0,156.85,0.0697,0.15,6600.0,340909.09,1.73,60,60,3,3,1994,0.498782081,1.285749448,1.429987643,1.429987643,1997,3,7,4,Finance,Investment Bankers/Brokers/Service,male,male,Yes,No,No,Dec,5001 - 10000,1951 - 2000,0.0435,-0.0833,-0.0667,0.087,175060.0,15.0,14.375,16.25,15.0,0,13.875,14.25,14.0,13.75,493600,72400,131600,177700,0
75.78,9.750272348E8,20.698,1620.0,52.27,0.0323,0.03,7100.0,228169.01,0.6,62,39,7,7,1996,1.762536838,1.001222098,1.186345415,1.702203792,2003,8,19,1,Consumer Services,Transportation Services,unknown,female,Yes,No,No,Dec,5001 - 10000,1951 - 2000,0.0794,-0.0264,0.0043,0.1157,649244.8,14.0,12.97,14.5,13.0,2328876,13.8,13.29,13.85,13.63,359558,278170,227760,51860,1
78.04,1.015613731E9,20.7388,,,,,,,,,,,,,-0.437419138,0.994369624,1.398225485,1.856752877,2013,5,31,4,,,,,,,,,,Unknown,,-0.012,-0.0481,,18867.6,79.87,,,,0,79.87,79.87,79.3299,78.91,0,12244,25354,56740,0
78.35,3.026538431E9,21.8307,230.83,40.44,0.1752,0.17,869.0,265627.16,13.11,72,72,13,13,1999,0.17492894,1.120703378,1.480151594,1.460146185,2012,9,28,4,Technology,Computer Software: Prepackaged Software,male,male,Yes,No,No,Dec,501 - 1000,1951 - 2000,0.18,-0.0395,0.0028,0.2375,2223089.0,14.16,12.0,14.85,12.0,9749470,13.95,13.69,13.51,13.6,618632,306717,158892,281734,1
78.88,9.04209959E9,22.9252,6980.0,354.7,0.0508,0.03,13700.0,509489.05,1.3,53,53,1,1,2005,1.730832689,1.678409958,1.980963643,2.790738866,2006,11,21,1,Capital Goods,Military/Government/Technical,male,male,Yes,No,No,Dec,>10000,2001 - 2010,0.0,0.0919,0.1915,0.0,15358.8,26.0,26.0,26.0,26.0,0,29.35,29.35,28.8,28.39,42093,0,7141,27560,1
79.2,1.205177767E9,20.9099,836.27,62.0,0.0741,0.02,623.0,1342327.45,1.44,50,50,23,23,1979,1.969275209,1.321768825,0.205066201,-0.769166573,2002,11,22,4,Finance,Property-Casualty Insurers,male,male,Yes,No,No,Dec,501 - 1000,1951 - 2000,0.075,0.0,0.0775,0.1125,422860.0,12.9,12.0,13.4,12.05,1721800,12.66,12.5,12.9,12.9,149800,147600,95100,0,1
79.4679,4.1323308E8,19.8395,,,,,,,,,,,,,1.252849416,1.53537703,2.070481945,1.569347687,2010,4,7,2,,,,,,,,,,Unknown,0.0031,0.0051,-0.0074,0.0028,5827.0,25.51,25.4299,25.56,25.49,6634,25.37,25.39,25.59,25.6399,2701,13500,4900,1400,1
79.89,3.868281789E8,19.7735,28.33,12.95,0.4571,0.02,51.0,555490.2,13.65,59,59,7,7,1989,0.0,0.0,0.0,0.0,1996,9,27,4,Technology,Semiconductors,male,male,Yes,No,No,Mar,0 - 100,1951 - 2000,0.0,0.122,0.2683,0.0732,2677.6,128.125,128.125,137.5,128.125,4996,137.5,134.375,143.75,143.75,2136,2716,2772,768,0
80.63,5.631922693E9,22.4517,984.02,-68.86,-0.07,0.63,1895.0,519271.77,5.72,58,58,7,7,2000,1.399612814,1.828165402,2.437071407,1.846686312,2007,5,2,2,Technology,Semiconductors,male,male,Yes,Yes,Yes,Dec,1001 - 5000,1951 - 2000,6.0E-4,0.0353,0.2766,0.0809,1518275.6,16.45,16.44,17.83,16.5,5396947,17.14,17.95,17.37,17.03,937385,426518,464910,365618,1
80.76,2.999759535E9,21.8218,994.09,215.88,0.2172,0.12,12422.0,80026.57,3.02,58,,7,7,1995,-1.833608322,-2.239459074,-2.756628024,-3.003881066,2002,7,11,3,Basic Industries,Precious Metals,unknown,,No,Yes,,Dec,>10000,1951 - 2000,0.0526,-0.0429,-0.004,0.0081,351199.8,3.263,3.1,3.315,3.29,1240800,3.175,3.138,3.126,3.123,127200,238800,23600,125599,1
85.05,1.283219261E9,20.9726,36.42,-28.08,-0.771,1.48,73.0,498904.11,35.23,,,9,9,2008,-0.803905822,-0.128656429,0.833775945,1.362039769,2017,5,18,3,Health Care,Biotechnology: Biological Products (No Diagnostic Substances),male,,No,,,Dec,0 - 100,2001 - 2010,0.3272,-0.1035,-0.1065,0.4097,226442.2,23.0,17.33,25.0,17.9,798779,21.85,21.41,20.97,20.62,219235,49029,33461,31707,1
86.465,3.77886904E9,22.0527,21.43,-148.12,-6.9118,,149.0,143825.5,176.34,47,47,7,7,2008,-0.414696628,0.08624787,0.656873525,1.160462524,2015,4,30,3,Health Care,Major Pharmaceuticals,male,male,Yes,Yes,Yes,Dec,101 - 500,2001 - 2010,0.0483,0.1325,0.513,0.0253,1711794.4,18.87,18.0,23.89,23.435,7157672,18.53,20.81,20.82,21.37,511430,432422,213905,243543,1
86.7,1.865664181E9,21.3469,2440.0,2.18,9.0E-4,,5200.0,469230.77,0.76,59,44,32,32,1980,-1.035651983,-0.624985189,0.601223438,0.916886497,2012,11,2,4,Consumer Services,Other Specialty Stores,male,female,Yes,No,No,Jan,5001 - 10000,1951 - 2000,0.0257,0.0637,0.1865,0.0363,1636500.2,31.1,30.32,33.15,32.05,6838208,33.3,33.3,32.45,33.08,570379,462084,111658,200172,1
86.92,2.3089651402E10,23.8627,12880.0,1020.0,0.0792,,129000.0,99844.96,1.79,55,55,0,0,2011,-1.382408153,0.40513762,-0.395371076,-0.821910048,2011,11,17,3,Capital Goods,Auto Parts:O.E.M.,male,male,No,No,No,Dec,>10000,2011 - present,0.0038,-0.0797,-0.0173,0.0315,6373682.2,17.8657,17.7987,18.3598,17.7987,20962021,17.5893,17.003,16.6679,16.4418,3245684,2825251,3568237,1267218,1
87.98,5.612326285E9,22.4482,2260.0,86.93,0.0385,0.25,15800.0,143037.97,2.48,57,57,38,38,1976,1.098551427,1.4614811,1.930571492,1.919170512,2014,11,13,3,Health Care,Biotechnology: Commercial Physical & Biological Resarch,male,male,Yes,sameYear,sameYear,Dec,>10000,1951 - 2000,0.0623,0.0392,0.1483,0.0964,1660395.6,19.62,18.47,20.38,18.6,6182450,20.22,20.54,20.35,20.39,719971,546242,734483,118832,1
92.6,1.47E11,25.7137,28220.0,5280.0,0.1871,0.1,29000.0,973103.45,5.21,63,49,,-1,2013,1.110891733,-0.155739337,0.506131094,0.909482169,2012,12,10,0,Health Care,Major Pharmaceuticals,male,male,Yes,No,No,Dec,>10000,2011 - present,0.0026,-0.0571,-0.0154,0.0,2307959.2,35.0,34.91,37.0,37.0,749378,35.0,33.36,33.8,33.0,0,2530442,4253303,4006673,1
92.94,4.463206782E9,22.2191,1720.0,368.92,0.2145,0.39,,,2.59,44,,7,7,2005,-0.285285328,-1.133014757,0.05039132,0.510604378,2012,11,21,2,Technology,EDP Services,unknown,,No,No,,Dec,,2001 - 2010,0.0771,0.0787,0.2025,0.119,1104316.0,11.31,10.5,11.75,10.5,4567029,11.31,11.32,11.3,12.2,0,236917,257287,460347,1
95.74,6.701809574E7,18.0205,,,,,,,,,,,,,1.810920642,2.522331708,1.57549979,1.673622946,2016,7,13,2,,,,,,,,,,Unknown,0.0,-0.0034,0.002,0.0,40.0,75.57,75.57,75.57,75.57,0,75.57,75.31,75.31,75.31,100,100,0,0,1
96.72,9.230600967E9,22.9458,1920.0,485.78,0.253,0.53,910.0,2109890.11,4.81,59,59,0,0,2002,-1.4493832,-1.426316075,-1.541969022,-2.194920479,2002,9,25,2,Energy,Oil & Gas Production,male,male,Yes,No,No,Dec,501 - 1000,2001 - 2010,0.0,0.0422,-0.0472,0.0,343140.0,16.1,16.1,16.1,16.1,1000,16.4,16.1,17.25,16.78,111900,37100,903300,662400,1
97.2,3.4780359344E10,24.2723,460460.0,42410.0,0.0921,0.15,295027.0,1560738.51,0.08,66,55,108,108,1890,-0.370049219,0.712071924,1.268204146,1.80326071,1998,5,11,0,Consumer Non-Durables,Beverages (Production/Distribution),male,male,No,No,No,Dec,>10000,<= 1900,0.0,-0.0245,-0.0367,0.0227,235920.0,11.9167,11.9167,12.1877,11.9167,986700,11.7917,11.625,11.5,11.625,132000,9000,31200,20700,0
99.71,4.242162548E9,22.1683,911.7,136.9,0.1502,0.14,4920.0,185304.88,4.65,41,41,21,21,1984,-0.168128059,-1.128973843,-1.25134392,0.314360883,2005,5,3,1,Finance,Investment Managers,unknown,unknown,Yes,No,No,Dec,1001 - 5000,1951 - 2000,0.0832,0.0359,0.0948,0.1075,1215269.2,20.05,18.51,20.65,18.66,3268570,21.6,22.64,21.6,20.77,1262200,864590,460342,220644,1
100.74,,,442.13,37.01,0.0837,0.34,543.0,814235.73,,53,53,,,,1.666177893,1.269088406,1.94739674,1.755958999,2017,1,27,4,Finance,Investment Managers,male,male,Yes,Yes,Yes,Dec,501 - 1000,Unknown,0.0111,0.0015,0.0053,0.0167,241425.0,100.095,99.0,101.75,100.095,850250,100.2762,99.88,100.0,100.25,89725,241650,15300,10200,1
101.04,1.7121176065E10,23.5636,2532740.0,576010.0,0.2274,0.0,14023.0,1.8061327819E8,0.01,,,109,109,1893,1.04055635,1.144024094,0.543812001,-0.353113676,2002,1,8,1,Finance,Commercial Banks,male,male,No,No,,Dec,>10000,<= 1900,0.0025,-0.0299,-0.1272,0.0,8019.4,15.9461,15.9064,16.145,16.145,5907,15.7473,15.5087,15.3496,15.4689,3770,1883,3140,25397,0
102.94,1.70854875E10,23.5615,1850.0,802.92,0.434,0.07,,,9.24,,,3,3,1993,0.0,0.0,0.0,0.0,1996,6,28,4,Technology,Computer Software: Prepackaged Software,male,male,No,No,No,Dec,,1951 - 2000,0.2631,-0.1563,-0.3125,0.0199,1.42812E7,2.6667,2.1113,2.7087,2.6667,49194000,2.722,2.4167,2.25,2.25,9484200,6742800,5985000,0,1
103.56,1.2420282192E10,23.2426,15380.0,315.3,0.0205,0.05,95000.0,161894.74,0.81,60,,13,13,1989,-1.1012731,-1.943874342,-2.550282809,-3.223439013,2002,7,26,4,Consumer Services,Transportation Services,male,male,Yes,No,,Dec,>10000,1951 - 2000,0.0667,0.1875,0.2625,0.0,1565.0,3.2,3.0,3.8,3.8,3075,3.2,3.8,3.92,3.8,0,1250,2500,1000,1
104.3,1.221353E10,23.2258,,,,,,,,,,,,,-1.526842928,-2.410429851,-0.506986921,0.581300497,2007,3,13,1,,,,,,,,,,Unknown,,1.0E-4,-0.0012,,40.0,100.85,,,,0,100.85,100.85,100.86,100.86,0,0,200,0,0
104.32,1.77E11,25.8994,,,,,,,,57,50,,,,-0.16728163,0.855139576,1.089455428,-0.249622906,2009,7,1,2,Consumer Non-Durables,Beverages (Production/Distribution),male,unknown,,Yes,Yes,,,Unknown,0.0226,-0.0286,0.0221,0.0053,199011.2,38.5,37.65,38.5,38.3,341454,38.4,38.4,38.0,37.4,329008,0,160918,163676,1
106.0,7.098428012E9,22.6831,46910.0,9390.0,0.2002,0.28,8774.0,5346478.23,0.15,48,,40,40,1966,1.079287677,1.591775635,1.379092382,1.831191289,2006,3,24,4,Finance,Commercial Banks,male,,No,No,,Dec,5001 - 10000,1951 - 2000,0.081,-0.0257,-0.0154,0.081,1416620.0,23.35,21.6,23.35,21.6,3526900,23.05,22.38,22.84,22.75,1065200,1556100,641300,293600,1
106.33,1.329125E9,21.0078,,,,,,,,,,,,,1.710017735,1.898776365,0.521641129,0.813396795,2010,9,20,0,,,,,,,,,,Unknown,,0.0067,0.028,,37560.0,51.03,,,,0,51.03,51.03,50.42,51.37,0,30000,28300,129500,0
106.45,7.874970874E9,22.787,9370.0,475.51,0.0507,,71000.0,131971.83,0.84,59,59,72,72,1929,0.613550312,1.153715534,-0.128110148,-0.745906107,2001,11,29,3,Consumer Services,Other Specialty Stores,male,male,Yes,No,No,Dec,>10000,1901 - 1950,0.0386,0.0552,0.1259,0.0797,271500.0,13.9,13.3833,14.4667,13.4,371100,14.2834,13.783,13.233,14.667,165300,127500,95400,598200,1
106.6,1.189790956E9,20.897,454.85,20.61,0.0453,0.03,1389.0,327465.8,2.62,50,42,0,0,1996,0.0,0.0,0.0,0.0,1996,7,25,3,Consumer Services,Other Consumer Services,male,male,Yes,No,No,Dec,1001 - 5000,1951 - 2000,0.0489,0.0116,0.5581,0.0,305130.0,7.167,6.833,7.167,7.167,649500,7.125,7.083,7.083,7.25,267150,272100,200400,136500,1
106.84,5.136658648E9,22.3597,788.31,65.93,0.0836,0.08,3182.0,247740.41,6.52,56,56,23,23,1981,-1.542410599,-1.276823261,-1.601234149,0.218877962,2004,7,22,3,Technology,Computer Software: Prepackaged Software,male,male,Yes,No,No,Dec,1001 - 5000,1951 - 2000,0.0364,0.0012,0.1228,0.0388,921007.8,8.55,8.25,8.67,8.35,3802272,8.54,8.75,8.48,8.56,374156,217350,82041,129220,1
108.85,6.106485E9,22.5326,,,,,,,,63,,8,8,1998,1.211455727,1.507577583,1.398938808,1.844553335,2006,2,24,4,Transportation,Aerospace,male,,,No,,,,1951 - 2000,0.028,0.0722,0.1532,0.0,5539880.0,28.26,27.49,30.0,30.0,20600600,28.95,28.8,29.9,30.3,3042200,1836800,1604800,615000,1
109.71,1.2798130088E10,23.2726,4220.0,326.8,0.0774,0.44,10000.0,422000.0,3.03,56,56,0,0,2007,0.853285284,0.501467476,0.973059236,1.386528433,2007,3,22,3,Miscellaneous,Business Services,male,male,Yes,No,No,Jun,5001 - 10000,2001 - 2010,0.1167,-0.01,0.0517,0.0,1622740.0,20.1,18.0,20.25,20.25,2908400,20.33,20.67,20.35,19.9,3550900,859900,470400,324100,1
109.96,5.310218449E9,22.3929,974.13,203.32,0.2087,0.12,10000.0,97413.0,5.45,63,63,5,5,2003,-2.655510761,-1.962968854,-2.581172855,-3.320062295,2008,11,20,3,Consumer Services,Other Consumer Services,male,male,Yes,No,No,Dec,5001 - 10000,2001 - 2010,0.2487,0.3502,0.4641,0.2518,1366109.6,11.85,9.49,12.39,10.0,4610305,12.35,13.15,13.95,16.0,875754,416245,489314,438930,1
110.3,1.305952E10,23.2928,,,,,,,,,,,,,-1.27473281,0.70136433,1.156636911,1.829050351,2007,1,5,4,,,,,,,,,,Unknown,,0.0012,0.0014,,180.0,108.57,,,,0,108.57,108.57,108.7,108.7,0,0,0,900,0
110.44,1.7617123965E10,23.5921,3980.0,468.43,0.1177,0.18,10000.0,398000.0,4.43,49,51,0,0,2001,0.75521348,-0.582831041,-1.145149815,-1.552281173,2001,1,16,1,Miscellaneous,Business Services,male,male,Yes,No,No,Dec,5001 - 10000,2001 - 2010,0.0,0.2167,0.2833,0.0,99920.0,3.75,3.75,3.75,3.75,3200,3.75,4.125,4.2812,4.5625,122800,167200,59600,146800,1
113.92,1.0748331722E10,23.098,6440.0,663.0,0.103,0.12,14600.0,441095.89,1.67,63,56,41,41,1959,-2.512783477,-1.78067944,-0.102898769,0.323708046,2000,1,28,4,Consumer Durables,Containers/Packaging,male,male,Yes,No,No,Dec,>10000,1951 - 2000,0.0,0.0,-0.1302,0.0157,2943440.0,12.0,12.0,12.188,12.0,11192000,12.063,12.0,12.063,12.0,1880900,367100,697400,579800,0
116.55,7.469378195E9,22.7341,1150.0,353.79,0.3076,0.76,,,6.5,35,46,5,5,2009,0.280783946,0.743349225,1.190708883,1.41120442,2014,4,17,3,Technology,"Computer Software: Programming, Data Processing",unknown,unknown,No,sameYear,sameYear,Dec,,2001 - 2010,0.2448,0.0578,-0.0257,0.5049,1.28680528E7,20.24,16.26,24.48,16.27,32797414,20.24,22.6099,23.15,21.41,0,13456609,10479365,7606876,1
117.26,4.275889418E8,19.8737,,,,,,,,,,,,,0.709032468,0.681013643,0.218765702,-0.425826076,2011,12,20,1,,,,,,,,,,Unknown,0.0166,0.0215,0.1394,0.0181,13690.8,35.2533,34.6767,35.31,34.6833,33000,35.25,35.6933,36.01,36.01,22800,7554,5100,0,1
120.52,1.8601992999E10,23.6465,2610.0,462.44,0.1772,,740.0,3527027.03,7.13,55,53,27,27,1970,1.609698121,1.818381989,2.4699927,2.538866085,1997,6,18,2,Consumer Services,Real Estate Investment Trusts,male,male,Yes,No,No,Dec,501 - 1000,1951 - 2000,0.0239,-0.0257,0.0047,0.0048,2306820.0,26.75,26.125,26.875,26.75,7918300,26.625,26.375,26.125,26.063,1414900,1030200,628900,541800,1
121.39,5.113403955E9,22.3551,,,,,,,,59,49,7,7,1998,1.179141891,1.583379874,2.088143487,2.403766574,2005,12,15,3,Transportation,Air Freight/Delivery Services,male,male,,,No,,,1951 - 2000,0.1048,-0.0268,-0.033,0.0861,3110920.0,24.25,21.95,24.42,22.53,11577900,24.4,24.7,23.25,23.6,1829200,774200,916400,456900,1
121.88,2.75E11,26.34,18360.0,6470.0,0.3524,0.22,15000.0,1224000.0,14.98,59,42,38,38,1970,-1.012335175,-1.256109353,-1.671293568,-2.376453793,2008,3,19,2,Miscellaneous,Business Services,male,male,Yes,No,No,Sep,>10000,1951 - 2000,0.0273,0.1195,0.1706,0.1727,2.288662016E8,14.125,13.75,17.25,14.875,708485888,16.0875,16.0875,14.9325,15.8125,198984944,0,149694984,87165192,1
122.01,5.140554846E9,22.3604,470.93,65.2,0.1384,0.21,1534.0,306994.78,10.92,57,57,7,7,1997,0.792844591,1.773318801,2.099438836,1.942268585,2004,11,19,4,Technology,Semiconductors,male,male,Yes,No,No,Dec,1001 - 5000,1951 - 2000,0.1576,-0.0062,-0.0346,0.1024,1091493.0,9.84,8.5,9.93,9.06,3904478,9.62,9.38,9.779,9.779,727953,505770,319264,0,0
123.0,4.198113492E9,22.1579,333.76,4.66,0.014,0.27,1700.0,196329.41,12.58,55,55,11,11,2004,-0.057172486,-1.268289985,-1.988677576,-1.53292326,2015,9,18,4,Health Care,Medical/Dental Instruments,male,male,Yes,sameYear,sameYear,Dec,1001 - 5000,2001 - 2010,0.0868,0.0092,-0.0121,0.0526,827400.0,41.3,38.0,42.0,40.0,3443812,40.0,40.36,41.67,41.68,312548,113752,130011,136877,1
124.77,1.37247E9,21.0399,,,,,,,,,,,,,1.710017735,1.898776365,0.521641129,0.813396795,2010,9,20,0,,,,,,,,,,Unknown,,0.0209,0.0788,,56228.2,51.63,,,,0,51.63,51.63,51.04,52.7101,0,19800,65742,195599,0
125.5,5.365524341E9,22.4033,12150.0,860.07,0.0708,,12781.0,950629.84,0.44,55,55,0,0,1996,0.25407035,0.25407035,0.25407035,0.25407035,1996,11,27,2,Capital Goods,Military/Government/Technical,unknown,unknown,No,No,No,Dec,>10000,1951 - 2000,0.7857,0.18,0.2,0.7229,48940.0,6.25,3.5,6.25,3.72,185100,6.25,7.75,7.0,7.375,0,35300,23300,1000,1
130.52,5.351244429E9,22.4006,3510.0,321.7,0.0917,0.07,12500.0,280800.0,1.52,60,60,0,0,2001,0.270895287,0.880914562,-0.301967663,-0.876929081,2001,11,28,2,Consumer Durables,Building Products,male,male,Yes,No,No,Aug,>10000,2001 - 2010,0.0131,0.1089,0.0089,0.0,739269.2,10.3246,10.1914,10.4079,10.4079,8046,10.1581,11.3238,11.4903,11.4487,5044,1727893,1017735,937628,1
138.52,6.116964299E10,24.8369,6660.0,1240.0,0.1862,0.15,4752.0,1401515.15,9.18,57,57,3,3,1995,1.60955025,2.168875851,2.640687996,1.903198221,1998,2,27,4,Consumer Services,Real Estate Investment Trusts,male,male,Yes,No,No,Dec,1001 - 5000,1951 - 2000,0.0,-0.0719,0.1079,0.036,44080.0,17.375,17.375,18.0,17.375,50000,17.25,17.125,15.75,16.125,75000,35000,60000,400,1
139.43,2.957836788E9,21.8077,249.44,21.0,0.0842,0.23,770.0,323948.05,11.86,52,52,13,13,2001,1.009384653,1.083324111,1.251110997,1.615688621,2014,2,14,4,Health Care,Industrial Specialties,male,male,Yes,No,No,Dec,501 - 1000,2001 - 2010,0.025,0.0231,0.2805,0.0081,818247.0,15.15,14.78,16.12,16.0,3611542,15.15,15.25,15.1,15.5,0,194902,133740,151051,1
153.37,2.2862957615E10,23.8528,2590.0,949.0,0.3664,0.58,1203.0,2152950.96,8.83,57,57,1,1,2006,-2.221012213,-3.442841492,-0.955795274,0.141561315,2007,8,3,4,Energy,Oil & Gas Production,male,male,Yes,No,No,Dec,1001 - 5000,2001 - 2010,0.1121,0.0031,-0.0163,0.1534,1642540.0,12.9,11.6,13.39,11.61,6608700,12.7,12.6,12.88,12.94,796500,450100,225500,131900,1
158.34,4.19601E8,19.8548,,,,,,,,,,,,,0.209710212,0.593302972,0.327939285,0.985625649,2004,6,28,0,,,,,,,,,,Unknown,,3.0E-4,-0.0294,,1880.0,59.91,,,,0,59.76,60.29,59.83,59.93,0,0,0,9400,0
159.99,1.3448618769E10,23.3221,1100.0,259.25,0.2357,0.11,2900.0,379310.34,12.23,55,55,26,26,1970,0.0,0.0,0.0,0.0,1996,6,20,3,Technology,Computer Software: Prepackaged Software,unknown,unknown,Yes,No,No,Dec,1001 - 5000,1951 - 2000,0.0107,0.0632,0.0736,0.0531,3684320.0,2.969,2.9375,3.125,2.969,12638800,3.0,3.219,3.1565,3.1565,1881200,1606800,1895600,399200,0
162.6,6.082866E10,24.8313,,,,,,,,,,,,,1.92173416,1.623455922,1.369450414,2.019032662,1999,3,10,2,,,,,,,,,,Unknown,0.0155,0.0171,0.0778,,2.29E11,51.06,50.28,51.155,,171000000000,51.31,50.06,51.5,51.935,317000000000,287000000000,209000000000,161000000000,1
164.83,4.79E11,26.895,40650.0,15920.0,0.3916,0.47,25105.0,1619199.36,11.78,30,,8,8,2004,-2.350934021,-3.219477729,-0.464960031,0.139402219,2012,5,18,4,Technology,"Computer Software: Programming, Data Processing",male,,Yes,Yes,,Dec,>10000,2001 - 2010,0.0061,-0.1361,-0.2149,0.0789,1.949431868E8,38.2318,38.0,45.0,42.0,580587742,34.03,31.0,32.0,33.03,168309831,102053826,73488656,50275879,0
199.98,7.018452085E8,20.3692,145.2,49.99,0.3443,0.07,118.0,1230508.47,4.83,52,52,,-4,2000,0.0,0.0,0.0,0.0,1996,6,7,4,Finance,Investment Managers,male,male,Yes,No,No,Dec,101 - 500,1951 - 2000,0.1667,0.0,0.0,0.0,3120.0,8.75,7.5,8.75,8.75,7100,10.0,8.125,7.5,8.75,4740,920,640,2200,1
212.65,1.6647299721E10,23.5355,9570.0,753.0,0.0787,,31000.0,308709.68,1.74,56,56,,,,-0.100816344,0.646328473,1.200599101,1.7520049,1998,5,19,1,Technology,Radio And Television Broadcasting And Communications Equipment,male,male,Yes,No,No,Dec,>10000,Unknown,0.0415,0.0704,0.054,0.0146,3066364.2,12.7673,12.2581,12.9467,12.7673,10590484,14.086,13.5767,13.6659,13.6659,2580572,1845858,314907,0,1
215.6,4.189972987E9,22.156,1080.0,300.47,0.2782,,1341.0,805369.13,3.88,56,59,,-4,2001,-2.378749833,-1.668308125,-0.902006743,-0.902006743,1997,4,2,2,Finance,Property-Casualty Insurers,male,male,No,No,No,Dec,1001 - 5000,2001 - 2010,0.0601,-0.0818,-0.0944,0.0,35040.0,9.938,9.375,10.5,10.5,67700,9.375,9.375,9.313,9.125,50100,0,34900,22500,1
242.72,5.71725892E9,22.4668,1320.0,-72.72,-0.0551,0.18,13000.0,101538.46,4.33,62,40,0,0,2015,0.457642692,-0.8508354,-1.472494554,-1.014780427,2015,9,17,3,Consumer Services,Services-Misc. Amusement & Recreation,male,male,Yes,No,No,Jun,>10000,2011 - present,0.0,-0.0983,0.0149,0.0,415.0,180.0,180.0,180.0,180.0,299,167.2,166.11,162.305,162.305,925,352,499,0,0
265.5,2.1278226425E10,23.781,1470.0,231.42,0.1574,0.36,8715.0,168674.7,14.47,59,59,4,4,1997,1.221155705,0.200067233,-0.637711953,-1.027241982,2001,1,26,4,Health Care,Industrial Specialties,male,male,Yes,No,No,Dec,5001 - 10000,1951 - 2000,0.2648,-0.1805,-0.361,0.2557,2936660.0,17.313,13.688,18.25,14.75,10115400,18.063,16.875,13.5,14.188,1873800,812300,1212700,669100,0
418.38,4.7302921816E10,24.5798,3130.0,660.0,0.2109,0.16,4444.0,704320.43,15.11,52,52,5,5,1995,1.077890922,0.469994368,0.887362251,1.323325326,2000,6,13,1,Health Care,Industrial Specialties,male,male,Yes,No,No,Dec,1001 - 5000,1951 - 2000,0.0069,-0.0034,0.4118,0.0139,2279160.0,6.0207,5.9793,6.0833,6.0,7690200,6.0,6.0833,6.0833,6.0,2143200,934200,173850,454350,1
1037.98,7.22E11,27.3053,111020.0,12660.0,0.114,0.24,80110.0,1385844.46,6.5,44,43,,-1,2015,-1.039260281,0.456307134,0.942331554,1.384432474,2014,3,27,3,Technology,"Computer Software: Programming, Data Processing",male,male,Yes,No,No,Dec,>10000,2011 - present,0.01,0.0153,-0.0596,0.0,44011.0,556.9312,551.4064,566.4451,566.4451,13087,558.457,555.4453,565.6074,565.4478,41115,10801,7953,147099,0
