company_name,state_name,ticker_name,exchange_name,profit_millions,debt_millions,assets_millions,ipo_date,ipo_fees_millions,ipo_price_usd_per_share,ipo_amount_millions,industry_name
1347 Property Insurance Holdings Inc.,Florida,PIH,Nasdaq,11.1,0.0,66.5,2014-04-01,0.9,8.0,15.1,Finance
21Vianet Group Inc.,Tennessee,VNET,Nasdaq,0.0,0.0,301.8,2011-04-21,9.6,15.0,195.0,IT
2U Inc.,Maryland,TWOU,Nasdaq,0.0,3.4,26.2,2014-03-28,6.7,13.0,119.3,IT
500Com Ltd,Massachusetts,WBAI,New York,3.0,40.7,107.5,2013-11-22,9.1,13.0,75.2,Retail
58Com Inc.,Virginia,WUBA,New York,0.0,0.0,27.2,2013-10-31,12.2,17.0,187.0,IT
A10 Networks Inc.,California,ATEN,New York,0.0,0.2,54.3,2014-03-21,8.9,15.0,187.5,IT
ACA Capital Holdings Inc,New York,ACAH,New York,0.0,2225.9,6049.3,2006-05-09,11.5,13.0,89.7,Finance
AMIS Holdings Inc,Idaho,AMIS,Nasdaq,0.0,253.8,475.6,2003-08-15,6.3,20.0,600.0,Machinery
ARYx Therapeutics Inc,California,ARYX,Nasdaq,0.0,3.4,35.4,2007-08-30,11.0,10.0,50.0,Chemical
Ac Immune Sa,Utah,ACIU,Nasdaq,0.0,1083.8,1083.8,2016-09-23,10.9,11.0,66.0,Health
Acacia Communications Inc.,Massachusetts,ACIA,Nasdaq,0.0,45.0,89.0,2016-05-13,3.2,23.0,103.5,IT
Acadia Pharmaceuticals Inc,California,ACAD,Nasdaq,0.0,0.9,27.4,2004-02-27,10.7,7.0,35.0,Chemical
Acceleron Pharma Inc.,Massachusetts,XLRN,Nasdaq,0.0,0.0,142.0,2013-09-19,0.4,15.0,83.7,Health
Accuray Inc,California,ARAY,Nasdaq,0.0,0.0,143.7,2006-11-13,7.8,18.0,288.0,Health
Acelrx Pharmaceuticals Inc.,California,ACRX,Nasdaq,0.0,0.0,55.9,2011-02-11,11.1,5.0,40.0,Health
Achaogen Inc.,California,AKAO,Nasdaq,0.0,67.9,509.8,2014-03-12,8.5,12.0,72.0,Retail
Achillion Pharmaceuticals Inc,Connecticut,ACHN,Nasdaq,0.0,5.3,19.4,2006-03-31,10.2,11.5,51.8,Chemical
Aclaris Therapeutics Inc.,Pennsylvania,ACRS,Nasdaq,0.0,43.6,4615.8,2015-10-07,10.1,11.0,55.0,Health
Acm Research Inc.,California,ACMR,Nasdaq,0.0,0.0,114.2,2017-11-03,8.8,5.6,11.2,IT
Acme Packet Inc,Massachusetts,APKT,Nasdaq,0.0,0.0,55.3,2006-06-02,8.8,9.5,109.0,IT
Acushnet Holdings Corp,Massachusetts,GOLF,New York,67.8,0.0,161.5,2016-10-28,9.4,17.0,328.7,Retail
Adamas Pharmaceuticals Inc.,California,ADMS,Nasdaq,0.0,0.0,20.2,2014-04-10,11.2,16.0,48.0,Health
Adaptimmune Therapeutics Plc,California,ADAP,Nasdaq,12.8,488.0,500.8,2015-05-06,10.8,17.0,191.3,Health
Adecoagro SA,Kentucky,AGRO,New York,26.0,0.0,26.0,2011-01-28,13.6,11.0,314.3,Food
Adesto Technologies Corp,California,IOTS,Nasdaq,88.4,40.2,128.7,2015-10-27,9.8,5.0,25.0,IT
Adolor Corp,Pennsylvania,ADLR,Nasdaq,0.0,0.2,90.3,2000-02-08,8.8,15.0,90.0,Agriculture
Adomani Inc.,California,ADOM,Nasdaq,3.2,66.5,73.8,2017-06-15,8.6,5.0,14.3,Retail
Aduro Biotech Inc.,California,ADRO,Nasdaq,0.0,0.4,45.3,2015-04-15,14.0,17.0,119.0,Health
Advanced Analogic Technologies Inc,California,AATI,Nasdaq,5.9,0.0,48.7,2005-04-04,8.5,10.0,106.0,Machinery
Advanced Disposal Services Inc.,Florida,ADSW,New York,0.0,49.0,617.4,2016-10-06,7.3,18.0,346.5,Machinery
Advanced Drainage Systems Inc.,Ohio,WMS,New York,69.0,2.7,455.8,2014-07-25,1.8,16.0,232.0,Retail
Aeglea Biotherapeutics Inc.,Texas,AGLE,Nasdaq,0.0,0.0,19.0,2016-04-07,8.9,10.0,50.0,Health
Aerie Pharmaceuticals Inc.,North Carolina,AERI,Nasdaq,0.0,3.8,17.7,2013-10-25,10.6,10.0,67.2,Health
Aerohive Networks Inc.,California,HIVE,New York,0.0,0.4,50.1,2014-03-28,8.0,10.0,75.0,IT
Affimed NV,Louisiana,AFMD,Nasdaq,5.5,0.0,128.5,2014-09-12,3.4,7.0,56.0,Health
Ag Mortgage Investment Trust Inc.,New York,MITT,New York,19.6,1313.0,2699.0,2011-06-30,6.3,20.0,110.0,Finance
Agile Therapeutics Inc.,New Jersey,AGRX,Nasdaq,0.0,21.7,2014.0,2014-05-23,9.6,6.0,55.0,Health
Agios Pharmaceuticals Inc,Massachusetts,AGIO,Nasdaq,0.0,0.0,108.5,2013-06-10,8.0,18.0,106.0,Chemical
Aimmune Therapeutics Inc.,California,AIMT,Nasdaq,1.6,219.6,221.2,2015-08-06,11.0,16.0,160.0,Health
Air Lease Corp,California,AL,New York,0.0,1348.5,2781.5,2011-01-14,5.9,26.5,802.5,Machinery
Airgain Inc.,California,AIRG,Nasdaq,0.0,1.8,44.4,2016-08-12,7.7,8.0,12.0,IT
Airvana Inc,Massachusetts,AIRV,Nasdaq,0.0,0.0,283.5,2007-04-19,12.2,7.0,58.1,IT
Akcea Therapeutics Inc.,Massachusetts,AKCA,Nasdaq,0.0,0.0,63.8,2017-07-14,8.1,8.0,125.0,Health
Akebia Therapeutics Inc.,Massachusetts,AKBA,Nasdaq,0.0,5.9,18.9,2014-03-20,0.4,17.0,100.0,Health
Akers Biosciences Inc.,New Jersey,AKER,Nasdaq,0.0,2354.2,4083.5,2014-01-23,11.6,5.5,15.0,Health
AlarmCom Holdings Inc.,Virginia,ALRM,Nasdaq,121.4,116.8,238.3,2015-06-26,10.6,14.0,98.0,IT
Alder Biopharmaceuticals Inc.,Washington,ALDR,Nasdaq,0.0,0.0,276.3,2014-05-08,10.6,10.0,80.0,Health
Alexza Pharmaceuticals Inc,California,ALXA,Nasdaq,0.0,5.7,86.1,2005-12-22,11.3,8.0,44.0,Chemical
Alibaba Group Holding Ltd,Maine,BABA,New York,14.4,0.2,36.8,2014-09-19,11.7,68.0,21767.2,Retail
Alimera Sciences Inc.,Georgia,ALIM,Nasdaq,0.0,1.7,533.5,2010-04-22,9.5,11.0,72.1,Health
Allegiance Bancshares Inc.,Texas,ABTX,Nasdaq,0.0,0.0,734.4,2015-10-08,8.6,21.0,54.6,Finance
Allegiant Travel Co,Nevada,ALGT,Nasdaq,24.0,57.9,189.8,2006-05-15,8.4,18.0,90.0,Transport
Allena Pharmaceuticals Inc.,Massachusetts,ALNA,Nasdaq,6.1,19.4,25.6,2017-11-02,9.4,14.0,74.7,Health
Alliance Data Systems Corp,Texas,ADS,New York,0.0,204.5,1304.8,2000-01-13,8.7,12.0,156.0,Consulting
Alliance Resource Partners LP,Oklahoma,ARLP,Nasdaq,0.0,230.0,261.7,1999-05-20,8.6,19.0,147.3,Mining
Allison Transmission Holdings Inc.,Indiana,ALSN,New York,76.3,14.8,222.8,2012-03-15,8.1,23.0,600.3,Retail
Ally Financial Inc,Michigan,ALLY,New York,5396.0,60915.0,146534.0,2010-08-03,1.0,25.0,2375.0,Finance
Alnylam Pharmaceuticals Inc,Massachusetts,ALNY,Nasdaq,0.0,5.7,39.3,2004-02-27,12.5,6.0,30.0,Agriculture
Alon USA Energy Inc,Texas,ALJ,New York,0.0,128.4,612.9,2005-05-11,8.1,16.0,163.2,Oil
Alpha & Omega Semiconductor Ltd,California,AOSL,Nasdaq,0.0,0.0,303.0,2010-04-29,13.7,18.0,91.5,IT
Alphatec Holdings Inc,California,ATEC,Nasdaq,0.0,3.3,115.7,2006-02-06,14.6,9.0,83.7,Health
Altair Engineering Inc.,Michigan,ALTR,Nasdaq,13.8,0.1,217.0,2017-11-01,9.3,13.0,156.0,IT
Alteryx Inc.,California,AYX,New York,0.0,24.1,59.0,2017-03-24,8.1,14.0,126.0,IT
Altice Usa Inc.,New York,ATUS,New York,13.9,349.3,363.2,2017-06-22,9.3,30.0,1918.3,Communications
Ambarella Inc.,California,AMBA,Nasdaq,453.4,24.3,477.7,2012-10-10,8.7,6.0,36.0,IT
Amber Road Inc.,New Jersey,AMBR,New York,0.0,4.3,459.1,2014-03-21,9.4,13.0,96.1,IT
Amc Entertainment Holdings Inc.,Kansas,AMC,New York,4.6,75.5,83.9,2013-12-18,8.5,18.0,331.6,Retail
Ameresco Inc.,Massachusetts,AMRC,New York,0.0,0.6,90.1,2010-07-22,10.2,10.0,87.0,Machinery
Ameri Holdings Inc.,Georgia,AMRH,Nasdaq,0.0,6.6,35.6,2017-11-17,10.3,4.1,6.1,IT
American Assets Trust Inc.,California,AAT,New York,11.0,368.1,23943.5,2011-01-13,5.9,20.5,563.8,Finance
American Commercial Lines LLC,Indiana,ACLI,Nasdaq,0.0,200.1,656.9,2005-07-19,8.4,21.0,173.3,Transport
American Dental Partners Inc,Massachusetts,ADPI,Nasdaq,0.0,8.0,58.4,1997-11-12,10.9,15.0,33.2,Health
American Equity Investment Life Holding Co,Iowa,AEL,New York,0.0,148.3,6580.3,2003-09-15,7.9,9.0,168.3,Finance
American Homes 4 Rent,California,AMH,New York,0.0,0.0,26607.2,2013-08-01,3.8,16.0,705.9,Finance
American Medical Systems Holdings Inc,Minnesota,AMMD,Nasdaq,0.0,40.0,176.9,2000-05-19,8.3,11.0,68.8,Health
American Midstream Partners Lp,Texas,AMID,New York,724.5,21.1,745.6,2011-07-27,8.0,21.0,78.8,Oil
American Realty Capital Trust Inc.,Pennsylvania,ARCT,Nasdaq,0.0,0.1,779.0,2012-03-01,8.3,6.0,39.6,Finance
American Renal Associates Holdings Inc.,Massachusetts,ARA,New York,0.0,0.0,23.4,2016-04-21,10.7,22.0,165.0,Health
American Water Works Co Inc,New Jersey,AWK,New York,0.0,4696.3,12268.0,2007-08-27,3.2,21.5,1247.0,Transport
Amphastar Pharmaceuticals Inc.,California,AMPH,Nasdaq,0.0,0.0,3.3,2014-06-25,8.4,7.0,56.0,Health
Amyris Inc.,California,AMRS,Nasdaq,1020.5,4.3,1024.8,2010-09-28,9.9,16.0,84.8,Chemical
Anaptysbio Inc.,California,ANAB,Nasdaq,0.0,0.4,3.0,2017-01-26,9.9,15.0,75.0,Health
Andatee China Marine Fuel Services Corp,New Jersey,AMCF,Nasdaq,33.3,60.2,93.5,2010-01-26,8.9,6.3,19.8,Oil
Angie'S List Inc.,Indiana,ANGI,Nasdaq,0.0,33.8,50.2,2011-11-17,7.9,13.0,114.3,IT
Antero Midstream Partners Lp,Colorado,AM,New York,0.0,156.6,156.6,2014-11-05,9.8,25.0,1000.0,Oil
Antero Resources Corp,Colorado,AR,New York,741.9,2079.0,5672.2,2013-05-06,4.2,44.0,1571.9,Oil
Apellis Pharmaceuticals Inc.,Kentucky,APLS,Nasdaq,0.0,0.0,47.7,2017-11-09,9.2,14.0,150.0,Health
Apollo Global Management Llc,New York,APO,New York,0.0,553.5,553.5,2011-03-30,7.4,19.0,565.4,Finance
Appfolio Inc.,California,APPF,Nasdaq,0.0,10.9,96.7,2015-06-26,6.1,12.0,74.4,IT
Appian Corp,Virginia,APPN,Nasdaq,0.0,0.0,59.4,2017-05-25,8.0,12.0,75.0,IT
Applied Genetic Technologies Corp,Florida,AGTC,Nasdaq,0.0,1384.4,1384.4,2014-03-27,11.7,12.0,50.0,Health
Applied Optoelectronics Inc,Texas,AAOI,Nasdaq,2.7,14.6,72.0,2013-08-13,12.6,10.0,36.0,Machinery
Aqua Metals Inc.,Nevada,AQMS,Nasdaq,0.0,127.0,750.2,2015-07-31,14.7,5.0,33.0,Machinery
Aquantia Corp,California,AQ,New York,444.8,7.5,452.3,2017-11-03,6.1,9.0,61.4,IT
Aquaventure Holdings Ltd,Oregon,WAAS,New York,0.0,306.8,306.8,2016-10-06,8.0,18.0,117.0,Energy
Aquinox Pharmaceuticals Inc.,Pennsylvania,AQXP,Nasdaq,0.0,0.0,1713.2,2014-03-07,11.6,11.0,46.2,Health
Aramark,Pennsylvania,ARMK,New York,289.4,307.8,597.2,2013-12-12,11.9,20.0,725.0,Retail
Aratana Therapeutics Inc.,Kansas,PETX,Nasdaq,0.0,0.0,8.0,2013-06-27,11.5,6.0,34.5,Health
Arbinet-thexchange Inc,Virginia,ARBX,Nasdaq,13.8,1.7,70.1,2004-07-09,8.5,17.5,114.4,IT
Arcadia Biosciences Inc.,Connecticut,RKDA,Nasdaq,954.2,0.3,954.4,2015-05-15,13.8,8.0,65.6,Chemical
Arcos Dorados Holdings Inc.,Maine,ARCO,New York,22.2,55.6,83.9,2011-04-14,8.2,17.0,1249.2,Retail
Ardagh Group SA,Connecticut,ARD,New York,96.6,273.3,369.9,2017-03-15,9.3,19.0,307.8,Retail
Ardelyx Inc.,California,ARDX,Nasdaq,0.0,0.0,160.8,2014-06-19,10.1,14.0,60.0,Health
Ardmore Shipping Corp,Michigan,ASC,New York,0.0,162.7,162.7,2013-08-01,8.1,14.0,140.0,Machinery
Arena Pharmaceuticals Inc,California,ARNA,Nasdaq,0.0,1.1,36.0,2000-04-28,8.0,18.0,108.0,Chemical
Ares Management Corp,California,ARES,New York,0.0,55.1,21271.1,2014-05-02,10.0,19.0,215.9,Finance
Argenx Se,Nebraska,ARGX,Nasdaq,0.0,18.7,3785.6,2017-05-18,8.4,17.0,99.7,Health
Arista Networks Inc.,California,ANET,New York,56.0,0.2,172.4,2014-06-06,10.8,43.0,225.8,IT
Armada Hoffler Properties Inc.,Virginia,AHH,New York,0.0,62.8,1082.2,2013-05-08,14.3,11.5,190.0,Finance
Artisan Partners Asset Management Inc.,Wisconsin,APAM,New York,0.0,1269.3,1269.3,2013-03-07,10.9,30.0,331.6,Finance
Aruba Networks Inc,California,ARUN,Nasdaq,0.0,0.0,56.7,2006-12-15,9.3,11.0,88.0,IT
Asbury Automotive Group Inc,Georgia,ABG,New York,158.3,429.7,1461.0,2001-07-27,10.2,16.5,127.1,Services
Ascendis Pharma A/S,Hawaii,ASND,Nasdaq,0.0,5.6,921.5,2015-01-28,9.7,18.0,108.0,Health
Ascent Solar Technologies Inc,Colorado,ASTI,Nasdaq,0.0,0.0,1.2,2006-01-23,15.2,5.5,16.5,Machinery
Ashford Hospitality Trust Inc,Texas,AHT,New York,0.0,16.5,92.7,2003-05-15,8.4,9.0,202.5,Finance
Aspen Aerogels Inc.,Massachusetts,ASPN,New York,0.0,204.0,204.0,2014-06-13,10.3,11.0,82.5,Chemical
Asv Holdings Inc.,Minnesota,ASV,Nasdaq,0.0,0.0,122.9,2017-05-12,7.6,7.0,26.6,Machinery
Atara Biotherapeutics Inc.,California,ATRA,Nasdaq,0.0,1668.1,1687.8,2014-10-16,4.2,11.0,55.0,Health
Atento SA,Pennsylvania,ATTO,New York,6.5,1.4,151.7,2014-10-02,7.2,15.0,150.0,Machinery
Athenex Inc.,New York,ATNX,Nasdaq,71.8,0.0,71.8,2017-06-14,8.5,11.0,66.0,Health
AtheroGenics Inc,Georgia,AGIX,Nasdaq,0.0,0.1,12.2,2000-02-25,9.5,8.0,48.0,Chemical
Athlon Energy Inc,Texas,ATHL,New York,145.4,500.0,1024.2,2013-04-30,6.2,20.0,315.8,Oil
Atkore International Group Inc.,Illinois,ATKR,New York,0.0,2.5,1532.8,2016-06-10,7.0,16.0,192.0,Machinery
Atlas Financial Holdings Inc.,Illinois,AFH,Nasdaq,2452.9,1053.0,23961.9,2013-02-12,2.1,5.9,24.1,Finance
Atlassian Corp Plc,California,TEAM,Nasdaq,0.0,0.0,40.0,2015-12-10,12.1,21.0,462.0,IT
Atossa Genetics Inc.,Washington,ATOS,Nasdaq,1.8,904.5,906.3,2012-11-08,6.3,5.0,4.0,Health
AtriCure Inc,Ohio,ATRC,Nasdaq,0.0,1.2,12.5,2005-04-20,12.0,12.0,48.0,Health
Atyr Pharma Inc.,California,LIFE,Nasdaq,0.0,6.9,20.0,2015-05-07,8.6,14.0,75.0,Health
Audentes Therapeutics Inc.,California,BOLD,Nasdaq,0.0,2.9,12.7,2016-07-20,10.1,15.0,75.0,Health
Auris Medical Holding Ltd,California,EARS,Nasdaq,0.0,0.0,53.1,2014-08-06,12.0,6.0,56.4,Health
Autohome Inc.,Minnesota,ATHM,New York,0.0,0.0,9.4,2013-12-11,7.2,17.0,132.9,IT
Auxilium Pharmaceuticals Inc,Pennsylvania,AUXL,Nasdaq,0.0,0.3,35.3,2004-04-21,11.2,7.5,41.3,Chemical
Avalon Pharmaceuticals Inc,Maryland,AVRX,Nasdaq,0.0,0.0,24.4,2005-05-03,12.2,10.5,28.9,Agriculture
Aventine Renewable Energy Holdings Inc,Illinois,AVR,New York,0.0,160.0,238.0,2006-03-30,5.6,43.0,389.5,Chemical
Avenue Therapeutics Inc.,New York,ATXI,Nasdaq,0.0,0.0,119.0,2017-06-27,8.6,6.0,33.0,Health
Aveo Pharmaceuticals Inc.,Massachusetts,AVEO,Nasdaq,0.0,413.6,415.2,2010-03-12,9.3,9.0,81.0,Health
Avianca Holdings SA,Michigan,AVH,New York,0.0,5.6,41.4,2013-11-06,8.7,15.0,408.5,Machinery
Avinger Inc,California,AVGR,Nasdaq,0.0,25.8,24.8,2014-12-30,12.5,13.0,65.0,Health
Axalta Coating Systems Ltd,Pennsylvania,AXTA,New York,8.2,120.4,128.6,2014-11-12,10.8,19.5,975.0,Chemical
Axogen Inc,Florida,AXGN,Nasdaq,0.0,24.3,15.7,2013-05-14,9.8,3.0,18.0,Agriculture
Axsome Therapeutics Inc.,New York,AXSM,Nasdaq,0.0,10.1,45.8,2015-11-19,12.6,9.0,51.0,Health
Azure Power Global Ltd,Massachusetts,AZRE,New York,57.4,0.0,57.4,2016-10-12,14.0,18.0,61.4,Energy
Azurrx Biopharma Inc.,New York,AZRX,Nasdaq,18.9,0.0,18.9,2016-10-11,7.5,5.5,5.3,Health
BCB Bancorp Inc,New Jersey,BCBP,Nasdaq,7.8,54.1,398.1,2005-09-09,9.4,15.3,16.8,Finance
Bank Of NT Butterfield & Son Ltd,Oregon,NTB,New York,3719.9,2165.3,12395.9,2016-09-16,8.9,23.5,250.0,Finance
BankUnited Inc,Florida,BKU,New York,375.5,2250.5,10869.6,2010-08-13,5.6,27.0,783.0,Finance
Bankrate Inc,Florida,RATE,New York,38.7,0.0,260.3,2011-04-15,20.1,15.0,300.0,Consulting
Bankwell Financial Group Inc.,Connecticut,BWFG,Nasdaq,0.0,0.0,425.3,2014-05-15,7.5,18.0,48.6,Finance
Baozun Inc.,Georgia,BZUN,Nasdaq,97.5,1114.5,1212.0,2015-05-21,7.9,10.0,110.0,Retail
Bare Escentuals Inc,California,BARE,Nasdaq,103.3,690.0,119.8,2006-06-30,7.5,22.0,352.0,Chemical
Basic Energy Services Inc,Texas,BAS,New York,0.0,119.2,426.6,2005-08-12,7.1,20.0,250.0,Oil
Beacon Power Corp,Massachusetts,BCON,Nasdaq,0.0,0.1,24.2,2000-08-09,9.1,6.0,48.0,Engineering
Beigene Ltd,Idaho,BGNE,Nasdaq,0.0,52.6,687.9,2016-02-03,10.7,24.0,158.4,Health
Bellerophon Therapeutics Inc.,New Jersey,BLPH,Nasdaq,481.2,1574.5,2055.7,2015-02-13,11.2,12.0,60.0,Health
Bellicum Pharmaceuticals Inc.,Texas,BLCM,Nasdaq,23.9,7.4,488.9,2014-12-18,17.9,19.0,139.7,Health
Benefitfocus Inc,South Carolina,BNFT,Nasdaq,0.0,15.3,54.8,2013-03-20,8.3,26.5,130.8,IT
Benitec Biopharma Ltd/Adr,New York,BNTC,Nasdaq,0.0,1.3,631.1,2015-08-18,15.8,9.2,13.8,Health
Berry Global Group Inc.,Indiana,BERY,New York,359.4,43.0,402.4,2012-10-04,7.7,16.0,470.6,Retail
Beyondspring Inc.,New York,BYSI,Nasdaq,0.0,0.0,31.4,2017-03-09,16.6,20.0,3.5,Health
Bg Medicine Inc.,Massachusetts,BGMD,Nasdaq,0.0,246.3,2004.8,2011-02-04,6.6,7.0,35.0,Health
BioAmber Inc,Minnesota,BIOA,New York,0.0,0.3,49.3,2011-11-10,10.1,10.0,80.0,Chemical
BioFuel Energy Corp,Colorado,BIOF,Nasdaq,0.0,55.0,141.9,2006-12-08,12.2,10.5,55.1,Chemical
BioMed Realty Trust Inc,California,BMR,New York,0.0,54.5,53.2,2004-05-05,7.9,15.0,405.0,Finance
BioMimetic Therapeutics Inc,Tennessee,BMTI,Nasdaq,0.0,0.0,47.7,2006-02-10,14.9,8.0,36.8,Health
Biocept Inc.,California,BIOC,Nasdaq,0.0,0.0,25.1,2014-02-05,11.6,10.0,19.0,Health
Biohaven Pharmaceutical Holding Co Ltd,Connecticut,BHVN,New York,0.0,37.5,37.5,2017-05-04,0.3,17.0,168.3,Health
Biondvax Pharmaceuticals Ltd,Idaho,BVXV,Nasdaq,0.0,24.8,24.8,2015-05-12,8.1,5.0,9.6,Health
Black Stone Minerals LP,Texas,BSM,New York,95.0,1170.4,1265.4,2015-05-01,7.0,19.0,427.5,Oil
Blackline Inc.,California,BL,Nasdaq,6.5,7.0,2838.8,2016-10-28,11.7,17.0,146.2,IT
Blackstone Group LP,New York,BX,New York,0.0,86.5,39365.5,2007-03-22,5.3,31.0,4133.3,Finance
Bloomin' Brands Inc.,Florida,BLMN,Nasdaq,0.0,98.4,396.2,2012-08-08,12.1,11.0,176.0,Retail
Blue Apron Holdings Inc.,New York,APRN,New York,35.9,39.8,3839.5,2017-06-29,12.2,10.0,300.0,Retail
Blue Capital Reinsurance Holdings Ltd,Pennsylvania,BCRH,New York,0.0,14.8,48207.2,2013-11-06,12.5,20.0,125.0,Finance
Blue Nile Inc,Washington,NILE,Nasdaq,0.0,0.0,38.6,2004-03-11,9.3,20.5,76.7,IT
Bluebird Bio Inc.,Massachusetts,BLUE,Nasdaq,0.0,0.4,122.6,2013-06-19,13.1,17.0,101.0,Health
Bluegreen Vacations Corp,Florida,BXG,New York,197.2,571.8,1172.3,2017-10-23,7.4,14.0,91.0,Finance
Blueprint Medicines Corp,Massachusetts,BPMC,Nasdaq,0.0,553.6,1453.9,2015-04-30,13.2,18.0,146.6,Health
Bluerock Residential Growth Reit Inc.,New York,BRG,American,0.0,14.2,660.5,2014-03-28,7.2,14.5,50.0,Finance
Boardwalk Pipeline Partners LP,Texas,BWP,New York,236.9,1101.3,2438.4,2005-08-16,6.8,19.5,292.5,Oil
BofI Holding Inc,California,BOFI,Nasdaq,0.0,126.7,512.6,2004-12-16,10.0,11.5,35.1,Finance
Boingo Wireless Inc.,California,WIFI,Nasdaq,29.2,0.0,1163.8,2011-05-04,8.6,13.5,77.9,Communications
Boise Cascade Co,Idaho,BBC,New York,100.8,250.0,836.4,2012-11-15,6.6,21.0,247.1,Timber
Boise Cascade Co,Idaho,BCC,New York,0.0,0.0,12.9,2013-02-06,14.5,21.0,247.1,Chemical
Bonanza Creek Energy Inc.,Colorado,BCEI,New York,171.8,143.8,1676.8,2011-12-15,5.9,17.0,170.0,Oil
Boot Barn Holdings Inc.,California,BOOT,New York,73.4,1499.9,1573.3,2014-10-30,5.9,16.0,80.0,Retail
Bottomline Technologies Inc,New Hampshire,EPAY,Nasdaq,3.7,0.0,11.3,1998-11-13,9.8,13.0,44.2,IT
Box Inc.,California,BOX,New York,0.0,0.0,2697.0,2015-01-23,9.5,14.0,175.0,IT
Boxlight Corp,Georgia,BOXL,Nasdaq,40.8,0.0,40.8,2017-11-30,7.7,7.0,7.0,IT
Bp Midstream Partners Lp,Texas,BPMP,New York,0.0,19.9,764.6,2017-10-26,10.5,18.0,765.0,Oil
BreitBurn Energy Partners LP,California,BBEP,Nasdaq,0.0,2.0,366.6,2006-05-12,9.7,18.5,111.0,Oil
Bridgeline Software Inc,Massachusetts,BLSW,Nasdaq,0.0,0.1,9.4,2006-12-13,14.6,5.0,15.0,IT
Bright Horizons Family Solutions Inc.,Massachusetts,BFAM,New York,0.0,88.2,319.3,2013-01-25,10.5,22.0,222.2,Retail
Bright Scholar Education Holdings Ltd,Washington,BEDU,New York,0.0,101.7,142336.9,2017-05-18,13.3,10.5,157.5,Food
Brightcove Inc.,Massachusetts,BCOV,Nasdaq,0.0,5.8,1234.8,2012-02-17,10.3,11.0,55.0,IT
Brixmor Property Group Inc.,New York,BRX,New York,0.0,245.3,245.3,2013-10-30,13.9,20.0,825.0,Finance
Broadcom Corp,California,BRCM,Nasdaq,0.0,0.0,73.1,1998-02-05,8.4,24.0,84.0,Machinery
Bronco Drilling Co Inc,Oklahoma,BRNC,Nasdaq,13.0,36.3,118.9,2005-06-01,7.7,17.0,86.7,Oil
Brookdale Senior Living Inc,Tennessee,BKD,New York,0.0,754.2,1471.9,2005-08-09,9.3,19.0,210.4,Health
Brookfield Renewable Energy Partners LP,Idaho,BEP,New York,0.0,24.3,28.0,2013-06-11,12.2,10.0,500.0,Energy
Bucyrus International Inc,Wisconsin,BUCY,Nasdaq,36.1,98.8,345.5,2004-04-08,8.3,18.0,193.5,Machinery
Buffalo Wild Wings Inc,Minnesota,BWLD,Nasdaq,13.4,0.0,54.3,2003-09-11,8.8,17.0,51.0,Restaurant
Builders FirstSource Inc,Texas,BLDR,Nasdaq,0.0,365.0,709.5,2005-02-14,7.7,16.0,196.0,Timber
Burlington Stores Inc.,New Jersey,BURL,New York,0.0,10.8,302.6,2013-10-02,9.3,17.0,226.7,Food
Byline Bancorp Inc.,South Carolina,BY,New York,0.0,0.0,1616.5,2017-06-30,6.4,19.0,108.3,Finance
CB Richard Ellis Group Inc,California,CBG,New York,121.9,752.4,1893.9,2004-02-17,6.5,19.0,456.0,Finance
CBOE Holdings Inc,Illinois,CBOE,Nasdaq,0.0,0.0,632.5,2010-03-11,7.1,29.0,339.3,Finance
CBS Outdoor Americas Inc,New York,CBSO,New York,433.4,1598.0,3355.5,2013-06-27,4.9,28.0,560.0,Media
CF Industries Holdings Inc,Illinois,CF,New York,0.0,4.2,1453.9,2005-05-16,6.5,16.0,660.0,Chemical
CIENA Corp,Maryland,CIEN,Nasdaq,18.3,0.0,67.4,1996-12-12,7.9,23.0,112.2,IT
CPI International Inc,California,CPII,Nasdaq,0.0,246.8,445.8,2005-12-23,8.6,18.0,127.1,Energy
CUI Global Inc,Oregon,CUGI,Nasdaq,1.6,7.3,32.0,2011-10-31,19.0,4.5,10.0,Energy
CVR Energy Inc,Texas,CVI,New York,0.0,484.3,1848.6,2006-09-26,8.8,19.0,380.0,Oil
CVR Partners LP,Texas,UAN,New York,50.0,125.0,479.5,2010-12-20,6.9,16.0,307.2,Chemical
Cadence Bancorporation,Texas,CADE,New York,5827.7,52.5,269635.9,2017-04-13,7.1,20.0,150.0,Finance
Cadence Pharmaceuticals Inc,California,CADX,Nasdaq,0.0,4.7,45.1,2006-07-17,9.9,9.0,54.0,Chemical
Caesars Entertainment Corp,Nevada,CZR,Nasdaq,1642.6,19791.3,28515.6,2011-11-15,17.7,9.0,16.3,Services
Caesarstone Ltd,North Carolina,CSTE,Nasdaq,0.0,4.7,143.3,2012-03-22,16.5,11.0,73.3,Chemical
CafePress Inc,California,PRSS,Nasdaq,13.7,2.6,86.9,2011-06-10,10.3,19.0,85.5,Retail
Cal Dive International Inc,Texas,DVR,New York,0.0,181.7,405.4,2006-05-31,7.9,13.0,288.2,Oil
Calithera Biosciences Inc,California,CALA,Nasdaq,0.0,0.0,39.6,2014-08-25,10.4,10.0,80.0,Chemical
Calix Inc.,California,CALX,New York,4.0,0.0,104.4,2010-03-24,12.1,13.0,82.3,IT
Calumet Specialty Products Partners LP,Indiana,CLMT,Nasdaq,0.0,64.1,399.7,2005-10-07,8.6,21.5,137.5,Oil
Calyxt Inc.,Minnesota,CLXT,Nasdaq,0.0,102.9,2061.9,2017-07-20,7.1,8.0,56.0,Food
Camping World Holdings Inc.,Illinois,CWH,New York,362.4,93.3,3462.6,2016-10-07,6.6,22.0,250.0,Retail
Campus Crest Communities Inc,North Carolina,CCG,New York,0.0,103.3,327.5,2010-05-14,7.9,12.5,354.2,Finance
Capella Education Co,Minnesota,CPLA,Nasdaq,0.0,0.0,108.9,2005-04-18,10.8,20.0,80.0,IT
Capital Bank Financial Corp,North Carolina,CBF,Nasdaq,45.8,140.8,6163.2,2011-06-23,8.6,18.0,180.0,Finance
Capstar Financial Holdings Inc.,Tennessee,CSTR,Nasdaq,63.8,0.0,3014.7,2016-09-22,10.8,15.0,38.8,Finance
Cara Therapeutics Inc.,Connecticut,CARA,Nasdaq,370.3,0.0,370.3,2014-01-31,4.9,11.0,55.0,Health
Carbonite Inc.,Massachusetts,CARB,Nasdaq,12.7,10.8,64.8,2011-08-11,12.2,10.0,62.5,IT
CardioNet Inc,Pennsylvania,BEAT,Nasdaq,6.4,1.4,150.1,2007-08-17,10.9,18.0,81.0,Health
Cardtronics Inc,Texas,CATM,Nasdaq,53.2,308.7,562.5,2007-09-07,8.3,10.0,120.0,Consulting
CareCom Inc.,Massachusetts,CRCM,New York,0.4,102.5,102.8,2014-01-24,8.6,17.0,91.0,IT
Caredx Inc.,California,CDNA,Nasdaq,0.0,0.0,49.1,2014-07-17,6.8,10.0,40.0,Health
Cargurus Inc.,Massachusetts,CARG,Nasdaq,0.0,15.7,97.1,2017-10-12,10.0,16.0,150.4,IT
Carrols Restaurant Group Inc,New York,TAST,Nasdaq,74.5,356.0,483.7,2006-09-22,8.9,13.0,130.0,Restaurant
Carvana Co,Arizona,CVNA,New York,0.0,0.2,257.5,2017-04-28,9.1,15.0,225.0,Retail
Casa Systems Inc.,Massachusetts,CASA,Nasdaq,0.0,3.9,8.9,2017-12-15,13.9,13.0,78.0,IT
Castle Brands Inc,New York,ROX,American,0.0,13.6,43.6,2005-09-29,14.5,9.0,31.5,Food
Castlight Health Inc.,California,CSLT,New York,3.4,0.0,36.2,2014-03-14,2.0,16.0,177.6,IT
Catabasis Pharmaceuticals Inc.,Massachusetts,CATB,Nasdaq,0.0,2587.1,2587.1,2015-06-25,2.7,12.0,60.0,Health
Catalent Inc.,New Jersey,CTLT,New York,0.0,0.0,3.5,2014-07-31,10.5,20.5,871.3,Health
Catalyst Pharmaceutical Partners Inc,Florida,CPRX,Nasdaq,0.0,0.0,3.5,2006-07-25,12.0,6.0,20.1,Chemical
Catasys Inc,California,CATS,Nasdaq,0.0,0.0,2.9,2017-02-10,10.7,4.8,15.0,Health
Catchmark Timber Trust Inc.,Georgia,CTT,New York,59.7,192.4,252.2,2013-12-12,8.3,13.5,142.1,Finance
Cbtx Inc.,Texas,CBTX,Nasdaq,258.7,166.6,35543.7,2017-11-08,10.4,26.0,62.4,Finance
Cdw Corp,Illinois,CDW,Nasdaq,0.0,1738.8,1738.8,2013-06-27,8.9,17.0,395.3,IT
Celanese Corp,Texas,CE,New York,412.0,3300.0,7368.0,2004-11-03,5.4,16.0,800.0,Chemical
Celcuity Inc.,Minnesota,CELC,Nasdaq,0.0,3.5,5.9,2017-09-20,9.9,9.5,22.8,Health
Cellectis SA,Maryland,CLLS,Nasdaq,0.0,221.1,249.5,2015-03-25,6.8,41.5,228.3,Health
Cellu Tissue Holdings Inc,Georgia,CLU,New York,0.0,242.5,502.1,2009-10-16,9.4,13.0,107.9,Chemical
Cellular Dynamics International Inc,Wisconsin,ICEL,Nasdaq,0.0,11.8,52.6,2013-06-03,11.7,12.0,46.2,Chemical
Celyad SA,Kansas,CYAD,Nasdaq,0.0,3.3,150.6,2015-06-19,16.3,68.6,100.1,Health
Century Communities Inc.,Colorado,CCS,New York,64.3,14.1,78.4,2014-06-18,10.0,23.0,103.0,Retail
ChannelAdvisor Corp,North Carolina,ECOM,New York,0.0,9.7,48.7,2012-09-28,10.3,14.0,80.5,IT
Charles River Laboratories International Inc,Massachusetts,CRL,New York,0.0,393.4,301.0,2000-04-25,7.6,16.0,224.0,Chemical
Chatham Lodging Trust,Florida,CLDT,New York,3.5,0.0,151.2,2009-11-04,8.2,20.0,150.0,Finance
Cheetah Mobile Inc.,Maryland,CMCM,New York,0.0,147.7,147.7,2014-05-08,6.6,14.0,168.0,IT
Chegg Inc,California,CHGG,New York,0.0,0.0,229.3,2013-06-12,9.0,12.5,187.5,IT
Chemocentryx Inc.,California,CCXI,Nasdaq,0.0,3.1,61.1,2012-02-08,8.1,10.0,45.0,Health
Cherry Hill Mortgage Investment Corp,New Jersey,CHMI,New York,0.0,0.0,1066.1,2013-10-04,5.8,20.0,130.0,Finance
Chesapeake Energy Corp,Oklahoma,CHKR,New York,0.0,328.8,328.8,2011-11-14,8.9,19.0,380.0,Oil
Chiasma Inc.,Massachusetts,CHMA,Nasdaq,0.0,0.0,14.6,2015-07-16,8.5,16.0,101.8,Health
Chicken Soup For The Soul Entertainment Inc.,Connecticut,CSSE,Nasdaq,0.0,93.4,408.1,2017-08-18,1.6,12.0,30.0,Retail
Chimerix Inc.,North Carolina,CMRX,Nasdaq,0.0,0.8,62.8,2013-04-11,7.9,14.0,102.5,Health
China Customer Relations Centers Inc.,Kentucky,CCRC,Nasdaq,0.0,0.4,150.1,2015-12-21,8.2,4.0,9.6,Machinery
China Internet Nationwide Financial Services Inc.,North Carolina,CIFS,Nasdaq,42.5,0.0,985.4,2017-08-08,7.7,10.0,20.2,Finance
China Online Education Group,Tennessee,COE,New York,0.0,261.8,261.8,2016-06-10,8.6,19.0,45.6,Food
China Rapid Finance Ltd,Massachusetts,XRF,New York,24.8,0.0,60.1,2017-04-28,10.2,6.0,60.0,Finance
Chinacache International Holdings Ltd,Colorado,CCIH,Nasdaq,0.0,18.6,1089.2,2010-10-01,8.4,13.9,84.2,IT
Chuy's Holdings Inc,Texas,CHUY,Nasdaq,16.7,4.2,120.9,2011-08-05,9.4,13.0,75.8,Restaurant
Cidara Therapeutics Inc.,California,CDTX,Nasdaq,0.0,0.0,23.8,2015-04-15,10.3,16.0,76.8,Health
Citizens Financial Group Inc,Rhode Island,CFG,New York,1355.0,2062.0,130279.0,2013-02-23,2.0,21.5,3010.0,Finance
Citrix Systems Inc,Florida,CTXS,Nasdaq,0.3,0.1,3.9,1995-10-24,9.6,15.0,37.5,IT
City Office Reit Inc.,Nebraska,CIO,New York,10.1,0.0,3539.2,2014-04-15,8.1,12.5,72.5,Finance
Clayton Holdings Inc,Connecticut,CLAY,Nasdaq,31.3,79.9,247.5,2005-11-07,10.5,17.0,127.5,Consulting
Clean Energy Fuels Corp,California,CLNE,Nasdaq,0.0,0.2,139.8,2006-09-06,9.3,12.0,120.0,Oil
Clearside Biomedical Inc.,North Carolina,CLSD,Nasdaq,277.0,0.0,277.0,2016-06-02,8.5,7.0,50.4,Health
Clearsign Combustion Corp,Washington,CLIR,Nasdaq,46.8,0.1,47.0,2012-04-25,8.0,4.0,12.0,Machinery
Clearwire Corp,Nevada,CLWR,Nasdaq,0.0,649.3,2627.4,2006-12-19,6.8,25.0,600.0,IT
Cleveland Biolabs Inc,New York,CBLI,Nasdaq,0.0,0.1,2.4,2006-02-17,12.9,6.0,10.2,Agriculture
Clipper Realty Inc.,New York,CLPR,New York,0.0,145.7,135215.1,2017-02-10,8.4,13.5,77.0,Finance
Cloudera Inc.,California,CLDR,New York,0.0,0.0,35.4,2017-04-28,9.2,15.0,225.0,IT
Co-Diagnostics Inc.,Utah,CODX,Nasdaq,0.0,6.7,238.8,2017-07-12,11.1,6.0,7.1,Health
Codexis Inc.,California,CDXS,Nasdaq,4.5,0.0,546.0,2010-04-22,12.2,13.0,78.0,Health
Cogdell Spencer Inc,North Carolina,CSA,New York,0.0,144.9,177.6,2005-08-10,9.9,17.0,98.6,Finance
Cohen & Steers Inc,New York,CNS,New York,0.0,1.7,44.0,2004-03-30,11.1,13.0,97.5,Finance
Coherus Biosciences Inc,California,CHRS,Nasdaq,0.0,0.0,129.2,2014-09-25,10.7,13.5,85.0,Agriculture
Coley Pharmaceutical Group Inc,Massachusetts,COLY,Nasdaq,0.0,2.8,70.7,2005-04-20,8.5,16.0,96.0,Chemical
Colfax Corp,Maryland,CFX,New York,0.0,94.4,875.5,2008-01-04,8.2,18.0,337.5,Machinery
Collectors Universe Inc,California,CLCT,Nasdaq,0.0,0.0,15.7,1999-09-02,9.9,6.0,24.0,Consulting
Collegium Pharmaceutical Inc.,Massachusetts,COLL,Nasdaq,7.0,0.0,66.5,2015-05-07,7.2,12.0,69.6,Health
Color Kinetics Inc,Massachusetts,CLRK,Nasdaq,0.1,0.0,67.0,2004-04-09,11.3,10.0,40.0,Machinery
Columbia Sportswear Co,Oregon,COLM,Nasdaq,51.8,2.8,174.5,1997-12-24,7.5,18.0,100.8,Clothes
CommVault Systems Inc,New Jersey,CVLT,Nasdaq,0.0,0.0,78.1,2006-03-17,8.3,14.5,161.1,IT
Commercial Vehicle Group Inc,Ohio,CVGI,Nasdaq,0.0,71.3,210.8,2004-05-21,8.2,13.0,120.3,Machinery
Commscope Holding Company Inc.,North Carolina,COMM,Nasdaq,16.0,0.0,26.0,2013-10-25,10.5,15.0,576.9,IT
Community Health Systems Inc,Tennessee,CYH,New York,0.0,1296.4,1937.7,2000-03-06,0.4,13.0,243.8,Health
Community Healthcare Trust Inc.,Tennessee,CHCT,New York,0.0,0.0,476.4,2015-05-21,8.2,19.0,118.8,Finance
Compellent Technologies Inc,Minnesota,CML,NYSE Arca,0.0,0.0,27.6,2007-07-02,9.1,13.5,81.0,IT
Complete Genomics Inc.,California,GNOM,Nasdaq,0.0,42.7,71.9,2010-11-11,13.9,9.0,54.0,Finance
Complete Production Services Inc,Texas,CPX,New York,0.0,434.8,1059.7,2005-09-30,6.7,24.0,624.0,Oil
Comstock Homebuilding Cos Inc,Virginia,CHCI,Nasdaq,0.0,45.7,117.8,2004-08-13,10.7,16.0,63.4,Services
Conatus Pharmaceuticals Inc.,California,CNAT,Nasdaq,0.0,0.0,53.6,2013-07-25,9.7,11.0,66.0,Health
Conceptus Inc,California,CPTS,Nasdaq,0.0,0.0,6.1,1995-11-30,8.7,14.0,42.0,Health
Concert Pharmaceuticals Inc.,Massachusetts,CNCE,Nasdaq,0.0,0.0,10.6,2014-02-13,12.8,14.0,84.0,Health
Concho Resources Inc,Texas,CXO,New York,0.0,343.9,1401.5,2007-04-24,8.1,11.5,240.2,Oil
Concur Technologies Inc,Washington,CNQR,Nasdaq,0.0,7.0,25.0,1998-08-26,9.0,12.5,38.8,IT
Conformis Inc.,Massachusetts,CFMS,Nasdaq,0.0,0.0,3772.1,2015-07-01,15.3,15.0,135.0,Health
ConnectOne Bancorp Inc,New Jersey,CNOB,Nasdaq,17.0,77.6,925.6,2013-01-11,6.3,28.0,44.8,Finance
Connecture Inc,Wisconsin,CNXR,Nasdaq,0.0,48.6,87.5,2014-10-20,14.6,8.0,53.1,IT
Consolidated Communications Holdings Inc,Illinois,CNSL,Nasdaq,0.0,560.0,959.7,2004-12-08,10.5,13.0,203.7,IT
Constellation Energy Partners LLC,Maryland,CEP,New York,16.1,22.0,201.7,2006-06-13,9.3,21.0,94.5,Oil
Constellium NV,Oregon,CSTM,New York,0.0,0.0,147.2,2013-05-23,11.6,15.0,333.3,Chemical
Container Store Group Inc.,Texas,TCS,New York,54.5,74.9,512.9,2013-11-01,10.1,18.0,225.0,Retail
Continental Building Products Inc.,Virginia,CBPX,New York,0.0,0.0,2.7,2014-02-05,8.9,14.0,164.7,Chemical
Control4 Corp,Utah,CTRL,Nasdaq,0.0,4.9,48.0,2013-08-02,2.4,16.0,64.0,IT
Controladora Vuela Compania De Aviacion SAB De CV,Pennsylvania,VLRS,New York,3.1,91.7,94.8,2013-09-18,8.1,12.0,271.8,Machinery
Converted Organics Inc,Massachusetts,COIN,Nasdaq,0.0,17.5,1.6,2006-06-21,19.6,5.5,9.9,Chemical
Copano Energy LLC,Texas,CPNO,Nasdaq,0.0,57.0,139.9,2004-07-30,7.8,20.0,100.0,Oil
Corcept Therapeutics Inc,California,CORT,Nasdaq,0.0,0.0,10.5,2004-02-10,9.0,12.0,54.0,Chemical
Coresite Realty Corp,Colorado,COR,New York,443.6,0.0,531.5,2010-09-23,14.2,16.0,270.4,Finance
Cornerstone Ondemand Inc.,California,CSOD,Nasdaq,0.0,535.2,535.2,2011-03-17,7.5,13.0,136.5,IT
Corvus Pharmaceuticals Inc.,California,CRVS,Nasdaq,22.4,0.0,93.2,2016-03-23,7.2,15.0,70.5,Health
Costamare Inc.,Wisconsin,CMRE,New York,2.7,77.1,79.8,2010-11-04,14.9,12.0,159.6,Machinery
County Bancorp Inc.,Wisconsin,ICBK,Nasdaq,12.9,128.6,3714.4,2015-01-16,7.4,15.8,18.6,Finance
Coupa Software Inc.,California,COUP,Nasdaq,0.0,0.2,167.2,2016-10-06,8.9,18.0,133.2,IT
Covisint Corp,Michigan,COVS,Nasdaq,0.0,0.0,96.0,2012-06-10,10.1,10.0,64.0,IT
Cowen Group Inc,New York,COWN,Nasdaq,0.0,0.0,789.9,2006-03-21,10.3,16.0,179.5,Finance
Cpi Card Group Inc.,Colorado,PMTS,Nasdaq,0.0,1367.2,1367.2,2015-10-09,9.3,10.0,150.0,Machinery
Criteo SA,Louisiana,CRTO,Nasdaq,0.0,0.0,34.6,2013-10-30,10.9,31.0,250.6,IT
Crocs Inc,Colorado,CROX,Nasdaq,30.2,1.1,76.9,2005-08-15,7.7,21.0,207.9,Clothes
Crosstex Energy Inc,Texas,XTXI,Nasdaq,45.4,62.7,375.8,2003-10-30,9.4,19.5,45.0,Oil
Crosstex Energy LP,Texas,XTEX,Nasdaq,4.4,47.5,168.4,2002-08-07,12.4,20.0,40.0,Oil
Cue Biopharma Inc.,Massachusetts,CUE,Nasdaq,0.0,1.1,24.9,2018-01-02,15.1,7.5,66.2,Health
Curo Group Holdings Corp,Kansas,CURO,New York,8.8,0.0,2801.4,2017-12-07,3.6,14.0,93.3,Finance
Customers Bancorp Inc,Pennsylvania,CUUU,Nasdaq,45.4,507.0,3458.6,2013-05-09,4.9,16.8,90.0,Finance
Cvent Inc,Virginia,CVT,New York,0.0,0.0,90.4,2012-11-06,8.7,21.0,117.6,IT
Cyan Inc,California,CYNI,New York,0.0,4.2,63.1,2012-11-20,9.9,11.0,88.0,IT
Cyberark Software Ltd,North Carolina,CYBR,Nasdaq,0.0,0.0,32.0,2014-09-24,1.2,16.0,14.4,IT
Cypress Energy Partners LP,Oklahoma,CELP,New York,0.0,12.2,96.4,2014-01-15,6.1,20.0,75.0,Oil
Cyrusone Inc.,Texas,CONE,Nasdaq,60.3,338.0,13326.6,2013-01-18,8.0,19.0,313.5,Finance
Cytomx Therapeutics Inc.,California,CTMX,Nasdaq,22.3,0.0,23.7,2015-10-08,6.8,12.0,80.0,Health
DURECT Corp,California,DRRX,Nasdaq,0.0,0.9,45.3,2000-04-20,8.3,12.0,84.0,Chemical
Daqo New Energy Corp,Georgia,DQ,New York,0.0,61.7,70.6,2010-10-07,16.0,9.5,76.0,IT
Dave & Buster'S Entertainment Inc.,Texas,PLAY,Nasdaq,4.1,1548.7,1552.8,2014-10-10,6.6,16.0,94.1,Retail
Davidstea Inc.,Georgia,DTEA,Nasdaq,0.0,3.1,85.6,2015-06-05,5.8,19.0,96.9,Food
Dbv Technologies SA,Maryland,DBVT,Nasdaq,445.5,0.3,445.8,2014-10-22,6.9,21.6,92.6,Health
DealerTrack Holdings Inc,New York,TRAK,Nasdaq,0.0,0.4,138.0,2005-07-27,7.9,17.0,170.0,IT
Debt Resolve Inc,New York,DRV,American,0.0,0.0,0.7,2006-07-20,14.8,5.0,12.5,IT
Deciphera Pharmaceuticals Inc.,Massachusetts,DCPH,Nasdaq,0.0,0.0,3917.1,2017-09-28,14.3,17.0,127.5,Health
Del Frisco's Restaurant Group LLC,Texas,DFRG,Nasdaq,35.8,0.0,236.8,2012-01-24,11.3,13.0,75.4,Restaurant
Delek Logistics Partners Lp,Tennessee,DKL,New York,3.6,51.9,179.5,2012-11-02,6.1,21.0,168.0,Oil
Delek US Holdings Inc,Tennessee,DK,New York,0.0,211.4,621.8,2006-02-08,8.4,16.0,160.0,Oil
Deltek Inc,Virginia,PROJ,Nasdaq,0.0,192.8,147.9,2007-05-08,11.1,18.0,162.0,IT
Denali Therapeutics Inc.,California,DNLI,Nasdaq,0.0,29.3,60.4,2017-12-08,6.7,18.0,250.0,Health
Dendreon Corp,Washington,DNDN,Nasdaq,0.0,2.3,19.0,2000-03-08,10.3,10.0,45.0,Chemical
Dermira Inc.,California,DERM,Nasdaq,0.0,27.0,43.6,2014-10-03,5.8,16.0,125.0,Health
DespegarCom Corp,Maryland,DESP,New York,0.0,1576.2,1576.2,2017-09-20,6.6,26.0,332.0,Retail
DiamondRock Hospitality Co,Maryland,DRH,New York,0.0,159.3,431.8,2005-03-01,7.7,10.5,273.9,Finance
Diamondback Energy Inc.,Texas,FANG,Nasdaq,15.9,3595.1,3611.0,2012-10-12,6.0,17.5,218.8,Oil
Dice Holdings Inc,New York,DHX,New York,42.6,124.0,301.5,2007-04-04,8.1,13.0,217.1,Consulting
Dicerna Pharmaceuticals Inc.,Massachusetts,DRNA,Nasdaq,0.0,26.1,55.2,2014-01-30,9.4,15.0,90.0,Health
Dick's Sporting Goods Inc,Pennsylvania,DKS,New York,69.4,102.0,377.8,2002-07-17,7.0,12.0,87.5,Retail
Digital Cinema Destinations Corp,New Jersey,DCIN,Nasdaq,0.0,0.0,4.7,2011-12-20,13.1,6.1,13.4,Media
Digital Domain Media Group Inc,Florida,DDMG,New York,0.0,37.1,178.9,2011-05-16,16.7,8.5,41.8,Media
Digital Realty Trust Inc,California,DLR,New York,0.0,503.8,822.2,2004-08-02,10.5,12.0,240.0,Finance
Diplomat Pharmacy Inc.,Michigan,DPLO,New York,0.0,2485.8,2507.4,2014-10-10,8.7,13.0,173.3,Health
DivX Inc,California,DIVX,Nasdaq,0.0,0.2,43.0,2006-05-05,8.7,16.0,145.6,IT
Dogness (International) Corp,Indiana,DOGZ,Nasdaq,0.0,1029.5,1029.5,2017-12-20,7.6,5.0,55.0,Food
Dolan Media Co,Minnesota,DM,New York,0.0,48.1,213.3,2007-04-26,8.3,14.5,195.1,Media
Dorian Lpg Ltd,Connecticut,LPG,New York,37.0,0.2,72.3,2014-05-08,4.7,19.0,135.0,Machinery
Douglas Dynamics Inc,Wisconsin,PLOW,New York,40.8,120.9,398.5,2010-01-29,9.8,11.3,112.5,Machinery
Douglas Emmett Inc,California,DEI,New York,0.0,2785.2,3062.2,2006-06-16,6.2,21.0,1386.0,Finance
Dova Pharmaceuticals Inc.,North Carolina,DOVA,Nasdaq,0.0,3.0,467.1,2017-06-29,13.4,17.0,75.1,Health
Dover Saddlery Inc,Massachusetts,DOVR,Nasdaq,0.0,8.3,30.7,2005-08-26,10.1,10.0,27.5,Transport
DuPont Fabros Technology Inc,District of Columbia,DFT,New York,0.0,296.7,814.8,2007-08-09,7.2,21.0,640.5,Finance
Duluth Holdings Inc.,Wisconsin,DLTH,Nasdaq,90.3,1538.7,1629.0,2015-11-20,6.6,12.0,80.0,Retail
Duncan Energy Partners LP,Texas,DEP,New York,75.8,169.0,804.1,2006-11-02,7.1,21.0,273.0,Oil
Dunkin Brands Group Inc,Massachusetts,DNKN,Nasdaq,136.6,1477.3,3124.3,2011-04-01,7.6,19.0,422.8,Restaurant
Dyax Corp,Massachusetts,DYAX,Nasdaq,0.0,1.7,30.5,2000-05-19,8.6,15.0,58.8,Chemical
DynCorp International LLC,Virginia,DCP,New York,148.7,629.3,1227.6,2005-09-28,7.6,15.0,375.0,Consulting
Dynagas Lng Partners Lp,South Dakota,DLNG,Nasdaq,27.8,0.0,41.2,2013-11-13,4.8,18.0,225.0,Machinery
Dynavax Technologies Corp,California,DVAX,Nasdaq,0.0,0.0,91.5,2003-10-24,10.0,7.5,45.0,Chemical
EDEN Bioscience Corp,Washington,EDEN,Nasdaq,0.0,0.3,11.7,2000-07-07,7.3,15.0,87.0,Chemical
ELF Beauty Inc.,California,ELF,New York,0.0,1871.2,1871.2,2016-09-22,12.3,17.0,141.7,Food
EP Energy Corp,Texas,EPE,New York,1038.0,4020.0,8366.0,2013-06-24,5.6,20.0,704.0,Oil
EPAM Systems Inc,Pennsylvania,EPAM,New York,60.4,0.0,233.7,2011-06-10,11.6,12.0,72.0,IT
EV Energy Partners LP,Texas,EVEP,Nasdaq,0.0,10.4,85.7,2006-05-15,9.1,20.0,78.0,Oil
EXCO Resources Inc,Texas,XCO,New York,0.0,569.6,2288.3,2005-11-23,5.5,13.0,650.0,Oil
Eagle Pharmaceuticals Inc.,New Jersey,EGRX,Nasdaq,0.0,0.0,19.7,2014-02-12,10.6,15.0,50.3,Health
Eagle Rock Energy Partners LP,Texas,EROC,Nasdaq,0.0,405.7,768.8,2006-06-06,7.6,19.0,237.5,Oil
Eagle Test Systems Inc,Illinois,EGLT,Nasdaq,0.0,0.5,77.1,2005-12-20,8.9,15.5,100.8,Machinery
Easterly Government Properties Inc.,Iowa,DEA,New York,284.3,2375.0,3422.9,2015-02-06,12.9,15.0,180.0,Finance
Editas Medicine Inc.,Massachusetts,EDIT,Nasdaq,0.0,25.2,566.0,2016-02-03,9.0,16.0,94.4,Health
Education Realty Trust Inc,Tennessee,EDR,New York,8.7,288.2,88.9,2004-09-24,7.8,16.0,304.0,Finance
El Paso Pipeline Partners LP,Texas,EPB,New York,85.0,463.0,799.0,2007-08-31,6.5,20.0,500.0,Oil
El Pollo Loco Holdings Inc.,California,LOCO,Nasdaq,86.2,36.7,215.4,2014-07-25,17.3,15.0,107.1,Retail
Electromed Inc.,Minnesota,ELMD,Nasdaq,0.0,803.1,803.1,2010-08-13,6.2,4.0,6.8,Health
Elevate Credit Inc.,Texas,ELVT,New York,31.1,249.6,3015.8,2017-04-06,6.5,6.5,80.6,Finance
Ellington Financial Inc.,Connecticut,EFC,New York,0.0,435.4,3349.2,2010-10-08,7.9,22.5,101.3,Finance
Ellington Residential Mortgage Reit,Connecticut,EARN,New York,40.0,125.3,633.8,2013-05-01,9.7,20.0,129.0,Finance
Eloqua Inc,Virginia,ELOQ,Nasdaq,0.0,0.0,34.0,2011-08-24,8.8,11.5,92.0,IT
Emerald Expositions Events Inc.,California,EEX,New York,3.5,10.9,2414.0,2017-04-28,7.0,17.0,263.5,Machinery
Emerge Energy Services Lp,Texas,EMES,New York,0.0,3.3,58.3,2013-05-09,6.4,17.0,127.5,Chemical
Emergency Medical Services Corp,Ohio,EMS,New York,121.8,495.5,996.9,2005-08-02,11.0,14.0,113.4,Transport
Emergent BioSolutions Inc,Maryland,EBS,New York,12.1,31.4,120.0,2006-08-14,12.5,12.5,62.5,Chemical
Empire State Realty Trust Inc.,New York,ESRT,New York,315.4,348.8,3528.3,2013-10-02,7.9,13.0,929.5,Finance
Employers Holdings Inc,Nevada,EIG,New York,0.0,0.0,3121.9,2006-12-04,7.7,17.0,454.8,Finance
Enable Midstream Partners Lp,Oklahoma,ENBL,New York,0.0,27.5,81.5,2014-04-11,6.7,20.0,500.0,Oil
Enanta Pharmaceuticals Inc.,Massachusetts,ENTA,Nasdaq,0.0,211.2,211.2,2013-03-21,12.4,14.0,56.0,Health
Encore Acquisition Co,Texas,EAC,New York,45.3,52.1,343.8,2000-10-06,8.4,14.0,100.1,Oil
Encore Bancshares Inc,Texas,EBTX,Nasdaq,0.0,187.0,1287.2,2007-05-08,9.5,21.0,41.6,Finance
Endurance International Group Holdings Inc.,Massachusetts,EIGI,Nasdaq,0.0,0.0,191.3,2013-10-25,6.1,12.0,252.6,IT
EnerNOC Inc,Massachusetts,ENOC,Nasdaq,0.0,4.9,43.6,2007-02-12,10.3,26.0,97.5,Machinery
EnerSys Inc,Pennsylvania,ENS,New York,0.0,362.6,1129.2,2004-05-17,10.2,12.5,156.3,Energy
Energous Corp,California,WATT,Nasdaq,2.9,0.1,1285.5,2014-03-28,11.7,6.0,24.0,IT
Energy Recovery Inc,California,ERII,Nasdaq,0.0,0.5,33.8,2008-04-01,9.5,8.5,119.0,Machinery
Enphase Energy Inc.,California,ENPH,Nasdaq,0.0,0.8,788.0,2012-03-30,9.4,6.0,53.8,IT
Enterprise GP Holdings LP,Texas,EPE,New York,0.0,4788.8,11722.3,2005-04-26,6.9,28.0,352.8,Oil
Enterprise Products Partners LP,Texas,EPD,New York,0.0,75.0,714.6,1998-05-13,7.2,22.0,264.0,Oil
Envestnet Inc,Illinois,ENV,New York,2.4,0.2,83.4,2010-03-26,10.1,9.0,63.0,Consulting
Envision Healthcare Holdings Inc,Colorado,EVHC,New York,408.6,2225.4,4040.2,2013-06-13,5.3,23.0,966.0,Health
Enviva Partners Lp,Maryland,EVA,New York,0.0,0.0,12.3,2015-04-29,9.3,20.0,200.0,Chemical
Epizyme Inc.,Massachusetts,EPZM,Nasdaq,0.0,1.7,1972.7,2013-05-31,6.8,15.0,77.1,Health
Eqm Midstream Partners Lp,Pennsylvania,EQM,New York,47.8,1190.9,1238.7,2012-06-27,5.8,21.0,262.5,Oil
Equity Bancshares Inc.,Kansas,EQBK,Nasdaq,3.6,0.0,1178.2,2015-11-11,3.3,22.5,43.7,Finance
Eros International Plc,Hawaii,EROS,New York,0.0,63.0,86.1,2013-11-13,5.9,11.0,55.0,Retail
Erytech Pharma SA,Wisconsin,ERYP,Nasdaq,0.0,0.0,24.2,2017-11-10,4.7,23.3,109.0,Health
Eschelon Telecom Inc,Minnesota,ESCH,Nasdaq,26.1,96.4,229.4,2005-05-06,9.9,14.0,75.0,IT
Esh Hospitality Inc.,North Carolina,STAY,New York,2.5,95.7,98.2,2013-11-13,10.9,20.0,565.0,Retail
Esperion Therapeutics Inc.,Michigan,ESPR,Nasdaq,0.0,0.0,4999.8,2013-06-26,14.0,14.0,70.0,Health
Essent Group Ltd,Virginia,ESNT,New York,19.6,324.7,2283.8,2013-10-31,7.2,17.0,335.1,Finance
Etsy Inc.,New York,ETSY,Nasdaq,30.6,12.9,518.3,2015-04-16,7.7,16.0,266.7,Retail
EverBank Financial Corp,Florida,EVER,New York,0.0,2607.4,13631.6,2010-10-08,10.1,10.0,192.2,Finance
Everbridge Inc.,Massachusetts,EVBG,Nasdaq,0.0,1.9,3199.3,2016-09-16,11.6,12.0,90.0,IT
Evercore Partners Inc,New York,EVR,New York,0.0,0.1,83.9,2006-05-12,14.2,21.0,83.0,Finance
Evergreen Solar Inc,Massachusetts,ESLR,Nasdaq,0.0,0.0,56.9,2000-08-04,9.5,14.0,42.0,Machinery
Everspin Technologies Inc.,Arizona,MRAM,Nasdaq,0.0,0.0,38.8,2016-10-07,8.3,8.0,40.0,IT
Evertec Inc.,Pennsylvania,EVTC,New York,22.2,4.7,972.8,2013-04-12,10.7,20.0,505.3,IT
Everyday Health Inc,New York,EVDY,New York,12.0,70.8,192.3,2014-02-24,9.6,14.0,100.1,Consulting
Evogene Ltd,Iowa,EVGN,New York,0.0,7.7,54.0,2013-11-21,11.0,14.8,73.8,Health
Evoke Pharma Inc.,California,EVOK,Nasdaq,0.0,0.0,3572.9,2013-09-25,8.9,12.0,25.2,Health
Evoqua Water Technologies Corp,Pennsylvania,AQUA,New York,0.0,4.1,3200.0,2017-11-02,7.5,18.0,500.0,Machinery
ExactTarget Inc,Indiana,ET,New York,0.0,0.0,193.3,2011-09-12,8.8,19.0,161.5,IT
Exone Co,Pennsylvania,XONE,Nasdaq,7.0,0.0,367.5,2013-02-07,10.2,18.0,95.4,Machinery
Express Inc.,Ohio,EXPR,New York,0.0,70.7,75.1,2010-05-13,9.2,17.0,272.0,Retail
Extra Space Storage Inc,Utah,EXR,New York,0.0,391.6,584.5,2004-05-12,8.0,12.5,252.5,Finance
Extraction Oil & Gas Inc.,Colorado,XOG,Nasdaq,0.0,208.9,208.9,2016-10-12,4.0,19.0,633.3,Oil
F5 Networks Inc,Washington,FFIV,Nasdaq,0.0,0.0,9.4,1999-04-07,9.5,10.0,30.0,IT
FBL Financial Group Inc,Iowa,FFG,New York,0.0,24.6,3090.9,1996-05-02,7.9,17.5,70.0,Finance
FBR Capital Markets Corp,Virginia,FBCM,Nasdaq,0.0,0.0,608.7,2007-04-10,7.9,17.0,204.6,Finance
FCStone Group Inc,Iowa,FCSX,Nasdaq,45.4,44.6,1529.3,2006-10-12,8.2,24.0,122.4,Consulting
FX Alliance Inc,New York,FX,New York,52.5,0.0,201.2,2011-09-19,9.4,12.0,62.4,Finance
FXCM Inc,New York,FXCM,New York,0.0,0.0,591.7,2010-09-03,3.2,14.0,210.8,Finance
Fabrinet,Rhode Island,FN,New York,0.0,1.1,50.4,2010-06-25,8.7,10.0,85.0,IT
Facebook Inc,California,FB,Nasdaq,0.0,394.0,6859.0,2010-07-30,1.1,38.0,16006.9,IT
Fairchild Semiconductor International Inc,Maine,FCS,New York,0.0,717.2,598.2,1999-05-14,6.7,18.5,370.0,Machinery
Fang Holdings Ltd,Iowa,SFUN,New York,0.0,1989.8,1989.8,2010-09-17,8.5,42.5,124.7,IT
Farmland Partners Inc.,Colorado,FPI,American,0.0,130.5,130.5,2014-04-11,6.7,14.0,53.2,Finance
Fat Brands Inc.,California,FAT,Nasdaq,13.7,112.2,334.4,2017-10-23,9.6,12.0,24.0,Retail
Fate Therapeutics Inc.,California,FATE,Nasdaq,0.0,0.0,25.8,2013-10-01,4.6,6.0,40.0,Health
Fb Financial Corp,Tennessee,FBK,New York,8.5,0.0,3311.9,2016-09-16,3.4,19.0,111.8,Finance
Federated Investors Inc,Pennsylvania,FII,New York,0.0,332.9,388.9,1998-03-20,6.3,19.0,333.6,Finance
Ferrari NV,Massachusetts,RACE,New York,314.9,49.6,364.4,2015-10-21,11.3,52.0,893.1,Retail
Fiat Chrysler Automobiles NV,Indiana,FCAU,New York,0.0,1122.0,1122.0,2014-12-12,7.9,11.0,957.0,Retail
FibroGen Inc,California,FGEN,Nasdaq,0.0,113.3,344.4,2014-09-30,8.4,18.0,145.8,Chemical
Fidelity & Guaranty Life,Maryland,FGL,New York,707.3,300.0,22202.8,2013-08-29,8.8,17.0,165.8,Finance
Fifth Street Asset Management Inc.,Connecticut,FSAM,Nasdaq,0.0,0.0,23445.3,2014-10-30,7.7,17.0,102.0,Finance
Financial Institutions Inc,New York,FISI,Nasdaq,0.0,13.4,990.5,1999-04-23,9.3,14.0,18.7,Finance
Fireeye Inc.,California,FEYE,Nasdaq,0.0,126.5,126.5,2013-09-20,8.0,20.0,303.5,IT
First Data Corp,New York,FDC,New York,0.0,137.4,295.6,2015-10-15,6.9,16.0,2560.0,Machinery
First Hawaiian Inc.,Hawaii,FHB,Nasdaq,0.0,0.0,2535.4,2016-08-04,5.9,23.0,485.0,Finance
First Interstate Bancsystem Inc.,Montana,FIBK,Nasdaq,5.3,104.1,9254.6,2010-03-24,8.2,14.5,145.0,Finance
First Mercury Financial Corp,Michigan,FMR,New York,0.0,46.4,443.1,2006-05-30,8.3,17.0,165.0,Finance
First Potomac Realty Trust,Maryland,FPO,New York,0.0,126.5,126.0,2003-07-18,8.8,15.0,112.5,Finance
"First Security Group Inc, Chattanooga,Tennessee",Tennessee,FSGI,Nasdaq,9.6,13.2,831.3,2005-06-10,8.8,10.0,45.0,Finance
First Solar Inc,Arizona,FSLR,Nasdaq,0.0,61.0,255.1,2006-06-30,7.2,20.0,400.0,Machinery
Fitbit Inc.,California,FIT,New York,0.0,0.1,18.8,2015-06-18,7.4,20.0,731.5,IT
Five Prime Therapeutics Inc.,California,FPRX,Nasdaq,60.4,0.0,60.4,2013-09-18,11.5,13.0,62.4,Health
Five9 Inc.,California,FIVN,Nasdaq,31.3,482.7,739.9,2014-04-04,12.6,7.0,70.0,IT
FleetCor Technologies Inc,Georgia,FLT,New York,175.6,313.8,1209.5,2010-04-15,7.3,23.0,291.5,Consulting
Flex Pharma Inc.,Massachusetts,FLKS,Nasdaq,0.0,1.6,23.9,2015-01-29,10.2,16.0,86.4,Health
Flexion Therapeutics Inc.,Massachusetts,FLXN,Nasdaq,0.0,390.2,3133.9,2014-02-12,10.1,13.0,65.0,Health
Fluidigm Corp,California,FLDM,Nasdaq,0.0,0.4,26.2,2011-02-10,5.7,13.5,75.0,Health
Foamix Pharmaceuticals Ltd,Kansas,FOMX,Nasdaq,0.0,0.0,3341.6,2014-09-18,14.1,6.0,40.2,Health
Forescout Technologies Inc.,California,FSCT,Nasdaq,0.0,0.0,13.3,2017-10-27,13.2,22.0,116.2,IT
Foresight Energy Lp,Missouri,FELP,New York,0.0,0.0,33.8,2014-06-18,9.1,20.0,350.0,Chemical
Forterra Inc.,Texas,FRTA,Nasdaq,204.0,0.0,204.0,2016-10-20,14.0,18.0,331.6,Chemical
Fortress Transportation & Infrastructure Investors Llc,New York,FTAI,New York,0.0,3.9,824.7,2015-05-15,3.6,17.0,340.0,Machinery
Forum Energy Technologies Inc,Texas,FET,New York,0.0,349.9,1667.2,2011-08-31,6.8,20.0,378.9,Oil
Foundation Building Materials Inc.,California,FBM,New York,0.0,109.4,1012.1,2017-02-10,6.5,14.0,179.2,Machinery
Four Seasons Education (Cayman) Inc.,Hawaii,FEDU,New York,0.0,0.0,566.4,2017-11-08,10.5,10.0,101.0,Food
Fox Factory Holding Corp,Georgia,FOXF,Nasdaq,0.0,2.2,88.0,2013-08-08,15.0,15.0,128.6,Retail
Francesca's Holdings Corp,Texas,FRAN,Nasdaq,0.0,41.0,66.7,2010-06-24,8.4,17.0,170.0,Retail
Frank'S International NV,Colorado,FI,New York,51.0,68.8,119.7,2013-08-09,7.1,22.0,660.0,Oil
Franklin Financial Network Inc.,Tennessee,FSB,New York,10.2,196.2,257.4,2015-03-26,9.6,21.0,55.4,Finance
Fresh Market Inc,North Carolina,TFM,Nasdaq,96.3,82.5,249.1,2010-05-03,1.6,22.0,289.9,Retail
Freshpet Inc.,New Jersey,FRPT,Nasdaq,12.5,183.6,453.0,2014-11-07,8.1,15.0,156.3,Food
Fs Bancorp Inc.,Washington,FSBW,Nasdaq,0.0,127.0,1788.1,2012-07-10,6.7,10.0,28.2,Finance
Fulgent Genetics Inc.,California,FLGT,Nasdaq,0.0,2107.2,2107.2,2016-09-29,14.2,9.0,37.8,Health
Fuling Global Inc.,Virginia,FORK,Nasdaq,14.0,64.8,394.2,2015-11-04,5.2,5.0,20.0,Retail
G1 Therapeutics Inc.,North Carolina,GTHX,Nasdaq,389.6,3.9,393.5,2017-05-17,8.0,15.0,105.0,Health
GWG Holdings Inc,Minnesota,GWGH,Nasdaq,0.0,274.0,296.6,2014-04-25,12.8,12.5,10.0,Finance
Gain Capital Holdings Inc.,New Jersey,GCAP,New York,0.0,152.5,567.8,2010-12-15,9.8,9.0,81.0,Finance
Galapagos Nv,Louisiana,GLPG,Nasdaq,64.8,672.7,737.5,2015-05-14,16.5,42.1,275.4,Health
Galmed Pharmaceuticals Ltd,Illinois,GLMD,Nasdaq,0.0,9.4,25.2,2014-03-13,17.5,13.5,38.3,Health
Gardner Denver Holdings Inc.,Wisconsin,GDI,New York,329.7,11.3,340.9,2017-05-12,14.2,20.0,826.0,IT
Gaslog Ltd,South Carolina,GLOG,New York,33.3,402.7,436.0,2012-03-30,11.5,14.0,329.0,Machinery
Gaslog Partners Lp,Massachusetts,GLOP,New York,31.2,477.8,509.0,2014-05-07,7.8,21.0,176.4,Oil
Gds Holdings Ltd,Rhode Island,GDS,Nasdaq,0.0,272.8,282.6,2016-11-02,11.7,10.0,192.5,IT
Gemphire Therapeutics Inc.,Michigan,GEMP,Nasdaq,0.0,0.0,62.9,2016-08-05,8.5,10.0,30.0,Health
Generac Holdings Inc.,Wisconsin,GNRC,New York,0.0,1983.8,1983.8,2010-02-11,8.1,13.0,243.8,Machinery
General Motors Co,Michigan,GM,New York,87.5,2.3,89.8,2010-11-18,14.7,33.0,15774.0,Retail
Genmark Diagnostics Inc.,California,GNMK,Nasdaq,0.0,0.0,202.3,2010-05-28,9.4,6.0,27.6,Health
Genocea Biosciences Inc.,Massachusetts,GNCA,Nasdaq,0.0,4.0,127.5,2014-02-05,0.4,12.0,66.0,Health
Geopark Ltd,Arkansas,GPRK,New York,0.0,0.4,6158.2,2014-02-07,6.5,7.0,94.5,Oil
Gevo Inc.,Colorado,GEVO,Nasdaq,0.0,3900.3,7899.2,2011-02-09,13.1,15.0,107.3,Chemical
Gigamon Inc,California,GIMO,New York,0.0,0.0,49.5,2012-07-13,8.7,19.0,128.3,IT
Glaukos Corp,California,GKOS,New York,0.0,0.0,26.8,2015-06-25,14.3,18.0,108.0,Health
Global Blood Therapeutics Inc.,California,GBT,Nasdaq,0.0,0.0,1051.7,2015-08-12,18.7,20.0,120.0,Health
Global Brass & Copper Holdings Inc,Illinois,BRSS,New York,73.4,431.0,575.3,2011-10-28,11.3,11.0,77.0,Metal
Global Cash Access Holdings Inc,Nevada,GCA,New York,99.1,0.0,248.4,2005-03-22,7.6,14.0,224.9,Finance
Global Partners LP,Massachusetts,GLP,New York,0.0,162.3,377.7,2005-05-10,9.4,22.0,107.8,Oil
Global Water Resources Inc.,Arizona,GWRS,Nasdaq,0.0,322.8,322.8,2016-04-28,12.5,6.3,7.3,Energy
Globant SA,Indiana,GLOB,New York,0.0,0.0,176.0,2014-07-18,2.1,10.0,58.5,IT
Globus Maritime Ltd,Pennsylvania,GLBS,Nasdaq,1.0,49.6,50.6,2010-11-26,9.1,11.6,71.0,Machinery
Globus Medical Inc.,Pennsylvania,GMED,New York,0.0,242.2,242.2,2012-08-03,14.3,12.0,100.0,Health
Glu Mobile Inc,California,GLUU,Nasdaq,0.0,0.0,147.3,2006-12-19,10.5,11.5,84.0,IT
Glycomimetics Inc.,Maryland,GLYC,Nasdaq,0.0,0.0,11.0,2014-01-10,8.1,8.0,56.0,Health
Gms Inc.,Georgia,GMS,New York,149.0,3291.6,3440.6,2016-05-26,9.2,21.0,147.0,Chemical
Gnc Holdings Inc.,Pennsylvania,GNC,New York,0.0,0.0,891.1,2011-04-01,12.0,16.0,360.0,Food
GoAmerica Inc,New Jersey,GOAM,Nasdaq,0.0,0.0,28.8,2000-01-18,7.9,16.0,160.0,Communications
GoDaddy Inc,Arizona,GDDY,New York,107.9,1044.3,3329.4,2014-03-14,8.1,20.0,460.0,IT
Gogo Inc,Illinois,GOGO,Nasdaq,17.6,239.0,419.2,2011-12-23,11.2,17.0,187.0,Communications
Golar Lng Partners Lp,Hawaii,GMLP,Nasdaq,0.0,0.0,219.3,2011-04-08,6.9,22.5,270.0,Machinery
Golf Trust of America Inc,South Carolina,GTA,American,11.5,4.3,86.7,1996-11-12,11.2,21.0,71.4,Finance
Google Inc,California,GOOG,Nasdaq,571.4,0.1,1328.0,2004-04-29,3.1,85.0,1666.4,IT
Gopro Inc.,California,GPRO,Nasdaq,0.0,28.6,51.3,2014-06-26,9.5,24.0,427.2,IT
Grana & Montero SAA,Nevada,GRAM,New York,0.0,262.4,262.4,2013-07-24,11.3,21.1,412.8,Machinery
Granite Point Mortgage Trust Inc.,New York,GPMT,New York,0.0,77869.2,77869.2,2017-06-23,9.6,19.5,195.0,Finance
Great Ajax Corp,Oregon,AJX,New York,3.5,3619.7,3623.2,2015-02-13,12.3,14.3,71.3,Finance
Great Western Bancorp Inc.,South Dakota,GWB,New York,31.2,92.6,123.8,2014-10-15,9.7,18.0,288.0,Finance
Green Dot Corp,California,GDOT,New York,32.1,255.6,287.7,2010-07-22,2.5,36.0,164.1,Finance
Green Plains Partners Lp,Nebraska,GPP,Nasdaq,1925.7,608.6,2534.4,2015-06-26,4.5,15.0,150.0,Oil
Greenhill & Co Inc,New York,GHL,New York,86.9,0.0,39.3,2004-03-11,11.5,17.5,87.5,Finance
Gridsum Holding Inc.,Iowa,GSUM,Nasdaq,12.1,0.0,12.1,2016-09-23,8.4,13.0,87.1,IT
Groupon Inc,Illinois,GRPN,Nasdaq,0.0,0.0,790.2,2010-12-30,6.7,20.0,700.0,IT
GrubHub Inc,Illinois,GRUB,New York,40.5,0.0,795.7,2012-11-09,7.9,26.0,192.5,IT
Grupo Aval Acciones Y Valores SA,North Carolina,AVAL,New York,0.0,0.0,110.5,2014-09-23,7.5,13.5,1100.0,Finance
Grupo Supervielle SA,Florida,SUPV,New York,17.5,1098.4,1115.8,2016-05-19,9.1,11.0,280.5,Finance
Guaranty Bancshares Inc /Tx/,Texas,GNTY,Nasdaq,9.7,0.0,760.0,2017-05-09,8.5,27.0,54.0,Finance
Guidance Software Inc,California,GUID,Nasdaq,0.0,0.5,26.6,2006-09-15,12.3,11.5,57.5,IT
Guidewire Software Inc.,California,GWRE,New York,0.0,0.0,63.9,2012-01-25,12.5,13.0,115.1,IT
Gw Pharmaceuticals Plc,District of Columbia,GWPH,Nasdaq,21.2,4.0,25.2,2013-05-01,8.6,8.9,31.2,Health
HFF Inc,Pennsylvania,HF,New York,58.2,0.0,209.5,2006-11-09,8.3,18.0,257.4,Finance
Habit Restaurants Inc.,California,HABT,Nasdaq,92.8,89.1,340.6,2014-11-20,5.7,18.0,90.0,Retail
Hailiang Education Group Inc.,Minnesota,HLG,Nasdaq,0.0,0.3,120.4,2015-07-07,9.8,7.0,20.0,Food
Hamilton Lane Inc.,Pennsylvania,HLNE,Nasdaq,0.0,202.5,202.5,2017-03-01,8.8,16.0,190.0,Finance
Hannon Armstrong Sustainable Infrastructure Capital Inc.,Maryland,HASI,New York,0.0,52.4,2064.0,2013-04-18,9.7,12.5,166.7,Finance
Hansen Medical Inc,California,HNSN,Nasdaq,0.0,3.3,21.5,2006-08-16,9.8,12.0,75.0,Health
Hawk Corp,Ohio,HWK,New York,0.0,100.1,180.8,1997-11-19,8.1,17.0,87.3,Machinery
Hca Healthcare Inc.,Tennessee,HCA,New York,325.9,7.1,333.0,2011-03-10,10.9,30.0,3786.0,Health
Hd Supply Holdings Inc.,Georgia,HDS,Nasdaq,0.0,98.8,744.5,2013-06-27,8.3,18.0,957.4,Machinery
Health Insurance Innovations Inc.,Florida,HIIQ,Nasdaq,0.0,41.9,165.1,2013-02-08,10.7,14.0,65.3,Health
HealthEquity Inc,Utah,HQY,Nasdaq,11.8,0.0,55.9,2014-06-10,8.9,14.0,127.4,Finance
HealthSpring Inc,Tennessee,HS,New York,66.9,0.0,591.8,2005-10-11,2.5,19.5,366.6,Health
Heat Biologics Inc.,North Carolina,HTBX,Nasdaq,0.0,878.5,902.0,2013-07-24,15.2,10.0,25.0,Health
Hebron Technology Co Ltd,Maryland,HEBT,Nasdaq,0.0,0.5,79.4,2016-12-27,12.1,4.0,20.0,Machinery
Hercules Offshore Inc,Texas,HERO,Nasdaq,0.0,93.3,266.1,2005-07-08,7.6,20.0,184.0,Oil
Heritage Insurance Holdings Inc.,Florida,HRTG,New York,0.0,28.9,6380.3,2014-05-23,5.8,11.0,66.0,Finance
Heritage-Crystal Clean Inc,Illinois,HCCI,Nasdaq,11.3,0.8,48.0,2007-06-19,18.8,11.5,22.0,Oil
Hertz Global Holdings Inc,New Jersey,HTZ,New York,0.0,9766.2,19465.4,2006-07-14,4.8,15.0,1323.5,Transport
Hess Midstream Partners Lp,Texas,HESM,New York,0.0,600.7,600.7,2017-04-05,7.2,23.0,339.9,Oil
Hexindai Inc.,Texas,HX,Nasdaq,0.0,1342.4,1342.4,2017-11-03,9.3,10.0,50.0,Finance
Hi-Crush Partners LP,Texas,HCLP,New York,33.3,0.9,142.9,2012-07-06,7.0,17.0,191.3,Mining
Hilton Worldwide Holdings Inc.,Virginia,HLT,New York,28.4,55.4,107.9,2013-12-12,1.7,20.0,2352.8,Retail
Hoegh Lng Partners Lp,California,HMLP,New York,0.0,83.5,166.6,2014-08-07,6.2,20.0,192.0,Machinery
Hoku Scientific Inc,Hawaii,HOKU,Nasdaq,0.0,0.0,11.4,2005-04-28,14.1,6.0,21.0,Energy
Holly Energy Partners LP,Texas,HEP,New York,0.0,25.0,154.7,2004-03-15,8.5,22.3,135.7,Oil
"Home BancShares Inc,Conway, Arkansas",Arkansas,HOMB,Nasdaq,0.0,171.0,1961.5,2006-03-14,8.8,18.0,45.0,Finance
Home Diagnostics Inc,Florida,HDIX,Nasdaq,0.0,0.0,87.7,2006-05-01,8.8,12.0,79.2,Health
HomeAway Inc,Texas,AWAY,Nasdaq,31.4,0.0,518.0,2011-02-09,8.4,27.0,216.0,IT
Homestreet Inc.,Washington,HMST,Nasdaq,5.9,60.7,279.9,2012-02-10,16.8,44.0,83.4,Finance
Horizon Therapeutics Public Ltd Co,Missouri,HZNP,Nasdaq,0.0,1.7,28.4,2011-07-28,14.0,9.0,49.5,Health
Hornbeck Offshore Services Inc,Louisiana,HOS,New York,54.2,172.8,365.2,2003-09-19,8.4,13.0,78.0,Transport
Houghton Mifflin Harcourt Co,Massachusetts,HMHC,Nasdaq,86.6,12.6,202.0,2013-11-14,8.6,12.0,219.0,Food
Houlihan Lokey Inc.,California,HLI,New York,0.0,0.0,464.9,2015-08-13,9.9,21.0,220.5,Finance
Houston Wire & Cable Co,Texas,HWCC,Nasdaq,0.0,0.0,87.9,2006-03-24,8.4,13.0,110.5,Energy
Howard Hughes Corp,Texas,HHC,New York,0.0,667.4,667.4,2010-11-10,11.7,36.9,708.8,Finance
Htg Molecular Diagnostics Inc.,Arizona,HTGM,Nasdaq,0.0,0.0,3544.8,2015-05-06,8.5,14.0,50.0,Health
Huazhu Group Ltd,Arizona,HTHT,Nasdaq,3.3,31.2,428.8,2010-03-26,9.0,12.3,110.3,Retail
Hubspot Inc.,Massachusetts,HUBS,New York,17.9,0.0,17.9,2014-10-09,7.3,25.0,125.0,IT
Huron Consulting Group Inc,Illinois,HURN,Nasdaq,0.0,0.0,52.9,2004-05-12,11.2,15.5,77.5,Consulting
Hutchison China Meditech Ltd,Rhode Island,HCM,Nasdaq,0.0,799.8,799.8,2016-03-17,0.3,13.5,101.3,Health
Hydril Co LP,Texas,HYDL,Nasdaq,0.0,61.5,205.1,2000-06-09,8.0,17.0,127.5,Oil
ICF International Inc,Virginia,ICFI,Nasdaq,0.0,13.6,171.8,2006-05-11,10.9,12.0,56.0,Consulting
ICx Technologies Inc,Virginia,ICXT,Nasdaq,0.0,0.2,171.1,2007-08-03,8.6,16.0,80.0,Machinery
IHS Inc,Colorado,IHS,New York,79.3,0.0,743.0,2005-02-04,8.8,16.0,232.2,IT
ING US Inc,New York,VOYA,New York,0.0,3265.7,220850.0,2010-11-15,4.0,19.5,1271.2,Finance
IPC The Hospitalist Co Inc,California,IPCM,Nasdaq,6.4,7.9,94.4,2007-08-31,10.5,16.0,83.2,Health
IPG Photonics Corp,Massachusetts,IPGP,Nasdaq,36.3,30.1,141.4,2006-08-11,8.4,16.5,148.5,Machinery
ITC Holdings Corp,Michigan,ITC,New York,0.0,508.5,868.1,2005-03-29,1.9,23.0,287.5,Energy
Icagen Inc,North Carolina,ICGN,Nasdaq,0.0,0.7,76.3,2004-04-08,13.5,8.0,40.0,Chemical
Ichor Holdings Ltd,California,ICHR,Nasdaq,0.0,0.0,431.4,2016-12-09,8.3,9.0,52.9,IT
Iclick Interactive Asia Group Ltd,Kansas,ICLK,Nasdaq,19.5,42.6,76.1,2017-12-22,13.7,8.0,30.0,Retail
Ideal Power Inc,Texas,IPWR,Nasdaq,0.0,0.0,2.8,2013-08-06,11.9,5.0,15.0,Energy
Idenix Pharmaceuticals Inc,Massachusetts,IDIX,Nasdaq,0.0,0.0,76.8,2003-12-15,9.3,14.0,81.2,Chemical
Ignite Restaurant Group Inc,Texas,IRG,Nasdaq,38.5,74.5,192.4,2011-07-29,8.9,14.0,80.8,Restaurant
Ikanos Communications Inc,California,IKAN,Nasdaq,0.0,1.2,110.9,2004-06-25,10.1,12.0,76.8,IT
ImaRx Therapeutics Inc,Arizona,IMRX,Nasdaq,0.0,0.0,31.6,2007-05-04,15.7,5.0,15.0,Chemical
Immtech International Inc,Illinois,IMM,Nasdaq,0.0,0.0,0.6,1998-09-28,15.4,10.0,10.0,Chemical
Immuron Ltd,Idaho,IMRN,Nasdaq,0.0,1784.8,1784.8,2017-06-09,0.5,10.0,6.1,Health
Impinj Inc.,Washington,PI,Nasdaq,0.0,0.0,17.4,2016-07-21,10.6,14.0,67.2,IT
Implant Sciences Corp,Massachusetts,IMX,American,0.0,0.6,3.0,1998-09-29,3.9,7.5,7.5,Machinery
Independence Contract Drilling Inc.,Texas,ICD,New York,121.4,77.3,655.3,2014-08-08,7.7,11.0,110.0,Oil
Independence Realty Trust Inc.,Pennsylvania,IRT,American,55.0,64.5,2557.2,2013-08-13,8.8,8.5,34.0,Finance
"Independent Bank Group Inc, McKinney,Texas",Texas,IBTX,Nasdaq,29.0,199.2,1764.1,2013-02-27,7.9,26.0,83.2,Finance
Inergy LP,Missouri,NRGY,Nasdaq,0.0,43.7,146.8,2001-03-14,13.4,22.0,35.2,Retail
Inflarx NV,North Carolina,IFRX,Nasdaq,0.0,0.0,3441.3,2017-11-08,10.6,15.0,100.0,Health
Infrareit Inc.,Texas,HIFR,New York,0.0,0.0,103.8,2015-01-30,4.1,23.0,460.0,Media
Innophos Holdings Inc,New Jersey,IPHS,Nasdaq,0.0,398.3,615.3,2006-07-19,9.9,12.0,104.3,Chemical
Innovative Industrial Properties Inc.,California,IIPR,New York,0.0,110.2,13630.9,2016-12-01,19.8,20.0,67.0,Finance
Inogen Inc.,California,INGN,Nasdaq,0.0,1.1,54.5,2014-02-14,9.0,16.0,70.6,Health
Inovalon Holdings Inc.,Maryland,INOV,Nasdaq,0.0,42.6,66.7,2015-02-12,10.1,27.0,600.0,IT
Installed Building Products Inc.,Ohio,IBP,New York,0.0,14.8,29.4,2014-02-13,10.4,11.0,82.0,Chemical
Instructure Inc.,Utah,INST,New York,84.1,0.4,148.7,2015-11-13,13.9,16.0,70.4,IT
Intec Pharma Ltd,New Hampshire,NTEC,Nasdaq,1.7,0.0,2.3,2015-08-04,5.6,6.0,30.2,Health
Intellia Therapeutics Inc.,Massachusetts,NTLA,Nasdaq,0.0,10.9,51.3,2016-05-06,9.1,18.0,108.0,Health
Intelsat SA,Iowa,I,New York,51.8,16.2,1014.0,2013-04-18,9.3,18.0,347.8,Communications
InterCloud Systems Inc,New Jersey,ICLD,Nasdaq,3.8,15.2,58.5,2012-12-05,44.3,4.0,5.0,Consulting
Interactive Brokers Group Inc,Connecticut,IBKR,Nasdaq,0.0,304.7,32248.7,2006-11-27,2.3,30.0,1200.4,Finance
Intercept Pharmaceuticals Inc.,New York,ICPT,Nasdaq,0.0,894.3,898.0,2012-10-11,8.4,15.0,75.0,Health
Intermolecular Inc.,California,IMI,Nasdaq,0.0,0.1,125.2,2011-11-18,12.0,10.0,96.5,IT
Intersect ENT Inc,California,XENT,Nasdaq,0.0,0.0,14.5,2014-06-23,10.8,11.0,55.0,Health
Interxion Holding NV,Indiana,INXN,New York,0.0,25.0,55.3,2011-01-28,8.6,13.0,264.9,IT
Intrexon Corp,Maryland,XON,New York,0.0,2.3,283.5,2013-07-09,7.6,16.0,160.0,Agriculture
Investar Holding Corp,Louisiana,ISTR,Nasdaq,7.6,1677.4,4542.1,2014-07-01,7.1,14.0,40.3,Finance
Investors Capital Holdings Ltd,Massachusetts,ICH,American,0.0,0.0,5.1,2000-08-14,20.0,8.0,8.0,Finance
Invitae Corp,California,NVTA,New York,0.0,2225.9,2230.4,2015-02-12,6.4,16.0,101.6,Health
Invitation Homes Inc.,Texas,INVH,New York,72.3,318.6,390.9,2017-02-01,5.7,20.0,1540.0,Finance
Iradimed Corp,Florida,IRMD,Nasdaq,0.0,332.4,3920.9,2014-07-16,10.6,6.3,12.6,Health
Irhythm Technologies Inc.,California,IRTC,Nasdaq,0.0,23.5,51.9,2016-10-20,6.7,17.0,107.0,Health
Ironwood Pharmaceuticals Inc,Massachusetts,IRWD,Nasdaq,0.0,1.6,162.5,2009-11-20,8.2,11.3,187.5,Chemical
Israel Chemicals Ltd,Virginia,ICL,New York,0.0,572.6,572.6,2014-09-24,16.5,7.0,421.1,Chemical
J Jill Inc,New Hampshire,JILL,New York,96.3,264.2,567.6,2016-04-08,10.3,13.0,151.7,Retail
Jackson Hewitt Tax Service Inc,New Jersey,JTX,New York,72.4,175.0,582.0,2004-03-15,6.3,17.0,637.5,Finance
Jagged Peak Energy Inc.,Colorado,JAG,New York,0.0,454.5,454.5,2017-01-27,9.1,15.0,474.0,Oil
Jaguar Animal Health Inc,California,JAGX,Nasdaq,0.0,0.0,6.2,2014-08-27,23.5,7.0,20.0,Chemical
James River Group Holdings Ltd,South Carolina,JRVR,Nasdaq,0.0,79.0,878.7,2014-12-12,8.7,21.0,231.0,Finance
JdCom Inc.,Oklahoma,JD,Nasdaq,13.1,90.0,480.3,2014-05-22,9.4,19.0,1780.0,Retail
Jeld-Wen Holding Inc.,North Carolina,JELD,New York,0.0,0.0,243.0,2017-01-27,10.2,23.0,575.0,Chemical
Jernigan Capital Inc.,Tennessee,JCAP,New York,27.4,248.4,275.8,2015-03-27,9.5,20.0,100.0,Finance
Jianpu Technology Inc.,Wisconsin,JT,New York,0.0,0.0,234.1,2017-11-16,9.7,8.0,180.0,IT
Jinkosolar Holding Co Ltd,Connecticut,JKS,New York,0.0,0.0,12.2,2010-05-14,13.2,11.0,64.2,IT
Jive Software Inc,California,JIVE,Nasdaq,0.0,10.2,143.9,2010-05-19,8.4,12.0,161.3,IT
Jounce Therapeutics Inc.,Massachusetts,JNCE,Nasdaq,0.0,2018.6,2018.6,2017-01-27,7.4,16.0,101.8,Health
Journal Communications Inc,Wisconsin,JRN,New York,150.0,0.0,742.9,2003-05-14,8.1,15.0,258.8,Media
Jumei International Holding Ltd,Colorado,JMEI,New York,99.1,1540.2,1639.3,2014-05-16,10.8,22.0,245.1,Retail
Jupai Holdings Ltd,Indiana,JP,New York,0.0,0.1,2445.8,2015-07-16,3.0,10.0,53.0,Finance
K12 Inc,Virginia,LRN,NYSE Arca,0.0,8.2,100.2,2007-07-26,9.4,18.0,108.0,Services
KBW Inc,New York,KBW,New York,0.0,0.0,726.1,2006-08-11,8.5,21.0,142.8,Finance
Kadmon Holdings Inc.,New York,KDMN,New York,0.0,0.0,6.2,2016-07-27,10.1,12.0,75.0,Health
Kala Pharmaceuticals Inc.,Massachusetts,KALA,Nasdaq,0.0,23.2,194.9,2017-07-20,10.4,15.0,90.0,Health
Kamada Ltd,District of Columbia,KMDA,Nasdaq,42.7,6.1,181.3,2013-05-31,8.5,9.3,51.6,Health
Karyopharm Therapeutics Inc.,Massachusetts,KPTI,Nasdaq,6.1,0.0,546.6,2013-11-06,7.7,16.0,108.8,Health
Keane Group Inc.,Texas,FRAC,New York,79.1,386.8,1297.8,2017-01-20,9.6,19.0,508.4,Oil
Kempharm Inc.,Florida,KMPH,Nasdaq,0.0,0.0,148.8,2015-04-16,9.4,11.0,56.0,Health
Kenexa Corp,Pennsylvania,KNXA,Nasdaq,6.3,0.2,48.3,2005-04-12,11.2,12.0,60.0,IT
Kilroy Realty Corp,California,KRC,New York,27.9,270.4,128.3,1996-11-05,7.6,23.0,287.5,Finance
Kimbell Royalty Partners Lp,Texas,KRP,New York,100.9,519.5,620.4,2017-02-03,11.8,18.0,90.0,Oil
Kinder Morgan Inc,Texas,KMI,New York,1977.0,13866.8,28908.1,2010-07-19,3.6,30.0,2864.0,Oil
Kindred Biosciences Inc.,California,KIN,Nasdaq,0.0,0.0,8.3,2013-12-12,10.8,7.0,52.5,Health
King Pharmaceuticals Inc,Tennessee,KG,Nasdaq,0.0,177.7,269.4,1997-10-24,9.2,14.0,87.5,Chemical
Kinsale Capital Group Inc.,Virginia,KNSL,Nasdaq,17.7,0.0,2760.7,2016-07-28,10.3,16.0,105.6,Finance
Kirkland's Inc,Tennessee,KIRK,Nasdaq,0.0,12.2,90.3,2002-04-23,8.5,15.0,90.0,Retail
Knology Inc,Georgia,KNOL,Nasdaq,121.8,270.3,417.6,2003-10-01,10.6,9.0,54.0,IT
Kona Grill Inc,Arizona,KONA,Nasdaq,1.8,3.5,23.2,2005-06-03,11.0,11.0,27.5,Restaurant
Koppers Holdings Inc,Pennsylvania,KOP,New York,0.0,428.2,513.7,2005-09-12,2.3,14.0,140.0,Timber
Kornit Digital Ltd,Iowa,KRNT,Nasdaq,0.0,557.8,557.8,2015-04-02,5.0,10.0,71.0,Machinery
Kosmos Energy Ltd,Texas,KOS,New York,0.0,42.5,449.3,2011-05-11,10.3,18.0,594.0,Oil
Krystal Biotech Inc.,Pennsylvania,KRYS,Nasdaq,0.0,3.6,280.8,2017-09-20,18.7,10.0,39.6,Health
Kura Oncology Inc.,California,KURA,Nasdaq,0.0,363.1,363.1,2015-11-05,5.8,8.0,50.0,Health
L-3 Communications Holdings Inc,New York,LLL,New York,90.8,405.0,679.2,1998-02-27,8.0,22.0,132.0,Machinery
LHC Group Inc,Louisiana,LHCG,Nasdaq,24.4,1.4,56.4,2004-11-24,10.6,14.0,67.2,Health
LINN Energy LLC,Texas,LINE,Nasdaq,0.0,158.8,279.5,2005-06-03,9.6,21.0,246.8,Oil
LKQ Corp,Illinois,LKQ,Nasdaq,0.0,2.4,174.7,2003-07-28,8.7,13.0,91.0,Machinery
LPL Investment Holdings Inc,Massachusetts,LPLA,Nasdaq,309.4,1162.7,3364.9,2010-06-04,6.0,30.0,469.7,Finance
La Quinta Holdings Inc,Texas,LQ,New York,339.5,1988.7,3172.0,2014-02-10,6.2,17.0,650.3,Services
LaSalle Hotel Properties,Maryland,LHO,New York,17.0,206.4,217.9,1998-02-05,8.4,18.0,255.6,Finance
Ladder Capital Corp,New York,LADR,New York,0.0,89.4,3345.7,2014-02-06,5.9,17.0,225.3,Finance
Ladish Co Inc,Wisconsin,LDSH,Nasdaq,33.8,3.0,165.5,1997-12-23,7.1,13.5,86.2,Metal
Lantheus Holdings Inc,Massachusetts,LNTH,Nasdaq,64.2,350.9,250.3,2014-06-24,12.6,6.0,65.0,Energy
Lantronix Inc,California,LTRX,Nasdaq,0.0,0.1,20.4,2000-05-19,9.9,10.0,60.0,Energy
Laredo Petroleum Inc.,Oklahoma,LPI,New York,42.9,0.0,94.9,2011-12-15,8.5,17.0,297.5,Oil
LeMaitre Vascular Inc,Massachusetts,LMAT,Nasdaq,1.8,0.0,27.6,2006-04-25,14.3,7.0,38.5,Health
Legacy Reserves LP,Texas,LGCY,Nasdaq,29.7,4.0,273.4,2006-11-13,8.4,19.0,114.0,Oil
Lehigh Gas Partners LP,Pennsylvania,LGP,New York,44.5,257.5,300.7,2012-05-11,10.0,20.0,120.0,Oil
Leju Holdings Ltd,Oregon,LEJU,New York,0.0,49668.3,49668.3,2014-04-17,14.5,10.0,100.0,Finance
LendingClub Corp,California,LC,New York,303.2,2813.6,2814.8,2012-12-13,5.6,15.0,870.0,Finance
Lexinfintech Holdings Ltd,South Dakota,LX,Nasdaq,18.0,0.0,3276.6,2017-12-21,9.3,9.0,108.0,Finance
Lgi Homes Inc.,Texas,LGIH,Nasdaq,27.0,0.0,203.5,2013-11-07,8.1,11.0,99.0,Retail
Lightinthebox Holding Co Ltd,New Hampshire,LITB,New York,0.0,1190.0,1190.0,2013-06-06,6.9,9.5,78.9,Retail
Limco-Piedmont Inc,Oklahoma,LIMC,Nasdaq,0.0,0.0,40.4,2007-04-16,9.7,11.0,48.4,Transport
Limelight Networks Inc,Arizona,LLNW,Nasdaq,0.0,0.0,79.1,2007-03-22,7.9,15.0,240.0,Consulting
Lincoln Educational Services Corp,New Jersey,LINC,Nasdaq,0.0,10.6,153.9,2005-03-29,9.9,20.0,80.0,Services
Line Corp,Colorado,LN,New York,0.0,0.0,2.7,2016-07-14,7.0,32.8,1149.4,IT
LinkedIn Corp,California,LNKD,New York,41.6,0.0,265.3,2011-01-06,7.9,45.0,352.8,IT
Loma Negra Compania Industrial Argentina Sociedad Anonima,New Jersey,LOMA,New York,0.0,0.0,60.6,2017-11-01,4.8,19.0,874.0,Chemical
Lumber Liquidators Inc,Virginia,LL,New York,0.0,0.0,101.1,2007-04-23,9.3,11.0,110.0,Timber
Lumera Corp,Washington,LMRA,Nasdaq,0.0,0.0,39.8,2004-05-19,8.8,7.0,41.7,Chemical
Luna Innovations Inc,Virginia,LUNA,Nasdaq,0.0,5.1,20.8,2006-02-10,14.1,6.0,21.0,Chemical
Luther Burbank Corp,California,LBC,Nasdaq,131.5,49.7,14094.3,2017-12-08,11.5,10.8,130.6,Finance
Luxoft Holding Inc.,Washington,LXFT,New York,0.0,0.0,89.5,2013-06-26,8.9,17.0,69.6,IT
MAKO Surgical Corp,Florida,MAKO,Nasdaq,0.0,0.0,29.2,2007-09-19,12.4,10.0,51.0,Health
MEDecision Inc,Pennsylvania,MEDE,Nasdaq,3.2,2.6,32.5,2006-08-11,15.1,10.0,47.0,IT
MEMSIC Inc,Massachusetts,MEMS,Nasdaq,0.0,0.0,33.4,2007-09-28,12.6,10.0,60.0,Machinery
MRC Global Inc,Texas,MRC,New York,321.0,1355.1,3478.5,2012-01-12,6.5,21.0,477.3,Machinery
MWI Veterinary Supply Inc,Idaho,MWIV,Nasdaq,17.2,0.4,173.4,2005-04-22,9.4,17.0,73.7,Health
Macom Technology Solutions Holdings Inc.,Massachusetts,MTSI,Nasdaq,14.0,554.6,568.6,2012-03-15,8.1,19.0,114.0,IT
MacroGenics Inc,Maryland,MGNX,Nasdaq,0.0,8.0,42.0,2013-09-04,8.0,16.0,80.0,Chemical
Magnachip Semiconductor Corp,Rhode Island,MX,New York,0.0,0.0,863.2,2011-03-11,8.5,14.0,133.0,IT
Maguire Properties Inc,California,MPG,New York,0.0,1031.4,675.9,2002-11-12,8.8,19.0,693.7,Finance
Makemytrip Ltd,Indiana,MMYT,Nasdaq,31.5,14.0,76.8,2010-08-12,8.6,14.0,70.0,Retail
Malibu Boats Inc.,Tennessee,MBUU,Nasdaq,0.0,0.2,19.1,2014-01-31,9.7,14.0,100.0,Retail
Mammoth Energy Services Inc.,Oklahoma,TUSK,Nasdaq,0.0,2.3,391.6,2016-10-14,5.7,15.0,116.3,Oil
ManTech International Corp,Virginia,MANT,Nasdaq,36.1,26.1,238.1,2001-11-23,8.6,16.0,115.2,IT
Manchester United Plc,Pennsylvania,MANU,New York,29.4,122.0,323.9,2012-08-10,6.9,14.0,233.3,Retail
MannKind Corp,California,MNKD,Nasdaq,0.0,0.0,112.2,2004-04-30,9.0,14.0,87.5,Chemical
Manning & Napier Inc.,New York,MN,New York,0.0,841.5,2851.4,2011-11-18,7.9,12.0,150.0,Finance
Marcus & Millichap Inc.,California,MMI,New York,0.0,183.5,436.3,2013-10-31,9.6,12.0,72.0,Finance
Marin Software Inc.,California,MRIN,New York,0.0,0.0,33.1,2013-03-22,10.7,14.0,105.0,IT
Marinus Pharmaceuticals Inc.,Pennsylvania,MRNS,Nasdaq,25.0,0.0,180.7,2014-07-31,8.5,8.0,45.0,Health
MarketAxess Holdings Inc,New York,MKTX,Nasdaq,17.6,0.0,72.3,2004-02-11,13.5,11.0,55.0,Finance
Marketo Inc,California,MKTO,Nasdaq,0.0,5.3,75.9,2013-01-25,10.1,13.0,78.8,IT
Marrone Bio Innovations Inc.,California,MBII,Nasdaq,0.0,0.0,16.6,2013-08-02,11.2,12.0,57.0,Chemical
Masimo Corp,California,MASI,Nasdaq,80.4,22.2,170.3,2007-04-17,8.5,17.0,202.6,Energy
Mastercraft Boat Holdings Inc.,Tennessee,MCFT,Nasdaq,21.2,1165.4,1186.6,2015-07-17,10.7,15.0,91.1,Retail
Matador Resources Co,Texas,MTDR,New York,209.1,166.0,656.0,2012-02-02,4.5,12.0,160.0,Oil
Match Group Inc.,Texas,MTCH,Nasdaq,0.0,100.1,150.4,2015-11-19,10.3,12.0,400.0,IT
Materialise Nv,Wisconsin,MTLS,Nasdaq,2.6,0.0,446.6,2014-06-25,8.0,12.0,96.0,IT
Maxlinear Inc.,California,MXL,New York,0.0,0.0,27.5,2010-03-24,9.5,14.0,90.2,IT
MedCath Corp,North Carolina,MDTH,Nasdaq,0.0,210.7,453.8,2001-05-04,7.1,25.0,150.0,Health
Mediwound Ltd,Oregon,MDWD,Nasdaq,0.0,3.3,32.4,2014-03-20,8.2,14.0,70.0,Health
Medley Management Inc,New York,MDLY,New York,66.0,102.9,626.4,2014-08-18,10.1,18.0,108.0,Finance
Medpace Holdings Inc.,Ohio,MEDP,Nasdaq,27.0,0.0,31.3,2016-08-11,14.5,23.0,161.0,Health
Memory Pharmaceuticals Corp,New Jersey,MEMY,Nasdaq,0.0,2.4,37.7,2003-12-23,12.0,7.0,35.0,Agriculture
Merrimack Pharmaceuticals Inc.,Massachusetts,MACK,Nasdaq,344.5,19.6,364.1,2012-03-29,5.5,7.0,100.1,Health
Mersana Therapeutics Inc.,Massachusetts,MRSN,Nasdaq,0.0,931.6,931.6,2017-06-28,8.7,15.0,75.0,Health
Merus NV,New Jersey,MRUS,Nasdaq,0.0,39.9,1426.7,2016-05-19,6.2,10.0,55.0,Health
Mesa Air Group Inc,Arizona,MESA,Nasdaq,0.0,760.2,1389.6,2018-06-15,8.7,12.0,115.6,Transport
Mesoblast Ltd,Tennessee,MESO,Nasdaq,0.0,7.2,101.8,2015-11-13,8.6,8.0,59.8,Health
Metabolix Inc,Massachusetts,MBLX,Nasdaq,0.0,0.0,21.4,2006-07-14,9.1,14.0,95.2,Agriculture
Metropolitan Bank Holding Corp,New York,MCB,New York,0.0,0.0,2432.1,2017-11-08,7.6,35.0,108.5,Finance
Mgm Growth Properties Llc,Nevada,MGP,New York,0.0,2361.8,2362.3,2016-04-20,8.4,21.0,1050.0,Finance
Michaels Companies Inc.,Texas,MIK,Nasdaq,27.9,1307.4,1335.3,2014-06-27,1.3,17.0,472.2,Retail
MicroStrategy Inc,Virginia,MSTR,Nasdaq,0.0,0.0,30.6,1998-04-10,8.6,12.0,48.0,IT
Microsoft Corp,Washington,MSFT,Nasdaq,46.3,1.9,65.1,1986-02-03,7.1,21.0,58.7,IT
Mid-Con Energy Partners Lp,Oklahoma,MCEP,Nasdaq,37.3,0.2,149.2,2011-12-15,6.4,18.0,97.2,Oil
Midland States Bancorp Inc.,Illinois,MSBI,Nasdaq,0.0,0.0,53.4,2016-05-24,7.0,22.0,80.1,Finance
Midstates Petroleum Co Inc,Texas,MPO,New York,0.0,151.7,688.6,2011-11-14,6.4,13.0,312.0,Oil
Midwest Banc Holdings Inc,Illinois,MBHI,Nasdaq,18.4,67.2,906.8,1997-12-19,9.1,15.0,16.5,Finance
Milacron Holdings Corp,Ohio,MCRN,New York,0.0,79.2,778.1,2015-06-25,3.7,20.0,285.7,Machinery
Millennial Media Inc,Maryland,MM,New York,0.0,0.0,61.9,2010-07-28,75.4,13.0,132.6,IT
Mimecast Ltd,North Carolina,MIME,Nasdaq,0.0,0.0,126.6,2015-11-19,10.3,10.0,77.5,IT
Minerva Neurosciences Inc.,Massachusetts,NERV,Nasdaq,0.0,9.7,23.5,2014-07-01,6.6,6.0,32.7,Health
Mistras Group Inc,New Jersey,MG,New York,0.0,18.9,171.1,2008-06-10,10.0,12.5,108.8,Engineering
Mix Telematics Ltd,Colorado,MIXT,New York,0.0,129.8,129.8,2013-08-09,16.6,16.0,100.7,IT
Mobileiron Inc.,California,MOBL,Nasdaq,69.4,376.3,885.2,2014-06-12,9.2,9.0,100.0,IT
Model N Inc.,California,MODN,New York,0.0,8.5,75.4,2013-03-20,8.8,15.5,104.5,IT
Moelis & Co,New York,MC,New York,0.0,0.0,349.1,2013-10-22,13.4,25.0,162.5,Finance
Moleculin Biotech Inc.,Texas,MBRX,Nasdaq,0.0,7.7,539.3,2016-06-02,8.5,6.0,9.2,Health
Molina Healthcare Inc,California,MOH,New York,0.0,0.0,244.1,2002-12-30,9.0,17.5,115.5,Health
Momo Inc.,Wisconsin,MOMO,Nasdaq,0.0,0.0,35.9,2014-12-11,7.8,13.5,216.0,IT
Mongodb Inc.,New York,MDB,Nasdaq,0.0,0.0,43.2,2017-10-19,16.5,24.0,192.0,IT
Monotype Imaging Holdings Inc,Massachusetts,TYPE,Nasdaq,0.0,120.7,272.3,2007-01-26,10.1,12.0,132.0,IT
Morgans Hotel Group Co,New York,MHGC,Nasdaq,81.6,457.6,606.3,2005-10-27,8.0,20.0,360.0,Services
Morningstar Inc,Illinois,MORN,Nasdaq,0.0,0.0,190.7,2004-05-06,3.8,18.5,140.8,Finance
Morton's Restaurant Group Inc,Illinois,MRT,New York,24.7,51.9,282.6,2005-12-01,8.7,17.0,160.9,Restaurant
Motif Bio Plc,Virginia,MTFB,Nasdaq,0.0,1.1,182.5,2016-11-18,7.4,7.0,17.0,Health
Motricity Inc,Washington,MOTR,Nasdaq,0.0,0.0,174.2,2010-01-22,20.2,10.0,60.0,Consulting
Mplx Lp,Ohio,MPLX,New York,170.9,197.1,434.7,2012-10-26,5.9,22.0,380.6,Oil
Mtbc Inc.,New Jersey,MTBC,Nasdaq,0.0,0.0,24.7,2014-07-23,1.2,5.0,20.4,IT
Mueller Water Products Inc,Georgia,MWA,New York,0.0,0.0,2964.8,2006-02-03,6.4,16.0,400.0,Machinery
Myokardia Inc.,California,MYOK,Nasdaq,0.0,0.0,21.5,2015-10-29,10.3,10.0,54.4,Health
Myovant Sciences Ltd,Rhode Island,MYOV,New York,0.0,2258.2,2258.2,2016-10-27,9.7,15.0,217.5,Health
NATCO Group Inc,Texas,NTG,New York,11.2,2.3,106.2,1998-03-30,7.9,10.0,75.0,Oil
NYMEX Holdings Inc,New York,NMX,New York,441.6,80.3,2952.1,2006-07-14,7.6,59.0,383.5,Finance
Nabriva Therapeutics Plc,Hawaii,NBRV,Nasdaq,0.0,0.0,107.8,2015-09-18,10.6,10.3,92.3,Health
Nalco Holding Co,Illinois,NLC,New York,373.3,3424.8,5828.1,2004-08-26,5.9,15.0,666.7,Transport
Nanostring Technologies Inc.,Washington,NSTG,Nasdaq,0.0,0.0,94.2,2013-06-26,11.7,10.0,54.0,Health
Nanthealth Inc.,California,NH,Nasdaq,0.0,0.0,94.5,2016-06-02,9.2,14.0,91.0,IT
Nantkwest Inc.,California,NK,Nasdaq,29.2,0.0,112.2,2015-07-28,7.3,25.0,207.2,Health
Natera Inc.,California,NTRA,Nasdaq,6.1,225.2,231.2,2015-07-02,16.2,18.0,180.0,Health
National Bank Holdings Corp,Colorado,NBHC,New York,0.0,621.6,621.6,2012-09-20,13.9,19.3,137.6,Finance
National Financial Partners Corp,New York,NFP,New York,51.7,0.0,595.4,2003-05-09,8.4,23.0,208.5,Finance
National Storage Affiliates Trust,Colorado,NSA,New York,0.0,0.0,928.9,2015-04-23,4.2,13.0,260.0,Finance
National Vision Holdings Inc.,Georgia,EYE,Nasdaq,0.0,113.6,113.6,2017-10-26,7.6,22.0,347.6,Retail
Natural Grocers By Vitamin Cottage Inc.,Colorado,NGVC,New York,6.4,0.0,179.9,2012-07-25,10.3,15.0,107.1,Food
Natus Medical Inc,California,BABY,Nasdaq,0.0,0.0,12.3,2000-08-18,10.5,11.0,55.0,Energy
Navigator Holdings Ltd,Oklahoma,NVGS,New York,0.0,0.6,3210.3,2013-11-21,8.8,19.0,228.0,Machinery
Ncs Multistage Holdings Inc.,Texas,NCSM,Nasdaq,100.6,184.7,5316.7,2017-04-28,4.9,17.0,161.5,Oil
Neff Corp,Florida,NEFF,New York,131.7,721.9,606.7,2014-09-03,7.0,15.0,157.1,Machinery
Neophotonics Corp,California,NPTN,New York,0.0,0.2,170.9,2011-02-02,3.0,11.0,82.5,IT
Neos Therapeutics Inc.,Texas,NEOS,Nasdaq,0.0,68.3,68.3,2015-07-23,8.5,15.0,72.0,Health
NetLogic Microsystems Inc,California,NETL,Nasdaq,0.0,0.0,39.1,2004-04-16,11.0,12.0,69.3,Machinery
Netezza Corp,Massachusetts,NZ,New York,0.0,0.0,69.2,2007-03-22,8.8,12.0,108.0,Energy
Netlist Inc,California,NLST,Nasdaq,7.6,1.2,42.0,2006-08-18,10.6,7.0,43.8,Machinery
Netshoes (Cayman) Ltd,New Jersey,NETS,New York,76.7,13.0,89.6,2017-04-12,7.9,18.0,148.5,Retail
NeuroMetrix Inc,Massachusetts,NURO,Nasdaq,0.0,0.0,18.4,2004-05-13,12.8,8.0,24.0,Health
Nevro Corp,California,NVRO,New York,0.0,0.0,50.2,2014-11-06,10.2,18.0,126.0,Health
New Home Co Inc.,California,NWHM,New York,282.5,119.2,3121.2,2014-01-31,10.9,11.0,85.9,Retail
New Relic Inc.,California,NEWR,New York,0.0,0.6,36.6,2014-12-12,10.3,23.0,115.0,IT
Newater Technology Inc.,Arizona,NEWA,Nasdaq,7.7,0.0,7.7,2017-07-28,7.3,5.0,7.0,Machinery
Newlink Genetics Corp,Iowa,NLNK,Nasdaq,0.0,0.0,11.0,2011-11-14,0.4,7.0,43.4,Health
Newmark Group Inc.,New York,NMRK,Nasdaq,57.6,114.0,3221.0,2017-12-15,9.0,14.0,280.0,Finance
Nexa Resources SA,New York,NEXA,New York,0.0,5.3,111.1,2017-10-27,10.2,16.0,496.0,Chemical
Nextera Energy Partners Lp,Florida,NEP,New York,0.0,0.0,1074.4,2014-06-27,8.7,25.0,406.3,Energy
NightHawk Radiology Holdings Inc,Idaho,NHWK,Nasdaq,0.0,0.0,32.0,2005-10-05,8.7,16.0,100.8,Health
Nightstar Therapeutics Plc,Massachusetts,NITE,Nasdaq,405.8,24.5,2763.6,2017-09-28,7.0,14.0,75.0,Health
Nmi Holdings Inc.,California,NMIH,Nasdaq,253.1,277.3,530.4,2013-11-08,4.5,13.0,27.3,Finance
Noah Holdings Ltd,Nebraska,NOAH,New York,0.0,0.0,183.3,2010-11-10,9.6,12.0,100.8,Finance
Noble Midstream Partners Lp,Texas,NBLX,New York,14.1,412.7,606.0,2016-09-15,9.9,22.5,281.3,Oil
Noodles & Co,Colorado,NDLS,Nasdaq,0.0,55.6,55.6,2013-06-28,1.4,18.0,96.4,Retail
Nordic American Offshore Ltd,New York,NAO,New York,0.0,4.8,10.6,2014-06-12,10.6,16.0,94.1,Machinery
Northwest Biotherapeutics Inc,Maryland,NWBO,Nasdaq,0.0,0.1,9.3,2001-08-13,13.5,5.0,20.0,Agriculture
Norwegian Cruise Line Holdings Ltd,Florida,NCLH,Nasdaq,7.9,74.7,82.6,2013-01-18,5.8,19.0,447.1,Retail
Novan Inc.,North Carolina,NOVN,Nasdaq,17.3,0.0,2704.3,2016-09-21,8.0,11.0,45.1,Health
Novocure Ltd,Arkansas,NVCR,Nasdaq,0.0,0.0,36.8,2015-10-02,10.2,22.0,165.0,Agriculture
NuVasive Inc,California,NUVA,Nasdaq,0.0,0.0,20.8,2004-03-05,9.2,11.0,71.5,Health
Nucana Plc,Arkansas,NCNA,Nasdaq,271.7,3.6,275.3,2017-09-28,12.2,15.0,100.0,Health
Nutanix Inc.,California,NTNX,Nasdaq,36.8,0.0,83.4,2016-09-30,11.8,16.0,237.9,IT
Nxp Semiconductors NV,Texas,NXPI,Nasdaq,31.4,57.1,143.8,2010-08-06,6.6,14.0,476.0,IT
ORBCOMM Inc,New Jersey,ORBC,Nasdaq,0.0,0.9,76.4,2006-05-12,10.4,11.0,101.5,Communications
Oaktree Capital Group LLC,California,OAK,New York,257.9,830.4,45425.0,2011-06-17,19.6,43.0,380.2,Finance
Oasis Midstream Partners Lp,Texas,OMP,New York,1580.2,339.4,1919.6,2017-09-21,8.1,17.0,127.5,Oil
Oasis Petroleum Inc,Texas,OAS,New York,2.4,0.0,622.6,2010-03-04,6.6,14.0,588.0,Oil
Obalon Therapeutics Inc.,California,OBLN,Nasdaq,0.0,28.5,134.4,2016-10-06,9.3,15.0,75.0,Health
Obseva Sa,Maryland,OBSV,Nasdaq,0.0,1243.4,1262.3,2017-01-26,7.6,15.0,96.8,Health
Ocean Power Technologies Inc,New Jersey,OPTT,Nasdaq,0.0,0.2,30.9,2006-11-13,9.9,20.0,100.0,Energy
Och-Ziff Capital Management Group LLC,New York,OZM,New York,3232.5,748.1,2316.7,2007-07-02,7.3,32.0,1152.0,Finance
Ocular Therapeutix Inc.,Massachusetts,OCUL,Nasdaq,0.0,12.5,16.7,2014-07-25,5.6,13.0,65.0,Health
Odimo Inc,Florida,ODMO,Nasdaq,0.0,0.0,57.9,2004-07-16,16.8,9.0,28.1,IT
Odonate Therapeutics Inc.,California,ODT,Nasdaq,0.0,1674.9,1674.9,2017-12-07,6.7,24.0,150.0,Health
Okta Inc.,California,OKTA,Nasdaq,0.0,2.4,63.0,2017-04-07,11.0,17.0,187.0,IT
Ollie'S Bargain Outlet Holdings Inc.,Pennsylvania,OLLI,Nasdaq,25.6,0.0,25.6,2015-07-16,7.4,16.0,142.8,Food
Omega Protein Corp,Texas,OME,New York,0.0,11.4,136.3,1998-01-27,7.1,16.0,136.0,Agriculture
Omnicell Inc,California,OMCL,Nasdaq,0.0,0.0,52.0,2001-03-14,10.3,7.0,42.0,IT
On Deck Capital Inc.,New York,ONDK,New York,48.2,272.0,320.2,2014-12-17,12.2,20.0,200.0,Finance
Oncomed Pharmaceuticals Inc.,California,OMED,Nasdaq,31.5,0.0,50.0,2013-07-18,8.7,17.0,81.6,Engineering
Onconova Therapeutics Inc.,Pennsylvania,ONTX,Nasdaq,23.9,0.0,1844.2,2013-07-25,5.9,15.0,77.5,Health
OpenTable Inc,California,OPEN,Nasdaq,6.1,0.0,51.5,2009-01-30,11.3,20.0,60.0,Consulting
Opgen Inc.,Maryland,OPGN,Nasdaq,0.0,0.0,469.2,2015-05-05,8.0,6.0,17.1,Health
Opnext Inc,California,OPXT,Nasdaq,0.0,11.9,232.9,2006-10-27,8.8,15.0,253.6,Machinery
Optinose Inc.,Pennsylvania,OPTN,Nasdaq,1.6,39.9,41.5,2017-10-13,10.4,16.0,120.0,Health
Orange 21 Inc,California,ORNG,Nasdaq,3.5,0.2,26.4,2004-09-15,9.5,8.8,30.5,Retail
Orion Energy Systems Inc,Wisconsin,OESX,Nasdaq,3.3,4.5,33.8,2007-08-20,10.5,13.0,100.0,Machinery
Orion Engineered Carbons SA,Texas,OEC,New York,698.1,5.5,703.6,2014-07-25,12.0,18.0,351.0,Chemical
Ormat Technologies Inc,Nevada,ORA,New York,85.2,517.6,774.0,2004-07-20,9.9,15.0,93.8,Energy
Orthopediatrics Corp,Indiana,KIDS,Nasdaq,0.0,0.0,110.3,2017-10-12,5.6,13.0,52.0,Health
Ossen Innovation Co Ltd,Kentucky,OSN,Nasdaq,15.4,0.0,73.2,2010-12-21,8.1,4.5,22.5,Chemical
Otonomy Inc.,California,OTIC,Nasdaq,0.0,0.0,163.8,2014-08-13,10.3,16.0,100.0,Health
Ovid Therapeutics Inc.,New York,OVID,Nasdaq,0.0,7.1,56.9,2017-05-05,11.0,15.0,75.0,Health
Oyo Geospace Corp,Texas,OYOG,Nasdaq,12.7,1.0,35.1,1997-09-30,8.6,14.0,28.0,Machinery
PECO II Inc,Ohio,PIII,Nasdaq,0.0,5.0,78.0,2000-05-22,8.4,15.0,75.0,Machinery
PGT Inc,Florida,PGTI,Nasdaq,0.0,317.4,461.3,2006-03-10,7.7,14.0,123.5,Metal
Pacific Biosciences Of California Inc.,California,PACB,Nasdaq,0.0,1.2,86.6,2010-10-27,10.8,16.0,200.0,Health
Pacific Coast Oil Trust,Texas,ROYT,New York,938.6,281.1,1219.7,2012-05-03,8.4,20.0,370.0,Oil
Pacific Drilling SA,Maryland,PACD,New York,0.0,458.9,458.9,2011-11-11,8.2,8.3,49.5,Oil
"Pacific Mercantile Bancorp, Costa Mesa,California",California,PMBC,Nasdaq,0.0,0.0,119.2,2000-03-28,10.8,8.0,20.0,Finance
Packeteer Inc,California,PKTR,Nasdaq,0.0,0.0,12.2,1999-05-21,8.5,15.0,60.0,IT
Palo Alto Networks Inc.,California,PANW,New York,0.0,0.0,45.7,2012-07-20,10.2,42.0,260.4,IT
Papa Murphy'S Holdings Inc.,Washington,FRSH,Nasdaq,11.8,17.4,84.1,2014-05-02,10.1,11.0,64.2,Food
Paramount Group Inc.,New York,PGRE,New York,3.7,226.3,1176.9,2014-11-19,5.2,17.5,2292.5,Finance
Parsley Energy Inc.,Texas,PE,New York,0.0,39.9,2137.9,2014-05-23,5.0,18.5,925.0,Oil
Party City Holdco Inc.,New York,PRTY,New York,26.3,46.3,267.1,2015-04-16,6.7,17.0,371.9,Retail
Pattern Energy Group Inc.,California,PEGI,Nasdaq,0.0,0.0,607.5,2013-09-27,8.4,22.0,352.0,Energy
Paycom Software Inc,Oklahoma,PAYC,New York,14.6,26.5,532.2,2014-03-10,10.9,15.0,99.7,IT
Paylocity Holding Corp,Illinois,PCTY,Nasdaq,13.6,0.0,44.3,2014-03-19,8.2,17.0,119.8,IT
Pbf Energy Inc.,New Jersey,PBF,New York,192.3,4.3,202.1,2012-12-13,19.0,26.0,533.0,Oil
Pbf Logistics Lp,New Jersey,PBFX,New York,260.3,212.6,1079.9,2014-05-09,7.2,23.0,316.3,Oil
Peak Resorts Inc,Missouri,SKIS,Nasdaq,26.1,100.1,216.5,2014-10-20,8.5,9.0,90.0,Services
Peet's Coffee & Tea Inc,California,PEET,Nasdaq,4.2,1.4,47.4,2000-10-13,12.9,8.0,26.4,Food
Penn Virginia Resource Partners LP,Pennsylvania,PVR,New York,0.0,43.4,188.7,2001-07-19,9.2,21.0,136.5,Mining
Penumbra Inc.,California,PEN,New York,0.0,3.3,14.0,2015-09-18,14.7,30.0,120.0,Health
People'S Utah Bancorp,Utah,PUB,Nasdaq,0.0,0.0,470.6,2015-06-11,4.6,14.5,36.3,Finance
PeopleSupport Inc,California,PSPT,Nasdaq,0.0,0.0,33.2,2004-05-10,13.0,7.0,47.7,IT
Performance Food Group Co,Virginia,PFGC,New York,302.9,1245.4,3404.7,2014-09-09,6.6,19.0,275.5,Retail
Performant Financial Corp,California,PFMT,Nasdaq,12.2,0.1,59.1,2012-08-10,10.9,9.0,81.0,Machinery
Petiq Inc.,Idaho,PETQ,Nasdaq,0.0,1.2,9.4,2017-07-21,9.2,16.0,100.0,Health
Pfenex Inc.,California,PFNX,American,0.0,25.3,1582.8,2014-07-24,12.3,6.0,50.0,Health
Pharmaceutical Product Development Inc,North Carolina,PPDI,Nasdaq,0.0,1.4,27.5,1995-11-03,9.5,18.0,36.0,Agriculture
Pharmasset Inc,New Jersey,VRUS,Nasdaq,0.0,0.1,38.0,2006-05-08,13.1,9.0,45.0,Chemical
Phibro Animal Health Corp,New Jersey,PAHC,Nasdaq,461.5,1807.0,2268.5,2014-04-11,11.2,15.0,191.2,Health
Phillips 66 Partners Lp,Texas,PSXP,New York,5.0,64.7,1381.6,2013-07-23,10.2,23.0,377.8,Oil
Physicians Realty Trust,Wisconsin,DOC,New York,6.1,66.3,106.3,2013-05-24,7.6,11.5,120.0,Finance
Piedmont Office Realty Trust Inc.,Georgia,PDM,New York,0.0,70.1,83.6,2010-02-10,3.3,14.5,174.0,Finance
Pike Electric Corp,North Carolina,PIKE,New York,64.2,286.1,592.5,2005-04-18,9.0,14.0,189.0,Energy
Pinnacle Foods Inc,New Jersey,PF,New York,381.6,2585.8,4400.0,2012-02-27,5.8,20.0,580.0,Food
Pixelworks Inc,California,PXLW,Nasdaq,0.0,0.0,44.6,2000-02-25,8.1,10.0,57.5,Machinery
Plains All American Pipeline LP,Texas,PAA,New York,9.1,175.0,149.6,1998-09-23,7.6,20.0,261.7,Oil
Plains Gp Holdings Lp,Texas,PAGP,New York,35.8,571.4,607.1,2013-10-16,8.0,22.0,2816.0,Oil
Planet Fitness Inc.,New Hampshire,PLNT,New York,13.4,2.1,503.0,2015-08-06,8.5,16.0,216.0,Retail
PlasmaTech Biopharmaceuticals Inc,Texas,ACCP,Nasdaq,0.0,0.0,0.3,2014-07-02,10.3,4.0,14.0,Chemical
PokerTek Inc,North Carolina,PTEK,Nasdaq,0.0,0.0,2.3,2005-08-04,9.3,11.0,22.0,IT
Polar Power Inc.,California,POLA,Nasdaq,0.0,909.9,909.9,2016-12-07,5.1,7.0,16.8,Machinery
Porter Bancorp Inc,Kentucky,PBIB,Nasdaq,0.0,82.0,1013.4,2006-04-11,9.3,24.0,37.2,Finance
Portfolio Recovery Associates Inc,Virginia,PRAA,Nasdaq,0.0,0.9,65.5,2002-09-06,8.2,13.0,50.7,Finance
Portola Pharmaceuticals Inc.,California,PTLA,Nasdaq,0.0,318.6,318.6,2013-05-22,10.7,14.5,122.1,Health
Potbelly Corp,Illinois,PBPB,Nasdaq,12.3,50.5,68.6,2013-10-04,9.7,14.0,105.0,Retail
Ppdai Group Inc.,Massachusetts,PPDF,New York,122.1,61.7,630.2,2017-11-10,8.5,13.0,221.0,Finance
Pra Health Sciences Inc.,North Carolina,PRAH,Nasdaq,0.0,0.0,2560.8,2014-11-13,13.3,18.0,305.6,Health
Preferred Apartment Communities Inc.,Georgia,APTS,American,0.0,177.0,177.0,2011-04-01,14.7,10.0,45.0,Finance
Premier Inc.,North Carolina,PINC,Nasdaq,0.0,21.9,145.4,2013-09-26,1.2,27.0,760.1,IT
Premium Standard Farms Inc,Missouri,PORK,Nasdaq,187.8,137.7,737.0,2005-03-11,8.1,12.5,123.0,Machinery
Presbia Plc,Oregon,LENS,Nasdaq,0.0,0.0,47.8,2015-01-29,8.4,10.0,41.7,Clothes
Presidio Inc.,New York,PSDO,Nasdaq,68.5,0.0,68.5,2017-03-10,10.6,14.0,233.3,IT
Primerica Inc,Georgia,PRI,New York,0.0,0.0,9973.5,2009-11-05,10.1,15.0,320.4,Finance
Primo Water Corp,North Carolina,PRMW,Nasdaq,0.0,0.0,70.0,2010-11-05,12.2,12.0,100.0,Food
PrivateBancorp Inc,Illinois,PVTB,Nasdaq,0.0,0.0,439.1,1999-04-27,11.0,18.0,16.2,Finance
ProCentury Corp,Ohio,PROS,Nasdaq,0.0,25.0,347.1,2003-12-18,8.1,10.5,93.5,Finance
Proofpoint Inc,California,PFPT,Nasdaq,0.0,3.1,64.7,2011-05-05,8.4,13.0,82.3,IT
Propetro Holding Corp,Texas,PUMP,New York,0.0,82.2,193.8,2017-03-17,7.7,14.0,350.0,Oil
Proqr Therapeutics NV,Oklahoma,PRQR,Nasdaq,0.0,20.8,108.2,2014-09-18,7.7,13.0,97.5,Health
Pros Holdings Inc,Texas,PRO,New York,0.0,19.8,25.7,2007-04-04,9.3,11.0,75.1,IT
"Prosperity Bancshares Inc, Houston,Texas",Texas,PRSP,Nasdaq,0.0,0.0,336.4,1998-09-11,8.5,12.0,20.6,Finance
Protagonist Therapeutics Inc.,California,PTGX,Nasdaq,0.0,25.6,393.3,2016-08-11,8.7,12.0,90.0,Health
Proteon Therapeutics Inc,Massachusetts,PRTO,Nasdaq,0.0,0.0,27.1,2014-09-16,10.7,10.0,61.1,Agriculture
Proteostasis Therapeutics Inc.,Massachusetts,PTI,Nasdaq,0.0,1.2,29.0,2016-02-11,0.4,8.0,50.0,Health
Proto Labs Inc.,Minnesota,PRLB,New York,0.0,0.0,51.8,2012-02-24,4.9,16.0,68.8,Machinery
Ptc Therapeutics Inc.,New Jersey,PTCT,Nasdaq,64.0,169.9,233.9,2013-06-20,8.2,15.0,125.6,Health
Pulse Biosciences Inc.,California,PLSE,Nasdaq,6.6,1473.5,1480.1,2016-05-18,9.7,4.0,20.0,Health
Pure Storage Inc.,California,PSTG,New York,0.0,0.4,55.3,2015-10-07,9.8,17.0,425.0,IT
Pzena Investment Management Inc,New York,PZN,New York,0.0,60.0,99.7,2007-06-11,10.5,18.0,109.8,Finance
Q2 Holdings Inc.,Texas,QTWO,New York,0.0,3.8,144.7,2014-03-20,10.5,13.0,100.9,IT
QEP Midstream Partners LP,Colorado,QEPM,New York,106.4,0.0,706.1,2013-01-07,5.8,21.0,420.0,Oil
QTS Realty Trust Inc,Kansas,QTS,New York,63.7,344.8,781.9,2013-08-16,7.3,21.0,257.3,Finance
Qiwi,Hawaii,QIWI,Nasdaq,0.0,54.0,54.0,2013-05-03,8.0,17.0,212.5,Finance
Quality Distribution Inc,Florida,QLTY,Nasdaq,63.5,272.8,379.1,2003-08-29,8.6,17.0,119.0,Transport
Qualys Inc,California,QLYS,Nasdaq,6.0,1.1,74.0,2012-06-08,9.0,12.0,90.9,IT
Quantenna Communications Inc.,California,QTNA,Nasdaq,0.0,578.4,592.0,2016-10-28,10.4,16.0,107.2,IT
Quanterix Corp,Massachusetts,QTRX,Nasdaq,0.0,7.1,136.2,2017-12-07,14.0,15.0,64.1,Health
Qudian Inc.,Washington,QD,New York,14.0,0.0,2306.7,2017-10-18,6.3,24.0,900.0,Finance
Quest Energy Partners LP,Oklahoma,QELP,Nasdaq,0.0,94.0,368.1,2007-07-19,7.4,18.0,163.8,Oil
QuickLogic Corp,California,QUIK,Nasdaq,0.0,0.1,19.3,1997-06-09,8.3,10.0,66.7,Machinery
Quinstreet Inc.,California,QNST,Nasdaq,0.0,0.1,60.0,2010-02-11,11.1,15.0,150.0,IT
RBC Bearings Inc,Connecticut,ROLL,Nasdaq,0.0,168.3,247.1,2005-05-11,7.9,14.5,134.7,Machinery
RCS Capital Corp,New York,RCAP,New York,36.4,0.0,61.6,2013-02-22,11.0,20.0,50.0,Finance
Ra Pharmaceuticals Inc.,Massachusetts,RARX,Nasdaq,0.0,22.8,63.9,2016-10-26,8.7,13.0,91.6,Health
Rackspace Hosting Inc,Texas,RAX,New York,0.0,254.8,408.3,2008-04-25,8.7,12.5,187.5,IT
Radiant Systems Inc,Georgia,RADS,Nasdaq,0.0,4.1,14.6,1996-12-12,8.6,9.5,27.6,IT
Radius Health Inc.,Massachusetts,RDUS,Nasdaq,5.9,11.6,146.5,2014-06-06,11.8,8.0,52.0,Health
Ranger Energy Services Inc.,Texas,RNGR,New York,116.0,44.1,160.1,2017-08-11,11.1,14.5,85.0,Oil
Rapid7 Inc.,Massachusetts,RPD,Nasdaq,0.0,5.0,933.6,2015-07-17,10.6,16.0,103.2,IT
Rbb Bancorp,California,RBB,Nasdaq,0.0,156.2,35954.5,2017-07-26,11.9,23.0,86.3,Finance
Re/Max Holdings Inc.,Colorado,RMAX,New York,0.0,292.6,38918.7,2013-10-02,9.3,22.0,220.0,Finance
RealPage Inc,Texas,RP,Nasdaq,0.0,34.5,142.1,2010-04-29,8.0,11.0,135.3,IT
Realogy Holdings Corp,New Jersey,RLGY,New York,34.0,2848.4,2882.4,2012-10-11,9.6,27.0,1080.0,Finance
Reata Pharmaceuticals Inc.,Texas,RETA,Nasdaq,29.9,0.0,29.9,2016-05-26,14.6,11.0,60.5,Health
Recro Pharma Inc.,Pennsylvania,REPH,Nasdaq,0.0,1.4,23.4,2014-03-07,12.6,8.0,30.0,Health
RedEnvelope Inc,California,REDE,Nasdaq,0.0,0.0,48.8,2003-06-13,9.9,14.0,30.8,Retail
Redfin Corp,Washington,RDFN,Nasdaq,0.0,2997.2,116020.0,2017-07-28,11.5,15.0,138.5,Finance
Regado Biosciences Inc,New Jersey,RGDO,Nasdaq,0.0,3.9,25.8,2013-04-29,11.3,4.0,43.0,Chemical
Regal Entertainment Group,Tennessee,RGC,New York,0.0,710.8,2239.9,2002-03-11,7.6,19.0,342.0,Media
Regenxbio Inc.,Maryland,RGNX,Nasdaq,0.0,3.4,24.7,2015-09-17,11.8,22.0,138.6,Health
Regional Management Corp,South Carolina,RM,New York,0.0,21.5,29414.1,2012-03-28,7.3,15.0,63.0,Finance
Renewable Energy Group Inc.,Iowa,REGI,Nasdaq,66.8,87.1,278.7,2012-01-19,12.2,10.0,72.0,Oil
Renren Inc.,South Carolina,RENN,New York,323.3,3.3,326.6,2011-05-04,7.8,14.0,743.4,Retail
Rentech Nitrogen Partners LP,California,RNF,New York,28.8,0.0,223.0,2011-08-05,8.3,20.0,300.0,Chemical
Republic Airways Holdings Inc,Indiana,RJET,Nasdaq,0.0,482.4,678.4,2002-03-11,10.3,13.0,65.0,Transport
Republic Services Inc,Florida,RSG,New York,0.0,102.2,1582.0,1998-05-13,5.5,24.0,1320.0,Oil
Resonant Inc.,California,RESN,Nasdaq,0.0,11.4,28.4,2014-05-29,6.7,6.0,16.2,IT
Resource Capital Corp,New York,RSO,New York,54.0,1793.5,2045.5,2005-07-11,10.2,15.0,60.0,Finance
Response Genetics Inc,California,RGDX,Nasdaq,0.0,0.0,8.3,2006-12-20,15.1,7.0,21.0,Health
Restoration Robotics Inc.,California,HAIR,Nasdaq,0.0,0.0,253.9,2017-10-12,9.1,7.0,25.0,Health
Reto Eco-Solutions Inc.,Rhode Island,RETO,Nasdaq,53.6,0.0,53.6,2017-11-29,7.7,5.0,14.0,Chemical
Retrophin Inc,California,RTRX,Nasdaq,0.0,0.0,20.5,2013-12-18,8.6,8.5,40.0,Chemical
Rev Group Inc.,Wisconsin,REVG,New York,15.5,1556.8,1572.4,2017-01-27,11.3,22.0,275.0,Retail
Revance Therapeutics Inc.,California,RVNC,Nasdaq,0.0,10.1,18.0,2014-02-06,17.4,16.0,96.0,Health
Rewalk Robotics Ltd,Kentucky,RWLK,Nasdaq,0.0,0.0,33.8,2014-09-12,8.4,12.0,36.0,Health
Rex Energy Corp,Pennsylvania,REXX,Nasdaq,0.0,18.2,144.3,2007-04-27,8.2,11.0,105.6,Oil
Rexford Industrial Realty Inc.,California,REXR,New York,0.0,645.2,645.2,2013-07-19,1.9,14.0,224.0,Finance
Rexnord Corp,Wisconsin,RXN,New York,0.0,2413.4,3207.4,2011-05-26,5.6,18.0,426.3,Machinery
Rh,California,RH,New York,28.6,0.0,395.8,2012-11-02,11.0,24.0,123.9,Retail
Rhythm Pharmaceuticals Inc.,Massachusetts,RYTM,Nasdaq,0.0,1.5,71.4,2017-10-05,17.5,17.0,119.9,Health
Rignet Inc.,Texas,RNET,Nasdaq,0.2,0.1,71.8,2010-12-15,8.8,12.0,60.0,IT
Ringcentral Inc.,California,RNG,New York,14.2,0.0,61.4,2013-09-27,9.0,13.0,97.5,IT
Rise Education Cayman Ltd,Oregon,REDU,Nasdaq,0.0,44.0,151.7,2017-10-20,8.7,14.5,159.5,Food
Ritter Pharmaceuticals Inc.,California,RTTR,Nasdaq,22.8,0.0,22.8,2015-06-24,10.7,5.0,20.0,Health
Riverbed Technology Inc,California,RVBD,Nasdaq,0.0,0.3,44.7,2006-04-20,9.9,9.8,85.8,IT
Roadrunner Transportation Systems Inc.,Wisconsin,RRTS,New York,0.0,59.6,4079.8,2010-05-13,7.3,14.0,148.4,Machinery
Rocket Fuel Inc,California,FUEL,Nasdaq,0.0,10.6,99.8,2013-02-13,9.7,29.0,116.0,Media
Roku Inc.,California,ROKU,Nasdaq,335.3,0.0,1357.3,2017-09-28,5.6,14.0,219.4,Communications
Ruckus Wireless Inc,California,RKUS,New York,20.6,0.0,123.1,2012-05-01,9.6,15.0,126.0,IT
Rumbleon Inc.,Texas,RMBL,Nasdaq,0.0,0.0,156.9,2017-10-19,12.0,5.5,16.0,Retail
Ryb Education Inc.,North Carolina,RYB,New York,0.0,0.1,83.8,2017-09-27,9.7,18.5,144.3,Food
Ryerson Holding Corp,Illinois,RYI,New York,0.0,1198.1,1907.9,2010-01-22,8.5,11.0,121.0,Metal
SAGE Therapeutics Inc,Massachusetts,SAGE,Nasdaq,0.0,0.0,51.7,2014-06-17,8.3,18.0,90.0,Chemical
SBA Communications Corp,Florida,SBAC,Nasdaq,0.0,210.7,231.8,1999-04-19,8.1,9.0,79.4,Communications
SGX Pharmaceuticals Inc,California,SGXP,Nasdaq,0.0,0.0,33.3,2005-09-02,15.3,6.0,24.0,Agriculture
SMTP Inc,Massachusetts,SMTP,Nasdaq,2.0,0.0,2.4,2013-12-26,7.0,6.3,10.0,Media
Sabre Corp,Texas,SABR,Nasdaq,0.0,0.0,24.6,2014-04-17,16.2,16.0,627.2,IT
Sachem Capital Corp,Connecticut,SACH,NYSE MKT,0.0,0.0,1403.4,2017-02-10,9.6,5.0,13.0,Finance
Safehold Inc.,New York,SAFE,New York,5.9,0.0,542.7,2017-06-22,9.8,20.0,205.0,Finance
Sajan Inc,Wisconsin,SAJA,Nasdaq,0.7,0.8,9.6,2014-05-08,22.4,5.0,3.5,Consulting
Salary.com Inc,Massachusetts,SLRY,Nasdaq,0.0,0.0,15.9,2006-11-13,13.2,10.5,59.9,IT
Salesforce.com Inc,California,CRM,New York,0.0,1.0,94.7,2003-12-18,10.2,11.0,110.0,IT
SandRidge Energy Inc,Oklahoma,SD,New York,0.0,1052.3,3170.5,2007-06-22,6.3,26.0,637.8,Oil
Sandridge Energy Inc.,Oklahoma,SDR,New York,0.0,0.7,682.3,2012-04-18,10.2,21.0,546.0,Oil
Sandridge Energy Inc.,Oklahoma,SDT,New York,0.0,3917.3,3917.3,2011-04-07,6.3,21.0,315.0,Oil
Santander Consumer USA Holdings Inc,Texas,SC,New York,1703.9,25357.3,26204.9,2012-11-22,3.8,24.0,1799.8,Finance
Sauer Inc,Iowa,SHS,New York,0.0,67.9,412.5,1998-03-20,8.3,18.0,76.5,Machinery
Saul Centers Inc,Maryland,BFS,New York,153.6,941.2,1422.5,2018-01-16,3.8,25.0,75.0,Finance
Schneider National Inc.,Wisconsin,SNDR,New York,0.0,128.1,131.9,2017-04-06,11.1,19.0,550.0,Machinery
SciQuest Inc,North Carolina,SQI,Nasdaq,3.8,0.0,38.7,2010-03-26,10.8,9.5,57.0,IT
Scorpio Bulkers Inc.,Massachusetts,SALT,New York,2.0,0.0,81.4,2013-12-12,8.5,9.8,305.2,Machinery
Scorpio Tankers Inc.,Hawaii,STNG,New York,0.0,0.0,351.4,2010-03-31,6.1,13.0,162.5,Machinery
Scpharmaceuticals Inc.,Massachusetts,SCPH,Nasdaq,0.0,0.0,912.8,2017-11-17,9.7,14.0,89.6,Health
Scynexis Inc.,New Jersey,SCYX,Nasdaq,0.0,1.7,142.1,2014-05-02,8.0,10.0,62.0,Health
Seadrill Partners Llc,South Carolina,SDLP,New York,0.0,0.0,1790.0,2012-10-19,6.8,22.0,192.5,Oil
Sealy Corp,North Carolina,ZZ,New York,228.3,796.1,908.5,2005-06-30,7.5,16.0,448.0,Furniture
Seattle Genetics Inc,Washington,SGEN,Nasdaq,0.0,0.0,76.7,2000-11-20,9.7,7.0,49.0,Agriculture
Seaworld Entertainment Inc.,Florida,SEAS,New York,29.2,41.9,71.1,2013-04-19,6.6,27.0,702.0,Retail
Second Sight Medical Products Inc.,California,EYES,Nasdaq,0.0,510.6,510.6,2014-11-19,2.9,9.0,31.5,Health
Secoo Holding Ltd,Illinois,SECO,Nasdaq,0.0,69.8,450.0,2017-09-22,12.4,13.0,110.5,Retail
Secureworks Corp,Georgia,SCWX,Nasdaq,0.0,0.1,401.0,2016-04-22,8.7,14.0,112.0,IT
Select Medical Holdings Corp,Pennsylvania,SEM,New York,315.4,1521.4,2532.7,2008-07-25,7.0,10.0,300.0,Health
Selecta Biosciences Inc.,Massachusetts,SELB,Nasdaq,0.0,11.4,168.3,2016-06-22,14.5,14.0,70.0,Health
Selectica Inc,California,SLTCD,Nasdaq,0.0,0.0,27.1,1999-12-10,8.1,30.0,120.0,IT
Semler Scientific Inc.,California,SMLR,Nasdaq,0.0,1.3,97.8,2014-02-21,8.4,7.0,10.0,Health
Senestech Inc.,Arizona,SNES,Nasdaq,0.0,0.7,2173.5,2016-12-08,11.2,8.0,15.0,Chemical
Senomyx Inc,California,SNMX,Nasdaq,0.0,0.0,18.7,2004-03-29,10.7,6.0,36.0,Chemical
Sensata Technologies Holding Plc,Maine,ST,New York,0.0,0.0,92.1,2010-03-11,10.0,18.0,568.8,IT
Senseonics Holdings Inc.,Maryland,SENS,American,0.0,0.0,1360.3,2016-03-18,8.7,2.9,45.0,Health
Seres Therapeutics Inc.,Massachusetts,MCRB,Nasdaq,247.4,7.4,254.7,2015-06-26,9.0,18.0,133.8,Health
Servicemaster Global Holdings Inc.,Tennessee,SERV,New York,177.1,0.4,177.5,2014-06-26,8.5,17.0,610.3,Machinery
Servicenow Inc.,California,NOW,New York,0.0,90.3,108.4,2012-06-29,13.4,18.0,209.7,IT
Servicesource International Inc.,Colorado,SREV,Nasdaq,0.0,0.0,51.7,2011-03-25,7.5,10.0,119.4,IT
Servisfirst Bancshares Inc.,Alabama,SFBS,Nasdaq,0.0,279.3,333.8,2014-05-14,9.0,91.0,56.9,Finance
Sg Blocks Inc.,New York,SGBX,Nasdaq,0.0,614.0,614.0,2017-06-22,11.7,5.0,7.5,Machinery
Shake Shack Inc.,New York,SHAK,New York,62.3,96.6,158.9,2015-01-30,8.1,21.0,105.0,Retail
Shell Midstream Partners LP,Texas,SHLX,New York,105.0,8.6,545.4,2014-10-29,9.8,23.0,920.0,Oil
Shineco Inc.,Texas,TYHT,Nasdaq,5.7,2270.7,2276.4,2016-09-28,8.0,4.5,7.7,Health
Shopify Inc.,Rhode Island,SHOP,New York,0.0,0.0,131.7,2015-05-21,7.5,17.0,130.9,IT
Shotspotter Inc.,California,SSTI,Nasdaq,0.0,0.3,0.7,2017-06-07,9.5,11.0,30.8,IT
Shutterfly Inc,California,SFLY,Nasdaq,0.0,1.9,54.6,2006-06-29,9.9,15.0,87.0,Chemical
Shutterstock Inc.,New York,SSTK,New York,0.0,16.8,258.4,2012-10-11,11.0,17.0,76.5,IT
SiRF Technology Holdings Inc,California,SIRF,Nasdaq,0.0,2.4,93.5,2004-02-10,8.4,12.0,132.0,Machinery
Sienna Biopharmaceuticals Inc.,California,SNNA,Nasdaq,0.0,47.6,47.6,2017-07-27,10.1,15.0,65.0,Health
Sientra Inc,California,SIEN,Nasdaq,0.0,21.7,62.3,2014-09-19,9.6,15.0,75.0,Health
SigmaTel Inc,Texas,SGTL,Nasdaq,0.0,0.1,29.1,2003-07-03,8.0,15.0,150.0,Machinery
Sirtris Pharmaceuticals Inc,Massachusetts,SIRT,Nasdaq,0.0,8.0,83.5,2007-03-01,9.6,10.0,60.0,Chemical
Siteone Landscape Supply Inc.,Georgia,SITE,New York,1.7,0.1,18.9,2016-05-12,8.5,21.0,210.0,Machinery
Skilled Healthcare Group Inc,California,SKH,New York,0.0,405.6,879.9,2006-10-10,7.9,15.5,258.3,Health
Sky Solar Holdings Ltd,Washington,SKYS,Nasdaq,37.5,0.0,97.0,2014-11-13,15.3,8.0,44.2,Energy
Smart & Final Stores Inc.,California,SFS,New York,465.5,525.9,991.4,2014-09-24,11.6,12.0,161.4,Food
Smart Global Holdings Inc.,California,SGH,Nasdaq,0.0,0.1,56.7,2017-05-24,8.5,11.0,58.3,IT
Smart Modular Technologies (WWH)Inc,California,SMOD,Nasdaq,0.0,125.0,334.9,2005-10-19,8.1,9.0,163.6,Machinery
Smart Sand Inc.,Texas,SND,Nasdaq,0.0,3980.8,3994.9,2016-11-04,6.6,11.0,128.7,Chemical
Snap Inc.,California,SNAP,New York,0.0,9.8,47.6,2017-03-02,15.5,17.0,3400.0,IT
Sogou Inc.,Illinois,SOGO,New York,0.0,0.0,3719.8,2017-11-09,8.8,13.0,585.0,IT
SolarWinds Inc,Texas,SWI,New York,0.0,44.1,89.1,2008-03-21,9.2,12.5,151.5,IT
Solaredge Technologies Inc.,South Carolina,SEDG,Nasdaq,21.4,0.0,56.2,2015-03-26,9.0,18.0,126.0,IT
Solaris Oilfield Infrastructure Inc.,Texas,SOI,New York,0.0,4.3,244.2,2017-05-12,5.9,12.0,121.2,Oil
Somaxon Pharmaceuticals Inc,California,SOMX,Nasdaq,0.0,0.0,108.4,2005-10-07,10.5,11.0,55.0,Chemical
SonicWALL Inc,California,SNWL,Nasdaq,0.0,0.0,15.4,1999-08-27,8.9,14.0,56.0,IT
Sophiris Bio Inc.,California,SPHS,Nasdaq,0.0,65.6,766.6,2013-08-16,10.8,5.0,65.0,Health
Sourcefire Inc,Maryland,FIRE,Nasdaq,0.5,0.0,121.7,2006-10-25,9.5,15.0,86.6,IT
Southern National Bancorp of Virginia Inc,Virginia,SONA,Nasdaq,0.0,0.0,156.9,2006-08-04,4.7,14.0,25.0,Finance
Spansion Inc,California,SPSN,Nasdaq,0.0,526.1,2754.8,2005-04-13,6.8,12.0,506.4,Machinery
Spark Energy Inc,Texas,SPKE,Nasdaq,39.3,0.0,86.5,2014-05-29,13.5,18.0,54.0,Energy
Spark Therapeutics Inc.,Pennsylvania,ONCE,Nasdaq,0.0,1518.0,1542.7,2015-01-30,10.7,23.0,161.0,Health
Specialty Underwriters Alliance Inc,Illinois,SUAI,Nasdaq,0.0,0.0,2.9,2004-07-28,8.2,9.5,120.7,Finance
Spero Therapeutics Inc.,Massachusetts,SPRO,Nasdaq,0.0,54.0,173.9,2017-11-02,8.7,14.0,77.0,Health
Spirit AeroSystems Holdings Inc,Kansas,SPR,New York,0.0,594.3,2335.4,2006-06-30,5.5,26.0,1432.2,Machinery
Spirit Airlines Inc.,Florida,SAVE,Nasdaq,0.0,11.0,30.4,2011-05-26,13.7,12.0,187.2,Machinery
Spirit Finance Corp,Arizona,SFC,New York,0.0,178.4,527.8,2004-10-19,7.8,11.0,287.0,Finance
Spirit Realty Capital Inc,Arizona,SRC,New York,226.3,1904.9,3224.7,2011-11-10,8.1,15.0,435.0,Finance
Splunk Inc.,California,SPLK,Nasdaq,0.0,422.5,422.5,2012-04-19,11.3,17.0,229.5,IT
Sportsman'S Warehouse Holdings Inc.,Utah,SPWH,Nasdaq,93.3,2.3,95.6,2014-04-17,1.3,9.5,118.8,Retail
Sprague Resources Lp,New Hampshire,SRLP,New York,0.0,178.5,431.6,2013-10-25,9.2,18.0,153.0,Oil
Spring Bank Pharmaceuticals Inc.,Massachusetts,SBPH,Nasdaq,0.0,1668.4,1680.6,2016-05-06,11.1,12.0,11.0,Health
Sps Commerce Inc.,Minnesota,SPSC,Nasdaq,15.7,32.1,174.6,2010-04-22,8.8,12.0,49.2,IT
Square Inc.,California,SQ,New York,0.0,182.5,987.5,2015-11-19,12.6,9.0,243.0,IT
Ss&C Technologies Holdings Inc.,Connecticut,SSNC,Nasdaq,0.0,0.0,101.0,2010-03-31,14.5,15.0,160.9,IT
Standard Avb Financial Corp,Pennsylvania,STND,Nasdaq,19.5,155.1,8827.3,2010-10-07,7.7,10.0,34.5,Finance
Stanley Inc,Virginia,SXE,New York,0.0,37.0,197.4,2006-05-12,10.0,13.0,81.9,IT
Stemline Therapeutics Inc.,New York,STML,Nasdaq,0.0,0.0,265.1,2013-01-29,10.8,10.0,33.2,Health
Sterling Bancorp Inc.,Michigan,SBT,Nasdaq,4.3,1713.9,1718.2,2017-11-17,1.0,12.0,180.0,Finance
Stitch Fix Inc.,California,SFIX,Nasdaq,70.7,74.0,144.7,2017-11-17,10.0,15.0,120.0,Retail
StoneMor Partners LP,Pennsylvania,STON,Nasdaq,0.0,80.0,480.7,2004-04-09,17.9,20.5,75.3,Services
Store Capital Corp,Arizona,STOR,New York,0.0,93.5,688.8,2014-11-18,13.0,18.5,508.8,Finance
SuccessFactors Inc,California,SFSF,Nasdaq,0.0,0.1,57.0,2007-07-20,9.6,10.0,107.9,IT
Summit Hotel Properties Inc,Texas,INN,New York,32.9,0.0,493.0,2010-08-09,9.4,9.8,253.5,Finance
Summit Materials Inc.,Colorado,SUM,New York,0.0,3.6,57.2,2015-03-12,13.0,18.0,400.0,Chemical
Summit Midstream Partners Lp,Texas,SMLP,New York,2149.0,4064.3,6213.2,2012-09-28,6.7,20.0,250.0,Oil
Summit Therapeutics Plc,South Carolina,SMMT,Nasdaq,0.0,0.0,18.4,2015-03-05,12.7,9.9,34.2,Health
Suncoke Energy Inc.,Illinois,SXC,New York,0.0,19.5,133.6,2011-07-21,9.9,16.0,185.6,Chemical
Suncoke Energy Partners LP,Illinois,SXCP,New York,0.0,9.4,62.1,2013-01-18,8.9,19.0,256.5,Chemical
Sunesis Pharmaceuticals Inc,California,SNSS,Nasdaq,0.0,1.4,31.9,2004-12-23,11.2,7.0,42.0,Chemical
Sunoco Logistics Partners LP,Pennsylvania,SXL,New York,78.7,252.3,949.4,2001-10-19,11.8,20.3,101.3,Oil
Sunrun Inc.,California,RUN,Nasdaq,0.0,0.0,1.2,2015-08-05,10.5,14.0,250.6,IT
Sunstone Hotel Investors Inc,California,SHO,New York,96.9,667.5,1359.6,2004-07-02,7.5,17.0,358.7,Services
Superior Drilling Products Inc.,Utah,SDPI,American,0.0,2.3,150.8,2014-05-23,7.0,4.0,27.0,Oil
Superior Well Services Inc,Pennsylvania,SWSI,Nasdaq,0.0,1.3,75.4,2005-05-06,8.9,13.0,73.1,Oil
Supernus Pharmaceuticals Inc.,Maryland,SUPN,Nasdaq,0.0,0.0,34.8,2012-05-01,11.1,5.0,50.0,Health
SurModics Inc,Minnesota,SRDX,Nasdaq,0.0,0.0,6.5,1997-12-24,9.5,7.5,15.0,Health
Surgery Partners Inc.,Tennessee,SGRY,Nasdaq,0.0,0.0,4.9,2015-10-01,9.9,19.0,271.4,Health
Switch Inc.,Nevada,SWCH,New York,0.0,17.0,59.4,2017-10-06,9.0,17.0,531.3,IT
Symetra Financial Corp,Washington,SYA,New York,227.3,448.9,22246.3,2009-10-05,6.5,12.0,364.8,Finance
Synaptics Inc,California,SYNA,Nasdaq,0.0,1.9,33.1,2001-02-22,9.5,11.0,55.0,IT
Synchrony Financial,Connecticut,SYF,New York,0.0,271.5,591.1,2014-07-31,4.3,23.0,2875.0,Finance
Syndax Pharmaceuticals Inc.,Massachusetts,SNDX,Nasdaq,0.0,1.1,69.4,2016-03-03,10.8,12.0,52.8,Health
Syniverse Holdings Inc,Florida,SVR,New York,118.7,394.3,777.2,2004-11-12,7.1,16.0,281.9,IT
Syros Pharmaceuticals Inc.,Massachusetts,SYRS,Nasdaq,70.0,0.0,3695.8,2016-06-30,8.7,12.5,50.0,Health
Sysorex Global Holdings Corp,California,SYRX,Nasdaq,0.0,0.2,42.3,2013-10-09,8.0,6.0,20.0,IT
T2 Biosystems Inc,Massachusetts,TTOO,Nasdaq,0.0,10.7,20.1,2014-07-02,9.9,11.0,57.2,Health
TAL International Group Inc,New York,TAL,New York,0.0,820.2,1353.8,2005-06-30,8.5,18.0,207.0,Machinery
TNS Inc,Virginia,TNS,New York,57.0,67.0,342.9,2003-11-03,10.0,18.0,79.6,Consulting
TPI Composites Inc,Arizona,TPIC,Nasdaq,57.4,83.8,352.6,2016-06-17,4.9,11.0,68.8,Machinery
Tableau Software Inc,Washington,DATA,New York,0.0,0.0,89.4,2012-04-22,7.9,31.0,254.2,IT
Tabula Rasa Healthcare Inc.,New Jersey,TRHC,Nasdaq,0.0,1.4,211.0,2016-09-29,8.9,12.0,51.6,IT
Tactile Systems Technology Inc.,Minnesota,TCMD,Nasdaq,1.6,26.3,27.9,2016-07-28,13.3,10.0,40.0,Health
Tag-It Pacific Inc,California,TAG,American,1.1,0.0,5.4,1997-10-21,21.7,4.0,6.7,Machinery
Talecris Biotherapeutics Holdings Corp,North Carolina,TLCR,Nasdaq,0.0,605.3,1373.6,2007-07-27,6.0,19.0,950.0,Chemical
Talend Sa,California,TLND,Nasdaq,0.0,92.3,92.3,2016-07-29,14.1,18.0,94.5,IT
Taleo Corp,California,TLEO,Nasdaq,2.7,17.5,53.1,2004-03-31,10.6,14.0,93.8,IT
Tandem Diabetes Care Inc.,California,TNDM,Nasdaq,0.0,59.4,77.5,2013-11-14,11.6,15.0,120.0,Health
Tantech Holdings Ltd,Kentucky,TANH,Nasdaq,0.0,55.4,6678.1,2015-03-24,8.1,4.0,12.8,Chemical
Targa Resources Corp,Texas,TRGP,New York,45.2,0.2,326.2,2010-12-07,9.6,22.0,360.3,Oil
Targa Resources Partners LP,Texas,NGLS,Nasdaq,84.5,294.5,1115.8,2006-11-15,6.7,21.0,352.8,Oil
Taylor Morrison Home Corp,Arizona,TMHC,New York,0.0,0.2,734.9,2013-04-10,1.1,22.0,628.6,Retail
Tdh Holdings Inc.,Illinois,PETZ,Nasdaq,102.2,0.0,3041.4,2017-09-21,6.5,4.3,5.6,Food
Team Financial Inc,Kansas,TFIN,Nasdaq,0.0,19.0,434.7,1999-04-13,10.1,11.3,11.3,Finance
TechTarget Inc,Massachusetts,TTGT,Nasdaq,0.0,4.5,92.1,2007-02-07,9.2,13.0,100.1,Consulting
Tecogen Inc.,Massachusetts,TGEN,Nasdaq,0.0,3.3,60.8,2014-05-20,9.5,4.8,3.1,Chemical
Teladoc Health Inc.,New York,TDOC,New York,122.8,0.0,941.4,2015-07-01,10.5,19.0,156.8,IT
TeleCommunication Systems Inc,Maryland,TSYS,Nasdaq,0.0,1.3,91.2,2000-04-25,8.4,17.0,79.9,IT
Telenav Inc.,California,TNAV,Nasdaq,0.0,438.7,1304.8,2010-05-13,2.1,8.0,56.0,IT
Terraform Power Inc.,New York,TERP,Nasdaq,37.7,563.2,922.3,2014-07-18,10.0,25.0,501.6,Energy
Terreno Realty Corp,California,TRNO,New York,0.0,0.0,355.0,2010-02-10,10.2,20.0,175.0,Finance
Tesla Motors Inc,California,TSLA,Nasdaq,0.0,46.1,145.3,2010-01-29,8.2,17.0,226.1,Machinery
Tessera Technologies Inc,California,TSRA,Nasdaq,0.0,0.0,31.6,2003-09-04,9.1,13.0,97.5,Machinery
Tetralogic Pharmaceuticals Corp,New York,TLOG,Nasdaq,0.0,1766.6,1766.6,2013-12-12,8.7,7.0,50.1,Health
Tetraphase Pharmaceuticals Inc.,Massachusetts,TTPH,Nasdaq,0.0,2523.4,2523.4,2013-03-20,20.6,7.0,75.0,Health
Texas Capital Bancshares Inc,Texas,TCBI,Nasdaq,8.8,20.0,2003.2,2002-08-09,7.6,11.0,66.0,Finance
Texas Roadhouse Inc,Kentucky,TXRH,Nasdaq,49.2,13.5,175.5,2004-05-07,7.8,17.5,159.4,Restaurant
Textura Corp,Illinois,TXTR,New York,0.0,10.7,64.5,2013-03-18,8.8,15.0,75.0,IT
The Bank Holdings,Nevada,TBHS,Nasdaq,0.0,0.0,166.1,2003-12-17,9.3,11.0,14.9,Finance
The Chefs Warehouse Inc,Connecticut,CHEF,Nasdaq,27.7,39.3,93.8,2011-04-12,8.3,15.0,135.0,Retail
The Ensign Group Inc,California,ENSG,Nasdaq,0.0,60.6,196.0,2007-05-14,10.6,16.0,64.0,Health
The Joint Corp,Arizona,JYNT,Nasdaq,0.0,0.0,8.5,2014-09-19,9.4,6.5,19.5,Finance
The KEYW Holding Corp,Maryland,KEYW,Nasdaq,0.0,0.0,138.5,2010-06-17,1.3,10.0,91.0,Engineering
The Princeton Review Inc,Massachusetts,REVU,Nasdaq,0.0,5.6,61.6,2000-08-15,11.9,11.0,59.4,Services
The Rubicon Project Inc,California,RUBI,New York,0.0,0.0,127.7,2013-01-30,9.0,15.0,101.6,IT
TherapeuticsMD Inc,Florida,TXMD,NYSE MKT,0.0,0.0,5.8,2013-03-07,8.3,1.7,50.0,Chemical
Thermage Inc,California,THRM,Nasdaq,0.0,0.0,25.0,2006-08-10,12.3,7.0,42.0,Energy
Thomas Properties Group Inc,California,TPGI,Nasdaq,0.0,295.9,330.0,2004-04-16,10.3,12.0,171.4,Finance
Threshold Pharmaceuticals Inc,California,THLD,Nasdaq,0.0,0.3,32.2,2004-04-09,10.3,7.0,37.3,Agriculture
Tibet Pharmaceuticals Inc.,New York,TBET,Nasdaq,440.2,835.2,1275.3,2011-01-25,10.2,5.5,16.5,Health
Tier Technologies Inc,Virginia,TIER,Nasdaq,1.7,0.2,13.1,1997-10-10,11.2,8.5,28.9,IT
Tilly'S Inc.,California,TLYS,New York,13.0,114.3,127.3,2012-05-04,8.3,15.5,124.0,Retail
Tms International Corp,Pennsylvania,TMS,New York,0.1,0.1,35.8,2011-04-14,4.0,13.0,145.6,Machinery
Tocagen Inc.,California,TOCA,Nasdaq,0.0,0.0,99.6,2017-04-13,12.0,10.0,85.0,Health
Tokai Pharmaceuticals Inc,Massachusetts,TKAI,Nasdaq,0.0,0.0,23.4,2014-08-11,9.1,15.0,97.2,Chemical
Tomotherapy Inc,Wisconsin,TOMO,Nasdaq,0.0,0.0,121.7,2007-02-12,7.7,19.0,223.1,Energy
Tower International Inc.,Michigan,TOWR,New York,76.8,58.2,135.0,2010-10-15,6.4,13.0,81.3,Retail
Town Sports International Holdings Inc,New York,CLUB,Nasdaq,87.0,275.0,419.3,2005-07-06,9.0,13.0,116.4,Services
Townsquare Media Inc.,Connecticut,TSQ,New York,14.0,0.0,73.5,2014-07-24,9.2,11.0,91.7,Retail
Tracon Pharmaceuticals Inc.,California,TCON,Nasdaq,0.0,0.0,644.4,2015-01-30,8.6,10.0,36.0,Health
Trade Desk Inc.,California,TTD,Nasdaq,0.0,0.0,74.7,2016-09-21,14.7,18.0,84.0,IT
Transunion,Illinois,TRU,New York,3.0,37.4,461.8,2015-06-25,8.9,22.5,664.8,Machinery
Travelport Worldwide Ltd,Tennessee,TVPT,New York,43.7,13.1,56.8,2014-09-25,8.8,16.0,480.0,Restaurant
Tremont Mortgage Trust,Massachusetts,TRMT,Nasdaq,0.0,339.4,43001.6,2017-09-14,7.5,20.0,50.0,Finance
Tremor Video Inc,New York,TRMR,New York,0.0,0.9,120.5,2013-05-23,10.8,10.0,75.0,Media
Trevena Inc.,Pennsylvania,TRVN,Nasdaq,0.0,0.0,52.6,2014-01-31,13.6,7.0,64.8,Health
Trex Co Inc,Virginia,TWP,New York,0.0,4.5,60.8,1998-09-11,9.8,10.0,41.0,Chemical
Tri Pointe Group Inc.,California,TPH,New York,71.3,36.4,3697.2,2013-01-31,11.3,17.0,232.7,Retail
Trinet Group Inc.,California,TNET,New York,0.0,0.2,65.7,2014-03-27,7.8,16.0,240.0,Machinery
Trinseo SA,Pennsylvania,TSE,New York,80.5,2.8,174.8,2014-06-12,7.3,19.0,190.0,Retail
Tristate Capital Holdings Inc.,Pennsylvania,TSC,Nasdaq,0.0,2578.0,2578.0,2013-05-09,7.9,11.5,65.6,Finance
Triumph Bancorp Inc.,Texas,TBK,Nasdaq,0.0,265.6,1458.0,2014-11-07,12.9,12.0,80.4,Finance
Trivago NV,Pennsylvania,TRVG,Nasdaq,0.0,120.4,120.4,2016-12-16,7.5,11.0,287.2,Retail
Trubion Pharmaceuticals Inc,Washington,TRBN,Nasdaq,0.0,6.7,59.0,2006-06-02,10.7,13.0,52.0,Agriculture
Truecar Inc.,California,TRUE,Nasdaq,0.0,0.0,131.6,2014-05-16,14.0,9.0,70.0,IT
Truett-Hurst Inc,California,THST,Nasdaq,0.0,3.5,21.2,2013-03-11,13.6,6.0,16.2,Food
Trupanion Inc.,Washington,TRUP,New York,0.0,273.4,6407.8,2014-07-18,6.5,10.0,71.3,Finance
Tuniu Corp,Oklahoma,TOUR,Nasdaq,263.2,77.1,340.3,2014-05-09,10.1,9.0,72.0,Retail
Turning Point Brands Inc.,Kentucky,TPB,New York,75.6,0.0,75.6,2016-05-11,10.9,10.0,54.0,Food
Twilio Inc.,California,TWLO,New York,0.0,0.0,14.1,2016-06-23,8.3,15.0,150.0,IT
Twitter Inc,California,TWTR,New York,0.0,110.5,992.8,2011-03-03,2.3,26.0,1820.0,IT
U-Store-It Trust,Ohio,YSI,New York,0.0,378.2,536.4,2004-08-02,8.0,16.0,400.0,Finance
UCP Inc,California,UCP,New York,0.0,44.9,153.7,2013-04-04,9.1,15.0,116.3,Services
US Auto Parts Networks Inc,California,PRTS,Nasdaq,12.5,0.1,68.2,2006-11-02,9.5,10.0,100.0,Machinery
US Silica Holdings Inc.,Maryland,SLCA,New York,0.0,4.3,6283.9,2012-02-01,6.5,17.0,200.0,Chemical
USEC Inc,Maryland,USU,New York,162.4,334.5,2338.2,1998-06-29,3.3,14.3,1425.0,Chemical
Ubiquiti Networks Inc.,New York,UBNT,Nasdaq,0.0,0.2,37.2,2011-10-14,8.8,15.0,105.6,IT
Ulta Salon Cosmetics & Fragrance Inc,Illinois,ULTA,Nasdaq,74.7,55.0,393.5,2007-07-06,9.3,18.0,153.7,Retail
Ultragenyx Pharmaceutical Inc.,California,RARE,Nasdaq,0.0,0.0,23.8,2014-01-31,9.7,21.0,121.0,Health
Under Armour Inc,Maryland,UA,Nasdaq,38.1,4.6,144.8,2005-08-26,8.3,13.0,157.6,Clothes
Uniqure NV,Wisconsin,QURE,Nasdaq,0.0,0.0,20.7,2014-02-05,11.2,17.0,91.8,Health
United Insurance Holdings Corp,Florida,UIHC,Nasdaq,20.7,14.7,336.9,2012-10-23,6.1,5.2,27.3,Finance
United Therapeutics Corp,Maryland,UTHR,Nasdaq,0.0,0.7,17.8,1999-04-16,8.9,12.0,54.0,Chemical
Univar Inc,Illinois,UNVR,New York,474.8,3006.2,5905.1,2014-04-01,5.9,22.0,770.0,Chemical
Universal Power Group Inc,Texas,UPG,American,3.3,5.9,32.0,2006-09-12,9.6,7.0,21.0,Machinery
Upland Software Inc,Texas,UPLD,Nasdaq,0.0,12.4,95.0,2014-09-04,14.2,12.0,46.2,IT
Urogen Pharma Ltd,Oregon,URGN,Nasdaq,0.0,1.1,198.8,2017-05-04,9.8,13.0,58.2,Health
Us Foods Holding Corp,Illinois,USFD,New York,1.8,29.8,1783.6,2016-05-26,8.0,23.0,1022.2,Food
Usa Compression Partners Lp,Texas,USAC,New York,11.6,346.7,718.1,2013-01-15,9.2,18.0,198.0,Oil
Usd Partners Lp,Texas,USDP,New York,0.0,207.5,230.6,2014-10-09,8.4,17.0,155.0,Machinery
Valeritas Holdings Inc.,New Jersey,VLRX,Nasdaq,0.0,0.0,1795.7,2017-03-23,16.5,10.0,52.5,Health
Valvoline Inc.,Kentucky,VVV,New York,0.0,0.9,163.7,2016-09-23,6.7,22.0,660.0,Oil
Vanguard Health Systems Inc,Tennessee,VHS,New York,0.0,2325.8,4114.1,2011-04-15,6.8,18.0,450.0,Health
Vanguard Natural Resources LLC,Texas,VNR,NYSE Arca,42.6,37.4,138.7,2007-04-25,9.1,19.0,99.8,Oil
Vantiv Inc,Ohio,VNTV,New York,373.3,1213.4,3485.4,2011-07-12,6.4,17.0,500.0,Consulting
Vascular Biogenics Ltd,South Dakota,VBLT,Nasdaq,16.2,0.0,31.0,2014-10-01,11.7,6.0,40.0,Health
Veeva Systems Inc.,California,VEEV,New York,0.0,1170.0,1170.0,2013-10-16,11.4,20.0,260.9,IT
Venator Materials Plc,Virginia,VNTR,New York,0.0,1.3,224.0,2017-08-03,12.2,20.0,454.0,Chemical
Venoco Inc,Colorado,VQ,New York,152.9,529.6,889.2,2005-12-19,7.7,17.0,212.5,Oil
Vera Bradley Inc.,Indiana,VRA,Nasdaq,88.4,1354.1,1442.5,2010-10-21,8.2,16.0,176.0,Retail
Verastem Inc.,Massachusetts,VSTM,Nasdaq,0.0,3.6,11.7,2012-01-27,7.3,10.0,55.0,Health
Verasun Energy Corp,South Dakota,VSE,New York,0.0,208.8,413.5,2006-03-30,7.5,23.0,419.8,Chemical
Veri-Tek International Corp,Michigan,VCC,American,0.0,0.0,9.9,2004-09-03,10.5,6.0,15.0,Machinery
VeriChip Corp,Florida,CHIP,Nasdaq,0.0,11.3,50.9,2005-12-29,37.3,6.5,20.2,Machinery
VeriSign Inc,Virginia,VRSN,Nasdaq,0.0,0.0,25.1,1997-11-21,9.1,14.0,42.0,IT
Veritex Holdings Inc.,Texas,VBTX,Nasdaq,0.0,0.0,63.0,2014-10-09,9.2,13.0,35.1,Finance
Veritone Inc.,California,VERI,Nasdaq,0.0,0.2,2084.5,2017-05-12,7.4,15.0,37.5,IT
Verona Pharma Plc,Massachusetts,VRNA,Nasdaq,0.0,1984.3,1984.3,2017-04-27,11.0,13.5,77.9,Health
Viking Therapeutics Inc.,California,VKTX,Nasdaq,0.0,0.0,107.8,2015-04-29,5.5,8.0,24.0,Health
Vince Holding Corp,New York,VNCE,New York,10.7,85.1,257.8,2013-11-22,5.1,20.0,200.0,Retail
Violin Memory Inc,California,VMEM,New York,0.0,0.0,112.9,2012-02-22,9.4,9.0,162.0,IT
Viper Energy Partners Lp,Texas,VNOM,Nasdaq,0.0,24.9,2002.0,2014-06-18,6.1,26.0,130.0,Oil
Vipshop Holdings Ltd,Idaho,VIPS,New York,119.3,0.2,119.5,2012-03-23,9.6,6.5,71.5,Retail
Virtu Financial Inc,New York,VIRT,Nasdaq,336.2,1369.5,4099.5,2013-12-18,9.8,19.0,314.1,Finance
Virtusa Corp,Massachusetts,VRTU,Nasdaq,0.0,0.0,102.1,2007-04-06,13.8,14.0,61.6,IT
Visa Inc,California,V,New York,0.0,40.0,27742.0,2007-11-09,3.0,44.0,17864.0,Finance
Visicu Inc,Maryland,EICU,Nasdaq,0.0,0.0,38.2,2005-11-29,8.6,16.0,96.0,IT
Vivint Solar Inc.,Utah,VSLR,New York,3.2,0.0,8.7,2014-10-01,10.9,16.0,329.6,IT
Vocera Communications Inc.,California,VCRA,New York,549.8,0.1,863.8,2012-03-28,12.7,16.0,93.6,IT
Volcom Inc,California,VLCM,Nasdaq,0.0,0.2,33.3,2005-04-29,8.6,19.0,89.1,Clothes
Voxeljet Ag,New Jersey,VJET,New York,0.0,0.0,54.9,2013-10-18,11.7,13.0,84.5,IT
Voyager Therapeutics Inc.,Massachusetts,VYGR,Nasdaq,0.0,0.0,202.9,2015-11-11,7.5,14.0,70.0,Health
W&T Offshore Inc,Texas,WTI,New York,396.4,0.0,760.8,2004-05-03,7.5,19.0,240.4,Oil
WCI Communities Inc,Florida,WCIC,New York,37.2,200.0,367.4,2013-04-26,10.7,15.0,102.3,Services
WL Ross Holding Corp,New York,WLRHU,Nasdaq,0.0,0.0,0.2,2014-05-09,4.6,10.0,435.0,Finance
WPT Enterprises Inc,California,WPTE,Nasdaq,0.0,0.0,2.5,2004-04-15,9.6,8.0,32.0,Media
WageWorks Inc,California,WAGE,New York,28.3,0.0,369.1,2011-04-25,14.1,9.0,58.5,Consulting
Walker & Dunlop Inc.,Maryland,WD,New York,18.0,13.4,40372.5,2010-12-15,4.0,10.0,100.0,Finance
Warren Resources Inc,New York,WRES,Nasdaq,0.0,32.4,154.8,2004-08-25,8.2,7.5,71.3,Oil
Warrior Met Coal Inc.,Alabama,HCC,New York,0.0,2461.8,2474.0,2017-04-13,9.6,19.0,316.7,Chemical
Watson Pharmaceuticals Inc,New Jersey,WPI,Nasdaq,8.1,2.1,31.3,1992-03-06,9.3,12.0,43.2,Chemical
Wave Life Sciences Ltd,Maine,WVE,Nasdaq,0.0,0.0,17.4,2015-11-11,6.8,16.0,102.0,Health
Wayfair Inc.,Massachusetts,W,New York,85.1,86.5,171.6,2014-10-02,9.7,29.0,319.0,Retail
Wesco Aircraft Holdings Inc.,California,WAIR,New York,158.5,0.1,158.6,2011-07-28,7.2,15.0,315.0,Machinery
Wesco International Inc,Pennsylvania,WCC,New York,61.4,476.5,994.9,1999-03-03,5.5,18.0,175.1,Energy
West Corp,Nebraska,WSTC,Nasdaq,655.1,3587.4,3448.2,2009-10-02,6.6,20.0,425.5,Consulting
Wheeler Real Estate Investment Trust Inc.,Virginia,WHLR,Nasdaq,5542.1,35412.4,40954.5,2012-11-19,9.1,5.3,21.0,Finance
Whitestone Reit,Texas,WSR,American,347.1,262.1,837.2,2010-08-26,12.7,12.0,26.4,Finance
Whiting Petroleum Corp,Colorado,WLL,New York,0.0,188.0,502.5,2003-07-25,7.4,15.5,232.5,Oil
Wideopenwest Inc.,Colorado,WOW,New York,81.3,0.0,7391.2,2017-05-25,6.0,17.0,310.0,Communications
Willdan Group Inc,California,WLDN,Nasdaq,0.0,0.4,37.8,2006-08-09,13.0,10.0,29.0,Engineering
Wingstop Inc.,Texas,WING,Nasdaq,0.0,0.2,338.4,2015-06-12,2.0,19.0,110.2,Retail
WixCom Ltd,Maryland,WIX,Nasdaq,136.7,1.7,138.4,2013-11-06,16.0,16.5,127.1,IT
Workday Inc.,California,WDAY,New York,120.2,1.3,121.5,2012-10-12,5.2,28.0,637.0,IT
Workiva Inc.,Iowa,WK,New York,0.0,0.0,81.7,2014-12-12,6.0,14.0,100.8,IT
Wynn Resorts Ltd,Nevada,WYNN,Nasdaq,0.0,382.2,578.8,2002-06-17,4.4,13.0,450.0,Services
Xactly Corp,California,XTLY,New York,0.0,21.5,54.5,2015-05-19,12.0,8.0,56.3,IT
Xbiotech Inc.,Texas,XBIT,Nasdaq,0.0,70.0,139.3,2015-04-15,14.3,19.0,76.0,Health
Xencor Inc.,California,XNCR,Nasdaq,0.0,478.7,926.7,2013-12-03,6.9,5.5,70.0,Health
Xenon Pharmaceuticals Inc.,Maine,XENE,Nasdaq,0.0,0.0,2.8,2014-11-05,7.2,9.0,36.0,Health
Xplore Technologies Corp,Texas,XPLR,Nasdaq,3.4,0.0,11.6,2012-07-26,19.9,5.0,10.0,Energy
Xunlei Ltd,Nevada,XNET,Nasdaq,0.0,0.0,240.6,2014-06-24,11.6,12.0,87.8,IT
Yandex NV,Oklahoma,YNDX,Nasdaq,0.0,0.0,3.0,2011-05-24,5.3,25.0,1304.4,IT
Yelp Inc.,California,YELP,New York,0.0,404.3,421.3,2012-03-02,11.0,15.0,107.3,IT
Yext Inc.,New York,YEXT,New York,0.0,0.0,292.4,2017-04-13,10.0,11.0,115.5,IT
Yintech Investment Holdings Ltd,New Jersey,YIN,Nasdaq,0.0,0.0,131856.1,2016-04-27,5.9,13.5,101.3,Finance
Yirendai Ltd,New York,YRD,New York,0.0,0.0,691.9,2015-12-18,8.7,10.0,75.0,Finance
Yogaworks Inc.,California,YOGA,Nasdaq,0.0,1061.5,1065.4,2017-08-11,10.5,5.5,40.2,Retail
Yy Inc.,Ohio,YY,Nasdaq,0.0,115.2,115.2,2012-11-21,14.0,10.5,81.9,IT
Zai Lab Ltd,District of Columbia,ZLAB,Nasdaq,0.0,0.0,123.8,2017-09-20,8.2,18.0,150.0,Health
Zayo Group Holdings Inc.,Colorado,ZAYO,New York,0.0,170.8,811.3,2014-10-17,7.8,19.0,400.0,IT
Zealand Pharma A/S,Rhode Island,ZEAL,Nasdaq,0.0,0.0,92.0,2017-08-09,13.7,17.9,78.2,Health
Zendesk Inc.,California,ZEN,New York,0.0,24.8,1254.9,2014-05-15,11.8,9.0,100.0,IT
Zillow Inc,Washington,Z,Nasdaq,0.0,0.0,33.9,2011-03-16,11.1,20.0,69.2,IT
Zipcar Inc,Massachusetts,ZIP,Nasdaq,8.0,55.7,248.9,2009-06-10,8.0,18.0,174.3,Transport
Zk International Group Co Ltd,Virginia,ZKIN,Nasdaq,0.0,201.9,224.3,2017-09-01,9.4,5.0,5.3,Chemical
Zoetis Inc,New Jersey,ZTS,New York,941.0,3640.0,6046.0,2012-02-20,3.7,26.0,2238.6,Chemical
Zogenix Inc.,California,ZGNX,Nasdaq,0.0,0.0,186.1,2010-11-23,18.2,4.0,56.0,Health
Zosano Pharma Corp,California,ZSAN,Nasdaq,0.0,2431.9,2431.9,2015-01-27,11.1,11.0,49.5,Health
Zto Express (Cayman) Inc.,Connecticut,ZTO,New York,0.0,110.5,732.2,2016-10-27,4.5,19.5,1406.0,Machinery
Zymeworks Inc.,New Jersey,ZYME,New York,0.0,0.0,25.0,2017-04-28,12.2,13.0,58.5,Health
ZymoGenetics Inc,Washington,ZGEN,Nasdaq,0.0,0.0,326.1,2001-09-10,9.1,12.0,107.3,Agriculture
Zynerba Pharmaceuticals Inc.,Pennsylvania,ZYNE,Nasdaq,14.7,3.3,18.0,2015-08-05,9.8,14.0,42.0,Health
Zynga Inc.,California,ZNGA,Nasdaq,49.2,12.7,303.3,2011-12-16,8.4,10.0,1000.0,IT
eHealth Inc,California,EHTH,Nasdaq,0.0,0.0,23.0,2006-04-25,12.1,14.0,70.0,Finance
